:020000040800F2
:1000000000000220453F0208FD090208FF0902081E
:10001000010A0208030A0208050A0208000000009B
:100020000000000000000000000000000DD30108E7
:10003000070A020800000000C1D30108090A0208EB
:10004000953F0208953F0208953F0208953F020838
:10005000953F0208953F0208953F0208953F020828
:10006000953F0208953F0208953F0208953F020818
:10007000953F0208953F0208953F0208953F020808
:10008000953F0208953F0208953F020800000000D6
:10009000000000000000000000000000953F020882
:1000A000953F0208953F0208953F0208953F0208D8
:1000B000953F0208953F0208953F0208953F0208C8
:1000C000953F0208953F0208953F0208953F0208B8
:1000D000953F0208210A0208953F0208000000002F
:1000E000953F0208953F0208953F02080000000076
:1000F000000000000000000000000000953F020822
:10010000000000002D0A0208953F0208953F0208F2
:1001100000000000000000000000000000000000DF
:10012000953F0208953F0208390A0208450A02086D
:10013000953F0208000000000000000000000000E1
:10014000000000000000000000000000510A02084A
:100150005D0A0208953F0208690A0208953F0208F5
:10016000953F0208953F02080000000000000000D3
:10017000000000000000000000000000000000007F
:1001800000000000953F0208000000000000000091
:08019000953F0208953F0208AB
:1001A00038B5124C236800255D622946204617F0B9
:1001B000B5FC2946204616F047FB226813699907CB
:1001C000FCD50A48002116F03FFB2268054613695A
:1001D0009B07FCD50021054816F036FB002104469C
:1001E000024817F001FD601B38BD00BFB46F01204D
:1001F00010B5144B1A689403FCD59A6822F00302D8
:1002000042F001029A60104A002414661A689201B2
:10021000FCD45A6822F48002104358605A6822F0D5
:100220003F0211435960084B01221A66054A1368C0
:100230009B01FCD5936823F0030343F00203936012
:1002400010BD00BF00380240000047427FB51021BA
:100250000020FFF7CDFFFFF7A3FF134B134A1B68E6
:1002600003EB4303B3FBF2F383421AD214220021BF
:1002700001A826F0CAFC0223009368460C4B0493A5
:1002800012F03EFD08B120F023F90A4B0122C3F819
:100290003C2E08214FF4800007B05DF804EBFFF717
:1002A000A7BF1921F6E700BFDC00002080841E00F4
:1002B000000308000000474270B510210020FFF73E
:1002C00097FF0F4D0F4E1F24FFF76AFF2B68326810
:1002D0000D49B2FBF1F28242C3F3C4030BD243B126
:1002E000013B2A6822F0F80242EAC302013C2A607C
:1002F000EAD1184670BDFCD91F2BFAD00133F0E7C4
:1003000000380240DC00002040420F0013B5FFF728
:10031000D3FF044612F03AFE0DF044FA114A136876
:1003200023F0F80343EAC40313604FF0E0230022F4
:100330001A615A619A610C4B0193019B596862B62C
:100340000A4B1A6822F003021A601A6842F001028E
:100350001A60019B1B6883F3088802B0BDE8104057
:10036000084700BF003802400000FF1F003801406E
:1003700010B5FFF76BFF194821F08BFF08B1FFF7AD
:10038000C5FF05F0A1FB164905F0BEFB08F07EF89D
:10039000144A02F1200108F09DF80CF057FD0368A3
:1003A00011491C6A114B0022A04704F02EFE10498F
:1003B000002204F095FE0F4821F06BFF30B107F0EA
:1003C00069FC0368BDE810401B68184702F00AFF8B
:1003D000094902F0C1FF00F097F8F2E71803002086
:1003E0002803002040030020FC6F01208C03002024
:1003F0006C6F01209C030020AC03002000BEFEE7D0
:10040000704700BF00F5005090F86C01003818BF2D
:10041000012080007047F8B500F500550446D5F876
:10042000640190F8701302F0B4FF0022014604F654
:1004300028500BF051F8D5F8640190F8F11302F050
:10044000B0FF0022014604F556600BF045F8D5F8E0
:10045000641191F8E923134623F0400381F8E9334E
:10046000C2F3801201F2F23104F698500BF034F826
:1004700004F55D670026F1B2D5F8640102F0CFFF04
:1004800001360146384601F010F9062E07F590773F
:10049000F1D1D5F8643193F8521304F6384631B3EC
:1004A000012130460DF02CF9D5F8643193F8E3338F
:1004B000002B0CBFFF214FF47F4130460DF036F882
:1004C000D5F86431002683F80F64D4F8903004EB3B
:1004D00083041421E06C03685B699847D5F85C01DC
:1004E00000F5C15004300CF066FA3046F8BD3046D5
:1004F0000DF006F9D5F8643193F8E333002B0CBF07
:100500006FF07F41FF21D8E708B50D480368BFF3BE
:100510005B8FDB070DD424F00CF950B1094822F0B1
:100520008BFC094A0949074823F035FD044824F0AB
:100530000FF9044808BD024824F007F923F0A6FD8E
:10054000940400209804002044010020752D020826
:100550002DE9F04F00F5005785B0D7F85C3105461E
:10056000D3F888400E46002972D0083C032294FB41
:10057000F2F4D3F88CB008F0B3FD0368DB68984759
:10058000804608F0ADFD0368DB68984705F5B15972
:1005900009F1180908EB480800EB40004FF0010A88
:1005A000ABEB08032D49CDF808A00022CDE90040AF
:1005B00048460CF06BFE21F0E5FF002301461A4689
:1005C00048460DF0A8F848460DF062F805F5805849
:1005D000E6B1B8F94026CDF808A0B8F946361F496B
:1005E000CDE9004305F5B7561836B8F93E36053261
:1005F00030460CF04BFE21F0C5FF002301461A46A1
:1006000030460DF088F830460DF042F8D7F85C31EE
:100610001249D3F8882001230293B8F94636CDE970
:10062000004305F5BD551835B8F93E36121B28466E
:100630000CF02CFE21F0A6FF002301461A462846A6
:100640000DF069F8284605B0BDE8F04F0DF020B870
:1006500004EBD4746410043C8BE700BFC73C030870
:1006600000F5005300F5B150D3F8643193F87033BE
:10067000022B0CBF0249034918300CF014BF00BF15
:10068000B02E0308B52E030800F50052D2F86421FD
:1006900092F87023012A05D821B100F5B150183025
:1006A0000CF001BFFFF7DCBF00F5005300F5BD50B3
:1006B000D3F8642192F87033052B00F1180008D1AB
:1006C00092F8F1334F2B02D105490CF0ECBE0549ED
:1006D000FBE7002BF8D0092BF6D00349F5E700BF64
:1006E00047380308B92E03086835030800F500529F
:1006F000D2F8642192F87023012A05D121B100F5C6
:10070000BD5018300CF0CFBEFFF7CEBF70B500F172
:1007100048030446002553F8042F8A4218D1D4F820
:10072000903004EB8303D86C03681B69984704F18D
:100730009400C4F89050294604F06DFBD4F8903032
:1007400004EB8303BDE87040D86C0368DB6818478E
:100750000135102DDFD170BD70B504468AB004F5A7
:10076000B055183503A81DF024F804F5AF56049BC6
:10077000144A2021284626F079F9294630460122DC
:100780000AF0AAFE04F5005304F58054D3F85C3156
:10079000D3F88820B4F9EC3503EBD37302EBD272B3
:1007A0005C10C4EB620408F06DFC6FF07F430190B5
:1007B000009322461E23294630460AF015FD0AB052
:1007C00070BD00BFC02E030810B50446943004F07D
:1007D00072F904F6F8400BF000FA04F628500BF01A
:1007E000FCF904F556600BF0F8F904F698500BF09C
:1007F000F4F904F638400BF0F0F904F5B150183074
:100800000BF0EBF904F5BD501830BDE810400BF0CB
:10081000E4B910B54FF4FA610446943004F00BF9D2
:100820004FF47A7104F6F8400BF0C7F940F2E93161
:1008300004F628500BF0C1F940F2EA3104F5566095
:100840000BF0BBF940F2EB3104F698500BF0B5F920
:100850004FF47A7104F638400BF0AFF904F5B1505B
:10086000662118300BF0A9F904F5BD506621BDE8EA
:10087000104018300BF0A1B938B568B30B784D783B
:10088000DBB900F5B154A36918345B692046984779
:1008900088B1236820465B6C984760B129462046A2
:1008A0000CF02EFF3DB9236820465B6C984710B1D1
:1008B00020460CF034FF002038BD012B02D100F59A
:1008C000BD54E0E7062BF6D1002DF4D0036800F606
:1008D00038419B699847EEE70220EDE7D0F8903069
:1008E00000EB830370B50446D86C03680D461B69A2
:1008F0009847C4F8905004F19400294604F08BFA0C
:10090000D4F8903004EB8304E06C0368BDE87040D9
:10091000DB68184700F63843994237B504460D4660
:100920000CD190F8483C4BB100F50054D4F8640168
:1009300090F8523363B902F049FE0BE004F19403DE
:100940009D420BD194F8C0102046FFF7C7FF01E08D
:1009500002F074FE4FF0000003B030BDD4F89030C8
:1009600004EB83032946D86C03689B699847C0B29F
:100970000928EFD104F5B15318339D420CD104F589
:100980000054D4F8640190F87033022B14BF812115
:10099000822102F00CFEDDE704F5BD5318339D42C1
:1009A000D8D104F50054D4F8640190F87013D0F84D
:1009B0006823052913D190F8F133C0F86C234F2B2D
:1009C0004FF0000380F8F13380F8553301D118213E
:1009D000DFE70B49019301AA03F026FBBAE70023E6
:1009E00039B1092905D080F85533C0F86C23192195
:1009F000CFE780F8F13380F85533C0F86C23E6E791
:100A0000D62E0308D0F89010D0F88C300131B1FB0D
:100A1000F3F203FB1211C9B2FFF760BFD0E9232143
:100A200011440139B1FBF2F302FB1311C9B2FFF714
:100A300055BF2DE9F743044600F1940504F500582D
:100A4000284604F038F828270822D8F85C31CDE988
:100A50000072002200261146D3F88830284604F0A0
:100A6000EFF9C4F88C6008F0B1FA3146284A034621
:100A7000284604F062F902F019F8D4F88C3003F13A
:100A8000010904EB8303C4F88C90D86408F09EFA43
:100A90004946204A0346284604F04FF905F08CFEEB
:100AA000D4F88C3003F1010904EB8303C4F88C9073
:100AB000D86408F08BFA49460346174A284604F0E2
:100AC0003CF906F055FDD4F88C305A1C04EB830336
:100AD000C4F88C20D864D8F85C31CDE90072314676
:100AE0003246D3F88830284604F0AAF9284604F0A4
:100AF00057FA214628463346324604F04DFA4FF461
:100B0000FA61284603B0BDE8F04303F094BF00BF8C
:100B1000DA2E0308E42E0308ED2E03082DE9F04F2A
:100B20008BB0044604F0D0FF04F0F2FF04F500554A
:100B30008DF81B00D5F85C6104F0C6FFC168003970
:100B400018BF0121304607F0E4FC95F85811D5F89C
:100B50005C0108F08BF8D5F85C31AF4AC3F880200F
:100B6000D3F88C7008F0BCFA0368DB689847064637
:100B700008F02CFA0368DB689847D5F85C31D3F8A5
:100B800088300593824608F021FA026892689047FF
:100B9000834608F01BFA0268D268904706EB4606C7
:100BA0009E49059BBA1E4FF0060804F6F849921BB1
:100BB0004000002608FB1B33A2EB4A02CDE90116D8
:100BC00000903146484609F03CFF4FF47A714846A0
:100BD0000AF0F3FF04F5C357914A18371146022370
:100BE000384604F0CBFD214633463246384604F001
:100BF000C1FDD5F8640102F021FDD5F85C31D3F8D0
:100C00008820059208F0E2F903689B689847B4F9D8
:100C1000FEBC824608F0DAF903689B689847059A9B
:100C200080490123029304F63849B4F9063D019343
:100C300008FB00F0013A08FB1A225B460090484688
:100C40000CF024FB32463346484621460CF063FD47
:100C5000314648460CF054FD4FF47A7148460AF08C
:100C6000ACFFB4F9063DB4F9FE9C03EBD37309EB7A
:100C7000630908F0ABF90368DB689847804608F021
:100C8000A5F96FF07F4B04F6285A0422A9EB58030C
:100C900063490190CDF800B050460AF0A5FAB4F9C6
:100CA0002C1D099108F092F903689B6898478046CB
:100CB00008F016FA03689B689847B4F9023D05935B
:100CC000089008F00DFA0368DB689847079008F071
:100CD00007FADDE90821059BA3F1020C079B04F547
:100CE000566908EB88080A44ACEB03034C49CDE98C
:100CF00000B0424448460AF077FAB4F93C2C079217
:100D000008F01CFA03689B689847B4F9FEBC05908C
:100D100008F014FA0599079A019004F69858FF23F1
:100D20000B200BF1040B00FB1122009340465B46A5
:100D30003B490AF059FA40F2E93150460AF03DFFCA
:100D400040F2EA3148460AF038FF40F2EB314046C3
:100D50000AF033FF31462046FFF7FAFB2046FFF743
:100D600068FE04F5A45804F55D6608F110083046E5
:100D7000002106F5907600F098FC4645F7D108F082
:100D800081F96FF07F43009304F5B0510023019087
:100D90001A46183104F5AF500AF026FA04F1480853
:100DA0000026D4F88C30B3422AD89DF81B100023BB
:100DB000C4F8903079B11C4A1C490223384604F02B
:100DC000DDFC42F21071384604F0D0FDD4F88C10EE
:100DD0000139C4F8901004F1940004F01CF8D4F820
:100DE000903004EB8304E06C0368DB689847D5F827
:100DF000640102F0EBFB4FF000000BB0BDE8F08F98
:100E000058F8040FB4F9FE2C0368283A9B6828218F
:100E100098470136C5E700BF404040008080800011
:100E2000C73C0308F62E0308FA2E0308432F0308D5
:100E300038B50446B8B109B9002038BDD0F8203122
:100E4000426900F1D40501FB0231284600F02DFC77
:100E5000A369002BF0D0D4F82021284653F82210A3
:100E600000F067FCE8E70220E7E7C0E900128360D2
:100E7000704741694B1E10B559420446594100F56F
:100E8000FA700CF03DFC6169A1F10A025142514136
:100E900004F52D700CF034FC6169A1F1640041424D
:100EA000414104F55D70BDE810400CF029BC32B939
:100EB00001207047484301339342FBD170470846F5
:100EC0000123F9E737B504460D467C300AF075FE7C
:100ED000691C04F120000AF070FEA91C04F58E6064
:100EE0000AF06BFEE91C04F5A6600AF066FE04F049
:100EF0008CF8054621F046FB04F2F45301460D4AF6
:100F000000932846234604F038F904F07EF805469D
:100F100021F038FB04F20C6301937F230146009318
:100F20002846054A234604F0FCF84FF0000003B0C1
:100F300030BD00BF310E0008471300082DE9F04F07
:100F40008BB01F460023C84D079204468846836134
:100F50002B68BFF35B8FDB070BD4284623F0E9FB3C
:100F600038B1D4F8F0352846D3F888306B6023F0D8
:100F7000EFFB08F02BF86FF07F4304F19C06009321
:100F800000231A464146019030460AF02DF93046BA
:100F90009DF85C100AF065FAB4F9A8306968C91ABE
:100FA000082200234908304604F1200A0AF058FEBE
:100FB000514630460AF0C4FD012130460AF0FDFDDD
:100FC0006B68B4F9A680A3F1100908F089F80368EA
:100FD000DB689847169B029304F1D40608F10808D1
:100FE0000D2300EB80004246019300904B46082100
:100FF000304600F08CFA4FF47F420421304600F076
:1010000047FB08F06DF802220146304600F082FCF2
:10101000DDE91412304600F087FB3946304600F017
:1010200044FB08F05DF80027034605220799304687
:1010300000F086FC514684F8E47030460AF080FDEA
:10104000012130460AF0B9FD04F58663069304F5E4
:101050008868A346B4F9E0300322083BB3FBF2F3FF
:10106000059302F0BFF8169A06460A212046FFF7BC
:101070001EFF069A009052F8043F06924146102245
:10108000304602F039FB404621F032F8079B774AA0
:10109000C0F11001404425F0E9FC059BB4F9D820CB
:1010A000043307FB0322B4F9DE30099208330893B6
:1010B00008F016F80168C96888470BF5FA79059BAE
:1010C0000093012600EB8000DDE9083241460190E3
:1010D000029648460CF0DAF821F054FA644A2346A6
:1010E000014648460CF017FB002148460CF008FB6F
:1010F000032148460CF097FADBF8F43151469B681F
:1011000048469847DBF8F4313146DB6848463744B7
:101110009847032F08F110080BF1C00B9AD1169ACB
:10112000022A28BF02220A212046FFF7C0FE606182
:10113000C02000FB02400027314600F5FA700CF099
:10114000DFFA02960197B4F9FE31083304F14C0836
:1011500000936B683A463946404609F072FC4046B7
:10116000042109F0C7FC40464FF6FF7109F0F2FC7C
:101170003946404609F005FD514640460AF0E0FC7C
:10118000394640460AF019FDD4F8F025B4F95A3032
:10119000D2F88C200093D21A02EBD2726B683241E3
:1011A000394650460AF025FCD4F8F035D3F88C20A7
:1011B000009239463A4604F17C00D3F8883009F0B1
:1011C000F4FCD4F8F03584F88C60D3F88CA007F0E8
:1011D00087FF0368DB689847D4F8F035D3F8882098
:1011E00002EBD27242FA06F5814607F079FF0368F6
:1011F000DB68984704F58E68043D09EB490900EB6C
:101200004000CDE90050AAEB09033A46194902967D
:1012100040460CF03BF821F0B5F923460146144A4C
:1012200040460CF078FAD4F8F035B4F97C24D3F8C1
:1012300088100296B4F97E34CDE9002304F5A66542
:10124000B4F976348A1A28460B490CF01FF821F0BD
:1012500099F9074A0146234628460CF05CFA3846BD
:101260000BB0BDE8F08F00BF242600204D2F0308EF
:1012700047130008512F0308542F0308F0B585B019
:101280001E460A9F9DF82C30039315460023721EBC
:10129000CDE9003204461A4A02933B46FFF74EFE60
:1012A000C4E9065655F8271004F1D40000F041FABD
:1012B0004FF4FA7540F23446635960191B69C03522
:1012C0009847B542F8D100250123CDE90153B4F97F
:1012D000DE30083304F14C060093B4F958302A4646
:1012E0002946304609F0ADFB3046042109F002FCE6
:1012F00030464FF6FF7109F02DFC284605B0F0BDD1
:10130000C73C030810B5044603F07FFE04F2F45115
:1013100003F048FF03F079FE04F20C6103F019FFBB
:1013200004F120000AF059FC04F17C000AF055FC9D
:1013300004F58E600AF051FC04F5A6600AF04DFC3D
:101340004FF0000010BDF8B5044600284CD000F561
:101350008E658D4203D000F5A6678F4219D16B1AB6
:101360005D425D4125742046FFF7CCFFD4E90005BE
:1013700048B1A268234629460BF047F82046FFF7FC
:1013800078FD0020F8BD002DF8D0A0682146A847C0
:10139000F4E700F5FA73994202D101236361EDE7A6
:1013A00000F52D73994201D10A23F7E700F55D732B
:1013B000994201D16423F1E70B784E7853B9314655
:1013C00028460CF09DF9002ED8D129462046FFF77B
:1013D000BAFFD3E7012BD1D1314638460CF090F952
:1013E000002ECBD13946F1E70220CBE72DE9F341BE
:1013F000089E04461D46B0F90630B0F90400301AC4
:101400000090EB1A04F1500090460F4609F0AAF83C
:10141000B4F90420B4F90630B21A0092EB1A42462D
:10142000394604F1B80009F06CFE94F818317BB12C
:10143000B4F90420B4F90630B61AEB1A424639461C
:1014400004F18000089602B0BDE8F04109F059BEF1
:1014500002B0BDE8F0812DE9F341089E04461D4627
:10146000B0F90430B0F90600301A0090EB1A04F11C
:10147000500090460F4609F0CAF8B4F90620B4F9B6
:101480000430B21A0092EB1A4246394604F1B80011
:1014900009F0D1FD94F818317BB1B4F90620B4F904
:1014A0000430B61AEB1A4246394604F18000089619
:1014B00002B0BDE8F04109F0BEBD02B0BDE8F08168
:1014C00010B50446052919D8DFE801F0030F1818F4
:1014D00003160B4904F1500009F053FB2368204622
:1014E000DB6CBDE8104000211847006A20B1D4E948
:1014F000091223460AF089FF0021EBE710BD00BF67
:101500008080800010B103689B68184770472DE900
:10151000FF470446DDE90C651F464FF0FF30E064ED
:101520003818A18001440E9B2181711EE2800A447B
:101530006281EA1AC4E90E23A781E6810121002015
:101540004FF00A0C83426BDC216404F58470002B9D
:101550006AD0009310211346364A25F087FA0135E8
:1015600004F1F009484620F0C3FDA8420CD004F174
:10157000EF0100239D4294BF00220122013352015A
:10158000182B01F8012FF5D1002501232A46294601
:10159000CDE9015300963B4604F1500009F051FAA1
:1015A00007F09EFD04F1B8086FF07F4749460190AF
:1015B0002B462A464046009709F016FED4E90E3223
:1015C00003EB0209D4F8E800B4F90CA009F1010911
:1015D000AA4218BF09F10109FFF794FFB4F9C63018
:1015E0005FFA89F9F61A00FB19A106EBD6762B46AD
:1015F0007210490840460AF033FB07F071FD2B4694
:10160000CDE900700C4904F180002A4609F0ECFD98
:101610002368DB6C2946204604B0BDE8F047184734
:101620000CFB01F101308DE713461021034A25F030
:101630001DFA95E75B2F0308C73C03086C2F0308CE
:10164000C36F994210B5044609D0503009F052FAE0
:1016500023682046DB6CBDE810400021184710BD10
:1016600010B5036FC0E90C12044690F82C00002856
:1016700018BF114699420AD004F1500009F06AFAE5
:1016800023682046DB6CBDE810400021184710BDE0
:1016900038B515460446FFF7D3FF294620464FF4D8
:1016A0007F42BDE83840FFF7DBBF436C99420A46F2
:1016B000B8BF1A46836C9A42A8BF1A46C36C9342BD
:1016C00073B504462ED0C56BC26400F5847300F177
:1016D000F001B8305DB90092182209F02CFF2368A0
:1016E0002046DB6C00219847012002B070BD266CBB
:1016F00092FBF6F506FB1522002AB8BF5242CDE94F
:101700000052182209F017FFE36C002BE7DA226C75
:1017100093FBF2F3002BE2D1A36B23442D2283F839
:10172000EE20DCE70020E0E7C0E91112C16CFFF712
:10173000BCBF37B5044600F1B80500910D4B00F170
:10174000F0011822284609F0F6FEB4F9C630B4F9C3
:101750000E20B4F90C10D21AB4F9C43002EBD272D4
:10176000C91A521000234908284603B0BDE830408A
:101770000AF076BA4E2F03082DE9F041D0E90E5356
:101780001D44002B18BF013590F81831013B044669
:10179000042B00F2AA80DFE803F03A3303618600ED
:1017A000B0F90C60D0F8E800FFF7ACFEB4F9C63031
:1017B000B4F90E20D21AB4F98C30B11EC91A94F8BB
:1017C000E4306B4300FB131102EBD2720023521082
:1017D000490804F1B8000AF043FAB4F9C050D4F84B
:1017E000B000B4F9C27004F18006023510B103688C
:1017F000DB6898473A1A0023294630460AF030FA47
:1018000023682046DB6CBDE8F04100211847B0F9A1
:10181000C630B0F90E20B0F90C10D21AB0F98E30E3
:10182000D21AB0F98C3002EBD272C91A52100023CE
:10183000490880300AF014FAD4F8E800B4F90C60D2
:10184000FFF760FE94F8E430B4F98A206B4300FBA4
:1018500013610023490804F1B800CFE7B0F90C6028
:10186000D0F8E800FFF74EFEB4F9C630B4F90E2008
:10187000D21A94F8E4306B4300FB136102EBD2728E
:1018800000235210490804F1B8000AF0E9F9B4F94C
:101890008C30B4F90C10B4F9C220C91A49080023DD
:1018A00004F18000AAE7B0F90C60D0F8E800FFF777
:1018B00029FEB4F9C630B4F90E20D21A94F8E430F7
:1018C0006B4300FB136102EBD272002352104908F4
:1018D00004F1B8000AF0C4F9B4F9C000B4F98C10EE
:1018E000B4F9C2200023411ADAE7B0F90C60D0F84D
:1018F000E800FFF707FEB4F9C630B4F90E20D21A9B
:1019000094F8E43002EBD2726B4300FB1361521087
:1019100000239FE770B500F1B8060446154630462F
:1019200009F062FDE9B2304609F09BFD2046FFF761
:1019300023FF23682046DB6CBDE870400021184778
:1019400070B500F1800604460D4680F8182119464E
:10195000304609F049FD29463046002209F0BCFD19
:101960002046FFF709FF23682046DB6CBDE8704086
:101970000021184790F82C308B4210B5044611D046
:10198000D0E90C2380F82C1000290CBF1146194611
:10199000503009F0DFF823682046DB6CBDE81040CA
:1019A0000021184710BDC0E908128362704700BFCC
:1019B00058B190F83430052B01D90020704700EB66
:1019C0008300436819444160F7E7022070472DE91E
:1019D000F041044603F019FB04F5AF51143103F054
:1019E000E1FB04F5805304F13C07D3F8E805FFF769
:1019F00089FC04F5815014300AF0EFF804F58750A3
:101A000014300AF0EAF804F58D5014300AF0E5F8C5
:101A100004F58F500C300AF0E0F804F64C064FF451
:101A2000C67540F64C08635960191B6998473B68B6
:101A300038461B699847336830461B6905F5907531
:101A40009847454507F1380706F1C006EBD140F647
:101A5000C45541F20406635960191B69C0359847A3
:101A6000B542F8D104F6CC400AF0B7F804F68C5031
:101A70000AF0B3F804F5915004300AF0AEF804F51A
:101A8000975004300AF0A9F804F59D5004300AF08C
:101A9000A4F804F5A35008300AF09FF804F5A95003
:101AA00008300AF09AF8FEF72FFDFEF7B2FE4FF06D
:101AB0000000BDE8F0812DE9F34700F580550446AC
:101AC00000F58D59D5F8F00590F8701301F061FC20
:101AD00009F1140901460022484609F0FDFCD5F839
:101AE000F00590F8F11301F05CFC04F58F5808F153
:101AF0000C0801460022404609F0EEFCB5F93C70A6
:101B0000B5F9F860B5F9C011B5F9BA210437043E4A
:101B1000F61B711A01EBD17107EB610100234846F6
:101B20000AF09EF8B5F9F831B5F9F221F61A06EB8C
:101B3000D67607EB6601002340460AF091F804F5DB
:101B4000C6770026D5F8F005D0F81034062B28BF4C
:101B500006239E42C0F0B5802346002753F8046F49
:101B6000002E00F0C880A36B94F8341004EB8708B3
:101B70005E4301F0FEFB774AD8F81C104EF6602356
:101B8000002818BF13460029D8F8042080F2A4804A
:101B9000002A80F2A88003F038FA036FA26B142B9E
:101BA00038BF142353433C2253430A22B3FBF2F3BE
:101BB0004FF00009CDF800903246D5F8F005F9B2A3
:101BC00002F002FBC8F80490C6B2D5F8F03593F8DD
:101BD0000C3404F59158002B08F104080CBF6FF089
:101BE0007F414FF47F4140460BF0A0FC95F86434F0
:101BF00004F59757002B07F1040738460CBF6FF028
:101C00007F41FF210BF092FCD5F8F02592F8E333E9
:101C100092F8522304F59D500430002A70D0002B16
:101C20000CBFFF214FF47F410BF080FCD5F8F0355D
:101C3000494A93F87013494B04F5A350022908BF91
:101C40001A46114608300BF02EFCD5F8F02592F814
:101C5000703304F5A950052B00F1080056D192F815
:101C6000F1133F4B3F4A4F2908BF1A4611460BF06C
:101C70001AFCD5F8F03593F8E33304F6CC4A04F6B1
:101C80004C09002B49D0D5F8F03593F8703303F0A8
:101C9000FD03012B46D150460BF0FAFC04F6CC4470
:101CA000484609F1C0090BF0F3FC4C45F8D1404619
:101CB0000BF0EEFC38460BF0EBFC304602B0BDE812
:101CC000F087F1B201F0ABFB01463846FFF7EDFCBF
:101CD000013607F5907735E705D0002A3FF75BAF6F
:101CE0004FF0FF3204E0002ACCBF01224FF0FF3258
:101CF000C8F81C205CE70137062F7FF42FAF64E79C
:101D0000002B0CBF6FF07F41FF218DE70BB1092B3A
:101D100001D11349ABE71449A9E703F0D5FE836865
:101D2000032BB0D0D5F8E805FFF7ECFA50460BF0DE
:101D3000CAFC04F6CC44484609F1C0090BF0C3FCC8
:101D40004C45F8D140460BF0BEFC38460BF0BBFCCE
:101D5000B3E700BF80F52000792F0308742F030834
:101D60007D2F0308832F03088A2F03082DE9F04FE6
:101D700000F5805A91B0DAF8EC35D3F88820D3F822
:101D80008C500592044607F0ABF90368DB6898476E
:101D900000EB800BCBEBCB032433EB1A03EBD373B9
:101DA0005A100BEB63030A930992059B062293FBDF
:101DB000F2F30B93059B083B9B0093FBF2F30C9310
:101DC0000BF104030E930A9B0C33079304F64C03A8
:101DD0000893002304F13C0625460693DAF8F00543
:101DE000069AD0F81034062B28BF06239A4205F530
:101DF000907706F13808C0F08F8101250295B4F97B
:101E00009A310193B4F99031BA49083B04F6CC46B3
:101E10000093B4F99231042230460BF037FA20F0E7
:101E2000B1FB002301461A4630460BF074FCB4F9AE
:101E30009061B4F9927107F053F9083608376FF0E2
:101E40007F433246AB490190009304F68C503B46E9
:101E500009F0CAF9DAF8F035D3F81034062B28BFA8
:101E600006234FF49072013B534303F5C67023449D
:101E70002044D3F88C319B6B984700F108030793FB
:101E8000059B04F58058A3F1100604F5815903233E
:101E9000B6FBF3F6331D04F6C45708F104080693A5
:101EA00009F108094FF0040A52464146079B009683
:101EB0003846CDE901B50BF0E9F920F063FB0023CA
:101EC0001A46014638460BF026FC384603210BF033
:101ED000AAFB384600210BF013FC38466FF07F4117
:101EE0000BF024FB08F10C08069BC14507F1C00765
:101EF0009A44D9D104F6846001210BF001FCB4F9B5
:101F00009471059B7C49DF1B04F58158A7F10809F2
:101F100008F11408099BCDF8009004224046CDE951
:101F200001B50BF0B3F920F02DFB002301461A4652
:101F300040460BF0F0FB059B7049CDF8009004F58E
:101F4000875808F114081A1FA2EB0902099B4046A2
:101F5000CDE901B50BF09AF920F014FB00230146FE
:101F60001A4640460BF0D7FB07F030F80368DB68F1
:101F70009847804607F02AF8099A0190ABEB0803CE
:101F800004F58D5007F104086FF07F475C49009716
:101F900002EB53031430424609F026F907F016F815
:101FA00003689B689847814607F09AF803689B6826
:101FB0009847069007F094F80368DB6898478246D4
:101FC00007F08EF80A9B069A4A49CDE90070424410
:101FD00009EB890904F58F50023BA3EB0A034A443D
:101FE0000C3009F001F9B4F9CE7D4649009604F5AC
:101FF0009158043708F104083B4604224046CDE9D5
:1020000001B50BF043F920F0BDFA0023014640462C
:1020100004F597581A4608F104080BF07CFB3B4680
:1020200006F10802384900964046CDE901B50BF0AB
:102030002DF920F0A7FA002301461A46404604F580
:102040009D580BF068FB08F10408B21D3B462F4970
:10205000009652004046CDE901B50BF017F920F08B
:1020600091FA002301461A4640460BF054FB059BAB
:102070002749A3F10C065F4404F5A35806EBD67676
:10208000761008F1080804373B4604224046CDE9A3
:1020900001B500960BF0FAF806F098FF01464046AD
:1020A0000BF057FA20F06EFA04F5A9540023083417
:1020B00001461A4640460BF02EFB3B4606F108024D
:1020C000144900962046CDE901B50BF0DFF806F083
:1020D0007DFF014620460BF03CFA20F053FA002326
:1020E00001461A4620460BF016FB4FF0000011B0D7
:1020F000BDE8F08FC73C0308932F0308912F030816
:10210000952F03089B2F03089F2F0308F62E030823
:10211000792F03088A2F03089DF81890494620F06C
:10212000C9FF05F5C6750823CDE900B3079A0C9BD6
:102130000B9902902846FFF7EAF9FF22042128466E
:10214000FFF7A6FA06F0CCFF022201462846FFF769
:10215000E1FB00212846FFF7A8FA4946DAF8F00526
:1021600020F0B6FF0D9006F0BBFF0D990346032249
:102170002846FFF7E5FB20F005FA00231A46014642
:102180002846FFF710FCFB6E28469B6C0121984700
:102190004946DAF8F00501F0E2F8814606F016FF4C
:1021A0006FF07F43009300231A4649460190304662
:1021B00009F01AF80221304609F053F958F8383C72
:1021C000DB690D93FB6E2846DB6A984758F8382C7C
:1021D0008146D26B3046904700EBD07009EBD97343
:1021E0004110C1EB6301FB6E0F911B6B28469847B2
:1021F000FA6E8146126C2846904758F8383C00EB3E
:10220000D0701B6C09EB60093046984700EBD0702A
:10221000A9EB60020F99002330460D9EB047FB6E7C
:1022200028465B6B9847FB6E06465B6B28469847D3
:102230000123CDE901B3059B0E491B1A083B321D52
:1022400008980093079B0BF021F820F09BF90023DE
:102250001A46014608980BF05EFA069B0E9A013367
:102260000693079B13440793089BC0330893464685
:102270003D46B3E58F2F030838B500F5805400F6CE
:10228000C4550434284600210BF03AFA28466FF072
:102290007F41C0350BF04AF9A542F3D138BD2DE995
:1022A000F04F89B0334B069300F5805400F5815808
:1022B00000270546043408F1040800F6C456B94660
:1022C00000F5805B069BC4F80090C4F80490C4F845
:1022D0000890DBF8F0A553F8042B48F8042F0021F0
:1022E0005046CDE9052301F044F8234B002838D0AF
:1022F0009B68DBF8F0050793002120F0E9FE079BBF
:102300000093CDE90109059B0C222146504601F0BE
:1023100063FA631E002213F8011F202926D10C2323
:1023200003FB0753134441F204020A219954336812
:102330006421DB683046984796F834303BB14FF45F
:102340007F4130460BF0F2F8D8F80030AB6301372C
:10235000032F04F10C0406F1C006B3D109B0BDE8A7
:10236000F08F9AF81C2453F82230C2E701320C2A6D
:10237000D1D1DCE748900208749902082DE9F74FA3
:102380000446FEF7C1F8FEF71FFA04F581506421F8
:10239000143009F012FC04F587506421143009F060
:1023A0000CFC04F58D506521143009F006FC04F591
:1023B0008F5065210C3009F000FC2046FFF76FFFBD
:1023C00004F5C67504F64C0604F13C082F464FF0A0
:1023D000000BB24604F58059D9F8F035D3F8103423
:1023E000062B28BF06239B4548D3062384F83430A8
:1023F0002846002105F59075FFF7BCFA5545F7D141
:1024000004F5915004F5975504356421043009F022
:10241000D4FB284625490BF046F8002628466FF0E5
:102420007F410BF083F889F864646421284609F041
:10243000C4FB04F59D506421043009F0BEFB04F593
:10244000A3506421083009F0B8FB04F5A9506421B9
:10245000083009F0B2FB02F0D8FD054620F092F8F2
:1024600004F5AF531433014600932846104A23461F
:1024700002F083FE304603B0BDE8F08F3B68642174
:10248000DB6838469847D8F800306421DB6840465E
:10249000984733683046DB68642198470BF1010B9D
:1024A00007F5907708F13808C03695E79F2F0308A5
:1024B000B11900082DE9F04F00F58153143399420A
:1024C0008BB004460E4608D1FEF71EF8FEF7A6FABA
:1024D0004FF000000BB0BDE8F08F00F587531433C8
:1024E000994204D1FEF710F8FEF78CFAF0E700F5F8
:1024F0009D530433994200F580550AD1D5F8F00573
:1025000090F8523313B101F099F8E1E701F05EF869
:10251000DEE700F5A353083399420AD1D5F8F00558
:1025200090F87033022B14BF8121822101F03FF813
:10253000CEE700F5A953083399422CD1D5F8F00520
:1025400090F87013D0F86823052913D190F8F1336F
:10255000C0F86C234F2B4FF0000380F8F13380F864
:10256000553301D11821E1E76F49099309AA01F018
:102570005BFDADE7002309B1092906D180F8F133ED
:1025800080F85533C0F86C23ECE780F85533C0F879
:102590006C231921CAE700F59753043399421FD1E0
:1025A000D5F8F00590F8526396B195F86434D5F8F3
:1025B000F0050024099473B95C4909AA01F034FDBF
:1025C000012485F86444002E82D1D5F8F0059AE7FD
:1025D00000F0FCFFE9E7564909AA01F025FDF0E704
:1025E000D5F8E8358B420BD11A7C002A3FF470AF46
:1025F000D3F82021197BD5F8F00501F0DBFF67E760
:1026000000F59153043399420DD000F6C457B942F6
:102610000DD000F68467B9421CD000F64477B94269
:102620001AD1022504E0D5F8F005A0217EE70025A7
:102630002046FFF721FE05F20A45012138460BF03E
:102640005FF84FF47F4138460AF070FF54F82530A8
:10265000A3633DE70125EBE700F5C67900F64C0AD8
:10266000C8460027B04556D198F82C305FFA87FB52
:10267000002B3CD0D5F8E835D5F8F0050493594641
:1026800000F06DFE0590D5F8F0052A4B90F81C245B
:10269000594653F82220D8F84C300792069320F080
:1026A00009FD0221CDE90201234B2449CDE90013A4
:1026B000DDE90632DDE90401FEF740FCD5F8E8B5B6
:1026C0001FF060FF002301461A465846FEF7CDFB77
:1026D000D5F8E80542F21071C760FEF7F3FB013749
:1026E000062F08F590780AF1C00ABBD1F0E604F68F
:1026F0004C054846002109F59079FFF73BF9A945BB
:10270000F7D140460121FFF735F984F834B020466F
:10271000FFF7C5FDDCE65645E1D1D5F8F005F9B285
:1027200001F01AFFDBE700BFD62E03085490020821
:102730005F900208A899020880969800806967FF58
:102740002DE9F04FCC4B05468DB0182240F8043BE4
:10275000002124F05AFA1822002105F11C0024F06F
:1027600054FA062385F834300123AB6305F13C03AA
:1027700001931E46052430461FF01CFF013C06F164
:102780003806F8D205F5C67BDFF8F4825C460526EC
:10279000204609F02EFAB94B23604FF000090123BF
:1027A0004FF47F42C4E90D23C4E90F934FF0004179
:1027B0006FF00043C4E9111304F150074FF0FF33E9
:1027C000C4E90899C4F8289084F82C90C4F8309093
:1027D000E364384609F00DFAC4E91C9984F878904E
:1027E000C4F87C9004F18009C4F8508048461FF07A
:1027F000E1FE04F1B80A50461FF0DCFE1822002169
:1028000004F1F00024F001FA1022002104F5847094
:1028100024F0FBF9002384F8183105F037FE013E5F
:10282000C4F81C0104F59074B2D205F64C04274696
:10283000052638461FF000FF1FE050461FF036FF08
:1028400048461FF033FFC4F85080384609F0E4F9D9
:10285000204609F0E1F9C6F105064FF4907303FB39
:1028600006B65E4500F0FC80A6F59076304620F076
:102870008FF8F6E7E4E7E6E7EAE7013E07F1C0078D
:10288000D7D205F6CC4630461FF0D6FE05F68C535F
:10289000184608931FF08EFE05F6C453184602939F
:1028A0001FF0CAFE0FE00225029AC5F10205C023FF
:1028B00003FB0525029B9D4200F0B580C03D2846E4
:1028C0001FF05EFFF6E705F68463184609931FF0D4
:1028D000B3FE01E00125E7E705F6447318460A93C5
:1028E0001FF0AAFE05F5805724220021381D24F090
:1028F0008CF90023C7E90A333B6305F58153143390
:10290000184603931FF098FE05F5875314331846B5
:1029100004931FF091FE05F58D531433184605936B
:102920001FF048FE05F58F530C33184606931FF031
:1029300041FE05F591530433184607931FF07CFEC2
:1029400005F59757043738461FF076FE05F59D5874
:1029500008F1040840461FF06FFE05F5805305F5A9
:10296000A359002209F1080983F8642448461FF09E
:1029700063FE05F5A95A0AF1080A50461FF05CFEED
:10298000FDF7C2FD05F5805300F5D9501430C3F8AA
:10299000E8050B9305F07AFD0B9BC3F8EC0500F0FE
:1029A00021FC6FE0019AC4F10504382303FB0424E1
:1029B000019B9C425DD0383C20461FF077FEF7E734
:1029C00049E7C6F10506C02303FB0646A6423FD0F1
:1029D000C03E30461FF0D4FEF8E7002564E75046BD
:1029E0001FF0CEFE48461FF0CBFE40461FF0C8FE4B
:1029F00038461FF0C5FE07981FF0C2FE06981FF06C
:102A000055FE05981FF052FE04981FF0B9FE03987A
:102A10001FF0B6FE0A981FF0B3FE09981FF0B0FE33
:102A200002981FF0ADFE08981FF040FE30461FF0E0
:102A3000A7FE09E0D6E7D8E7DAE7DCE7DEE7E0E77C
:102A4000E2E7E4E7E6E7F1E7A64201D0C03EEDE7C2
:102A50005C4505D0A4F5907420461FF099FFF7E778
:102A6000019B9B4505D0ABF1380B58461FF01EFE6D
:102A7000F6E721F00BFB00BF2C900208B88F02088C
:102A8000302A03080B9B0022C3F8F0052846C3F840
:102A9000F425C3F8F825C3F8FC2583F80026C3F80D
:102AA0000426C3F808260DB0BDE8F08F08B50D4820
:102AB0000368BFF35B8FDB070DD421F03AFE50B102
:102AC0000948FFF73DFE094A0949074821F063FA22
:102AD000044821F03DFE044808BD024821F035FEBF
:102AE00021F0D4FA2C2600203026002044010020BA
:102AF000F130020808B5C06C032106F0B7F84FF0BA
:102B0000000008BD59B990F8313083F0010380F816
:102B1000313013B1024906F083BF0249FBE7704729
:102B20003C3C0020503C002070B5284CA36ABFF309
:102B30005B8F13F0010504F12C0637D104F1280056
:102B400021F0F7FD90B3224BE36210222B460221C5
:102B500004F1300009F09AFD00231A46194604F1E9
:102B6000400009F093FD0023C4E91433A36584F801
:102B70005C3084F86830E3664FF4C063A4F87030CA
:102B80000223144A84F87230134B6367134BE362D9
:102B9000C4E9182605F07AFCA067114A11493046AD
:102BA00021F0F9F904F1280021F0D2FD0E4870BDA2
:102BB0000E4809F073FD0E4821F0C7FD21F066FABA
:102BC00009481FF0C1FCF6E7F5E700BF3C3C0020D8
:102BD000E03D0308AFC40008A72F03088C9002084B
:102BE0004401002095340208683C00206C3C002021
:102BF000643C002038B50023016083808371044663
:102C000005F044FCA06022F095FF062590FBF5F34B
:102C100003FB15000130207122F08CFF90FBF5F3CF
:102C200003FB1500013001236071A371204638BDFC
:102C30002DE9F0410446006803685B6B984706463F
:102C400020680368DB6A98470746206803689B6B27
:102C500098470546206803681B6B984794F9042041
:102C60002B18F01900EBD07003EBD37312EB60005C
:102C70004FEA6303114604D4A568D5F88850A842EA
:102C800002DB52422271002194F90500C31802466A
:102C900004D4A568D5F88C50AB4202DB4042607189
:102CA000002220680368DC690123A446BDE8F041E6
:102CB00060472DE9F043ADF5177D43AC0022114686
:102CC000AD4B0646204606F085FEAC4B2360012343
:102CD00084F831302374F36CB4F90E10D3F88C20DF
:102CE000B4F90C00521AD3F88810091A02EBD27208
:102CF00001EBD171002352104910204608F0B0FFBB
:102D00004FF40041204608F058FF01234FF0000C1B
:102D1000CDE9013C4FF0FF13009396221E2378214A
:102D200017A808F011F8282117A808F046FF00237B
:102D3000CDE901334FF47F03009378221E239621BF
:102D400021A808F001F8322121A808F036FF7823E5
:102D50004FF47F47CDE90037222260232E2105A8BA
:102D600007F09EFF1E2105A808F027FF844D4C2385
:102D7000CDE9003522226E232E210EA807F090FF08
:102D80001E210EA808F019FF06F04EF94FF0FF13B0
:102D9000019000937B490A23002250A808F06EFAA4
:102DA000462150A808F009FF06F06CF9744B019019
:102DB00000937449142300225EA808F05FFA5021A2
:102DC0005EA808F0FAFE06F0B9F94FF6FF7301901D
:102DD00000936C491E2300226CA808F04FFA5A2178
:102DE0006CA808F0EAFE06F04DF94FF47F4302901C
:102DF0004FF0FF10CDE900306249322300227AA85B
:102E000008F0AEFA64217AA808F0D7FE06F0B0F810
:102E1000FF23019000935B494623002288A808F015
:102E20002DFA6E2188A808F0C8FEFF230121CDE904
:102E3000013100220A230093114664232BA807F0D6
:102E400030FE0A212BA808F0B8FE4FF6FF730122CE
:102E5000CDE901320A23009346221423642137A8C6
:102E600007F01FFE142137A808F0A7FE0C2005F07C
:102E7000FFFA17A90546FFF7BDFE3F4F0C20FD677F
:102E800005F0F6FA21A90546FFF7B4FE0C20C7F8B5
:102E9000805005F0EDFA05A90546FFF7ABFE0C20C2
:102EA000C7F8845005F0E4FA0EA90546FFF7A2FE24
:102EB0000C20C7F8885005F0DBFA50A90546FFF74B
:102EC00099FE0C20C7F88C5005F0D2FA5EA9054691
:102ED000FFF790FE0C20C7F8905005F0C9FA6CA9D6
:102EE0000546FFF787FE0C20C7F8945005F0C0FA9E
:102EF0007AA90546FFF77EFE0C20C7F8985005F02A
:102F0000B7FA88A90546FFF775FE0C20C7F89C5054
:102F100005F0AEFA2BA90546FFF76CFE0C20C7F8AA
:102F2000A05005F0A5FA37A90546FFF763FEC7F8DC
:102F3000A45041F6240941F67407F06C4FF0FF31BC
:102F4000384409F0DFFCC5B2002DF6D1DFF8388037
:102F500058F8040BFFF76CFE01350B2DF8D1F06C1F
:102F6000384409F0E0FCF06C484409F024FD0120ED
:102F700009F06FFDE1E700BF3C3C0020B49002087F
:102F800000FFFF00B12F0308B83C00200C212846A9
:102F900021F07AF8294B379337A808F03DFE274BEC
:102FA0002B932BA808F038FE254B889388A808F0AF
:102FB00033FE234B7A937AA808F02EFE204B6C93B5
:102FC0006CA808F029FE1E4B5E935EA808F024FE54
:102FD0001B4B509350A808F01FFE1A4B0E930EA8DF
:102FE00008F01AFE174B059305A808F015FE164BBE
:102FF000219321A808F010FE134B179317A808F08F
:103000000BFE124B2360204608F006FE21F03EF82E
:10301000BCE7BBE7BAE7B9E7B8E7B7E7B6E7B5E7B4
:10302000B4E7B3E7B6E7BAE7BEE7C2E7C6E7CAE781
:10303000CEE7D2E7D6E7DAE7DEE7E2E7302A0308B1
:10304000F42A03088029030828290308981B030889
:1030500038B504461D460C4B06F0BCFC0B4B2360F8
:1030600084F831505DB90849204606F0D9FC06E0E5
:10307000074B2360204608F0CFFD21F007F801231D
:103080002374204638BD00BF3C3C0020B4900208A9
:10309000981B030813B5044641F288301BF04CFF1F
:1030A000E06C03689B68984700238DF80730E06C5C
:1030B00003680DF107011B699847C0B20028F6D0DC
:1030C0004FF0000002B010BD08B528B902F0FCFCBA
:1030D0008068C31E5842584108BDF8B50446C06C0C
:1030E00003681B6A984770B9D4F82434002B6BD05E
:1030F00094F8E303FFF7E8FF002865D1D4F82434FF
:10310000C4F86C3327E0D4F824743FBB264616F885
:10311000503F3F2B47D194F8545365B109F095FCCB
:10312000C4F85803E06C84F854730368DB69012227
:1031300031469847C5B230461EF0DAFF31460246A6
:10314000274818F032FF10B9254818F048FF072D1E
:10315000CAD0242DC8D000242046F8BD94F8E3033B
:10316000FFF7B2FF0028BFD094F85533002BBBD136
:1031700094F8F133002BC1D104F595654FF0FF3180
:10318000284609F02FFA09F060FC012384F8553332
:10319000D4F82434C4F86003C4F86C33284609F02A
:1031A00046FA04F150064FF4807204F5856130460A
:1031B00023F052FDE56C30461EF09AFF2B68024664
:1031C000DB6931462846B4E704F22441002301229A
:1031D000204609F047F9C4B2012009F03CFCBBE7E6
:1031E0004C71012070B54F4C254655F8043BBFF398
:1031F0005B8F13F0010640F08D80204621F099FA94
:10320000002800F08780484B63601022334622215B
:10321000281D09F03BFA00238422202104F1180024
:1032200009F034FA4149C4E90E154FF4C061A4F81D
:103230004810022184F84A103D49E164002301222C
:103240003C4984F8402004F58560C4E90B32C4E9A8
:10325000DB23A0626160A4F858234FF07C51A4F8EE
:10326000122404F2AC400322C4E9D733C4E9D933B1
:1032700084F8343063642365C4F8541384F8E73366
:1032800084F8E933C4F8142484F81834C4F81C34DE
:10329000C4F82034C4F8243409F092F907E0264831
:1032A00009F0FCF91F4821F050FA20F0EFFE234B03
:1032B000234A03F1080518685968144603C4083303
:1032C000AB422246F7D11F4D18689B882060A3802F
:1032D0000FCD1D4C0FC40FCD0FC495E8070084E837
:1032E0000700502205F10C0104F10C0023F041FE0F
:1032F0004FF4B27205F15C0104F15C0023F039FE79
:10330000124A1349A4F2DC4020F045FEA4F59C606B
:1033100021F01EFA0F4870BD0E481FF015F9C1E7E5
:10332000C0E700BFA83D0020E03D0308AFC400088F
:10333000BE2F030864970208B03D0020849702085E
:10334000584200209497020868420020440100205F
:1033500021350208AC3D0020C16408F0D7BFD0F889
:1033600010349942A8BF062101F2562100EB41001A
:10337000704702290BD9D0F81034994207DA90F837
:1033800014040339C9B2C84000F00100704700209E
:1033900070470B2928BF002100EB8100D0F8BC0446
:1033A0007047582928BF582101F5A77150F821000E
:1033B00070472DE9F041D0F8103499422DED028B81
:1033C00004460D4629DA00F595664FF0FF31304688
:1033D00009F008F92946204620F0BEF894F8E08369
:1033E00007EE900A04EB850797EDDD8AF8EEE77AA1
:1033F000B8F1000F03D097EDE37A38EE078A68EE54
:10340000277A3046FDEEE77A17EE904A09F00FF979
:10341000BDEC028B2046BDE8F0810024F8E72DE9E1
:10342000F041D0F8103499422DED028B04460D4640
:103430002ADA00F595664FF0FF31304609F0D2F8F0
:103440002946204620F088F894F8E08307EE900A99
:1034500004EB850797EDDD8AF8EEE77AB8F1000F07
:103460000DD068EE277A3046FDEEE77A17EE904AE7
:1034700009F0DDF8BDEC028B2046BDE8F08197ED48
:10348000E37A38EE478AECE70024F3E72DE9F041D0
:10349000D0F8103499422DED028B04460D4629DAFE
:1034A00000F595664FF0FF31304609F09BF829464C
:1034B000204620F051F894F8E08307EE900A04EBE0
:1034C000850797EDE98AF8EEE77AB8F1000F03D0A7
:1034D00097EDE37A38EE078A68EE277A3046FDEEFC
:1034E000E77A17EE904A09F0A2F8BDEC028B20466D
:1034F000BDE8F0810024F8E72DE9F041D0F8103460
:1035000099422DED028B04460D462ADA00F59566A8
:103510004FF0FF31304609F065F82946204620F08B
:103520001BF894F8E08307EE900A04EB850797ED0B
:10353000E98AF8EEE77AB8F1000F0DD068EE277A45
:103540003046FDEEE77A17EE904A09F070F8BDECD0
:10355000028B2046BDE8F08197EDE37A38EE478A8A
:10356000ECE70024F3E790F85523D0F86C3322B948
:10357000994202D190F8F1037047994234BF542028
:103580005520704710B50446FFF7EDFF40B9D4F859
:103590006403D4F85C3398422CBF0020012010BD96
:1035A000542802D1D4F86003F3E70020F7E700B510
:1035B000A3B000238DF80810012201A901938DF812
:1035C000093008F04FFF23B05DF804FB38B504461E
:1035D00002F07AFA027A7AB917484FF400510AF0E9
:1035E000B7FF94F8EC3323F0010384F8EC3348F28E
:1035F0000173A4F8523338BD02F066FA037A012B46
:103600000ED194F85253002DEBD18B212046FFF7B9
:10361000CEFF09F01AFA84F85453C4F85803E0E7CF
:1036200002F052FA037A022BDBD1034800224FF456
:1036300000510AF08DFFE4E70008024038B5044667
:1036400002F042FA057ABDB91E4801224FF400513A
:103650000AF07EFF84F85253D4F86823C4F86C2330
:1036600094F8EC23002363F3000284F8553384F8C4
:10367000F13384F8EC2324E002F026FA037A012BDC
:103680000DD194F8523333B194F8E3331BB18B214D
:103690002046FFF78CFF002384F85233DCE702F06A
:1036A00013FA037A022B06D1064801224FF4005187
:1036B0000AF04EFFE5E702F007FA94F85233002BC8
:1036C000CAD038BD0008024038B5044694F85433D7
:1036D00053B13F212046D4F85C53FFF768FFD4F87C
:1036E0005C33AB4204D038BD012009F0B4F9EDE7FA
:1036F000012009F0B0F9F2E773B5069D0E461146B8
:1037000042F2107283EAE3749542A4EBE37413D19E
:10371000B4FBF5F205FB1244CDE900242748284A02
:1037200030EA230028BF1046264A0346304623F0DD
:103730009DF9304602B070BDB5F57A7F0ED1B4FB6D
:10374000F5F205FB1244CDE900241C481C4A30EA7E
:10375000230028BF104603461B4AE7E7642D0ED11D
:10376000B4FBF5F205FB1244CDE900241348144ADA
:1037700030EA230028BF10460346144AD6E70A2D34
:103780000ED1B4FBF5F205FB1244CDE900240B4841
:103790000B4A30EA230028BF104603460C4AC5E70F
:1037A000074A0648009430EA230028BF1046034623
:1037B000084A304623F05AF9BBE700BFC73C03086C
:1037C000992F0308C72F0308D32F0308DF2F0308FF
:1037D000EB2F0308F72F03082DE9F341DDE9087605
:1037E0009DF8288000970C461546FFF785FFB8F135
:1037F000000F04D1B6B9204602B0BDE8F081012F18
:10380000F8DD20461EF074FC621C2044002190422A
:10381000F0D010F8013C302B01D02E2BEAD100F86B
:10382000011DF4E720461EF063FC044B044A009699
:10383000291A204423F01AF9DDE700BF983D030858
:10384000FD2F03082DE9F0410F4605463A21384681
:1038500023F0E3F938B3002300F8013B22F034F9F8
:10386000C4B205F59768002658F8041F38461EF0C4
:1038700035FC08B9F6B203E001360B2EF4D1002670
:1038800095F87033B34203D195F87123A2420CD05E
:1038900013B9012385F80E3485F8706385F87143F8
:1038A0000120BDE8F0810446DBE70020F9E710B510
:1038B00010460C4622F005F951EC100B1EF0CEFA22
:1038C00094ED007A07EE900AB4EE677AF1EE10FA02
:1038D00016BF01200020C4ED007A10BD10B51046BF
:1038E0000C4622F0F1F822680346824216BF0120FE
:1038F0000020236010BD70B50E4604463D213046C1
:1039000023F08BF9054668B1002305F8013B701CD4
:1039100022F0DAF8202823DC152804DC0A282FD02E
:103920000D283DD070BD16380A28FBD801A353F8E6
:1039300020F000BFBB3900082539000825390008F0
:1039400025390008253900082539000825390008DF
:1039500025390008D5390008EF390008093A000870
:10396000B0F5BC7FDED1284694F8146422F0ACF8A0
:103970008642D7D0284622F0A7F884F814040BE03A
:103980002846D4F8186422F0A3F88642CAD0284604
:1039900022F09EF8C4F81804012384F80F34C1E71C
:1039A000284694F81C6422F08FF88642BAD0284644
:1039B00022F08AF884F81C04EEE72846B4F81E6466
:1039C00022F082F88642ADD0284622F07DF8A4F895
:1039D0001E04E1E72846B4F8206422F079F8864214
:1039E000A0D0284622F074F8A4F82004D4E7284692
:1039F000B4F8226422F06CF8864293D0284622F074
:103A000067F8A4F82204C7E7284694F81D6422F05A
:103A10005BF8864286D0284622F056F884F81D04CA
:103A2000BAE72DE9F041002506460C4690462F46A0
:103A3000D6F81034AB4202DC3846BDE8F08108EB22
:103A4000850122463046FFF732FF3843C7B22C21AA
:103A5000204623F0E2F80028EED0441C0135E7E7C9
:103A600010B500F563720446FFF7DBFF94F8E1231D
:103A7000C30043EA421394F8E82303F0280322F03A
:103A80002802134384F8E83310BD70B50E4604468F
:103A90002C21304623F0C1F80546002305F8013BF0
:103AA000324604F575712046FFF718FF28B194F8E7
:103AB000EA3343F0010384F8EA332C21284623F04B
:103AC000ACF80646002306F8013B2A4604F5767159
:103AD0002046FFF703FF28B194F8EA3343F00203CE
:103AE00084F8EA33324604F581612046FFF7F6FE9A
:103AF00028B194F8EA3343F0040384F8EA3370BD44
:103B000070B50D4604462C21284623F086F806465B
:103B1000002306F8013B2A4604F577712046FFF79B
:103B2000C6FE28B194F8E93343F0020384F8E93380
:103B30002C21304623F071F80546F0B1002305F83A
:103B4000013B324604F57F712046FFF7B0FE28B1F5
:103B500094F8E93343F0040384F8E93365B12A4665
:103B600004F580612046FFF7A2FE28B194F8E933FE
:103B700043F0040384F8E93370BD04F58063002248
:103B80001A60DEE7F8B500F5A876BF49044630466E
:103B90001EF0A4FA054640B908F057FF84F85553C3
:103BA000C4F8640384F8F153F8BD94F850313C2B09
:103BB00040F02A81012384F8543308F046FFB349CA
:103BC000C4F85C0304F2511023F05AF80546F8B12A
:103BD00001462046FFF736FE28B194F8E83343F05B
:103BE000020384F8E83394F8F03363B194F8703347
:103BF000052B08D094F8E933002262F3C30384F85C
:103C0000F02384F8E933A149002023F039F8054670
:103C1000002622E09E490522284623F00BF890BB9F
:103C200094F8E03343B9012384F8E03394F8E8339F
:103C300043F0080384F8E83304F55D72691D2046FB
:103C4000FFF7EFFE94F8E83360F3820384F8E8337B
:103C50008E49002023F014F80546002DDAD1002EFD
:103C6000A2D194F8F233002B94F8E9331ABF84F808
:103C7000F2630122002262F3861384F8E933002301
:103C800084F8E53390E783490522284622F0D2FFE5
:103C900030B994F8E033002BCED084F8E003C5E7C8
:103CA0007D490322284622F0C5FF20B9E91C2046A1
:103CB000FFF726FFCCE779490422284622F0BAFF15
:103CC00020B9291D2046FFF7CBFEC1E77449032226
:103CD000284622F0AFFF40BB04F2F133023504F274
:103CE000FB31064615F8012F13F8017F97421EBFDE
:103CF00094F8E92342F0400284F8E9231E702A7800
:103D000052B13E2A08D0502A1A700CD0702A08BF2F
:103D100040F001008B42E5D1002384F8FB3384F8A6
:103D2000E503012694E70120F4E75E4902222846D4
:103D300022F080FF68B9AB78A3F1310043424341E0
:103D400084F8E43394F8E93343F0200384F8E9334A
:103D50007EE755490222284622F06CFF38BB94F8D2
:103D6000E833A4F80C0443F04003023584F804045B
:103D700084F8E833012240F2011115F8013B002BD1
:103D80003FF466AF4D2B0CD006D8432B0CD0462BFE
:103D9000F3D184F80C24F0E7532BEED1A4F80424DB
:103DA000EBE784F80D24E8E7A4F80414E5E73F49BD
:103DB0000322284622F03EFF20B9E91C2046FFF7E7
:103DC00064FE45E73A490422284622F033FF0028E2
:103DD0007FF43EAF2A7994F8E333A2F131014A42ED
:103DE0004A419A4209D083F0010384F8E33394F8FE
:103DF000E83343F0010384F8E83394F8EC3343F0FC
:103E0000010384F8EC3323E75B2B6AD104F25115EC
:103E100028490422284622F00DFF00284ED104F53F
:103E2000697204F255112046FFF7FBFD94F8EA335E
:103E300060F3C30384F8EA3328461F49042222F0C2
:103E4000F9FE054600287FF4AFAE04F2551704F5DD
:103E500082613A462046FFF741FDD4F81064052EF2
:103E6000C4BF0526C4F810643A21384622F0D5FEB6
:103E700004F2AC44B542BFF697AE10F8013F04F827
:103E800015300135F6E700BF02300308053003089E
:103E9000073003080D3003081330030817300308F8
:103EA0001C3003086039030820300308233003085E
:103EB000273003082C300308363003082249042237
:103EC000284622F0B7FE0028B6D104F56F7204F23E
:103ED00055112046FFF7A5FD94F8EA3360F304136B
:103EE000A8E7242B05D131462046BDE8F840FFF76E
:103EF00002BD16490622304622F09CFE054670B9E6
:103F000004F5AB7021F0E0FD94F8E93384F8F10397
:103F100043F0100384F8E93384F8555344E60C4920
:103F20000622304622F086FE00287FF43DAE04F5DE
:103F3000AB7021F0C9FD94F8E93384F8F00343F045
:103F4000080384F8E9332FE6313003083B300308D7
:103F500042300308F7B5002405468DF80740274690
:103F6000E86C03680DF107011B699847C0B258B1AE
:103F700044B11F491F48224618F017F810B91D48D0
:103F800018F02DF803B0F0BD9DF80720182A04D0D2
:103F9000B5F85033B3F5FE7F0CD9A5F85073202C3B
:103FA000DED0154B9DF807102344621C83F8A01641
:103FB00094B2D5E70A2A01D00D2A12D1002BECD0F9
:103FC0002B4405F5956683F850714FF0FF3130466C
:103FD00008F008FB2846FFF7D5FD304608F027FB20
:103FE000DBE7591C2B44A5F8501383F85021D6E782
:103FF000484400204C710120A83D002070B50446C3
:1040000000F595664FF0FF31304608F0EBFAD4F832
:1040100068536B1C012B38BF0123C4F8683330464A
:1040200008F005FB284670BD70B50446A2B090F8B4
:10403000E3030D461646FFF747F888B194F870334E
:1040400073B12046FFF7DAFF6A1E01900DF10701F8
:104050007F3512F8013F01F8013F23B1AA42F8D1A0
:104060000D2022B070BD1A4601A9204608F0FAF9C9
:10407000019B3360C0B2F4E713B50446FFF76AFF53
:1040800008F0E3FCD4F85C33C01AB0F5967F81BF2A
:10409000002384F87033012384F8543394F8E30345
:1040A000FFF712F810B194F8703363B994F85533F0
:1040B0004BB1002384F85533D4F86833C4F86C331B
:1040C000562384F8F13301F0FFFC037A012B1DD154
:1040D00094F85233FBB194F8E303FEF7F5FFD0B93F
:1040E00094F8EC33DB075DD58B212046FFF75FFAB0
:1040F00008F0ABFC94F8EC33C4F85803002262F3E8
:10410000000384F8542384F8EC3304E001F0DCFC71
:10411000037A022BDCD094F8E303FEF7D5FF78B1E5
:1041200094F80E3463B1244901AA2046FFF77CFFBE
:10413000224901AA2046FFF777FF002384F80E34B6
:1041400094F8E303FEF7C0FF40B394F854332BB365
:1041500008F07BFCD4F85833C01A64281ED9E06CF0
:1041600003681B6A9847C8B108F06FFCC4F858038D
:10417000E06C002384F8543303680122DB6904F205
:10418000533198473F230E490E4884F85333012298
:1041900017F00BFF10B90B4817F021FF4FF000008C
:1041A00002B010BD08F051FCD4F85833C01AB0F575
:1041B000967F99D8AFE700BF493003084D30030818
:1041C000513003084C7101202DE9F0411E46D0F812
:1041D00010349942AEB004460D4617464ADA90F8BC
:1041E000E303FEF771FF002846D094F8703303F024
:1041F000FD03012B40D12046FFF700FF29460D901B
:1042000020461FF0A9F90DF114083B46009010223A
:1042100041462046FFF770FA09AF6423009310224D
:10422000334639462046FFF767FA9DF8D000134B16
:10423000134A94F81C1405F25625002818BF1A4694
:1042400004EB4505CDE900250E4B0F4ACDE9028769
:10425000002918BF13460EA80C4A802122F006FC44
:1042600000231A460DA9204608F0FCF8C0B22EB073
:10427000BDE8F0810320FAE70D20F8E75B30030882
:104280005F300308533003085730030863300308D6
:104290002DE9F0411E46D0F810349942AAB00446E8
:1042A0000D46174639DA90F8E303FEF70DFF0028B4
:1042B00035D094F8703303F0FD03012B2FD1204645
:1042C000FFF79CFE2946099020461FF045F90DF1A5
:1042D000140800903B46102241462046FFF70CFA96
:1042E00005F2562594F81C240E490F4B04EB4505A6
:1042F000002A18BF0B46CDE901860C4A00958021A3
:104300000AA822F0B3FB00231A4609A9204608F0A8
:10431000A9F8C0B22AB0BDE8F0810320FAE70D2069
:10432000F8E700BF57300308533003087330030821
:104330002DE9F0430446BBB090F8E3030F469046E6
:104340009946FEF7C1FE002869D094F8703303F057
:10435000FD03012B63D12046FFF750FE314D94F849
:104360001C34199005EB830309AED3F8183200937F
:1043700010223B4631462046FFF7BEF994F81C3424
:1043800005EB83030DAFD3F8183200931022434698
:1043900039462046FFF7B0F994F81C3405EB830545
:1043A0000DF14408D5F81832009310224B464146CF
:1043B0002046FFF7A1F915AD642300931022429B1C
:1043C00029462046FFF798F99DF80C01164B174A2D
:1043D00094F81C14002818BF1A4604F59663CDE91A
:1043E000047304F2AE43CDE9026304F2AC43CDE9B9
:1043F00000230F4A0F4BCDE90685002918BF13464D
:104400001AA80D4A802122F031FB00231A4619A96F
:10441000204608F027F8C0B23BB0BDE8F0830D207D
:10442000FAE700BF5C9702085B3003085F300308BF
:104430005730030853300308883003082DE9F04350
:104440000446BBB090F8E3030F4690469946FEF74A
:104450003BFE00286ED094F87033013B022B69D8E4
:104460002046FFF7CBFD344D94F81C34199005EB32
:10447000830309AED3F81832009310223B4631462D
:104480002046FFF739F994F81C3405EB83030DAF90
:10449000D3F8183200931022434639462046FFF7DE
:1044A0002BF994F81C3405EB83050DF14408D5F87D
:1044B0001832009310224B4641462046FFF71CF964
:1044C00015AD642300931022429B29462046FFF736
:1044D00013F99DF81001194B194A9DF80CC194F875
:1044E0001C140597002818BF1A46164B1648009250
:1044F000BCF1000F18BF184604F2AE43CDE90363C8
:1045000004F2AC43CDE90103104A114BCDE9068515
:10451000002918BF13461AA80E4A802122F0A6FAD5
:1045200000231A4619A9204607F09CFFC0B23BB0F1
:10453000BDE8F0830D20FAE75C9702085B300308C2
:104540005F300308A0300308A43003085730030885
:1045500053300308A830030830B5D0F8103499421E
:10456000A3B004460D461EDA90F8E303FEF7ACFD57
:10457000D8B194F87033012B17D12046FFF73EFDD8
:1045800005F256230A4A019004EB4303802102A856
:1045900022F06CFA00231A4601A9204607F062FFB8
:1045A000C0B223B030BD0320FBE70D20F9E700BF08
:1045B000C1300308F0B5D0F810349942A9B00446D0
:1045C0000D46164633DA90F8E303FEF77DFD80B31F
:1045D00094F87033012B2CD12046FFF70FFD2946AC
:1045E000079020461EF0B8FF03AF0090334610221C
:1045F00039462046FFF780F805F2562594F81C242A
:104600000D490E4B019704EB4505002A18BF0B46D8
:1046100000950B4A802108A822F028FA00231A46A8
:1046200007A9204607F01EFFC0B229B0F0BD032045
:10463000FBE70D20F9E700BF5730030853300308AC
:10464000D13003082DE9F0431E46D0F81034AFB046
:1046500099429DF8DC7004460D4691465CDA90F86C
:10466000E303FEF731FD002858D094F87033012B96
:1046700054D12046FFF7C2FC29460D9020461EF07B
:104680006BFF0DF114084B46009010224146204666
:10469000FFF732F80DF1240964230093102233460A
:1046A00049462046FFF728F894F81C241C4B1D4966
:1046B00005F25625002A08BF0B46E6B104EB450576
:1046C000194ACDE90035194BCDE90289002F08BF01
:1046D00013468021164A0EA822F0C8F900231A4674
:1046E0000DA9204607F0BEFE369B0D9A1A60C0B297
:1046F0002FB0BDE8F08304EB4505CDE900350A4A4B
:104700000A4BCDF80880002F08BF13468021094AC4
:104710000EA822F0ABF9E1E70320E9E70D20E7E777
:1047200057300308533003085F3003085B30030839
:10473000E4300308F33003082DE9F0431E46D0F8B7
:104740001034ABB099429DF8CC9004460D4690468B
:104750003FDA90F8E303FEF7B7FC00283BD094F86B
:104760007033012B37D12046FFF748FC29460990CA
:1047700020461EF0F1FE05AF009043461022394658
:104780002046FEF7B9FF94F81C34144A144905F288
:10479000562504EB4505002B08BF1146CDE90176EF
:1047A00000950B46B9F1000F11D00E4A80210AA8DE
:1047B00022F05CF900231A4609A9204607F052FEB0
:1047C000329B099A1A60C0B22BB0BDE8F083064A4A
:1047D000ECE70320F8E70D20F6E700BF53300308AD
:1047E00057300308FF300308133103082DE9F04167
:1047F0001E46D0F810349942AAB004460D4617461A
:104800003ADA90F8E303FEF75FFC002836D094F81C
:104810007033012B32D12046FFF7F0FB2946099077
:1048200020461EF099FE0DF1140800903B46102220
:1048300041462046FEF760FF05F2562594F81C24F9
:104840000F49104B04EB4505002A18BF0B46CDE974
:1048500001860D4A009580210AA822F007F900235D
:104860001A4609A9204607F0FDFD309B099A1A60F7
:10487000C0B22AB0BDE8F0810320FAE70D20F8E7C6
:1048800057300308533003082731030870B5044636
:10489000A8B090F8E3030D46FEF716FC60B394F859
:1048A0007033012B28D12046FFF7A8FB94F81C2475
:1048B000124B079003EB820303AED3F81832009338
:1048C00010222B4631462046FEF716FF94F81C2492
:1048D0000B490C4B0096002A18BF0B4608A80A4A41
:1048E000802122F0C3F800231A4607A9204607F0CA
:1048F000B9FDC0B228B070BD0D20FBE75C9702087F
:1049000057300308533003083B31030810B5044601
:10491000A2B090F8E303FEF7D7FBA0B194F8703390
:10492000012B10D12046FFF769FB0849019002A82E
:1049300022F017FB00231A4601A9204607F092FD3A
:10494000C0B222B010BD0D20FBE700BF4731030805
:1049500070B50446A4B090F8E3030E461546FEF782
:10496000B3FBD8B194F87033012B17D12046FFF771
:1049700045FB0B4A0B4B0390002D08BF13468021CB
:10498000094A009604A822F071F800231A4603A9E8
:10499000204607F067FDC0B224B070BD0D20FBE7D4
:1049A0004F3103084C3103085231030838B504462F
:1049B00090F8E3030D46FEF787FBB8B194F8703327
:1049C000012B13D194F8043463B1D4EDFF7AFCEEDB
:1049D000E77A2A4617EE903A204699B2FFF7B8FFD9
:1049E000C0B238BD84F805540320FAE70D20F8E77B
:1049F00010B50446A2B090F8E303FEF765FBA0B142
:104A000094F87033012B10D12046FFF7F7FA0849CC
:104A1000019002A822F0A5FA00231A4601A9204617
:104A200007F020FDC0B222B010BD0D20FBE700BF93
:104A30005A31030870472DE9F04704460D4607F048
:104A4000BCF86E1C2946074604F6941007F0B5F82A
:104A5000314604F6B81007F0B0F8314604F6782075
:104A600007F0ABF8264600234FF03408226B9A4239
:104A700002D83846BDE8F08703FB0882A018A15889
:104A8000E26A9A4203F1010A06F5EA790BD1CB6892
:104A900029469847D6F8D4312946DB6848469847D6
:104AA00038365346E2E70B699847D6F8D431484682
:104AB0001B699847F4E7F8B5044607F08EF80646F8
:104AC00004F6941007F089F804F6B81007F085F89A
:104AD00004F6782007F081F8E36A342203FB022011
:104AE00002FB034320445B6B1B699847E36A38224F
:104AF000534303F5EA7023442044D3F8D4311B69AF
:104B0000984704F6383007F068F804F56575002713
:104B1000236BBB4201D83046F8BD2B6828461B6981
:104B200098470137C035F3E72DE9F0410E460446BA
:104B300000283ED000F6B8139942C56A18D10DB1CD
:104B40006B1EE36204F6383007F009F818B12368E9
:104B500020461B6998472368618ADB68204698478E
:104B6000E36AAB4201D0206AE8B90020BDE8F081D9
:104B700000F67823994210D000F565780027236B62
:104B8000BB42DFD9464504D12368E7621B69204652
:104B90009847013708F1C008F1E7036B013BAB42CE
:104BA000D0D96B1CCDE7D4E90912234607F02DFCC0
:104BB000DBE70220DAE770B50446D8B10B78022BA8
:104BC00011D100F6B81504F668304E7806F0C7FF2C
:104BD00058B93146284608F093FD36B92946204693
:104BE000FFF7A2FF01E0042B01D0002070BD00F60A
:104BF0007825E8E70220F9E7012970B5044626D1B7
:104C0000B0F90E10B0F904300B4493421FDAB0F93A
:104C100008305B1A93421ADD00F63836304606F04B
:104C20009EFF054650B1236820461B6998472368BC
:104C3000618ADB682046BDE8704018473046618ACB
:104C400006F0BBFF04F56576236B9D4200D370BD73
:104C50003368618ADB683046013198470135C036D8
:104C6000F2E710B103689B68184770472DE9F04FD1
:104C70000C46072C85B0054611465BD84FF034082A
:104C800004FB0887074408FB0458384604F0C8FEB4
:104C9000D8F83430B5F90EB0DA690192DB6BB5F9AA
:104CA0000C903846984738235C4304F5EA762C4448
:104CB0002E44D4F8D4318246DB6B304698470390BB
:104CC000306BFFF7CEFFD8F834200290126CB5F9A4
:104CD0000E5038469047039B0299A9EB4B099A4422
:104CE0002D1AA9EB010105EBD575A1EB0A016A109C
:104CF0000BEB5101019D00233846A847D4F8D4316D
:104D0000D3F81C90D8F8343038465B6B9847074688
:104D1000306BFFF7A6FFD4F8D43105461B6B304645
:104D200098470023024679193046CC4605B0BDE8C5
:104D3000F04F604705B0BDE8F08F2DE9F04F07292F
:104D400087B004460D46174698465ED8002A5CD0C8
:104D50004FF0380B0BFB01FB01930BF5EA766FF07C
:104D60007F4306440093A344002339461A46304645
:104D700006F03AFADBF8D421B4F90E90B4F90C003D
:104D8000D3690593A0EB490AD26B30469047DBF814
:104D9000D431AAEB000000EBD07009EB600A1B6C69
:104DA000B4F90E9030469847A9EB000000EBD070A4
:104DB0004210514600233046059EB047B4F90E20FC
:104DC00001230293A2F108030193B4F90C30C02629
:104DD00006FB0546A3EB420305FB022506F56576B7
:104DE000009339462B1D304608F050FA41463046B4
:104DF00008F0AFFB1DF0C6FB054A014623463046CE
:104E000007B0BDE8F04F08F086BC07B0BDE8F08FF2
:104E1000294B00087047C36A8B4210B504460ED078
:104E2000036B8B420BD90368C1625B69984730B151
:104E30002368618ADB682046BDE81040184710BD32
:104E40002DE9F04F85B0DDE90E981D4603680E464A
:104E50009B6C012104461746984709F1FF306B1EF1
:104E600002B231B21BB26FF07F40A1802381628118
:104E7000E780A581A4F80E90CDE9002004F69410F7
:104E800005F0D4FEB4F90E303E495A1ECDE9003289
:104E90004FF0010A04F6B81BCDF808A0B4F90630AB
:104EA000B4F90420584608F0F1F904F08FF80146EF
:104EB000584608F04EFB1DF065FB23460146324A7A
:104EC000584608F028FCB4F90E20B4F90810CDF8C3
:104ED00008A0531ECDE9002304F6782BB4F9063060
:104EE0008A1A5846294908F0D1F904F06FF80146AA
:104EF000584608F02EFB1DF045FB23460146224A8A
:104F0000584608F008FC00F080F883461DF03AFB94
:104F100004F6883301931423014600935846234630
:104F20001B4A00F0FEF81B4BB4F90A20CDF808A08C
:104F30000193D4F8A03BB4F90E10D3F88C305B1A6F
:104F40000093B4F90C30B4F90410524404F638302C
:104F500005F077FD2B46314604F66830CDF8009019
:104F60003A4605F022FE4346082B28BF08230021BD
:104F7000204684F878AB236305B0BDE8F04FFFF717
:104F80004ABF00BF932F0308294B0008912F030845
:104F9000B74B000840404000C0E9081283627047E8
:104FA0002DE9F7430026B0F9465B036BB5FBF3F53B
:104FB000044600F565783746A5F10809236BBB4226
:104FC00002D803B0BDE8F083B4F93E2BB4F90E105B
:104FD000B4F90C30CDF80090043232444046A3EBD3
:104FE000410308F00FFA01372E4408F1C008E5E745
:104FF00010B50446C06C10B1216D11F070F807F0C7
:1050000004FDE0654FF0000010BD70B52B4C254647
:1050100055F8043BBFF35B8F13F0010642D12046E5
:105020001FF087FB00283DD0254B636010223346DC
:105030000221281D07F02AFB00231A46194604F115
:10504000180007F023FB1F4A1F496160C4E90E25C1
:105050008022A4F84820022284F84A201B4AE264F5
:1050600000235422203104F17800C4E91833C4E944
:105070000A33C4E91433C4E91633C4E91B33236388
:1050800084F8343084F840306364C4F86730636770
:1050900021F06FFF0E4A0F49201D1EF07CFF2046B5
:1050A0001FF056FB0C4870BD0C4807F0F7FA034898
:1050B0001FF04BFB1EF0EAFFF9E700BF6844002039
:1050C000E03D0308AFC4000880A602082A3903089F
:1050D00044010020953502086C44002070440020F3
:1050E000C0E9131207F012B910B50C468988206880
:1050F00009F028FAA3791B1A58425841237A8342AF
:105100000AD0627A824209D1E379082B02D1227255
:10511000012010BD0133E3710020FAE76072002323
:10512000F9E710B5039CA3609DF808302373436D25
:10513000C4E900121BB9C4E90433446510BD1A4622
:105140009442FBD01269002AFAD15C61C4E90432AE
:10515000F3E7436D8B4207D11B69436500225A6117
:1051600070478B4203D01B69002BFAD17047D3E9FB
:1051700004321361002BF2D1704710B5029CA3607A
:10518000836DC4E900121BB9C4E90433846510BD02
:105190001A469442FBD01269002AFAD15C61C4E934
:1051A0000432F3E7836D8B4207D11B6983650022CC
:1051B0005A6170478B4203D01B69002BFAD17047AC
:1051C000D3E904321361002BF2D170470C2303FBA7
:1051D000010090F87C0070470C2303FB0103084496
:1051E00093F87C3090F860209A421ABF80F86030C3
:1051F0000120002070470C2303FB0100117890F878
:105200007C3099421ABF0120137000207047C36C94
:105210001B68586A0B6800EBD07042100A60C3EB41
:10522000600070472DE9F041044600F17406002546
:105230004FF0010831462046FFF756FF98B1636DE5
:1052400008FA05F27BB1197B114244D0D3E900077B
:10525000317A9A68234B01EB450103EB4103B0BB64
:1052600019461046B8470135072D06F10C06E1D165
:1052700004F168012046FFF7CAFF0646F0B107F0C7
:10528000E4FBE36E86EAE677C51AA7EBE67707F05C
:10529000DCFBBD4238BF01254FF47A7328BFB5FB54
:1052A000F7F5B3FBF5F32367A36DE06633B1D3E9FC
:1052B00000059A6888B931461046A84704F15C0099
:1052C000012107F0CCFB4FF00000BDE8F08139462A
:1052D00007F09BF8C7E71B69B4E73346294607F098
:1052E00094F8EBE7280000201FB518B3436F19446A
:1052F000036C21EAE1718B424167D8BF03F1FF31B2
:10530000C36BD8BF416703EB81134FF0010C4FF41F
:105310007F04B3F90E20B3F90C10CDE9014CB3F9B9
:1053200016300093B0F91C30443005F08AFB0020A1
:1053300004B010BD0220FBE7F8B50446002848D0B1
:1053400000F178078F420BD1436F002B06DB00681A
:10535000A56878B16268294607F057F80020F8BDC3
:1053600000F59C768E420BD1436F002BF6DB006874
:10537000E568EEE7002DF1D060681946A847EDE733
:105380000B784D78A3B93846294608F0B9F904F1ED
:10539000440025B14FF47F4105F0DCFBDEE74FF41C
:1053A0007F0105F0D7FB39462046FFF7C5FFD5E75B
:1053B000012BD3D13046294608F0A2F904F144006C
:1053C0000DB1FF21E8E74FF47F0105F0C3FB314643
:1053D000EAE70220C3E78360009BC360C0E90012D4
:1053E0007047F0B5044687B015460E4610220021DE
:1053F00002A81F4621F009FCB4F91C4003F0B8FDD7
:1054000003689B689847B4FBF0F428461CF070FED4
:10541000231A002B14DD0D4A102102A821F026FBCF
:1054200072683046944250F8081B38BF621CCDE9C0
:10543000005702AB06F07FF84FF0000007B0F0BD58
:10544000034A102102A821F011FBE9E733390308D0
:105450003D390308002938B509DB056C8D4206DDAE
:10546000C46B04EB8111FFF7BCFFC0B238BD042050
:10547000FCE72DE9F04F85B0044600F110070E98C7
:10548000009038461E4606F0B4FAE36B002B40F05D
:105490008D800227D4F8F831D3F88CA0D3F8885047
:1054A00003F01EFE0368DB689847064603F018FE0B
:1054B0000368DB68984705EBD5756D10043D04F172
:1054C00078084FF0010906EB460600EB4000AAEB16
:1054D0000603CDE900503749CDF808900022404638
:1054E00007F0D4FE1DF04EF823460146324A4046EE
:1054F00008F011F9D4F8F8313049D3F88820CDF804
:105500000890B4F98630CDE9005304F59C76B4F9DF
:105510007E30521B304607F0B9FE1DF033F8264AA4
:1055200001462346304608F0F6F8384605B0BDE897
:10553000F08FE06B00EB85103946083006F000FB79
:105540004FEA8518E36B53F808B003EB080A03F041
:105550000FFD0368DB689847804603F009FD05FBF3
:1055600008F3CDE90090002259460AF1080005F041
:105570003BFE0135236CAB42DBDC04F144053946CC
:10558000284606F0DDFAE36B4FF47F000127B3F9FC
:105590000E20B3F90C10CDE90107B3F916300093D2
:1055A0002846334605F04DFA002773E700256FF0D3
:1055B0007F49DFE74139030839530008542F0308B6
:1055C00037B50D461946089BC0E90F520093DDE937
:1055D0000623FFF74EFF03B030BD38B5C36B04465A
:1055E0004BB3FFF712FD04F5FE71FFF7DBFDFFF78C
:1055F0000CFD04F50571FFF7ACFD04F1440006F065
:10560000ECFA0025236CAB420DDC04F1100006F02F
:10561000E4FA04F1780006F0E0FA04F59C7006F074
:10562000DCFA002038BDE06B00EB8510083006F096
:10563000D4FA0135E6E70220F4E77FB504460D46CB
:105640000E46236CB3421EDC636F2564AB4214DB51
:1056500000236367E36B4FF47F000125B3F90E204D
:10566000B3F90C10CDE90105B3F916300093B4F984
:105670001C3004F1440005F0E4F90025236CAB4232
:1056800009DC04B070BDE06B00EB8610083006F05A
:10569000A4FA0136D5E7E06B00EB85100121083054
:1056A00006F08BFA0135E9E7F0B5C36B85B0044627
:1056B0000D46002B57D000F144070021384606F074
:1056C0007CFA0026236CB34244DC294604F1100026
:1056D00006F073FA626FE36B03EB82134FF47F0003
:1056E0000126B3F90E20B3F90C10CDE90106B3F988
:1056F00016300093B4F91C30384605F0A2F929465B
:1057000004F1780006F059FA294604F59C7006F079
:1057100054FAFFF77AFC05461CF034FF04F5FE73DB
:105720000146124A009328462346FFF726FDFFF75D
:105730006CFC05461CF026FF04F50573019303235A
:105740000146009328460A4A2346FFF7EAFC002058
:1057500005B0F0BDE06B00EB86100121083006F0CB
:105760002CFA0136AEE70220F2E700BFE95200084A
:1057700039530008C0E90012836070472DE9FF47E4
:10578000764E04468A46174698463368BFF35B8FC9
:10579000DB070BD430461EF0CCFF38B1D4F888328A
:1057A0003046D3F8883073601EF0D2FF03F00EFC51
:1057B00004F18C0500236FF07F491A460190CDF863
:1057C00000905146284605F00FFD4146284605F059
:1057D00048FEB4F998307168C91A04F11008002322
:1057E00008224908284606F03BFA4146284606F0BA
:1057F000A7F90121284606F0E0F903F0B9FB04F10E
:10580000C4050023CDE900901A463946284604F025
:1058100054FCB4F99620002308320821284606F0EB
:105820001FFA41462846012706F08AF90121284639
:10583000002506F0C2F9CDE90157B4F9CE3008339E
:1058400004F13C09009373682A462946484605F04E
:10585000F8F84846042105F04DF948464FF6FF7127
:1058600005F078F92946484605F08BF94146484647
:1058700006F066F92946484606F09FF9D4F88822D2
:10588000B4F94A30D2F88C200093D21A02EBD272CB
:1058900073683A412946404606F0ABF8D4F888329E
:1058A000D3F88C20009229462A4604F16C00D3F8E4
:1058B000883005F07AF9D4F8883284F87C70D3F80F
:1058C0008CA003F00DFC0368DB689847D4F888329D
:1058D000D3F8882002EBD27242FA07F6814603F031
:1058E000FFFB0368DB68984704F58478043E09EB06
:1058F000490900EB4000CDE90060AAEB09032A4604
:1059000017490297404607F0C1FC1CF03BFE2346B6
:105910000146144A404607F0FEFED4F88832B4F936
:105920001421D3F888100297B4F91631CDE9002379
:1059300004F5E476B4F90E318A1A30460A4907F0C4
:10594000A5FC1CF01FFE074A01462346304607F01F
:10595000E2FE284604B0BDE8F08700BF34450020D1
:1059600048390308275A0008542F030837B504465E
:105970000D466C3006F021F9691C04F1100006F0A8
:105980001CF9A91C04F5847006F017F9E91C04F54C
:10599000E47006F012F9FFF738FB05461CF0F2FD43
:1059A00004F5237301460D4A009328462346FFF76A
:1059B000E4FBFFF72AFB05461CF0E4FD04F5297320
:1059C00001937F23014600932846054A2346FFF7AB
:1059D000A8FB4FF0000003B030BD00BFBD3502088A
:1059E000275A000810B50446FFF70FFB04F5237192
:1059F000FFF7D8FBFFF709FB04F52971FFF7A9FBB7
:105A000004F1100006F0E9F804F16C0006F0E5F886
:105A100004F5847006F0E1F804F5E47006F0DDF8B2
:105A20004FF0000010BDF8B50446002836D000F550
:105A300084778F4212D000F5E4768E4216D101238E
:105A400023732046FFF7CEFFD4E9000540B1A268DA
:105A50002346294606F0D9FC0020F8BD0023EFE7D5
:105A6000002DF9D0A0682146A847F5E70B784D78BE
:105A700053B92946384607F043FE002DECD139468C
:105A80002046FFF7D0FFE7E7012BE5D12946304656
:105A900007F036FE002DDFD13146F1E70220DCE7CA
:105AA00010B5084C01444FF0FF32884201D1D04379
:105AB00010BD10F8013B5340DBB254F8233083EAA9
:105AC0001222F2E70CA7020838B50C4C2568BFF388
:105AD0005B8F15F001050FD120461EF02AFE58B14C
:105AE00007496560542204F1080021F042FA20467B
:105AF000C4E917551EF02CFE024838BD3C45002075
:105B00000CAB02084045002001604FF000007047D8
:105B1000F0B5061D054697B00068582332460021AF
:105B200007F0FFF8AF6DEF65C4B22CB954213046D1
:105B3000FFF7B6FF87420CD007495822684621F08C
:105B400018FA58226946304621F013FA002C08BF93
:105B50000624204617B0F0BD60AB020838B5051D1D
:105B6000044654212846FFF79BFFE36DA065984249
:105B70000AD0206858232A46002107F0ECF8C0B26A
:105B800008B9A36DE36538BD0020FCE790B190F83B
:105B9000203223B1D0F8D4330B44C0F8D43390F87A
:105BA0003C340BB900207047D0F8F0351944C0F8E8
:105BB000F015F7E7022070472DE9F0410446FFF7A2
:105BC00024FA04F63C21FFF7EDFA201D06F005F853
:105BD00004F1C40006F001F804F5C27005F0FDFF01
:105BE00000254FF49078382741F29046FAF78CFC64
:105BF00008FB05F303F55D6203441044D3F8D03D80
:105C00001B699847FAF780FC07FB05F39A190344D0
:105C100001359B5910441B699847062DE6D104F5C0
:105C2000FA7005F0DAFF04F5DE7005F0D6FF04F532
:105C3000457005F0D2FF04F5826005F0CEFF04F553
:105C4000767005F0CAFF04F5A66005F0C6FF04F201
:105C5000F45005F0C2FF04F22C6005F0BEFF04F220
:105C6000646005F0BAFF04F2247005F0B6FF04F298
:105C7000E47005F0B2FF04F6A80005F0AEFF04F6EC
:105C8000681005F0AAFFFAF73FFCFAF7C2FD4FF0E3
:105C90000000BDE8F081F8B5044600254FF4907788
:105CA000D4F8380AD0F81034032B28BF03239D42C0
:105CB000C0F09B80D4F8343A90F87013D3F8885031
:105CC000FDF767FB04F2F45701460022384605F061
:105CD00003FCD4F8380A90F8F113FDF762FB04F2E4
:105CE0002C6601460022304605F0F6FBB4F900169A
:105CF000B4F9FA25691A01EBD1710023491038462D
:105D000005F0AEFFB4F93836B4F93226E91A01EBE2
:105D1000D17100234910304605F0A2FFD4F8383A7B
:105D200004F5FA70D3F8D413FBF7BFFCD4F8383A73
:105D300004F58260D3F80814FBF7B7FCD4F8383ABE
:105D400093F80C34002B0CBF6FF07F414FF47F4170
:105D500004F2646007F0EAFB94F8A438002B04F224
:105D600024700CBF6FF07F41FF2107F0DFFBD4F8F8
:105D7000382A92F8E33392F8522304F2E470002AAE
:105D800044D0002B0CBFFF214FF47F4107F0CEFB26
:105D9000D4F8383A4B4A93F870134B4B022908BF9A
:105DA0001A46114604F6A80007F07DFBD4F8382AFD
:105DB00092F87033052B04F668102DD192F8F11388
:105DC000424B434A4F2908BF1A46114607F06BFB66
:105DD000D4F8D433002B3DDD0A2BD4F8380ACCBFDD
:105DE00091219321FDF7E3FB1DE0FAF78DFBE9B26A
:105DF00007FB0506D4F8380AFDF711FB06F55D66CA
:105E000001463046FBF751FC013549E7002B0CBF3A
:105E10006FF07F41FF21B9E70BB1092B01D12B496D
:105E2000D4E72C49D2E7D4F8D4330B2BB4BF0122EA
:105E30000A22C0B29B1AC4F8D433D4F8F035002B30
:105E400028DD0A2BD4F8380ACCBF9A219C21FDF713
:105E5000AEFB14E011D00A33D4F8380AB4BF922153
:105E60009421FDF7A4FBD4F8D43313F10B0FCCBF6E
:105E700001220A22C0B21344DDE71846DDE7D4F858
:105E8000F0350B2BB4BF01220A22C0B29B1AC4F812
:105E9000F035F8BDFDD00A33D4F8380AB4BF9B21E1
:105EA0009D21FDF784FBD4F8F03513F10B0FCCBF27
:105EB00001220A22C0B21344E9E71EF0E7F8FCE72A
:105EC000FBE7FAE7792F0308742F03087D2F0308F7
:105ED000832F03088A2F0308031D994273B50446D4
:105EE00006D1FAF711FBFAF799FD002002B070BD58
:105EF00000F1C403994204D1FAF706FBFAF782FDD8
:105F0000F3E700F5FA758D4209D1002100F58260B2
:105F1000FBF730FD01212846FBF72CFDE5E700F5F6
:105F20004573994205D19021D4F8380AFDF73FFB1B
:105F3000DBE700F582668E4206D100212846FBF79A
:105F400019FD01213046E7E700F5A663994201D12A
:105F50009921E9E700F26463994201D1A021E3E7C6
:105F600000F22473994221D1D0F8380A90F8526394
:105F7000A6B194F8A438D4F8380A0025019583B95D
:105F8000314901AAFEF750F8012584F8A458002EE3
:105F9000ABD1D4F8380AFDF751FBA6E7FDF716FBA5
:105FA000E7E72A4901AAFEF73FF8EEE700F2E473BB
:105FB000994208D1D0F8380A90F85233002BEAD130
:105FC000FDF704FB91E700F6A803994208D1D0F849
:105FD000380A90F87033022B14BF81218221A5E783
:105FE00000F6681399422CD1D0F8380A90F8701353
:105FF000D0F86823052919D190F8F1334F2B4FF0D1
:10600000000307D180F8F13380F85533C0F86C23D2
:1060100018218BE780F8F13380F85533C0F86C23F2
:106020000B49019301AAFDF7FFFF5EE7002300295A
:10603000E8D00929E6D080F85533C0F86C2319213F
:1060400074E7092052E700BFB8AB0208C3AB0208EF
:10605000D62E03082DE9F04FD0F8343A89B0044623
:10606000D3E9225803F03CF80368DB68984700EB5B
:106070008006C6EBC60A0AF1240AA5F10807062322
:10608000A8EB0A08BF0097FBF3F795FBF3F31F4457
:1060900008EBD878EF1B4FEA680B083F06EB680364
:1060A00004F104094FF00108CDE90168E4490690C4
:1060B000079300975B460422484607F0E7F81CF078
:1060C00061FA002301461A46484607F024FB04F112
:1060D000C4092A1FCDE901685B46D21BD949009744
:1060E000484607F0D3F81CF04DFA002301461A4643
:1060F000484607F010FB02F069FF04F5C2776FF025
:106100007F4900231A460190CDF800903846CE49C9
:1061100005F06AF8B4F99011691A01EBD17141FAEE
:1061200008F1059102F052FF0368DB689847321AC4
:1061300005990BEB52020023384605F091FD0AEB5E
:106140000B076FF00303BF1B9B1B07EB030A07EB57
:106150004303059302F03AFF0368DB6898478346E0
:1061600002F034FF059AB949A6EB0B03CDE9009084
:1061700002EB530304F2F450042205F035F802F068
:10618000AFFF0368DB689847834602F0A9FF059BD1
:10619000AF49F318A3EB0B03CDE9009004F2646B55
:1061A00004F22C60023B042205F01EF8A5F1100950
:1061B000CDE90168A749042258460323B9FBF3F946
:1061C0005346CDF8009007F061F81CF0DBF900238E
:1061D00001461A46584604F2247B07F09CFACDE9A2
:1061E0000168534609F108029B49CDF800905846D2
:1061F00007F04CF81CF0C6F9002301461A46584631
:1062000007F089FA04F2E47B09F10602CDE901689E
:10621000534602FA08F29149CDF80090584607F02B
:1062200035F81CF0AFF9A5F10C09002309EBD97979
:1062300049FA08F904F6A80A01461A46584607F032
:106240006AFA3B460422CDE901688549CDF8009001
:10625000504607F01BF802F0B9FE0146504607F021
:1062600078F91CF08FF9002301461A46504604F6CF
:10627000681A07F050FA3B4609F10802CDE90168B7
:106280007849CDF80090504607F000F802F09EFEE5
:106290000146504607F05DF91CF074F900230146F1
:1062A0001A46504607F037FA02F062FE0368DB68D0
:1062B0009847074602F0E6FE0368DB689847103708
:1062C00007EB4007C4F82C7A02F052FE0368DB6843
:1062D0009847059B0799D4F82C2AA3EB010C069B41
:1062E000011D11440A2707FB03111431ACEB010314
:1062F000079903EBD37301EB6303002D03F108014E
:10630000C4F8301A03F10C032946B8BFE91C18443D
:10631000A5EBA103043B002704F582684FF00309B5
:10632000024403EBD3735B10C4F8280A0C320096C6
:106330004046CDE901978910FBF7E9F8FF220421D7
:106340004046FBF7A5F902F0CBFE0222014640468B
:10635000FBF7E0FA39464046FBF7A7F902F0C0FE2A
:106360004A46034640494046FBF7EAFA1CF00AF960
:106370003B4601463A4640464FF00108FBF713FB07
:1063800084F8208402F022FE04F576766FF07F4ACE
:1063900001903B463A4630463449CDF800A004F01F
:1063A00023FFB4F91E34B4F916C4B4F9E623B4F9E2
:1063B000140403EBD3730CEB630CB4F9E43303EB79
:1063C000D37343FA08F100EBD07002EBD272ACEB5E
:1063D00062023B46C1EB6001304605F041FCB4F976
:1063E0001824CDF80880B4F91E340193AB1A083B89
:1063F00004F5A6660093B4F916341D4904323046FC
:1064000006F044FF1CF0BEF83B4601463A463046D3
:1064100007F081F9B4F91A24CDE90197B4F91E34D3
:10642000009304F5FA76B4F91C34B4F91414304628
:106430000832FBF76CF8FF22042130461AE000BF57
:10644000932F0308912F0308E42E0308952F0308C8
:10645000C73C03089B2F03089F2F0308F62E030851
:10646000792F03088A2F03085B3903085139030881
:1064700058390308FBF70CF902F032FE02220146FC
:106480003046FBF747FA39463046FBF70EF902F083
:1064900027FE4A4603462B493046FBF751FA1CF0CB
:1064A00071F83B4601463A463046FBF77CFA84F8E1
:1064B000048202F08BFD04F5DE76CDE900A03B46B8
:1064C0003A463046204904F08FFEB4F90232B4F95E
:1064D000FAC1B4F9F81103EBD3730CEB630CB4F904
:1064E000CA3103EBD372B4F9C83103EBD37301EBB8
:1064F000D17043FA08F1ACEB62023B46C1EB60019C
:10650000304605F0ADFBB4F9FC21CDF80880AD1A9A
:10651000B4F902320193083D04F545760095B4F9CB
:10652000FA310A490432304606F0B0FE1CF02AF86F
:106530003B4601463A46304607F0EDF8384609B08A
:10654000BDE8F08F5B3903085D390308583903084B
:106550002DE9F04F8BB00446F9F7D6FFFAF734F97E
:106560006421201D05F029FB642104F1C40005F01D
:1065700024FB652104F5C27005F01FFBD4F8343A02
:10658000D3F888300322103B93FBF2F306930433D5
:106590000793042305930027D4F8383AD3F810342E
:1065A000032B28BF03239F425FD3642104F5FA70B5
:1065B00005F003FB642104F5DE7005F0FEFA6421AA
:1065C00004F5457005F0F9FA642104F5826005F0E0
:1065D000F4FA642104F5767005F0EFFA642104F50D
:1065E000A66005F0EAFA652104F2F45005F0E5FA38
:1065F000652104F22C6005F0E0FA04F224756421B0
:1066000004F2646005F0D9FA2846664906F04BFFAB
:10661000002628466FF07F4106F088FF84F8A468C2
:106620006421284605F0C9FA642104F2E47005F0FB
:10663000C4FA642104F6A80005F0BFFA642104F648
:10664000681005F0BAFAFEF7E0FC05461BF09AFF69
:1066500004F63C23014600932846534A2346FEF79E
:106660008CFD30460BB0BDE8F08FF9F74DFF4FF4CD
:10667000907505FB07058146F9F746FF382606FBAE
:106680000706D4F838BAD4F8282A099206F5A45394
:1066900010335FFA87FA04938046D4F82C3A0893B3
:1066A00051465846FCF765FE05F55D65DDE90832A3
:1066B000002872D03D49897802910821CDE9003146
:1066C0002846DDE90513FAF722FF394A0221284658
:1066D000FAF7DEFF02F04CFC012201462846FBF7E8
:1066E00019F9D4F8383A334A93F81C3452F823B0E5
:1066F00002F0C8FC0522034659462846FBF720F95C
:106700005146D4F8380AFCF72AFE824602F030FCE3
:106710006FF07F43009300231A465146019004987E
:1067200004F062FD382303FB078841F2904A2846B3
:1067300058F80A30DB691E464FF4907303FB079943
:106740000137D9F8D03DDB6A9847D9F8D03D834668
:10675000DB6B2846984758F80A300890DB6B0498A2
:1067600098470899D4F8302A091A01EBD17100230F
:106770000BEB61010498B047D9F8D03D6421DB6888
:106780002846984758F80A300498DB6864219847EF
:10679000059B079A13440593FEE69BF81C140348D7
:1067A000415C89E79F2F03088D5B000898990208D8
:1067B00080808000A899020810B50E4C2368BFF3B2
:1067C0005B8FDB070ED420461DF0B3FF50B1201DB8
:1067D0001CF04CFF084A0949201D1DF0DCFB204637
:1067E0001DF0B6FF064810BD02481DF0AEFF1DF0BB
:1067F0004DFC00BFA045002044010020C535020823
:10680000A445002008B590F8C83C002B0CBF6FF0E1
:106810007F414FF47F4100F6084006F087FE4FF0BD
:10682000000008BD10B50446583005F0D6F904F54F
:106830008C7005F0D2F904F5EC7005F0CEF904F691
:10684000DC10FEF7CAFE04F5047000F0C7FE04F683
:10685000084005F0C2F904F6CC4005F0BEF9D4F8C2
:10686000080DFFF77BF9F9F74FFEF9F7D2FF4FF06C
:10687000000010BD2DE9F04F1022044689B0002120
:106880000DEB020020F0C1F9D4F8483204F6DC1513
:10689000002B42D1D4F8083DA268187A04F2DC61DA
:1068A000002836D0012836D0AD4BAE4E022808BFA6
:1068B00033462846FEF795FDD4F8083DAA49DA6824
:1068C000AA4BAB4E002A08BF0B462846E26804F2EA
:1068D0001C71FEF786FDD4F8083DA64A1B69002B03
:1068E00018BF3246134604F25C7122692846FEF74F
:1068F00078FDD4F8083D9F4A5B69002B18BF3246EB
:106900001346626904F29C712846FEF76AFD042171
:1069100020E1994BCDE7994BCBE7012B40F0348137
:10692000DFF85C92DFF85CA2D9F80080D4F818B0E8
:10693000D4F8083DDAF8007000970026CDE901860A
:1069400010220DEB02019B69D4F8040DFCF744FF03
:106950005A46034604F2DC612846FEF742FDD4F8AD
:106960001CB0D4F8083D0097CDE9018610220DEB4C
:106970000201DB69D4F8040DFCF72EFF5A460346EA
:1069800004F21C712846FEF72CFDD4F820B0D4F890
:10699000083D0097CDE9018610220DEB02011B6A2C
:1069A000D4F8040DFCF718FF5A46034604F25C7154
:1069B0002846FEF716FDD4F824B0D4F8083D009719
:1069C000CDE9018610220DEB02015B6AD4F8040DBB
:1069D000FCF702FF5A46034604F29C712846FEF774
:1069E00000FDD9F80480D4F828B0D4F8083DDAF8CE
:1069F00004700097CDE9018610220DEB02019B6A1D
:106A0000D4F8040DFCF7E8FE5A46034604F2DC71A4
:106A10002846FEF7E6FCD4F82CB0D4F8083D0097E1
:106A2000CDE9018610220DEB0201DB6AD4F8040DDA
:106A3000FCF7D2FE5A46034604F61C012846FEF730
:106A4000D0FCD4F830B0D4F8083D0097CDE90186E9
:106A500010220DEB02011B6BD4F8040DFCF7BCFEF9
:106A60005A46034604F65C012846FEF7BAFCD4F801
:106A700034B0D4F8083D0097CDE9018610220DEB23
:106A800002015B6BD4F8040DFCF7A6FE5A460346E0
:106A900004F69C012846FEF7A4FCD9F80880D4F837
:106AA00038B0D4F8083DDAF808700097CDE90186CF
:106AB00010220DEB02019B6BD4F8040DFCF78CFE49
:106AC0005A46034604F6DC012846FEF78AFCD4F851
:106AD0003C90D4F8083D0097CDE9018610220DEBDB
:106AE0000201DB6BD4F8040DFCF776FE4A46034640
:106AF00004F61C112846FEF774FCD4F84090D4F834
:106B0000083D0097CDE9018610220DEB02011B6CB8
:106B1000D4F8040DFCF760FE4A46034604F65C1107
:106B20002846FEF75EFCD4F84490D4F8083D009760
:106B3000CDE9018610220DEB02015B6CD4F8040D47
:106B4000FCF74AFE04F69C1103464A462846FEF727
:106B500048FC0C212846FEF770FD09B0BDE8F08F17
:106B60007C390308893903089F39030896390308DB
:106B7000A6390308AE3903086E39030863390308E0
:106B8000A899020874990208022B40F08F80D4F86B
:106B9000040DD4F8083D90F81C24D4F848809B6C70
:106BA00004F2DC6722B164214B43FE2193FBF1F335
:106BB0003F4E56F82220019201220021009210221D
:106BC00002910DEB0201FCF707FE424603463946EF
:106BD0002846FEF706FCD4F8040DD4F8083D90F8DA
:106BE0001C24D4F84C80DB6C04F21C7722B16421A5
:106BF0004B43FE2193FBF1F356F822200192012230
:106C000000210092102202910DEB0201FCF7E4FD3D
:106C10004246034639462846FEF7E3FBD4F8040D06
:106C2000D4F8083D90F81C24D4F850901B6D04F261
:106C30005C7822B164214B43FE2193FBF1F31D4F9D
:106C40001D4E0021029157F8221056F82220009282
:106C5000102201910DEB0201FCF7BEFD4A460346EE
:106C600041462846FEF7BDFBD4F8040DD4F8083D94
:106C700090F81C24D4F854905B6D04F29C7822B1F7
:106C800064214B43FE2193FBF1F30021029157F85D
:106C9000221056F822200092102201910DEB0201E1
:106CA000FCF79AFD4A46034641462DE6002151E78E
:106CB0009C990208A8990208749902082DE9F04FDE
:106CC000D0F8003DD3E9227389B00446069302F060
:106CD00007FA0368DB689847A7F1080500EB800610
:106CE0000623C6EBC608AD0095FBF3F597FBF3F35F
:106CF0001D44069B734908F12408A3EB080303EB2A
:106D0000D3737D1B4FEA630B4FF00109083D06EB7F
:106D1000630304F1580A04225046CDE90169059342
:106D200000955B4606F0B2FA1BF02CFC00230146EE
:106D30001A46504606F0EFFC04F58C7A3A1F5B4683
:106D4000521B614900955046CDE9016906F09EFA53
:106D50001BF018FC002301461A46504606F0DBFCE7
:106D600002F034F904F5EC7500236FF07F4A1A46FF
:106D700056490190CDF800A0284604F035FAB4F940
:106D8000E411791A01EBD17141FA09F1079102F08E
:106D90001DF90368DB689847D844321A0BEB52029E
:106DA000079904F6084B00232846A8EB060504F0D3
:106DB00057FF2B46002246490097CDE90169584606
:106DC00006F064FA02F002F90146584606F0C1FBEB
:106DD0001BF0D8FB00231A460146584606F09BFCE0
:106DE0005146584606F0A2FB3A4B0193069BCDF85C
:106DF0000890A3EB08034246009300213B4604F6AB
:106E0000CC4003F01EFE28230322CDE90032059A70
:106E100004F504763B4604320021304600F01DFCA8
:106E200002F0A6F8002319462B4A0090304600F0E5
:106E3000ACFD02F09DF8294A0090002349463046F7
:106E400000F0A3FD02F094F8254A009000230221EF
:106E5000304600F09AFD1BF095FB002301461A46D0
:106E6000304600F084FE059B043D03F13008A5EB9D
:106E7000080504F5AA62234604F540712120C3F8F1
:106E8000DC26C3F8E00640338B4202F12102F6D142
:106E90001BF078FB002604F6DC1901462246484622
:106EA000104B0096FEF797FA3B4642463146009556
:106EB0004846FEF7DEFA2046FFF7DCFC304609B014
:106EC000BDE8F08F932F0308912F0308ED2E0308E0
:106ED000E139030840404000B7390308F62E0308A3
:106EE000BF390308A971000870B540F6B8310446EF
:106EF000583004F062FE40F6B83104F58C7004F0AE
:106F00005CFE40F6B83104F5EC7004F056FE6421E6
:106F100004F5047000F053FBF9F7F6FA00F5C450DD
:106F2000083004F000FE20B9642104F6DC10FEF7FE
:106F3000BBFB04F60845002628461F4984F8C86CA8
:106F400006F0B1FA28466FF07F4106F0EFFA40F6FE
:106F5000B831284604F031FE40F6C41104F6CC40A6
:106F600004F02BFE2046FFF785FCF9F7CDFAF9F780
:106F70002BFCF9F7C9FA00F5805300F5B150D3F8AE
:106F8000383618301B699847F9F7BEFA00F5805378
:106F900000F5BD50D3F8B83718301B699847F9F79A
:106FA000B3FA00F5805300F5B750D3F8F83618302F
:106FB0001B699847304670BDE139030800F158035A
:106FC000994273B504460D4634D1F9F79DFAF9F7A5
:106FD00025FDF9F799FA00F5C3501830854225D1FF
:106FE000642104F6DC10FEF75FFBF9F78DFA00F57B
:106FF000805300F5B150D3F8383618301B699847E4
:10700000F9F782FA00F5805300F5BD50D3F8B83790
:1070100018301B699847F9F777FA00F5805300F5A7
:10702000B750D3F8F83618301B6998474FF0000076
:1070300002B070BD00F58C73994204D1F9F764FA7F
:10704000F9F7E0FCC5E700F608468E4242D194F815
:10705000C83CD0F8040D6BBB019390F852332BB9A8
:10706000FCF7B4FA4FF4FA7017F066FF1921D4F860
:10707000040DFCF79CFA4749D4F8040D01AAFCF76B
:10708000D3FF4549D4F8040D01AAFCF7CDFF4349CD
:10709000D4F8040D01AAFCF7C7FF0123404984F886
:1070A000C83C304606F0FFF94FF47F41304606F009
:1070B0003DFA8EE73849002601AA0196FCF7B4FF95
:1070C000384984F8C86C284606F0EDF96FF07F4126
:1070D0002846ECE700F50473994228D1FFF7CAFB74
:1070E000642104F6DC10FEF7DFFAF9F70DFA00F57B
:1070F000805300F5B150D3F8383618301B699847E3
:10710000F9F702FA00F5805300F5BD50D3F8B8370F
:1071100018301B699847F9F7F7F900F5805300F527
:10712000B750D3F8F83618301B69984751E7D0F8B4
:10713000FC3C8B427FF44DAF0B7C002B3FF449AFFE
:10714000D0F84832012B0DD1EB68D0F8082DD1F8DA
:1071500020110533DBB202EB830251602046FFF7BA
:1071600089FB36E7022BF9D1D0F8081DD0F8040DC1
:10717000EB6890F81C041133DAB2D5F8203120B155
:10718000FE204343642093FBF0F301EB8202536043
:10719000E4E700BFC5390308C9390308D13903083A
:1071A000D9390308E1390308F0B50D4685B0044626
:1071B000002800F0B380D0F84832002B30D10329EA
:1071C0000CD8DFE801F002111D25D0F8082D9368D6
:1071D0000133DBB2042B28BF002393602046FFF766
:1071E00049FB002005B0F0BDD0F8083DD0F8000DF7
:1071F000D968B1FA81F14909D96001F08AF9EDE75E
:10720000D0F8082D1369B3FA83F35B091361E5E73E
:10721000D0F8082D5369B3FA83F35B095361DDE7B6
:10722000012B3ED103292BD83D4B1A683D4B1978D1
:10723000002AD3D0D4F8083D681DC0B203EB800308
:1072400042F210760120CDE90210CDE9000604EBF0
:1072500085075B687968D4F8FC0CF9F76FFED4F801
:10726000FC7C1BF08FF9002301461A463846F9F7DB
:10727000FCFDD4F8FC0C3146C560F9F723FEADE700
:107280000B1F032B04D8264B5A68264B5978CFE79F
:10729000A1F10803032BA1D8214B9A68214B9978BF
:1072A000C6E7022B9AD18B1E012B2AD8D0F8043DB9
:1072B0001B4A93F81C341B4952F8232011F803C0D1
:1072C000002A8BD004EB850305F111065968D4F828
:1072D000083DD4F8FC0CF6B203EB8603D4F8046D39
:1072E0005B6896F81C6426B164267343FE2693FB04
:1072F000F6F3012742F21076CDE902C7CDE9007618
:10730000ABE701293FF66AAFD0F8043D93F81C249F
:10731000054B4FF0000C53F82220D1E7022061E723
:10732000A8990208989902089C990208F8B50446A1
:10733000E8B100F5047500F22C500E784F7804F097
:107340000EFC00B90FB10020F8BD032E09D1D4F80E
:1073500048120139284600F0E7FB2046FFF78AFA79
:10736000F1E7052EF9D1D4F848120131F2E70220F5
:10737000EAE72DE9F04F7C4985B00446542240F8F5
:10738000041B1C311FF0F5FD04F15803184601934E
:107390001BF052F904F58C73184602931BF04CF95C
:1073A00004F5EC73184603931BF004F904F5047715
:1073B00038461BF00FFF4FF4C672002104F5AA6097
:1073C0001FF023FC04F2DC6604F2E4680B254FF0A6
:1073D000000948E9029940461BF0ECF8013D6B1C9E
:1073E00008F14008F5D14FF0000904F6EC18C4F894
:1073F000DC99C4F8E099C4F8E499C4F8E8994046E7
:1074000004F6DC1504F0BAFAC4F8189AC4F81C9A09
:1074100004F5226948461BF0BDF8002304F6542AFF
:10742000C4F8503A50461BF007F904F6143B58468E
:107430001BF002F901F02AF800230C2204F6084898
:10744000C4F8D40BC4F8D83BC4F8DC3BC4F8E03B28
:1074500084F8E43BC4F8E83BC4F8EC3BC4F8F03BE8
:10746000C4F8F43BC4F8F83B84F8FC3BC4F8003C97
:10747000C4F8043CC4F8186AC4F81C2A40461BF03F
:10748000DBF819E058461BF07BF950461BF078F901
:1074900048461BF0F7F8354BC4F8EC39404604F089
:1074A000BBFBB5423BD0403D05F108001BF0FEF8A8
:1074B000F7E7EAE7ECE7EEE7002304F6CC4984F8C7
:1074C000C83C48461BF066F8F9F71EF800F5D9509D
:1074D0001430C4F8FC0C00F0D9FFC4F8000DFBF721
:1074E00081FEC4F8040DFEF7EFFA29E0C5F10B05A3
:1074F00006EB8515B54212D0403D05F108001BF0A2
:10750000D5F8F7E748461BF0BDF840461BF038F9C0
:1075100028461BF057FFC4E7F7E7F9E7C1E738460D
:107520001BF068FF03981BF0C1F802981BF028F9C4
:1075300001981BF025F91CF0A9FDF3E7F5E7F7E743
:107540000023C4F8080D2046C4F80C3DC4F8103DD3
:10755000C4F8143D84F8183DC4F81C3DC4F8203D1F
:1075600005B0BDE8F08F00BF14AC0208602B030823
:1075700010B50E4C2368BFF35B8FDB070ED420469B
:107580001DF0D7F850B1201DFFF7F3FE084A094956
:10759000201D1CF000FD20461DF0DAF8064810BD45
:1075A00002481DF0D2F81CF071FD00BFF84F00201A
:1075B0004401002005380208FC4F0020704738B510
:1075C0000C460131054604F0F8FAC0B228B921464C
:1075D00005F1440004F0F1FAC0B238BD10B504461C
:1075E00004F0FBFAC0B220B904F1440004F0F5FA4B
:1075F000C0B210BD01291FB504462CD1B0F904104A
:10760000036C511AC26B91FBF3F19142816328BF65
:1076100002F1FF314FF0010228BF81630292406BFB
:107620000190B4F90E005943013811440090023B17
:1076300004F53B7003F005FA23682046DB6C00215B
:107640009847206A38B1D4E90912234604B0BDE84E
:10765000104004F0DABE04B010BD2DE9F04F8FB039
:107660000446443009901898009004F14400CDE994
:107670000A12079304F0BDF94FF0010384F8543067
:10768000236804F144019B68204698472368012140
:107690009B6C20469847079A013A2281189A013A32
:1076A0006281079AA281189AE281199A032A28BF57
:1076B00003220892E263DDE90721CDE90544B2FB2C
:1076C000F1F200236360226425469A46059A069BE0
:1076D00002F5807905F5EA720C92089A524503F199
:1076E000700805F5CE761B6F40F204819B680999FE
:1076F0004046984701230293E36A0193B4F90E30A0
:107700000093236C00220AFB03F1404603F099F931
:107710000121404603F0EEF9216B404603F031FAB7
:10772000069B1B6F0021DB6840469847059BD3F8FA
:10773000003148469B699847B0B1059BB4F950B0F9
:10774000D3F80031DA69DB6B48461746E26BBBFBC6
:10775000F2FB98470AFB0BF8ABEB000100231A463B
:1077600008EB51014846B847D5F89C3130469B6933
:10777000984760B3D5F8D43105F5EA709B6998470E
:107780000D9020BBD5F89C31E16BDA69DB6BB4F965
:107790000C80B8FBF1F8304617469847D5F89C3175
:1077A0000C901B6CB4F90E90304698470C990D9ACA
:1077B000A9EB00090AFB08FB09EBD979A8EB010149
:1077C00013460BEB51014FEA69023046B847D5F832
:1077D0009C3130469B69984790B3D5F8D43105F574
:1077E000EA709B69984758B3D5F89C31B4F90C906E
:1077F000DA69DB6B30461746E26BB9FBF2F9984762
:10780000D5F89C310C901B6CB4F90E80304698472B
:10781000D5F8D431A8EB00081B6C05F5EA70984741
:107820000C99A8EB00080AFB09FB08EBD878A9EB38
:10783000010100234FEA68020BEB51013046B847C3
:10784000D5F8D43105F5EA709B699847E8B1D5F8C9
:10785000D431B4F90C80DA69DB6B05F5EA701746B0
:10786000E26BB8FBF2F89847D5F89C3183469B6BE6
:10787000304698470AFB08F9A8EB0B01421C00238D
:1078800009EB510105F5EA70B847069B30330693C2
:10789000059B0AF1010A3433BAF1030F05F17005B3
:1078A00005937FF413AF04F53B7601250999304623
:1078B00004F046F9236C0295626B0192B4F90E2034
:1078C000013A0092023B2A462946304603F0B9F8B5
:1078D0002946304604F071F9189B0093DDE90A123D
:1078E000079B04F5477003F060F984F82C530FB040
:1078F000BDE8F08F1B6940469847059BD3F80031DF
:1079000048461B699847D5F89C3130461B69984713
:10791000D5F8D43105F5EA701B699847B5E7022917
:107920002DE9F04107460E4690462CD834244C43AE
:1079300004F5807504440544D4F8003100F1440195
:107940009B68284698474146284602F069F8D4F8D3
:107950000031B7F95010D3F81C80DB6BFF6BB1FB23
:10796000F7F7284698477E4300233F1A06EB570156
:107970001A462846C047D4F800312846DB68BDE8DF
:10798000F04103211847BDE8F0812DE9F04F85B0A3
:107990000229DDF838B0064688469246994600F23C
:1079A000BE80002A00F0BB8070254D43471905F5C5
:1079B000CE74D7F89C3104449B6800F14401B9F1BE
:1079C000000F37D1204698476FF07F435146CDF8DE
:1079D00004B000934A464B46204603F005FCD7F816
:1079E0009C31B6F90CB0DA690292DB6BF26BBBFB2F
:1079F000F2FB20469847D7F89C21B6F90E50126C3E
:107A00008246204690472A1A08FB0BF802EBD272F6
:107A1000ABEB0A014B4608EB5101029D5210204688
:107A2000A847D7F89C31DB680321204605B0BDE8A4
:107A3000F04F1847039105F5EA7520469847AB19B2
:107A40000293D7F8D431DDE902019B6898476FF0C3
:107A50007F431D46009300231A465146CDF804B0DB
:107A6000204603F0C1FB00231A4649460298CDF890
:107A700004B0009503F0B8FBD7F89C31B6F90C10B0
:107A8000DA69DB6B15462046F26BB1FBF2F103912C
:107A900008FB01FB9847D7F89C21B6F90E90126CB1
:107AA000824620469047D7F8D421A9EB0009126CF2
:107AB000029890470399A9EB0002A1EB0A0102EB9F
:107AC000D272521000230BEB51012046A847D7F881
:107AD000D4310298D3F81C90DB6BB6F90C10F66B1E
:107AE000B1FBF6F69847D7F89C3182469B6B20464F
:107AF000984708FB06F8A6EB0A06421C002308EB91
:107B000056010298C847D7F89C310321DB6820460C
:107B10009847D7F8D4310298DB68032186E705B08F
:107B2000BDE8F08FC16270471FB5836B8B4204467E
:107B30001BD0C36B8B4218D90122036C8163029264
:107B4000406B0190B4F95200594301380090114440
:107B500004F53B70023B02F074FF2368DB6C0021EC
:107B6000204604B0BDE81040184704B010BDC0E97D
:107B70000812836270470000F0B590F93440059E0A
:107B8000B3EB041F15464FEA041228DB02F1400450
:107B90009C4224DD9C1A241100EB84044FF0000C5D
:107BA0001F3462464FF0FF3714F8013F43B190F99C
:107BB000333063441B017A1C08BF9F1B0F339A1B91
:107BC0000CF1010CBCF1040FEED1AA42A8BF2A4669
:107BD000002A04DD064C27EAE7739A4200DAF0BD7A
:107BE00090F9325054F8255041F823500133F4E70E
:107BF0000CAD020810B504460321006D01F036F803
:107C0000236D0020C3F8800010BD90F933201101CE
:107C100004321201028190F9342081801101043272
:107C20001201C1804281002103F0B0BFF7B5B3F566
:107C3000C07F089A25DA002BB8BF0F331B110C2424
:107C400004FB0300124E6FF00304534204FB0211C5
:107C50001F30C2F1C00210F8015F01F140042DB9DC
:107C6000103393422146F6D103B0F0BD03F10F0764
:107C7000002FF5DDA142F3D056F8257041F8047BC2
:107C8000F8E71B110193019B013B0193ECE700BF57
:107C90000CAD020870B52D4C254655F8043BBFF3DA
:107CA0005B8F13F001064AD120461CF042FD0028EC
:107CB00045D0274B6360102233460221281D04F073
:107CC000E5FC00231A46194604F1180004F0DEFC16
:107CD000204AC4E90E254FF4C062A4F848200222CD
:107CE00084F84A201C4AE2641C4A626000234FF474
:107CF0008072C4E90A33236384F8343084F8403056
:107D00006364A4F8502084F8523000F0BFFB606533
:107D1000FDF77BF907E0124804F0C0FC0B481CF0AB
:107D200014FD1CF0B3F9A06505F090F8E0650D4A6C
:107D30000D490E481CF02FF904481CF009FD0B48B2
:107D400070BD0A481AF000FCE8E7E7E7205D002074
:107D5000E03D0308AFC400081C3B030834AD020833
:107D6000285D00204401002081380208245D0020A5
:107D700090F83130194449B2002930B41CDB042991
:107D8000A8BF00210D4B90F9302080F8311003EB93
:107D90000111403303EB0213002211F9014B13F8D8
:107DA000015B04440132102A84F82050F5D10368A5
:107DB00030BCDB6C002118470321E3E704AE020866
:107DC0002DE9F0411F4603680E46DB6C0021044696
:107DD000154698478FB194F83330334484F83330E4
:107DE00094F834302B445DB2236884F83450204634
:107DF000DB6CBDE8F0410021184784F83360F3E7FD
:107E0000F0B500F11F050024AC4600231CF8016FFB
:107E10005EB190F9347090F933E02744CE1802FB3C
:107E2000076690F8327006F80E700133042BEDD11E
:107E30000134042C05F10405E6D1F0BDF0B504468B
:107E400090F9340094F93330002502FB003301F13E
:107E5000040E5F1866190EEB030C17F8010B10B136
:107E600096F8200040B9674506F10106F5D10435C2
:107E7000102D1344EDD10020F0BD062380F83330DF
:107E8000002380F8343080F83130094B80F83220FC
:107E900049B203EB011380F8301003F110022030D7
:107EA00053F8041B40F8041B9342F9D1704700BFFC
:107EB00044AE020810B5044603F09BFE2046074B73
:107EC00040F8203B102200211EF09FFE2046012298
:107ED0000021FFF7D2FF204610BD00BF5CAD0208B5
:107EE000062380F83330002380F8343091F93030A5
:107EF00080F8303091F9313080F8313091F93230FA
:107F000080F832301022203120301EF065BE10B4CF
:107F10000446182308460C2204F120015DF8044BA6
:107F2000FFF78CBF10B40446182308460C2204F156
:107F300020015DF8044BFFF763BF10B54FF490725A
:107F40000446002120301EF060FE234604F58A71AD
:107F5000072283F8202083F82B200C339942F8D194
:107F60004FF00733C4F83431C4F83831C4F83C3129
:107F7000024B0022C4E9012310BD00BFC0008001F4
:107F800010B5044603F035FE2046084B40F8203B70
:107F90004FF4907200211EF038FE00232046C4F8F2
:107FA0004031FFF7CAFF204610BD00BFB4AD020844
:107FB000013A002A00DA70478B5C8354F8E72DE918
:107FC000F04100F1200104464FF0FF36002500F19A
:107FD00021070123B8191A4610F801CF0132BCF16C
:107FE000000F0CBF002303F001030B2AF4D12BB1C7
:107FF000324604F12C00FFF7DBFF01350C3640F26E
:1080000013139E42E5D17DB1D4F84031013D643374
:10801000C82202FB0533C4F8403123682046DB6CDC
:10802000BDE8F04100211847BDE8F0812DE9F04F8F
:10803000ADF52D7D5BAF04463846FFF7A1FF15A8CF
:10804000FFF738FF23A8FFF735FF236DD3F888200B
:10805000D3F88C30103B3C3A03EBD37356085D10D9
:1080600000F0B4FF6FF07F4301900093B4492B46BA
:10807000324631A803F002F901230093B149A06D03
:10808000782340F2422204F0DAFF04F0BEFC1DF037
:1080900023FD0121384603F090FD022115A803F0CD
:1080A0008CFD032123A803F088FD20231C2200213E
:1080B0000EA80D931EF0A9FD01F012F86FF07F439A
:1080C00001900093D02210230DA93FA803F0D6F809
:1080D00003213FA803F071FD04F097FC00260790F0
:1080E0000896B94694F84CA0BAF1000F71D14FF43C
:1080F0007A73D7F84051B5FBF3F5C5F10A05012DA8
:1081000023A915A8B8BF0125FFF7EAFE1DF012FD4F
:1081100083461DF00FFD4FF0050890FBF8F303EBCD
:108120008303C21A07219BFBF1F1C1EBC1010132AC
:10813000ABEB0101D2B2C9B223A8FFF79EFE5346B2
:1081400042460E2123A8FFF73BFE15A93846FFF74C
:10815000DEFE00285AD07C4A256DD2F82C06D2F8D3
:108160003016B2F8342609AB03C309A81A800023DD
:10817000CDF82E30ADF8323019F0BAFFD5F888308E
:108180000C2202FB10335E08D5F88C30103B03EB59
:10819000D3735D1000F01AFF6FF07F4301900093DE
:1081A00032462B4609A94DA803F068F80A214DA8CC
:1081B000664D03F002FD206D00F5C150043004F05F
:1081C000FAFB40F6B83004F046FC4DA84D9503F09C
:1081D00023FD5E4C3F943FA803F01EFD31A831946F
:1081E00003F01AFD5A4C239423A803F015FD15A89B
:1081F000159403F011FD583438463C6003F00CFD33
:108200004FF000000DF52D7DBDE8F08F012384F8BF
:108210004D306423049394F84D3003931BB93846D2
:10822000FFF7CDFE5EE7206D00F5C3504FF0FF3144
:10823000143004F067FB606D0021FCF7CDFF83462E
:1082400020B1606D0021FCF7C1FF8346606D012104
:10825000FCF7C2FF029020B1606D0121FCF7B6FF70
:108260000290606D08A9FCF7D2FF804640B9029BDE
:10827000B3EB0B0B2ED1606D0321FCF7ADFF11E0CA
:10828000002EF8D10028D4BF4FF0FF3A4FF0010A7A
:108290004FFA8AF3059305990123002215A8FFF7E9
:1082A0008FFD06E0002839D1606D0521FCF794FFB1
:1082B0002EE015A93846FFF72AFE38B10123002227
:1082C000CAF1000115A8FFF77BFDD0E7B8EB0A085B
:1082D000E1D1CCE7002ECED1BBF1010F14BF4FF09E
:1082E000FF3A4FF0010A4FFA8AF8414615A8FFF706
:1082F0003FFD15A94846FFF70AFE28B1CAF1000163
:1083000015A8FFF735FDB6E7BBEB0A0BEDD1B2E7D9
:1083100070B1606D0521FCF759FF0EE0606D03211F
:10832000FCF754FF0028BFD016B90123354604934B
:10833000606D0221FCF750FF0CE00028F4D1F7E754
:10834000233B0308B4AE02080CAD0208F42A03086C
:108350005CAD020848B9606D0421FCF73DFF90B1A7
:10836000606D0421FCF732FF0BE0606D0221FCF729
:108370002DFF0028EFD096B90A2131A803F01DFC8B
:1083800002E00028F7D16EB1039ED7F84031009388
:108390002022334B0DA93FA803F0CDF82BE031A8E4
:1083A00003F01BFC2DBB01231A46294615A8FFF735
:1083B00007FD15A94846FFF7AAFD68B101234FF054
:1083C000FF32002115A8FFF7FBFC15A94846FFF76F
:1083D000A9FD002384F84D30D9F840514FF47A7349
:1083E000B5FBF3F5C5F10A05012DB8BF012500263F
:1083F000CBE7013DFBE7206D00F5C350143004F0DE
:1084000092FA206D00F5C150043004F0D4FA0499BA
:1084100007A804F024FBFEE64DA84D9503F0FCFBF5
:10842000104B3F933FA803F0F7FB0E4B319331A85D
:1084300003F0F2FB0C4B239323A803F0EDFB0A4B54
:10844000159315A803F0E8FB084B3B60384603F092
:10845000E3FB1BF01BFEE3E7E7E7EBE7EFE7F3E700
:10846000293B0308F42A03085CAD0208B4AD0208F6
:1084700015F0D2B815F0D0B815F056B915F054B9BA
:1084800008467047084670477047704708B50D4862
:108490000368BFF35B8FDB070DD41CF04AF950B1C2
:1084A00009481BF05DFA094A094907481BF073FDAA
:1084B00004481CF04DF9044808BD02481CF045F979
:1084C0001BF0E4FD805D0020845D0020440100205D
:1084D000FD38020810B40C69C0F88840C1644969CD
:1084E0005DF8044BC0F88C10026503F00FBF38B57F
:1084F00004460D4616F09AFF012801BF2B69C4F807
:1085000088306B69E56406BFC4F88C300020042015
:1085100038BD70B500F5C355143504460E462846DF
:108520004FF0FF3104F0EEF9E06C03685B699847A7
:108530000028F9D0E06C03683146DB6B984784F87B
:1085400084602846BDE8704004F0EDB938B50446B3
:108550000D4616F06BFF012806BF2565002004209C
:1085600038BD036D2DE9F04104460F4616461BB990
:1085700000242046BDE8F08100F5C65801214046A0
:1085800004F030F8C0B20028F2D104F5805595F817
:108590001A387BB1206D0368DB689847044648B100
:1085A000D5F81C383B60D5F820383360404604F0DD
:1085B0003EF8DEE7002485F81A48F7E738B5036D82
:1085C000044613B90024204638BD00F5C6550121E4
:1085D000284604F007F8C0B20028F3D1206D0368E4
:1085E000DB6898470446284604F021F8EBE7F0B52D
:1085F000036DA3B00446002B00F0C98000250126BE
:10860000CDE90156D0F88C300093D0F888302A4656
:1086100029460AA802F045FA6FF07F420223CDE90D
:10862000003202962A46294616A802F03AFA206D30
:10863000036800956422DD6911460023A8476FF0A6
:1086400001010AA803F0B9FA4FF0FF3116A803F0B0
:10865000B4FA09220023114616A803F001FB04F521
:10866000C155043508AA06A92046FFF77AFF06E09F
:10867000284604F0A0F9642004F0EDF9F2E70028A0
:10868000F6D041F6240505AA04A92046FFF769FFA4
:1086900014E0069B049A134403EBD3735B10059A12
:1086A0000693089B134403EBD3735B106019089384
:1086B00004F081F9642004F0CEF9E4E703460028D1
:1086C000E7D1D4E9221216A80B3A0B3903F0C8FA05
:1086D00004F5C155043509AA07A92046FFF741FF53
:1086E00006E0284604F067F9642004F0B4F9F2E7E4
:1086F0000028F6D004F5C155043505AA04A9204682
:10870000FFF72FFF12E0049B1944059B134401EB74
:10871000D17103EBD37349105B102846079109937D
:1087200004F049F9642004F096F9E6E70799099AFC
:108730000028E8D1069BD4F88800089D6426C91A51
:108740001438714391FBF0F1D4F88C00521B1438AB
:10875000724392FBF0F2206D06FB05F4076894FB70
:10876000F2F4C4F10A0400947343FC6993FBF1F33F
:10877000C3F10A03A04716A803F02FFA0B4C169476
:1087800016A803F049FA0AA80A9403F045FA23B0A0
:10879000F0BD064B169316A803F03EFA034B0A935E
:1087A0000AA803F039FA1BF071FCF7E7302A030836
:1087B0002DE9F04F044600F5C1508DB03221043050
:1087C00004F0D4F8C0B200283FD104F5C3531433E9
:1087D0004FF0FF311846079304F094F8C0B2002818
:1087E00033D104F5B8571A3704F5C05A0AF11A0AFA
:1087F0003B4606901A882AB99A881AB95A880AB943
:10880000DA8812B1069A0132069208335345F1D143
:1088100000230493049B069A934213D03B461A8884
:10882000002A40F0E2809A88002A40F0DE805A88D0
:10883000002A40F0DA80DA88002A40F0D680083337
:108840005345ECD1079804F06EF8206D002842D013
:1088500004F580550BAAD5F81C380A93D5F82038B2
:108860000B9303680AA95B69984795F81A3806467E
:10887000002B00F01C81002840F0FA8004F5C1575D
:1088800008374FF0FF31384604F03CF8D5F820386F
:108890000193D5F81C38009386F0010104F15400CF
:1088A000DDE90A23C9B202F081FE384604F03BF844
:1088B00004F5C6540121204603F094FEC0B250B91D
:1088C0000A9BC5F81C380B9B85F81A68C5F8203838
:1088D000204603F0ACFE4FF000000DB0BDE8F08F75
:1088E00005F0010386F810375B4203F434638C33E0
:1088F000D4F88020234400210131B1F5347F43F8BE
:10890000042FF9D14FF0FF31404603F0FBFF96F8FA
:1089100010174FF4346303FB014194F88630012BA8
:10892000029B009301F1900104F1540018D1059BC2
:10893000039A5B1B02F0EDFF404603F0F4FF089B37
:108940005BB1E06C96F81017039A4FF4346303FBA5
:10895000014103689031DB6898474FF080590CE083
:10896000039A2B4602F0A6FFE6E74FF0E023C3F898
:10897000049DBFF34F8FBFF36F8FE06C03685B699B
:1089800098470028F1D0D4F84C9096F810B7D9F851
:1089900000204FF4346113690993526C01FB0B4BB7
:1089A0004846039990470BF1900B0246099B5946A4
:1089B000484698470135059BAB4291DA4FF0805508
:1089C000E06C03685B69984730B1E06C03689B69B1
:1089D0009847049B01331CE74FF0E023C3F8045D84
:1089E000BFF34F8FBFF36F8FEAE704F5C15808F16B
:1089F00008084FF0FF31404603F084FF3A46002359
:108A0000118800295BD19188002958D1518800290B
:108A100055D1D188002952D10133202B02F108020F
:108A2000EED104F580564046B6F812370293B6F8F8
:108A30001837B6F81497B6F81657059303F073FF76
:108A4000E06C03681B6C98470890E06C059A03681B
:108A50000092D3F81CB002994B462A46D847029B95
:108A600009F10109A9EB03091FFA89F30393A2E7AE
:108A700004F5C15708374FF0FF31384603F042FF85
:108A8000D5F81C280A99D5F82038DDF82CC08A4280
:108A9000CDE9002304F1540001D163450DD00A460D
:108AA0006346022102F082FD384603F03CFF95F850
:108AB0001A38B3423FF4FCAEE0E60321F2E704F5D6
:108AC000805202EBC3033846D3F81A17C2F81217C4
:108AD000D3F81E17C2F816170022C3F81A27C3F8D6
:108AE0001E271AF0E9FF9CE72DE9F84300F5C1566F
:108AF00005460836894630464FF0FF311F46BDF91E
:108B00002080144603F0FEFED5F888309F42A4BFB3
:108B100003F1FF331FB2D5F88C309845A8BF03F19D
:108B2000FF3329EAE971A8BF0FFA83F8B94261DC83
:108B300024EAE47242455DDC95F88630012B05D0CD
:108B40004346B8461F4613460A46194605F5805463
:108B500005F5B85592B289B21FFA88F8BFB21A3536
:108B6000A4F81227A4F81617A4F81487A4F8187705
:108B700028460023B0F800C0BCF1000F0ED1B0F8B9
:108B800004C0BCF1000F09D1B0F802C0BCF1000F65
:108B900004D1B0F806C0BCF1000F2DD00133202B5A
:108BA00000F10800E6D1B4F81A37934201D9A4F8CD
:108BB0001A27B4F81E378B42B4F81C3788BFA4F8C4
:108BC0001E174345B4F8203738BFA4F81C87BB42B2
:108BD00038BFA4F8207728461AF094FF04460028EE
:108BE000F9D128461AF068FF304603F09CFE204673
:108BF000BDE8F8830324F7E704EBC303D4F8122796
:108C0000C3F81A27D4F81627C3F81E27E3E773B56D
:108C100000F5C355143504460E4628464FF0FF3183
:108C200003F070FEE06C03685B6998470028F9D098
:108C3000E06C94F885100368012E1B6A04D1013999
:108C4000032994BFC9B20321984784F88660284657
:108C500003F069FEB4F98C3000930022B4F9883037
:108C600011462046FFF740FF02B070BD73B500F516
:108C7000C356143604460D4630464FF0FF3103F01C
:108C800041FEE06C03685B6998470028F9D0E06C0E
:108C9000036829461B6A9847E26C1369C4F8883058
:108CA0005269C4F88C2084F8855000920022114645
:108CB00004F1540002F09DFE304603F034FEB4F996
:108CC0008C30009300221146B4F988302046FFF71B
:108CD0000BFF94F8861011B12046FFF798FF206D26
:108CE00030B103689B69294602B0BDE8704018475F
:108CF00002B070BD13B50446C06C28B303689B680E
:108D0000984794F884102046FFF703FC94F88610E7
:108D10002046FFF77CFF94F885102046FFF7A6FF5A
:108D2000D4F88C300093002204F15400D4F8883039
:108D3000114602F05EFE206D10B9002002B010BD99
:108D400003689B689847F8E70220F7E7036870B567
:108D50001B6906460D461446984730B17379022BBD
:108D600004D0032B0BD0012B10D070BD2A68F388E0
:108D70009B1A2B60226833899B1A2360F5E7F388DE
:108D8000296822685B1A23602A60EEE7338921682C
:108D90002A685B1A2B602260E7E72DE9F04303683D
:108DA00089B0DB6804460F461646984705460028FA
:108DB00044D0E0681022036801926A4400924FF0A8
:108DC0000008D3F820908DF80F8001230DF10F02D9
:108DD0003821C847C0B2A8BB9DF812309DF81410C6
:108DE0009DF81620032B28BF434623749DF81330AB
:108DF0001B0203F4706319439DF815306182180259
:108E00001B0963839DF8193000F4706002431B0254
:108E10009DF81A00E28203F470630343A3829DF875
:108E20001B309DF81C004FEA032C0CF4706C40EAD8
:108E30000C001B092083A38339603260284609B0E7
:108E4000BDE8F083E06803689B6998474546F5E70D
:108E500013B5C0688DF8041003688DF805205C6AAE
:108E600001AA02233821A04702B010BD1FB5C06877
:108E70008DF80F1001230168CDE900230DF10F02D9
:108E80000C6A3821A04704B010BD37B50446C0684D
:108E9000036802219B6B9847E06803680221DB6B43
:108EA0009847E06803681B699847C2B2DAB928227C
:108EB00080212046FFF7CCFFC2B2A2B9862120460E
:108EC000FFF7C6FFC2B205466AB98DF807000DF17B
:108ED0000702A8212046FFF7C9FF9DF80730112B94
:108EE000C2B203D00422104603B030BD002AFAD12A
:108EF0000DF10702A32120468DF80750FFF7B6FFBA
:108F00009DF80730362BC2B2EDD0642BEBD0062B88
:108F100018BF0422E7E737B500230DF1070202214D
:108F200005468DF80730FFF7A1FFC4B21CB1E86811
:108F300003689B6998479DF80700022807D8002C12
:108F400018BF0020003818BF012003B030BD00203A
:108F5000F8E70000034A0260034A4260034A826065
:108F6000704700BF603E03080A12240014B40208D0
:108F700010B50B4C2368BFF35B8FDB070ED4204684
:108F80001BF0D7FB50B1201DFFF7E4FF0549064A4F
:108F9000201D1BF000F820461BF0DAFB034810BD33
:108FA00048760020F53B0208440100204C76002062
:108FB000034A0260034A4260034A8260704700BF6E
:108FC000A03E03080C10200014D8020810B50B4C6A
:108FD0002368BFF35B8FDB070ED420461BF0A9FB91
:108FE00050B1201DFFF7E4FF0549064A201D1AF085
:108FF000D2FF20461BF0ACFB034810BD5876002082
:10900000113C0208440100205C760020034A026003
:10901000034A4260034A8260704700BFDC3E030897
:109020000406060014F8020810B50B4C2368BFF3C1
:109030005B8FDB070ED420461BF07BFB50B1201D5D
:10904000FFF7E4FF0549064A201D1AF0A4FF204659
:109050001BF07EFB034810BD68760020313C0208FF
:10906000440100206C760020034A0260034A4260FB
:10907000034A8260704700BF183F030806080800D3
:1090800014FE020810B50B4C2368BFF35B8FDB079F
:109090000ED420461BF04DFB50B1201DFFF7E4FF1E
:1090A0000549064A201D1AF076FF20461BF050FBAA
:1090B000034810BD787600204D3C02084401002092
:1090C0007C760020034A0260034A4260034A8260C1
:1090D000704700BF543F0308080C0C001406030837
:1090E00010B50B4C2368BFF35B8FDB070ED4204613
:1090F0001BF01FFB50B1201DFFF7E4FF0549064A96
:10910000201D1AF048FF20461BF022FB034810BD2B
:10911000887600206D3C0208440100208C760020F7
:10912000034A0260034A4260034A8260704700BFFC
:10913000903F0308080808001412030810B50B4CF0
:109140002368BFF35B8FDB070ED420461BF0F1FAD8
:1091500050B1201DFFF7E4FF0549064A201D1AF013
:109160001AFF20461BF0F4FA034810BD9876002041
:10917000893C0208440100209C76002001EB820219
:109180000B46934201F1030102D14FF000007047FA
:10919000187801F8030C587801F8020C987801F857
:1091A000010C0433EDE792B202EB4200013AF0B554
:1091B00080B213B24E1C441EC51E1A04A4B2ADB236
:1091C00002D54FF00000F0BD11F8137016F813200F
:1091D00042EA0722D70002380F5580B2D408120A9B
:1091E00024F0030422F007020C54013B4A552846A0
:1091F000E1E730B5520800234D1C9A4202D14FF0EE
:10920000000030BD11F8134015F81300E40000F021
:10921000070004F038042043C8540133EDE7C06967
:1092200003689B6A1847F7B5002904461D4616DBFC
:109230000369994213DA002A11DB43699A420EDA74
:1092400092B2561C076889B2B6B24B1C00969BB20C
:10925000FE69B047236829465B6A204698474FF06D
:10926000000003B0F0BD10B5044616F0DFF8022888
:10927000204603D1BDE8104003F0EDBBBDE810402F
:1092800004F01ABB10B50446C06903689B6A98478E
:1092900018B9E0690368DB6A9847206A1AF00DFD87
:1092A0004FF0000010BD70B50446406A0D461646EA
:1092B0001AF003FD206A1AF007FDE06903683246E0
:1092C00029461B6ABDE8704018477FB505461C4615
:1092D0002B69994210461FDA6B699A421CDA2044C6
:1092E000834292B2BCBF9B1A1CB2501EA6B210FAA7
:1092F00084F48BB2A4B229680094CC69284619463C
:10930000A047089B286A1B0A8DF80F301AF0DCFC76
:1093100036B9286A1AF0D1FC4FF0000004B070BDD5
:10932000E869036801225B690DF10F01013E98476E
:10933000B6B2EDE77FB5044608462569A9421EDAB4
:1093400061698A421BDA81B218448542BCBF6D1A3A
:109350002BB2481E92B29DB210FA83F3206800929D
:10936000C6699BB22046B047089B206A1B0A8DF84D
:109370000F301AF0A9FC35B9206A1AF09EFC4FF0A4
:10938000000004B070BDE069036801225B690DF163
:109390000F01013D9847ADB2EDE7F0B50446104628
:1093A000226985B09142BDF928500E461F4625DA44
:1093B0006369984222DA3E44B24289B2BCBF521A73
:1093C00017B282B228448342BCBF9B1A1DB2501E02
:1093D000284426684B1E80B200903B449BB2F6693D
:1093E0002046B0470B9B206A1B0A8DF80F301AF0FD
:1093F0006BFC002D14DC206A1AF05FFC4FF00000BB
:1094000005B0F0BDE069036801225B690DF10F0151
:109410009847013E36B2002EF4DC013D2DB2E8E75C
:109420003E46F8E710B50446806A80B11AF045FC64
:109430000520FFF718FFA06A1AF046FC1420FFF77A
:1094400012FFA06A1AF039FC9620FFF70CFF0121E9
:1094500020461AF060FC6420FFF705FF2046C0217B
:109460001AF059FC204617211AF04AFC2046152113
:109470001AF046FC2046C1211AF04DFC204641213D
:109480001AF03EFC2046C5211AF045FC204600217A
:109490001AF036FC204612211AF032FC20468021B8
:1094A0001AF02EFC20463A211AF035FC204666219F
:1094B0001AF026FC2046B1211AF02DFC2046A021EE
:1094C0001AF01EFC2046F7211AF025FC2046A9219F
:1094D0001AF016FC204651211AF012FC20462C21CD
:1094E0001AF00EFC204682211AF00AFC2046362192
:1094F0001AF011FC204628211AF002FC2046E02137
:109500001AF009FC204600211AF0FAFB204603213C
:109510001AF0F6FB204609211AF0F2FB204608213A
:109520001AF0EEFB204616211AF0EAFB20460A212B
:109530001AF0E6FB20463F211AF0E2FB2046782194
:109540001AF0DEFB20464C211AF0DAFB20460921F6
:109550001AF0D6FB20460A211AF0D2FB2046082139
:109560001AF0CEFB204616211AF0CAFB20461A211B
:109570001AF0C6FB20460F211AF0C2FB2046E1215B
:109580001AF0C9FB204600211AF0BAFB204616212A
:109590001AF0B6FB204619211AF0B2FB204603212F
:1095A0001AF0AEFB20460F211AF0AAFB2046052137
:1095B0001AF0A6FB204632211AF0A2FB20464521D4
:1095C0001AF09EFB204646211AF09AFB2046042101
:1095D0001AF096FB20460E211AF092FB20460D2130
:1095E0001AF08EFB204635211AF08AFB20463721DF
:1095F0001AF086FB20460F211AF082FB2046B0218C
:109600001AF089FB204680211AF07AFB2046B4210B
:109610001AF081FB204602211AF072FB2046B62187
:109620001AF079FB204602211AF06AFB204602213B
:109630001AF066FB2046E9211AF06DFB2046002156
:109640001AF05EFB112120461AF065FB7820FFF727
:109650000AFE204629211AF05EFB4FF0000010BDE3
:109660002DE9F04104460F462A2115461E46BDF855
:1096700018801AF050FB390A20461AF041FBF9B263
:1096800020461AF03DFB310A20461AF039FBF1B2B0
:1096900020461AF035FB20462B211AF03CFB290A04
:1096A00020461AF02DFBE9B220461AF029FB4FEABA
:1096B000182120461AF024FB5FFA88F120461AF0A0
:1096C0001FFB2C2120461AF026FB606A1AF0F5FADF
:1096D0004FF00000BDE8F08110B504460176362158
:1096E0001AF019FB237E032B13D8DFE803F01715BC
:1096F000020AE82120461AF003FBA3682361E3680D
:1097000006E0882120461AF0FBFAE3682361A3688B
:1097100063614FF0000010BD4821F3E72821E9E71D
:1097200008B52031C9B21AF0F6FA4FF0000008BDB2
:1097300038B504460D46406A1AF0BFFAE9B2204631
:109740001AF0CBFAC5F3072120461AF0C6FA2046D4
:10975000C5F307411AF0C1FA4FF0000038BDF8B563
:1097600005460C46406A1AF0A8FAC4F34513C3EB49
:1097700003233F22B3FBF2F704F01F03E40A1F2286
:109780002846C4EB0424B4FBF2F1C9B2C3EB0323B3
:10979000B3FBF2F61AF0A1FAF9B228461AF09DFAD4
:1097A0002846F1B21AF099FA4FF00000F8BD38B52A
:1097B00004460D46406A1AF080FA204629461AF0FF
:1097C0008CFA4FF0000038BD37B504460D46406AAC
:1097D0001AF07AFA294620461AF07FFA606A1AF0DF
:1097E0006CFA206A00238DF807301AF06DFAE069F0
:1097F000036801229B690DF107019847206A1AF05E
:109800005CFA9DF8070003B030BD0000F0B5B0F978
:109810000640059F9C428E463CDCB0F90A509D42B2
:1098200038DB466AB6B31B1BB0F90C40B0F90850E0
:109830006343B0F90440ED1BE41B44BF1B1B002431
:109840009542A8BF02F1FF3590F83020A2B12A1B43
:1098500013444FF0FF32D0F828C0BCF1000F17D1ED
:10986000A54217DB56F82370C16AB94218BF4EF8FB
:10987000247013440134F3E70122ECE7F75CC16A7A
:109880005CF82770B94218BF4EF8247013440134B5
:10989000A542F3DAF0BD7047F0B5B0F90670DDF817
:1098A00014C09F421EDCB0F90A409C421ADB056AD4
:1098B000C5B1466AB6B1B0F90840A4EB0C049442B5
:1098C000A8BF02F1FF34002C0CDDB0F90420B0F980
:1098D0000C00A2EB0C02DB1B22EAE27200FB03533A
:1098E000944200DAF0BD13F8010B56F8200041F85D
:1098F00022000132F4E7F0B5B0F90660059F9E4200
:109900001BDCB0F90A409C4217DB056AADB1B0F927
:109910000840E41B9442A8BF02F1FF34002C0CDD88
:10992000B0F90420B0F90C009B1BD21B434322EA80
:10993000E27205EB8303944200DAF0BD53F8040BA6
:1099400041F822000132F6E7F0B5B0F90640059F74
:109950009C4226DCB0F90A509D4222DB066A06B31F
:10996000B0F90C50002DA3EB04042B46B8BFEB1D3F
:10997000DB106D071CBF01331BB26343B0F9044019
:10998000B0F90850E41B48BF0734A5EB070544BFF6
:10999000A3EBE40300249542A8BF02F1FF35002D9C
:1099A00016DCF0BDF75CD0F82CC01741FF074CBFA8
:1099B000476A876A674518BF41F82470072A13BFB2
:1099C000013201330022D2B20134A542EADAE8E7DB
:1099D0000022FAE7F8B504461D460F46164602F087
:1099E00008F90E4B2360002384F830306B88A78081
:1099F000013BE6802A882968E1601E442B7984F8BF
:109A00002030AB686362013AEB68A36217442B69AC
:109A100027816681E3622046F8BD00BF981B0308DA
:109A200038B504460D4602F00BF9626AAB689A42FB
:109A300011D1B4F90C202B889A420CD1B4F90E2024
:109A40006B889A4207D1A26AEB689A4203D1E26A14
:109A50002B699A421ED023680021DB6C2046984770
:109A60002A88A188A281013A6B88E3810A44228175
:109A7000E288013B134463812B7984F82030AB6882
:109A80006362EB68A3622B69E36223680021DB6CED
:109A9000204698472046BDE8384002F0DAB82DE964
:109AA000F04104461F46DDF818800E46154602F0C8
:109AB000A0F80A4B23607B1EA6801E4408F1FF33EA
:109AC000E5801D44079B2362089B26816581A78151
:109AD000A4F80E8063622046BDE8F081401B0308B5
:109AE00038B50B79082B04460D4632D102F0A8F8A0
:109AF000226AAB689A420DD1B4F90C202B889A42A5
:109B000008D1B4F90E206B889A4203D1626AEB68DF
:109B10009A4219D023680021DB6C204698472A8896
:109B2000A188A2810A44013A6B882281E288E381FC
:109B30001344013B6381AB682362EB686362236873
:109B40000021DB6C20469847204602F082F8002076
:109B500038BD0320FCE72DE9F04104460F461D46C1
:109B6000DDF81880164602F06BF8236ABB420AD172
:109B7000B4F90C30B34206D1B4F90E30AB4202D185
:109B8000636A434515D023680021DB6C2046984763
:109B9000A388A681013E1E44E388E581013D1D4462
:109BA00023682681C4E90878DB6C658100212046A2
:109BB00098472046BDE8F04102F04BB82DE9F0414E
:109BC00004461F46DDF818800E46154602F011F8CF
:109BD000094B23607B1EA6801E4408F1FF33E580FD
:109BE0001D44079B26816581A781A4F80E8023620E
:109BF0002046BDE8F08100BFE81A030838B50B79AC
:109C0000202B04460D462CD102F01AF8226AAB68CC
:109C10009A4209D1B4F90C202B889A4204D1B4F9A4
:109C20000E206B889A4217D023680021DB6C2046F7
:109C300098472A88A188A2810A44013A6B88228128
:109C4000E288E3811344013B6381AB6823622368AC
:109C50000021DB6C20469847204601F0FAFF0020E7
:109C600038BD0320FCE7F8B504460F461D461646EE
:109C700001F0E6FF236ABB4207D1B4F90C30B342CE
:109C800003D1B4F90E30AB4214D023680021DB6C51
:109C900020469847A388A681013E1E44E388E581BB
:109CA000013D1D4423682681DB6C6581276200210C
:109CB000204698472046BDE8F84001F0CABF2DE98C
:109CC000F04104461F46DDF818800E46154601F0A7
:109CD00090FF0D4B23606FF07F420023C4E90923FE
:109CE0004FF0FF13E3627B1EA6801E4408F1FF3392
:109CF000E5801D44079B26816581A781A4F80E801D
:109D000023622046BDE8F081901A030838B50B792C
:109D1000012B04460D462ED101F092FF226AAB685A
:109D20009A4209D1B4F90C202B889A4204D1B4F993
:109D30000E206B889A4219D023680021DB6C2046E4
:109D400098472A88A188A2810A44013A6B88228117
:109D5000E288E3811344013B6381AB6823622B6992
:109D6000E36223680021DB6C20469847204601F01F
:109D700070FF002038BD0320FCE7F8B504460F460D
:109D80001D46164601F05CFF236ABB4207D1B4F9B9
:109D90000C30B34203D1B4F90E30AB4214D0236877
:109DA0000021DB6C20469847A388A681013E1E4413
:109DB000E388E581013D1D4423682681DB6C6581D4
:109DC00027620021204698472046BDE8F84001F070
:109DD00040BF00BF704710B103681B691847704748
:109DE00010B10368DB681847704710B103689B68BF
:109DF0001847704710B4446A8C4206D1846A944272
:109E000003D190F834409C4209D080F83430036884
:109E10005DF8044BDB6CC0E90912002118475DF8BE
:109E2000044B704790F835208A4205D0036880F8CB
:109E30003510DB6C00211847704749B1013901200A
:109E400011F8013F03B970470A2B08BF0130F7E74B
:109E50000120704738B590F836308B4204460D46E5
:109E60002CD001F0EDFE23680021DB6C20469847E2
:109E700084F83650206BFFF7B3FF94F8365094F80F
:109E80002C20216A00FB025202F0FF0284F83720E6
:109E90002046FFF7D2FFE38812FB00F2521B92B27A
:109EA000013BE2811A44236862812046DB6C002179
:109EB00098472046BDE8384001F0CBBE38BD39B9DF
:109EC0000846704701300B5C0BB10A2BFAD1704782
:109ED0000020F8E72DE9F74F9046B0F906209A42A6
:109EE00004460F4600F3A480B0F90A109942C0F26C
:109EF0009F80016A002900F09B80006B002800F021
:109F0000978094F837100C9EB4F904509B1AAD1B3F
:109F1000B3FBF1F201FB1233009294F82C10B3FB67
:109F2000F1F6FFF758FF8346206BFFF759FFA36B4D
:109F3000009A934282464BD1D4F83C9094F8353045
:109F4000206B012B5BD1B4F840100091FFF74DFF5F
:109F500094F82C200099B4F90C304A4300FB1230DD
:109F600000EBD07005EB6005206BFFF739FF8642F0
:109F700056D209F1FF390BFB06F6B6FBFAF619F8D3
:109F8000011F002954D00A2952D0206B03685B6955
:109F900098474FF0000B8219DA46206B0192FFF7C9
:109FA0001AFF0090206BFFF71BFF009BB3FBF0F341
:109FB0005B45019A48D84FF0000B206BFFF715FF67
:109FC0008345DCD294F82C300AF001012B444EE09A
:109FD000236AA26399465AB9C4F83C904946204680
:109FE000FFF76DFFA4F84000A8E70A2905D09946BD
:109FF00013F8011B0029F8D1EEE7013AEAE7022B3A
:10A00000B2D1B4F840100091FFF7EFFE94F82C2085
:10A010000099B4F90C304A4300FB12331D44A3E706
:10A0200094F8343023B999F800300BB10A2B02D1DF
:10A0300003B0BDE8F08F002DF8DBA845F5DDA36A7D
:10A0400047F825300135EEE712F8013B4FEACB0126
:10A050008B404AEA030A0BF1010B9EE7002D05DB5A
:10A06000454503DA51B1626A47F8252001359D4222
:10A07000F4D14FEA5A0A0BF1010B9EE794F8342011
:10A08000002AF3D1A26AEFE710B5044699B90A464F
:10A09000104610BD1946013308780A28FAD0204628
:10A0A000FFF70DFF824238BF024601440B78002BB8
:10A0B000EED00B46EEE70022F8E72DE9F843044620
:10A0C000DDE90885894617461E4601F0B9FD23687B
:10A0D00000212046DB6C9847012384F834302B683C
:10A0E000C4F824804FF00008A780E6802563DB6871
:10A0F000C4F82090C4F828802846984794F82C206B
:10A1000094F8363000FB023384F837302B68284649
:10A110009B689847494605462046FFF7B5FF94F8E7
:10A120002C3015FB00F515FB03F5ADB2A5814946B2
:10A130002046FFF782FE94F8371094F8363011FB72
:10A1400000F1C91A4FF0FF33A36389B22368E1819C
:10A15000013F013E31443D4461812046DB6C258155
:10A16000414698472046BDE8F84301F072BDF7B577
:10A17000044616461F460D4601F03BFD124B236078
:10A18000012384F82C304FF080724FF0FF33002011
:10A19000C4E90D23099BA062C4E908002063A4F868
:10A1A00040000193089B009332463B4629462046D7
:10A1B000FFF783FF04E0204601F02EFD19F066FF53
:10A1C000204603B0F0BD00BF582803082DE9F04732
:10A1D00004460A9D89461746DDE908A81E4601F097
:10A1E0002FFD236800212046DB6C98472B68A78051
:10A1F000C4E909A84FF00008E6802563DB68C4F8CD
:10A20000209084F834802846984794F82C2094F8BD
:10A21000363000FB023384F837302B6828469B68C1
:10A220009847494605462046FFF72EFF94F82C3004
:10A2300015FB00F515FB03F5ADB2A5814946204697
:10A24000FFF7FBFD94F8371094F8363011FB00F15E
:10A25000C91A4FF0FF33A36389B22368E181013F3C
:10A26000013E31443D446181204625814146DB6CFD
:10A2700098472046BDE8F04701F0EBBCF0B5044636
:10A2800085B016461F460D4601F0B3FC134B236004
:10A29000012384F82C304FF080724FF0FF33C4E973
:10A2A0000D2300200C9BA062C4E908002063A4F8E1
:10A2B000400002930B9B01930A9B009332463B465E
:10A2C00029462046FFF782FF04E0204601F0A4FC67
:10A2D00019F0DCFE204605B0F0BD00BF5828030889
:10A2E000036B8B4270B504460D4644D001F0A8FCC8
:10A2F000236800212046DB6C98472B682563DB68C8
:10A300002846984794F82C2094F8363000FB023306
:10A3100084F837302B6828469B689847266A05469C
:10A3200031462046FFF7B0FE94F82C3015FB00F2C2
:10A3300012FB03F292B2A28131462046FFF77DFD67
:10A3400094F8373094F8361013FB00F35B1AA188A9
:10A3500001390A442281E2889BB2013AE381134425
:10A36000638123682046DB6C002198472046BDE8C6
:10A37000704001F06EBC70BD70B590F82C308B420F
:10A3800004460D4645D0002943D001F059FC23680E
:10A390000021DB6C2046984784F82C50206BFFF797
:10A3A0001FFD94F82C2094F8363000FB023384F81B
:10A3B0003730206BFFF719FD266A054631462046E7
:10A3C000FFF762FE94F82C3015FB00F212FB03F24B
:10A3D00092B2A28131462046FFF72FFD94F8373024
:10A3E00094F8361013FB00F35B1AA18801390A4474
:10A3F0002281E2889BB2013AE3811344638123689E
:10A400002046DB6C002198472046BDE8704001F0F3
:10A4100020BC70BD70B504460D46164601F010FC18
:10A42000236AAB4201D1002E3ED023680021DB6CB1
:10A43000204698474FF0FF332562A363206B94F8C2
:10A440002C50FFF7CDFC94F8363000FB053384F830
:10A450003730206BFFF7C9FC266A05463146204697
:10A46000FFF712FE94F82C3015FB00F212FB03F2FA
:10A4700092B2A28131462046FFF7DFFC94F83730D4
:10A4800094F8361013FB00F35B1AE1889BB2013994
:10A49000E3810B446381A388013B1A442368228132
:10A4A000DB6C0021204698472046BDE8704001F053
:10A4B000D0BB08B42DE9F741044609AE0D4656F865
:10A4C000048B174601F0BCFB23682046DB6C00219F
:10A4D0009847424639463346284601961CF06EFBA3
:10A4E0004FF0FF332562A363206B94F82C50FFF7E5
:10A4F00077FC94F8363000FB053384F83730206B56
:10A50000FFF773FC266A054631462046FFF7BCFD7F
:10A5100094F82C3015FB00F212FB03F292B2A281E8
:10A5200031462046FFF789FC94F8373094F836100E
:10A5300013FB00F35B1AE1889BB20139E3810B4402
:10A540006381A388013B1A4423682281DB6C0021CC
:10A5500020469847204601F07CFB03B0BDE8F0415F
:10A5600001B070472DE9F041B0F906E0069D9E4527
:10A570001E4645DCB0F90AC09C4541DBB0F90840F5
:10A58000641B002C3CDDB0F904305B1B90F82850B4
:10A5900065B39442ACBF02F1FF35254623EAE37868
:10A5A00045451DDAC76ABE44B64521DCACEB070C55
:10A5B000B4451DDB2546C76A661BB74220DD002B6C
:10A5C00004DB9A42C4BF066A41F82360002D04DB15
:10A5D000AA42C4BF066A41F82560013D0133EAE79B
:10A5E000476A41F8287008F10108D9E72546D9E7FC
:10A5F0009542A8BF02F1FF3523EAE3739D4201DAD9
:10A60000BDE8F081026A41F823200133F6E72DE925
:10A61000F041B0F904E0069D9E451DDCB0F908C08C
:10A620009C4519DBB0F90A40641B9442ACBF02F1AF
:10A63000FF362646002E0FDDB0F9067090F8288010
:10A640007F1B27EAE775B8F1000F03D19E4501D0C3
:10A650009C4508D1AE4201DABDE8F081036A41F8B9
:10A6600025300135F6E7002FA4BF036A41F82530F5
:10A670009442BCBF036A41F82630EDE72DE9F74F5D
:10A68000B0F90670DDF830A0B0F90A509F42CDE96C
:10A690000012B84606DC9D4206DA9F4204DA03B097
:10A6A000BDE8F08F9D42FADCB0F908E0B0F9041083
:10A6B000AEEB010CEE1BBCF1000FB8BFCCF1000CEF
:10A6C000002EB8BF7642ACEB06048E45D4BF4FF0E7
:10A6D000FF394FF00109AF42ACBF4FF0FF37012700
:10A6E000A1EB0A01AEEB0A0EC6F1000A714501D1D9
:10A6F000454525D0984517D17742002906DB019BB7
:10A700009942BEBF009A036A42F82130B7EB440F6A
:10A710004FEA4403BCBF4944A41B9C45BFDC7145C0
:10A72000EBD14545E9D1BAE7BAEB440F4FEA440B08
:10A73000BCBF4944A41BDC45C4BF6444B844D5E74E
:10A740009D42ACD1D8E72DE9F74FB0F90450DDF8C0
:10A7500030C09D42CDE9001251DCB0F908409C4266
:10A760004DDBB0F90A70B0F90620BE1A002EB8BF52
:10A770007642A4EB050E9742D4BF4FF0FF384FF05E
:10A780000108A542ACBF4FF0FF394FF00109A2EB21
:10A790000C02A7EB0C07A6EB0E01AC46A5EB040AD6
:10A7A000BA4201D1644528D09C4519D1A5EB0409D2
:10A7B000002A06DB019B9A42BEBF009D036A45F852
:10A7C0002230B9EB410F4FEA4103BCBF4244A1EB39
:10A7D0000E019E4213DCBA42EAD16445E8D10EE094
:10A7E000BAEB410F4FEA410BBCBF4244A1EB0E0153
:10A7F0005E45C4BF8919CC44D2E79C42D6D003B091
:10A80000BDE8F08F704730B51446B0F90420039DC1
:10A810009A4212DCB0F908209A420EDBB0F90A30F5
:10A820005A1BA242A8BF2246002A06DDB0F9063014
:10A830005B1B23EAE3739A4200DC30BD046A41F8F3
:10A8400023400133F7E72DE9F04F87B08B460492A0
:10A85000B0F906209A426BDCB0F90A209A4267DB15
:10A8600000F13002039242F2107206464FF0FF38B8
:10A870000092746AF76AA3424DDBBB425BDCD6F8F8
:10A8800028A0326A1099AAEB020EA7EB040CBEF1C5
:10A89000000FB8BFCEF1000EBCF1000FB8BFCCF175
:10A8A000000C9245D4BF4FF0FF350125521AAAEB98
:10A8B000010ACCF100010195BC42ACBF4FF0FF3959
:10A8C0004FF00109AEEB0C050591924501D1BC4258
:10A8D00045D0A34232D1CCF10009002A09DB04990A
:10A8E000914206DD90F85470002F3BD1076D4BF874
:10A8F0002270B9EB450FB8BF01994FEA4507BCBFBD
:10A900005218A5EB0C05BE4507DC9245E5D1F76A68
:10A91000BC42E2D101E0BB42B1DA039A1036964262
:10A92000A7D190F854301BB1BDF80010414522DD8D
:10A9300007B0BDE8F08FA342EFDCA0E76900029109
:10A940000599B1EB450FBCBF019952180299B8BFE8
:10A95000A5EB0C058E45C4BF75444C44B5E7A34236
:10A96000DBD1B8E700999142A8BF1146904500910C
:10A97000B8BF9046BDE7036D4BF82130013189B275
:10A98000D4E730B5B0F90440039D9C4217DCB0F920
:10A9900008409C4213DBB0F90A40641BA242D8BFB6
:10A9A00002F1FF34002C0ADDB0F906305B1B23EA0C
:10A9B000E37301EB83019C4201F1040100DA30BD35
:10A9C00011F8042C520801F8042C11F8032C520839
:10A9D00001F8032C11F8022C520801F8022C013363
:10A9E000E9E730B5B0F90640039D9C4217DCB0F9A9
:10A9F0000A409C4213DBB0F90840641B002C0EDDBA
:10AA0000B0F904305B1B23EAE373A242D8BF02F122
:10AA1000FF3401EB8301A34201F1040100DD30BDED
:10AA200011F8042C520801F8042C11F8032C5208D8
:10AA300001F8032C11F8022C520801F8022C013302
:10AA4000E9E72DE9F0470446DDE9089A15469846FE
:10AA50009DF828700E4601F0F3F823682046DB6C61
:10AA60000021984708F1FF33A6801E4409F1FF3307
:10AA7000E5801D44236884F8287087F0010720468C
:10AA8000C4E908AA26816581A4F80C80A4F80E9078
:10AA9000E762DB6C002198472046BDE8F04701F0F3
:10AAA000D8B8F0B5044685B01F460D46164601F0ED
:10AAB000A0F80F4B236000209DF8303084F8280068
:10AAC000C4E90800E06202930B9B01930A9B009388
:10AAD00032463B4629462046FFF7B3FF04E02046B6
:10AAE00001F09AF819F0D2FA204605B0F0BD00BF87
:10AAF000302A030838B5C36A8B4204460D460FD08E
:10AB000001F09EF8E5620DB9236A6362236820466E
:10AB1000DB6C002198472046BDE8384001F099B829
:10AB200038BD38B590F828308B4204460D4610D019
:10AB300001F086F8236884F8285085F00105204646
:10AB4000DB6CE562002198472046BDE8384001F003
:10AB500080B838BD38B5036A8B4204460D460FD025
:10AB600001F06EF8E36A256203B965622368204646
:10AB7000DB6C002198472046BDE8384001F069B8F9
:10AB800038BD38B5436A8B4204460D460CD001F0FF
:10AB900057F8236865622046DB6C00219847204601
:10ABA000BDE8384001F055B838BD2DE9F041044604
:10ABB00015461F46DDF818800E4601F041F823685F
:10ABC0002046DB6C002198477B1EA6801E4408F1BE
:10ABD000FF33E5801D442368268120466581A781D7
:10ABE000A4F80E80DB6C002198472046BDE8F041B8
:10ABF00001F02FB8F7B504461F460D46164600F083
:10AC0000F8FF094B2360089B009332463B462946D8
:10AC10002046FFF7CAFF04E0204600F0FDFF19F0D0
:10AC200035FA204603B0F0BDD82903082DE9F843D2
:10AC30000446DDE9087516468946984601F000F895
:10AC400023682046DB6C00219847C14525621FFA26
:10AC500088F51FFA89F0A6BFC5F1010543192D1A21
:10AC6000B9B2B4BFABB29BB2BE42A381A8BFC1F11F
:10AC70000101B3B2ADBF5B18C91A8BB29BB2E381BD
:10AC80002368A4F804902046DB6CE680A4F80880D2
:10AC90006781002198472046BDE8F84300F0D9BFFE
:10ACA000F7B504461F460D46164600F0A2FF0B4BB3
:10ACB000236000232362099B0193089B0093324683
:10ACC0003B4629462046FFF7B1FF04E0204600F04E
:10ACD000A3FF19F0DBF9204603B0F0BD802903087B
:10ACE0002DE9F047044616461D468946DDF820A0AA
:10ACF0009DF824809DF8287000F0A2FF236820466C
:10AD0000DB6C00219847ABB21FFA89F1CA1AA28006
:10AD1000B2B2D01A19441A445B001BB2A381E3817A
:10AD20002368E08021812046C4F820A0A5846281A8
:10AD300084F8278084F82670DB6C00219847204631
:10AD4000BDE8F04700F085BFF0B5044685B01F466A
:10AD50000D46164600F04DFF0D4B23600023C4E95D
:10AD600008339DF8303002939DF82C3001930A9BF4
:10AD7000009332463B4629462046FFF7B1FF04E0E8
:10AD8000204600F049FF19F081F9204605B0F0BDDA
:10AD90002829030838B5036A8B4204460D460CD0B7
:10ADA00000F04EFF236825622046DB6C00219847A7
:10ADB0002046BDE8384000F04CBF38BD30B590F8B3
:10ADC0002750039C85B1A24223EAE37304DD90F887
:10ADD000262082F001022244934200DB30BD046A47
:10ADE00041F823400133F7E7002B04DD9342BCBF59
:10ADF000056A41F82350002CF0DDA242EEDD90F808
:10AE0000263003B1013CA400036A0B51E6E72DE9AB
:10AE1000F3479246B0F906200A9E9A421D4655DC39
:10AE2000B0F90A30AB4251DBB0F92440B0F90470FC
:10AE300041F2BF2C14FB0CFC02EB040902EBAC3218
:10AE40002744AA42A7EB06074FEAAC3E4FEA241676
:10AE500020DB00239846A04538DC90F8262004EB40
:10AE6000090C2A44944503D0A9EB0402AA422BD131
:10AE700008EB070300935246A7EB0803FFF79EFF7A
:10AE8000012308F101084644321B5CBF04F1FF3482
:10AE90001646E0E790F82620A3EB0E039B1AAB4280
:10AEA000D7DDA9EB050C002315449C420EDB03EB18
:10AEB000090295420DD1E3190A9352463B1B02B099
:10AEC000BDE8F047FFF77ABF002BDAD002B0BDE84B
:10AED000F0876345EFD001331E44321B5CBF04F1A1
:10AEE000FF341646E1E72DE9F74F1D46DDE90E83F5
:10AEF00004460F4601939DF840B01646DDE90CA9C3
:10AF000000F09EFE22680021D26C20469047019BF3
:10AF10002365AF4284F854B033DA4F452EDA38B2A5
:10AF20005645A08034DA46452FDA31B2AF42E1808F
:10AF300036DD4F4531DD3AB25645228137DD464593
:10AF400032DD33B263815B1AE3812368121AC4E9EC
:10AF500008762046C4E90A5AC4E90C76C4E90E987A
:10AF6000C4E9105AC4E91298DB6CA2810021984709
:10AF7000204603B0BDE8F04F00F06BBE0FFA89F039
:10AF8000CEE74D45FADA28B2CAE70FFA88F1CDE7E5
:10AF9000C245FADA0FFA8AF1C8E70FFA89F2CBE76D
:10AFA0004D45FADD2AB2C7E70FFA88F3CAE7C24572
:10AFB000FADD0FFA8AF3C5E7F0B5044687B00D460F
:10AFC00016461F4600F015FE2046124B40F8203B67
:10AFD000302200211BF019FE0023236584F8543031
:10AFE0009DF8403004930F9B03930E9B02930D9B9F
:10AFF00001930C9B009332463B4629462046FFF7BF
:10B0000072FF04E0204600F007FE19F03FF82046EA
:10B0100007B0F0BDD028030810B103681B691847BA
:10B02000704710B10368DB681847704710B10368B8
:10B030009B68184770472DE9F74F9046B0F90420F8
:10B040009A4204460F4641DCB0F9081099423DDBB4
:10B05000066A002E3AD0006B002837D09B1A1FFAE0
:10B0600083FA1B0432D40C9BE588ED1AFFF7DEFF50
:10B070000346206BBAFBF3F30268F15C5269904718
:10B080008146206BFFF7D2FFBAFBF0F303FB10AA57
:10B09000206BFFF7C1FF0646206BFFF7C2FF4FF0A2
:10B0A000010B0AF007030BFA03FB0023B6FBF0F6D3
:10B0B0002DB2B6B21A464FEADA0A206BCDE9002368
:10B0C000FFF7AFFF009A019B904202DC03B0BDE89E
:10B0D000F08F002D0BDDA84509DD09EB030111F808
:10B0E0000A1011EA0B0F06D0616A47F825100132E9
:10B0F00001353344E1E794F834100029F7D1A16A0F
:10B10000F3E72DE9F74F1746B0F906209A420446B7
:10B110000E4621DCB0F90A1099421DDBD0F82090D0
:10B12000B9F1000F18D0006BB0B10C99B4F90480DC
:10B130009B1AA8EB010894F82C20B3FBF2F5FFF75B
:10B140006BFF4543206BFFF76CFF09F1FF39B5FB3F
:10B15000F0F519F8011F11B903B0BDE8F08F206BAD
:10B1600003685B6998474FF0000B4219DA46206B81
:10B170000192FFF751FF0090206BFFF752FF009BF9
:10B18000B3FBF0F35B45019A0CD84FF0000B206B3A
:10B19000FFF74CFF8345DCD294F82C300AF0010114
:10B1A000434414E012F8013B4FEACB018B404AEADA
:10B1B000030A0BF1010BDAE7B8F1000F05DBB84524
:10B1C00003DA59B1626A46F8282008F10108984567
:10B1D000F2D14FEA5A0A0BF1010BD8E794F8342068
:10B1E000002AF2D1A26AEEE72DE9F8430446DDE930
:10B1F000089816460D461F4600F022FD23680021E0
:10B20000DB6C204698470023A362012384F8343086
:10B21000D8F80030C4F824909B682562A680E780A7
:10B22000C4F83080404698471FFA80F91DB128467F
:10B2300016F05EFF85B294F82C3013FB09F313FB74
:10B2400005F3A381D8F800304046DB68984794F8AE
:10B250002C3013FB00F0A389013E1E4480B223680A
:10B26000E081013F38446081DB6C2681204600216B
:10B2700098472046BDE8F84300F0EBBCF7B504461C
:10B280001F460D46164600F0B4FC0F4B2360012309
:10B29000002084F82C30099BA062C4E908002063D8
:10B2A00084F834000193089B009332463B462946BC
:10B2B0002046FFF799FF04E0204600F0ADFC18F0AF
:10B2C000E5FE204603B0F0BDF42A03082DE9F0475F
:10B2D0000446DDF828801646DDE908A90D461F461C
:10B2E00000F0AEFC23680021DB6C20469847002369
:10B2F00084F83430D8F800302562C4E909A99B6885
:10B30000A680E780C4F83080404698471FFA80F94D
:10B310001DB1284616F0ECFE85B294F82C3013FBD4
:10B3200009F313FB05F3A381D8F800304046DB682E
:10B33000984794F82C3013FB00F0A389013E1E447B
:10B3400080B22368E081013F384460812681204635
:10B35000DB6C002198472046BDE8F04700F079BC3F
:10B36000F0B5044685B01F460D46164600F041FC78
:10B37000104B23600123002084F82C300C9BA0622A
:10B38000C4E90800206384F8340002930B9B019306
:10B390000A9B009332463B4629462046FFF796FF1C
:10B3A00004E0204600F038FC18F070FE204605B09E
:10B3B000F0BD00BFF42A030810B4446A8C4206D1E1
:10B3C000846A944203D190F834409C4209D080F8BA
:10B3D000343003685DF8044BDB6CC0E909120021CE
:10B3E00018475DF8044B7047036B8B4270B50446F9
:10B3F0000D4635D000F024FC23680021DB6C20468C
:10B4000098472B6825639B682846984786B2206A30
:10B4100010B116F06DFE80B294F82C3013FB06F3D9
:10B4200013FB00F3A3812B682846DB68984794F848
:10B430002C30A28913FB00F0A3881344013B238125
:10B44000E38880B2013BE081184423686081DB6CB3
:10B450002046002198472046BDE8704000F0F9BB27
:10B4600070BD38B504460D46002934D000F0E8FB25
:10B4700023680021DB6C2046984784F82C50206B11
:10B48000FFF7D4FD85B2206A10B116F031FE80B20C
:10B4900094F82C3013FB05F313FB00F3A381206B0E
:10B4A000FFF7BFFD94F82C30A28913FB00F0A388AE
:10B4B0001344013B2381E38880B2013BE0811844BF
:10B4C00023686081DB6C2046002198472046BDE858
:10B4D000384000F0BEBB38BD70B504460D46164678
:10B4E00000F0AEFB236AAB4200D1FEB1236800211D
:10B4F000DB6C20469847206B2562FFF797FD86B2EC
:10B500001DB1284616F0F4FD85B294F82C3013FBDB
:10B5100006F313FB05F5A388ADB2013BA5811D44DD
:10B5200023682581DB6C0021204698472046BDE832
:10B53000704000F08EBB08B42DE9F741044609AE17
:10B540000D4656F8048B174600F07AFB236800215D
:10B55000DB6C2046984733464246394628460196DA
:10B560001BF02CFB206B2562FFF760FD86B21DB13E
:10B57000284616F0BDFD85B294F82C3013FB06F377
:10B5800013FB05F5A388ADB2013BA5811D442368DB
:10B590002581DB6C002120469847204600F059FBAE
:10B5A00003B0BDE8F04101B0704700BF2DE9F04F96
:10B5B00085B09A460E9B02930F9BB0F904500393FB
:10B5C000029BB0F90660571B5D1B039B0129AAEB88
:10B5D00006080C469146A3EB060605D98C1E032CE3
:10B5E00037D905B0BDE8F08FD0F82490B9F1000F3D
:10B5F000F7D099F810304BB3D9F800304846DB6AE1
:10B600009847874222DBD9F8003048465B6B984761
:10B6100087421BDCD9F8003048461B6B98478045B1
:10B6200014DBD9F8003048469B6B984780450DDC09
:10B63000D9F80030CDE90E569D6A3A464346214678
:10B640004846AC4605B0BDE8F04F6047D9F81890C1
:10B65000CCE7446A002CC4D0237C002B34D0236870
:10B660002046DB6A9847854230DA23682046DB6A49
:10B67000984785426BDA23682046DB6A9847874201
:10B6800022DB236820465B6B984787421CDC2368DB
:10B6900020461B6B9847804516DB236820469B6B32
:10B6A0009847804510DC23682046DB6A984785422E
:10B6B00080F283802368CDE900563A46D3F828B05B
:10B6C000042143462046D847A469C3E7236820469F
:10B6D0005B6B98478542C8DC236820461B6B984704
:10B6E0008642C2DB236820469B6B98478642BCDCBF
:10B6F00023682046DB6A98478742B6DB23682046EA
:10B700005B6B98478742B0DC236820461B6B9847E9
:10B710008045AADB236820469B6B98478045A4DCC4
:10B720002368D3F828E0029B99450AD1039B9A45E8
:10B7300007D1CDE90E5643463A4603212046F4464A
:10B7400080E7CDE90E5643463A460221F6E72368E4
:10B7500020465B6B984785428DDC236820461B6B37
:10B760009847864287DB236820469B6B9847864232
:10B7700081DC23682046DB6A984787420ADA23681F
:10B78000CDE900563A46D3F828B005214346204675
:10B79000D84770E7236820465B6B98478742EEDC0A
:10B7A000236820461B6B98478045E8DB23682046CA
:10B7B0009B6B98478045E2DC5DE7236820465B6B26
:10B7C000984785423FF776AF236820461B6B984722
:10B7D0008642FFF66FAF236820469B6B98478642F0
:10B7E0003FF768AF70E72DE9F04198460368BDF96F
:10B7F0001850DB6A04460E461746984723680644ED
:10B800001B6B2046984723680744DB6A204698470D
:10B81000236880441B6B2046984723680544DB6AF5
:10B8200020469847864204DA23682046DB6A984718
:10B830000646236820461B6B9847874204DA236834
:10B8400020461B6B98470746236820465B6B98474A
:10B85000804504DD236820465B6B9847804623685B
:10B8600020469B6B9847854204DD236820469B6BEE
:10B8700098470546A06A00F154039C4209D12DB2B5
:10B8800006950FFA88F33AB231B2BDE8F041FDF700
:10B890002BB9E069A0420BD003682DB206951C6D50
:10B8A0003AB20FFA88F331B2A446BDE8F0416047DE
:10B8B000BDE8F0812DE9F3471F46B0F90630DDF809
:10B8C0002890BB420446884616460EDCB0F90A3082
:10B8D000BB420ADBB0F90830056A4A44013A9A4291
:10B8E00002DDA3EB09035E1C15B902B0BDE8F087C9
:10B8F000B4F904202968B4F90630A9EB02020092D9
:10B90000D1F824A02846FB1A32464146D0476D693B
:10B91000EAE72DE9F7431E46B0F90430B342044686
:10B920008846914605DCB0F90830B34201DB056A70
:10B9300015B903B0BDE8F083B4F906200A98296868
:10B94000B4F90430821A00920F6A2846F31A4A4664
:10B950004146B8476D69EBE738B504460D4600F03F
:10B9600048F9054B23600023C4E90833E36903B9B0
:10B97000E461A562204638BD602B030810B504467B
:10B9800000F037F9064B23600023C4E90833A362B3
:10B99000E3691BB19B6AA362204610BD00BEFBE7B2
:10B9A000602B030838B5836A8B42044602D0056ACF
:10B9B000816215B94FF0000038BD2B6828469B689E
:10B9C000214698476D69F4E738B5C3698B42044650
:10B9D0000D4604D1996AFFF7E5FF002038BD0368E2
:10B9E0009B69984718B9A96AE5612046F3E70D20DD
:10B9F000F4E72DE9F041044615461F46DDF81880AE
:10BA00000E4600F01DF923682046DB6C00219847A4
:10BA10007B1EA6801E4408F1FF33E5801D44236889
:10BA2000268120466581A781A4F80E80DB6C002169
:10BA300098472046BDE8F04100F00BB970B50546C7
:10BA400016460C46002938D08B69002B35D14B693E
:10BA5000002B32D1036A8B422FD0806A00F5C1508F
:10BA60004FF0FF31083000F04DFF2B6A668283B93A
:10BA7000C5E90844237C23B12B6801219B6C28462F
:10BA80009847A86A00F5C150083000F04CFF00202C
:10BA900070BD5A8AB24203D963619C612C62E9E7A6
:10BAA0001A465B693BB1598AB142F9D963619C611D
:10BAB0005461A261DEE76C62FAE70220E8E770B544
:10BAC00005460C4669B38B6923B94B6913B9036A00
:10BAD0008B4226D1A86A00F5C1504FF0FF310830E3
:10BAE00000F010FF2B6AA3420FD163692B6293B160
:10BAF00000229A61A86A002600F5C150C4E90566D3
:10BB0000083000F010FF304670BD6A6AA369A24297
:10BB100003D100225A616B62ECE762695A6193615A
:10BB2000E8E70220F0E7826A5432904204D0C2690A
:10BB3000824203D000F013B8012070470020704704
:10BB400038B5C3698B4204460D4604D003689B692F
:10BB5000984710B9E561002038BD0D20FCE7036867
:10BB600010B59B690446984728B1E0690368BDE8B1
:10BB700010405B69184710BD436923B980690038DC
:10BB800018BF01207047012070477047036837B520
:10BB90005B6904460D46984700B965B1E069B4F9A0
:10BBA0000A20036800921D6DB4F90620B4F908302C
:10BBB000B4F90410A84703B030BD10B5044601B174
:10BBC0004182236820460121DB6C9847628AE06944
:10BBD0002146BDE81040FFF731BF10B503680446A9
:10BBE0000021DB6C9847E0692146BDE81040FFF773
:10BBF00066BF074A02600022C0E90122C0E90522AF
:10BC0000C26002744282034A1268C261704700BF78
:10BC1000D42B0308A876002010B5034B036004461C
:10BC2000FFF7DBFF204610BDD42B030810B50446F8
:10BC3000FFF7F2FF2046202118F026FA204610BD1B
:10BC4000C369986A00F5C1504FF0FF31083000F029
:10BC500059BEC369986A00F5C150083000F063BE50
:10BC60002DE9F04104460F4616469846FFF7E8FFD7
:10BC7000C0B270B9B8F1000F0DD1B4F90430BB42B5
:10BC80000CD1B4F90630B34208D12046FFF7E1FFEA
:10BC9000C0B2BDE8F08157EA0603F6D0236820461B
:10BCA000DB6C00219847BDB2B0B2B8F1000F12D0E2
:10BCB000A3882B44A380E3880344E38023891D44A5
:10BCC00063892581034418B223686081DB6C0021FD
:10BCD00020469847D9E7A389A780013D1D44E38901
:10BCE000E68001381844258100B2EDE708B5818966
:10BCF000806802F027FC431E5842584108BD0A469E
:10BD00008189806802F024BC83681A68136843F054
:10BD1000010313604FF0000070474FF005007047BB
:10BD2000836893F83D00203818BF0120704738B56C
:10BD3000044600F10C054FF0FF31284600F052FC9C
:10BD4000A06803681A6822F001021A601C6814F0E7
:10BD50000104FBD11A6842F400421A601A6822F406
:10BD600000421A6002F030FE284600F060FC2046D7
:10BD700038BD03299DBF034B5B1893F848002E2064
:10BD8000704700BF702C0308F8B500F10C0705469A
:10BD90000C4638464FF0FF31164600F023FC610098
:10BDA000AB88A86889B2324604F0D2F90446384616
:10BDB00000F03DFC21462846FFF7DBFFF8BD2DE9EA
:10BDC000F04F00F10C0785B005460E4614464FF0C3
:10BDD000FF313846DDE90E899A4600F003FC002C5D
:10BDE0003ED0B8F1000F1DD00AF1FF33012B19D856
:10BDF000AB8802931FFA89F3CDE90083710089B201
:10BE00002278A8681FFA8AF303F024FE0146284628
:10BE1000FFF7AFFFC4B2384600F009FC204605B07A
:10BE2000BDE8F08F2B682246D3F824B03146534644
:10BE30002846D847C4B2B8F1000FECD0002CEAD1A4
:10BE4000434609EB0802934207D12B6842469C6A9D
:10BE500031464B462846A047DCE703F8014BF2E7A2
:10BE60000224D8E72DE9F34105460C4698461646CC
:10BE7000E2B100F10C074FF0FF31384600F0B2FBA1
:10BE8000AB880093610089B21FFA88F33246A86834
:10BE900002F05CFE0446384600F0C9FB2146284605
:10BEA000FFF767FFC0B202B0BDE8F0810220FAE7F9
:10BEB0002DE9F34105460C4698461646E2B100F1DD
:10BEC0000C074FF0FF31384600F08CFBAB88009335
:10BED000610089B21FFA88F33246A86802F010FFA9
:10BEE0000446384600F0A3FB21462846FFF741FFF1
:10BEF000C0B202B0BDE8F0810220FAE72DE9F041BE
:10BF00001F4683685B6B0446164613B3490000F175
:10BF10000C088DB240464FF0FF3100F063FB236800
:10BF200020465B6B984780B92946BBB23246A06871
:10BF300003F0EAFA0546404600F079FB2946204620
:10BF4000FFF717FFC0B2BDE8F081012000F081FDCE
:10BF5000E5E70520F7E72DE9F0411F4683689B6B75
:10BF60000446164613B3490000F10C088DB2404652
:10BF70004FF0FF3100F036FB236820465B6B98479B
:10BF800080B92946BBB23246A06803F05DFB054686
:10BF9000404600F04CFB29462046FFF7EAFEC0B2BF
:10BFA000BDE8F081012000F054FDE5E70520F7E74A
:10BFB000836893F85100033818BF012070470329A4
:10BFC00010D883681B681A6822F040021A601A6849
:10BFD00022F00302114319601A6842F040021A600D
:10BFE000002070470320704783681B681A6802F0BE
:10BFF0000203D20703D5002B0CBF012303230B70D0
:10C000004FF00000704738B50D46044606F0FAFDC3
:10C01000B0FBF5F1022920D9042920D9082920D91B
:10C02000102920D9202920D9402920D9802920D998
:10C03000B1F5807F1FD83823A2681268116821F0FB
:10C0400040011160116821F038010B43136013683F
:10C0500043F040031360002038BD0023ECE70823C1
:10C06000EAE71023E8E71823E6E72023E4E728239C
:10C07000E2E73023E0E72B20EEE738B505460C4633
:10C0800006F0C0FDAB681B680246186810F0380067
:10C0900002D15208226038BD082802D1920800203F
:10C0A000F8E7102801D1D208F9E7182801D11209C0
:10C0B000F5E7202801D15209F1E7282801D192099A
:10C0C000EDE7302801D1D209E9E7382801D1120A79
:10C0D000E5E700222B20DDE78368D868000A0130FD
:10C0E000704703299ABF024B585C2E20704700BF4F
:10C0F000E02C030813B5044669B162B1A088009032
:10C100009BB2A06808F0E2FB01462046FFF7E9FF7A
:10C11000C0B202B010BD0220FBE710B5044651B119
:10C120008388806892B208F021FB01462046FFF721
:10C13000D8FFC0B210BD0220FCE710B50446084687
:10C1400049B1E388A06892B208F0BCFC01462046E1
:10C15000FFF7C7FFC0B210BD38B50546104651B154
:10C1600042B19BB2A86808F0A5FE01462846FFF739
:10C17000B8FFC0B238BD0846FCE710B50446084613
:10C1800041B1A06892B208F035FE01462046FFF7A3
:10C19000A8FFC0B210BD10B50446084641B1A06862
:10C1A00092B208F00DFF01462046FFF79AFFC0B299
:10C1B00010BD10B50446806808F076FF01462046A1
:10C1C000FFF78FFF10BD00BF2DE9F34106468846FB
:10C1D000154600242B68A7B2BB4209D80020A4B2A0
:10C1E0002F6014B1232808BF002002B0BDE8F08101
:10C1F00033680DF107011B6930469847C0B2631CD4
:10C200000028ECD19DF8072008F807201C46E1E73C
:10C21000D0F8843093F84100A0F1200358425841EF
:10C22000704708B5D0F884000DF0A5F9003818BFA4
:10C230000120400108BD08B551B1D0F8840092B288
:10C240000DF00CF8022805D0002818BF212008BDE9
:10C250000220FCE72420FAE710B5D0F88440E36B15
:10C260001B685A68B0F8883092B293423CBFA08DE8
:10C270001B189B1A9BB20B804FF0000010BD031DD2
:10C2800010B580220446FF2118461AF0BEFC802219
:10C290000146D4F884000DF05BFF20B9D4F8843057
:10C2A0009B8DA4F888304FF0000010BDFFF7E7BF6A
:10C2B000D0F884301B681A68120770B5B0F888503F
:10C2C00004460E4602D41B689B0702D52046FFF7A2
:10C2D000D6FFD4F88430B4F88820DB6B1B685B6829
:10C2E0009A4210D0C5F1800514FA85F52B79337088
:10C2F000B4F88830013B9BB21BB1A4F88830002011
:10C3000070BD8023F9E72320FAE70000C36A73B504
:10C3100005460BB9048BBCB12C1D2046174AA96CED
:10C3200000F0C4F9204600F0C4F92B8BC4B25BB115
:10C3300005F114063046124AA96C00F0B7F93046F0
:10C3400000F0B7F904B9C4B2EB6A2BB105F12800CB
:10C3500000F0A5FB04B9C4B295F846300093B5F8D7
:10C360004420A96C07482B4600F00EF90CB9C4B262
:10C3700004B100BE204602B070BD00BF3F3B0308C1
:10C38000663B030805C500087FB50646041D00F19D
:10C390001405F26A69465200204600F04AFAC2B219
:10C3A00032BB9DF80030012B0BD0022B15D01BB1F6
:10C3B0000422104604B070BD336803991B693046EF
:10C3C00003E0019B03992BB102989847C2B2002A5F
:10C3D000DFD0EEE733689B69F1E7716A284600F029
:10C3E00028FAC2B222B9336830465B699847EDE754
:10C3F00000BEDEE708B5043022B1002200F0EAF901
:10C40000C0B208BD00F0B6F9FAE7F0B585B0044651
:10C410000E4617461D4613F003F812F0DFFD844266
:10C4200003D0E36A43B9238B33B99EB92368294605
:10C430009B692046984710E006B98DB10123002280
:10C4400069462046CDE901678DF800300395FFF776
:10C45000D1FF02E029463846B047C0B205B0F0BD72
:10C460000220FBE7F0B5044685B01F46154600F1F3
:10C470001406C2B10022304600F0ACF9C0B280B957
:10C48000022305EA0702694620468DF80030FFF7CF
:10C49000B1FFC0B228B1616A0022304600F0C9F98C
:10C4A0001F2005B0F0BD304600F064F9E6E71FB587
:10C4B000044680B100238DF8003090F83C20036CD6
:10C4C00003936946FFF796FFC3B20BB1236C0133A8
:10C4D000236404B010BD00BEFBE738B5084C054628
:10C4E0004FF0FF31204600F07DF8636835B101332D
:10C4F00063600348BDE8384000F099B8013BF7E7B6
:10C50000AC76002038B50446002839D00120FFF76A
:10C51000E4FF012000F09DFA23682046DB6898477D
:10C52000C0B268BBFFF7D9FF164D696879B9E36AF5
:10C530008BB9238BABB923682046DB699847C0B21F
:10C540000028F8D0BDE83840002012F0ACB9012036
:10C5500000F07FFAE9E704F1280000F0D9FAC5B24B
:10C560001DB92046FFF710FFC5B2E36A33B10021C1
:10C5700004F1280000F004FB15B9C5B2002DE1D08C
:10C5800000BEDFE7AC7600207FB503AE01969DF8D4
:10C590002060009600241D46039412F055F90128EE
:10C5A00006D10398294612F009FD204604B070BD5B
:10C5B0000E20FBE7EFF30580003818BF012070471D
:10C5C00010B50446012011F05FFB206000B900BEE9
:10C5D000204610BD10B50446006808B911F04AFFA6
:10C5E000204610BD37B505460C46FFF7E3FF03466E
:10C5F0002868B3B101AA002111F028FE012802D059
:10C600001A2003B030BD019B4BB14FF0E0234FF037
:10C610008052C3F8042DBFF34F8FBFF36F8F0020FC
:10C62000EFE7214611F097FC0128E9D1F7E713B5B0
:10C630000446FFF7BFFF03462068ABB101A911F024
:10C640009AFB012802D01B2002B010BD019B4BB108
:10C650004FF0E0234FF08052C3F8042DBFF34F8F0B
:10C66000BFF36F8F0020EFE71A46194611F027FA43
:10C670000128E8D1F6E710B5006811F003FA044686
:10C6800012F0CEFE231A5842584110BD30B5002595
:10C69000C0E9023505608180C28030BD10B5044616
:10C6A000006808B111F0E6FE204610BDC0E9021294
:10C6B0007047026810B504460AB10F2010BDC1884A
:10C6C000808811F0BBF920600028F6D0A1680B78B3
:10C6D0000BB90020F2E711F094FEFAE7006808B504
:10C6E00008B9142008BD002111F01FF90128F8D164
:10C6F0000020F7E710B50446006840B1FFF75AFF85
:10C7000030B1206811F05EFE003818BF012010BD66
:10C71000206811F023FEB0FA80F04009F7E710B569
:10C720000446006848B1FFF745FF034620682BB177
:10C7300011F057FE003818BF012010BD11F00EFE99
:10C74000A38883428CBF00200120F6E738B5036838
:10C7500005460C4663B1FFF72DFF0346286823B159
:10C7600011F024FE2060002038BD11F0F7FDF9E73C
:10C770001020F9E70368F7B505460C4616463BB3AB
:10C7800031B3FFF717FF2F680546B0B1002301AAA8
:10C790002146384611F092FA012819D1019B4BB17C
:10C7A0004FF0E0234FF08052C3F8042DBFF34F8FBA
:10C7B000BFF36F8F002003B0F0BD304600F051F999
:10C7C0002B4602462146384611F079F90128F1D06E
:10C7D0001320F0E7036873B505460C46164633B3DD
:10C7E00029B3FFF7E7FE2D68B0B1012301AA214666
:10C7F000284611F063FA012819D1019B4BB14FF083
:10C80000E0234FF08052C3F8042DBFF34F8FBFF3E6
:10C810006F8F002002B070BD304600F022F9012376
:10C8200002462146284611F04AF90128F1D013208A
:10C83000F0E7036873B504460D46164673B369B353
:10C84000FFF7B8FED8B12046FFF754FF10B1112012
:10C8500002B070BD206801AA294611F0F7FC01283A
:10C860001AD1019B4BB14FF0E0234FF08052C3F837
:10C87000042DBFF34F8FBFF36F8F0020E8E73046E2
:10C88000246800F0EEF829460246204611F0C4FA6A
:10C890000028DCD00128F0D01220D9E70220D7E709
:10C8A000036870B505460C4616460BB9122070BDDC
:10C8B0000029FBD0FFF77EFE2D6838B121462846BF
:10C8C00011F011FD0128F1D10020F0E7304600F011
:10C8D000C8F821460246284611F01BFCF2E710B5C5
:10C8E00001460446042011F09CF9A06400B900BE82
:10C8F000204610BD10B50446806C08B911F0BAFD91
:10C90000204610BD70B505460E46FFF753FE04469F
:10C9100008B11A2070BDA86C314611F0DCFB01286B
:10C92000F7D12046F6E738B50546FFF743FE044643
:10C9300008B11B2038BDA86C11F087F90128F8D187
:10C940002046F7E710B5032204460021012011F02C
:10C9500075F8206000B900BE204610BD10B5044631
:10C96000006808B911F086FD204610BD37B50546B0
:10C970000C46FFF71FFE03462868B3B101AA002149
:10C9800011F064FC012802D01D2003B030BD019BD2
:10C990004BB14FF0E0234FF08052C3F8042DBFF3AA
:10C9A0004F8FBFF36F8F0020EFE7214611F0D3FACE
:10C9B0000128E9D1F7E7002313B51A4619460446C2
:10C9C000006811F07CF8FFF7F5FD03462068ABB175
:10C9D00001A911F0D0F9012802D01E2002B010BD2B
:10C9E000019B4BB14FF0E0234FF08052C3F8042D70
:10C9F000BFF34F8FBFF36F8F0020EFE71A46194642
:10CA000011F05DF80128E8D1F6E708B5FFF7D2FD8F
:10CA100018B1BDE8084012F037B9BDE8084012F07F
:10CA20002DB9884288BF01F1FF31081A704738B527
:10CA30000C460546FFF7E9FF01462846FFF7F1FFE0
:10CA4000A04234BF0020012038BDFFF7DEBFFFF752
:10CA5000EEBF12F071BA12F06FBA12F025BA12F0EE
:10CA600023BA70477047000010B540B113F0ADFA1B
:10CA700028B1C3681BB1BDE810400069184710BD5C
:10CA800013B50446006838B100230122E360052194
:10CA900000921A4613F0D4F8204602B010BD37B504
:10CAA0000568044615B1152003B030BD4068FFF796
:10CAB000D8FF227A074B0093B2FA82F2014623464E
:10CAC0005209284613F04CF820600028EBD0284685
:10CAD000EAE700BF69CA000807B5006868B101232A
:10CAE000009300231A46052113F0AAF8012814BF69
:10CAF0000D20002003B05DF804FB0220FAE7006877
:10CB000008B520B113F04BFA003818BF012008BD5A
:10CB1000F0B5036885B004460E4683B1FFF74AFDC1
:10CB200027680446E0B112F0AFF8002302460093F4
:10CB3000062103AB384613F083F8012802D01620F3
:10CB400005B0F0BD039B4BB14FF0E0234FF0805296
:10CB5000C3F8042DBFF34F8FBFF36F8F0020EFE7B3
:10CB600012F08CF805463046FFF77BFF2346009015
:10CB70002A460121384613F063F80128DFD1EDE79A
:10CB80007FB5036804460D466BB1FFF713FD2668B9
:10CB90000446C8B10022009203AB0821304613F0CE
:10CBA0004FF8012802D0182004B070BD039B4BB190
:10CBB0004FF0E0234FF08052C3F8042DBFF34F8FA6
:10CBC000BFF36F8F0020EFE72846FFF74AFF2346A9
:10CBD000009022460321304613F032F80128E2D1BA
:10CBE000F0E7F0B5036885B005460C46164693B1EC
:10CBF0004160FFF7DFFC2F6805462046E5B1FFF7EF
:10CC000030FF002302460093092103AB384613F09E
:10CC100017F8012802D0172005B0F0BD039B4BB1D7
:10CC20004FF0E0234FF08052C3F8042DBFF34F8F35
:10CC3000BFF36F8F0020EFE7FFF713FF0446304686
:10CC4000FFF70FFF2B46009022460421384612F0D2
:10CC5000F7FF0128DFD1EDE7F8B5036804460F467A
:10CC6000154683B1FFF74BFF2A4606463946204654
:10CC7000FFF7B7FFC0B228B926B929462046FFF70B
:10CC80007FFFC0B2F8BD1720FCE7F0B5036885B0A0
:10CC900004460E4683B1FFF78DFC27680446E0B1D9
:10CCA00011F0F2FF002302460093072103AB384640
:10CCB00012F0C6FF012802D0182005B0F0BD039B7A
:10CCC0004BB14FF0E0234FF08052C3F8042DBFF377
:10CCD0004F8FBFF36F8F0020EFE711F0CFFF0546B6
:10CCE0003046FFF7BEFE234600902A460221384612
:10CCF00012F0A6FF0128DFD1EDE700BF10B5044612
:10CD0000006903680A219B6B9847206903686421C6
:10CD1000DB6B9847606908B116F0CFFF4FF0000059
:10CD200010BD1FB5ADF80E108AB1046889B2194460
:10CD3000A1420ED800690168CDE9002302230C6AE4
:10CD40000DF10E025021A047C0B204B010BD022068
:10CD5000FBE70B20F9E72DE9F04705460F461E4695
:10CD60009046002A5ED00268CB1893425CD8406996
:10CD700030B14179036800395B6918BF01219847D8
:10CD80000024A146002E46D0002C44D16C68B7FB8D
:10CD9000F4F304FB137323B9B44228BF3446E4B25E
:10CDA00004E0E41AE4B2B44288BFF4B2EB683A0A91
:10CDB0001A70EB685F70E8682246414602301AF04C
:10CDC000D8F82869EA6803685021D3F824A0A31C86
:10CDD000D047361B2744A044C4B2B6B2BFB2002C21
:10CDE000D0D1286903680122DB695021984785F872
:10CDF0000890C4B2002CC5D00120FFF72CFE286992
:10CE000003680122DB69502198472B7A0A2BC4B2B0
:10CE1000F0D92924B6E7686908B116F04EFF20461C
:10CE2000BDE8F0870224FAE70B24F8E710B45DF8B8
:10CE3000044B4365C0E91312FFF768BA10B5044606
:10CE4000FFF7E3FDA0654FF0000010BD70B5314C59
:10CE5000254655F8043BBFF35B8F13F0010656D10E
:10CE6000204617F066FC002851D02B4B636010223F
:10CE700033460221281DFFF709FC00231A461946F4
:10CE800004F11800FFF702FC244AC4E90E258022B1
:10CE9000A4F84820032284F84A20214AE264214A67
:10CEA00062600023642204F17400C4E90A33C4E917
:10CEB0001433C4E91633C4E91833236384F83430D7
:10CEC00084F840306364A4F86830E266A4F87030F7
:10CED000FFF776FB07E01448FFF7E0FB0D4817F07B
:10CEE00034FC17F0D3F81148FFF72CFD07E0104889
:10CEF000FFF770FB0F4815F027FBEFE7FAE70E4A44
:10CF00000E490C4817F047F8024817F021FC094871
:10CF100070BDE3E7B4760020E03D0308AFC400082D
:10CF2000443B0308982D0308BC7600202C77002092
:10CF300028770020B876002044010020CD3E02086A
:10CF400038B590F86D300446C3B9C36DB3B1406DC8
:10CF5000A0B141790368B1FA81F15B694909984749
:10CF6000656D2B6828461B6998476B79003B18BF95
:10CF700001238342F4D0606D16F0A6FE38BDC06D6B
:10CF8000003818BF012070470B2938B504460D46FC
:10CF900013D990F86D3083B905F01EFE6423B0FB01
:10CFA000F3F0B0FBF5F5E06C216D036801229D62A2
:10CFB0005A61BDE838400AF02FBBD4E913010AF0EA
:10CFC00083FB606D08B116F07FFE38BD2DE9F0419E
:10CFD00000F1700804460F4640464FF0FF311546F9
:10CFE0001E46FFF7FFFA39462046FFF7CDFF2846D9
:10CFF000FFF731FD00212046FFF7C6FF16B1284696
:10D00000FFF729FD4046BDE8F041FFF710BB38B5FA
:10D0100000F1700504464FF0FF312846FFF7E2FAB1
:10D02000002164232046C4E91711A36684F86C101C
:10D03000FFF7AAFF2846BDE83840FFF7F8BA2DE908
:10D04000F84304469DF8209016461F460D46F1B160
:10D05000EAB1E3B1C36D0BB1FFF7D9FF04F170087A
:10D060004FF0FF314046FFF7BDFA002384F86C9083
:10D07000A766A4F86230A4F86060E5654046FFF753
:10D08000D6FA04F17400BDE8F843FFF794BCBDE89C
:10D09000F883F8B5044600F170074FF0FF313846C9
:10D0A000FFF7A0FAE36DA66E002B41D0B4F86050F4
:10D0B0004DB3B4F8622033F81230B3F5987F4FEADD
:10D0C0001311204638BF0021FFF75EFFB4F862302D
:10D0D00013B9FFF79AFCA065B4F86230E26D32F83C
:10D0E000132002F00F0256430133B4F860209BB2C4
:10D0F0009A42A4F8623005D894F86C501DB1002310
:10D10000A4F8623001253846FFF791FA314604F160
:10D110005800FFF7A4FC45B92046FFF778FF4FF011
:10D12000FF3104F17400FFF721FC4FF00000F8BD5F
:10D130001D46E8E780F86D1011B10021FFF724BF0C
:10D14000704700BF3830FCF745BE2DE9F04FB0F90D
:10D1500006A087B01D46AA45109B049304460E46C0
:10D16000174600F38980B0F90A90A945C0F284807F
:10D17000B0F90830049A9B1ABB420593B4BF059BD3
:10D1800007F1FF33002B48DD90F83420002A5BD1F3
:10D1900090F8351000295FD1394ADFF8ECE00392AE
:10D1A0008C466FF07F4294F8108036483649B8F1CB
:10D1B000000F08BF0146AA4553D00AF10100A8425A
:10D1C00051D009F1FF30A8424FD0A94508BF6146B0
:10D1D0000498B4F90480A8EB000828EAE8708346B4
:10D1E0005B4544DAAA4518DAA94516DDB8F1000F07
:10D1F000A4BF46F8202006EB8000059AA8BFC0F81F
:10D2000004E0BA4209DA03F18043013B039A46F88D
:10D21000232006EB8303C3F804C0237C43B9049B9B
:10D2200000933A462B46314604F17C00FCF752FE4F
:10D23000049B10933A462B46314604F1380007B060
:10D24000BDE8F04FFCF746BE0F4ADFF834E003922A
:10D2500000226FF07F4CA6E70B49DFF824E0039132
:10D26000F7E71146B4E77146B2E70399B0E746F82D
:10D270002B100BF1010BB3E707B0BDE8F08F00BF37
:10D2800040404000C0C0C000808080002DE9F74FC2
:10D29000DDE90C5617469846C3806B1E3B4403815C
:10D2A000731E9DF83820C162434487804381858185
:10D2B000C6810274044600F13809D0F830B08A46BD
:10D2C000FBF70EFF4346CDE900B03A4651464846CB
:10D2D000FCF7F3FEB4F94630F61AB4F94430ED1A0F
:10D2E00006EBD67605EBD57508EB6602002307EB57
:10D2F00065014846FEF7B4FC01214846FCF792FD63
:10D3000004F17C06E76AB4F93C50B4F93E40FBF7FF
:10D31000E7FE013501346FF07F43019000933946F9
:10D32000304623462A46FCF7C8FE0121304603B0AA
:10D33000BDE8F04FFCF776BD2DE9FF47044699465E
:10D340000F469046FEF755FC2C4B236000256FF0EE
:10D350007F4304F1380AC4E90855C4E90A55236338
:10D36000A5865046FEF745FC0123C4E91655244E18
:10D37000256684F86430A5664FF080714FF0FF3366
:10D38000A4F8785004F17C05C4E91B13A663284671
:10D39000FEF72FFC012384F8A8304FF080724FF085
:10D3A000FF33C4E92C2300209DF83830C4F8A400D2
:10D3B000C4E92700C4F8AC00A4F8BC00E6670293F7
:10D3C0000D9B01930C9B009342464B4639462046E9
:10D3D000FFF75CFF0EE0E6672846FEF71DFCA6633C
:10D3E0005046FEF719FC2046FEF716FC16F04EFEDE
:10D3F000F5E7F8E7204604B0BDE8F087DC2D030828
:10D40000582803082DE9F74F0C9E81801D46013BEB
:10D410000B440381731E1344C28043818581C681FE
:10D4200004460F46904600F13809D0E90BABFBF7F4
:10D4300057FE4346CDE900B03A4651464846FCF710
:10D440003CFEB4F94630F61AB4F94430ED1A06EB56
:10D45000D67605EBD57508EB6602002307EB650170
:10D460004846FEF7FDFB01214846FCF7DBFC04F1D2
:10D470007C06E76AB4F93C50B4F93E40FBF730FE55
:10D48000013501346FF07F430190009339463046F7
:10D4900023462A46FCF711FE0121304603B0BDE8C1
:10D4A000F04FFCF7BFBCF8B50D46C16AA94204466F
:10D4B0003BD0284614F012FEB0B304F138063046D3
:10D4C00000222946FCF7A6FFB4F94630B4F90E2035
:10D4D000B4F90C10B4F90400B4F90670D21AB4F916
:10D4E0004430C91A02EBD27201EBD171002300EB78
:10D4F000610107EB6202304604F17C06FEF7B0FBE7
:10D50000002229463046FCF785FFB4F93E20B4F9E5
:10D510003C100023013101323046FEF7A1FB2368A5
:10D520000021DB6C20469847E562F8BD026B8A4219
:10D5300010B504460CD00163012338300022FCF7FB
:10D5400059FC23682046DB6CBDE8104000211847D9
:10D5500010BD2DE9F041044600F1380738460E466B
:10D56000FCF7BEFEB4F94630B4F90E20B4F944100D
:10D57000B4F90600D21AB4F90C305B1AB4F90410ED
:10D5800003EBD37502EBD27200EB6202002301EBD6
:10D590006501384604F17C05FEF762FB31462846FA
:10D5A000FCF79EFEB4F93E20B4F93C102846002357
:10D5B000BDE8F04101320131FEF752BB2DE9F041E7
:10D5C000044600F1380738460E46FCF7D5FEB4F99C
:10D5D0004630B4F90E20B4F94410B4F90600D21A5A
:10D5E000B4F90C305B1AB4F9041003EBD37502EBF9
:10D5F000D27200EB6202002301EB6501384604F1B0
:10D600007C05FEF72DFB31462846FCF7B5FEB4F944
:10D610003E20B4F93C1028460023BDE8F041013219
:10D620000131FEF71DBB2DE9F041044600F138073A
:10D6300038460E46FCF70EFCB4F94630B4F90E201D
:10D64000B4F94410B4F90600D21AB4F90C305B1ADC
:10D65000B4F9041003EBD37502EBD27200EB620253
:10D66000002301EB6501384604F17C05FEF7F8FA6A
:10D6700031462846FCF7EEFBB4F93E20B4F93C10E5
:10D6800028460023BDE8F04101320131FEF7E8BA37
:10D69000036870B55B6C04469847054690B9216BEA
:10D6A0000246012304F13800FCF7A4FB236820465E
:10D6B0009B6C01219847236829462046DB6CBDE816
:10D6C0007040184770BD036810B55B6C04469847FE
:10D6D00090B1236820469B6C0021984704F13800E4
:10D6E000064901230022FCF785FB23682046DB6CFA
:10D6F000BDE810400021184710BD00BF80808000A9
:10D7000090F834208A4205D0036880F83410DB6C2E
:10D71000002118477047C0E908128362704710B4AF
:10D720000346D0E9080428B121469A6A5DF8044B03
:10D73000FEF76BBE2CB1986A194623465DF8044B80
:10D7400018475DF8044B704770B50446052925D885
:10D75000DFE801F0030D2424031A012380F835309B
:10D7600023682046DB6CBDE8704000211847002587
:10D77000016B80F8355001232A463830FCF73AFB1C
:10D780002046FFF7CCFFEBE70025016B80F8355012
:10D7900001232A463830FCF72DFBE1E770BD00BFBE
:10D7A000704770470B4B0C4A10B51A6200240B4AA5
:10D7B0001C625A620A4A5C621A6180221C615A61C8
:10D7C0004FF0FF325C619A619C61FFF7EAFF2046EF
:10D7D00010BD00BF003802400FC8E21031791700B9
:10D7E0009F10600070B50E4E4FF47A733278B3FB21
:10D7F000F2F30C4A05461068B0FBF3F000F058F95C
:10D80000044650B90F2D08D8024629464FF0FF3084
:10D8100000F0EAF87560204670BD0120FCE700BF0B
:10D8200044000020DC00002008B50B4B1A6842F4CD
:10D8300000721A601A6842F480621A601A6842F430
:10D8400080721A60032000F0BDF80F20FFF7CAFFB6
:10D8500013F0B4F8002008BD003C0240034A044B1A
:10D8600011681B780B441360704700BF30770020AD
:10D8700044000020014B1868704700BF307700203B
:10D88000014B5868704700BF4400002038B5064C73
:10D890002578854206D020706068FFF7A3FF00B1AD
:10D8A000257038BD0020FCE744000020014B1878AB
:10D8B000704700BF4400002038B50446FFF7DAFF88
:10D8C000631C1CBF054B1B78054618BFE418FFF707
:10D8D000D1FF431BA342FAD338BD00BF4400002050
:10D8E0004FF0E022136923F00203136170474FF0F9
:10D8F000E022136943F00203136170470048704748
:10D9000000050801014B1868000C7047002004E076
:10D91000024B1868C0F30B00704700BF002004E002
:10D92000024A536843F0010353607047002004E04B
:10D93000024A536823F0010353607047002004E05B
:10D94000024A536843F0020353607047002004E02A
:10D95000024A536823F0020353607047002004E03A
:10D96000024A536843F0040353607047002004E008
:10D97000024A536823F0040353607047002004E018
:10D98000024B0122C3F80024704700BF0000274269
:10D99000024B0022C3F80024704700BF000027425A
:10D9A000014BD3F8100A70470070FF1F014BD3F8EA
:10D9B000140A70470070FF1F014BD3F8180A704714
:10D9C0000070FF1F0749CA6822F4E06203021204D4
:10D9D00003F4E063120C134343F0BF6343F40033DA
:10D9E000CB60704700ED00E0164B30B5DC68C4F347
:10D9F0000224C4F10703251D042B28BF0423062D90
:10DA00004FF0FF358CBF033C002405FA03F321EAF5
:10DA10000303A54022EA0502A340002843EA0203CB
:10DA2000ACBF00F16040084A4FEA0313B8BF00F0F2
:10DA30000F00DBB2AABF00F56140135480F8003339
:10DA400030BD00BF00ED00E014ED00E0002807DB72
:10DA5000044A4109012300F01F00834042F82130AD
:10DA6000704700BF00E100E000280CDB43090649D5
:10DA700000F01F0020330122824041F82320BFF331
:10DA80004F8FBFF36F8F704700E100E0BFF34F8F00
:10DA90000549064BCA6802F4E0621343CB60BFF34A
:10DAA0004F8F00BFFDE700BF00ED00E00400FA0566
:10DAB0000138B0F1807F0BD24FF0E023054A586166
:10DAC000F02182F823100020072298611A61704724
:10DAD0000120704700ED00E0BFF35F8F044B5A6AEE
:10DAE00022F480325A620022C3F89420704700BFAB
:10DAF00000ED00E0064B40F00100C3F894005A6AC4
:10DB000042F480325A62BFF34F8FBFF36F8F70477A
:10DB100000ED00E0044BC3F89800D3F8A02042F0D9
:10DB20000102C3F8A020704700ED00E0044BC3F8E9
:10DB30009800D3F8A02022F00102C3F8A02070477B
:10DB400000ED00E0144A4378C2F89830D2F8A030D3
:10DB500023F00103C2F8A0304368C2F89C30C37AB6
:10DB6000017B1B0643EA017301780B43817A43EA88
:10DB7000C143417B43EA8143817B43EA4143C17B0B
:10DB800043EA0143417A43EA0123017A43EA41032C
:10DB9000C2F8A030704700BF00ED00E040BF20BFDA
:10DBA0007047024BD868C0F30220704700ED00E0D8
:10DBB00070B50028AEBF00F16040124C00F00F00BD
:10DBC00001F00701AABF00F56140205C90F8000356
:10DBD000C1F107040D1D042C28BF0424062D4FEAB3
:10DBE00010108CBF033900214FF0FF3505FA04F403
:10DBF00020FA01F68D4026EA040420EA05001460AC
:10DC0000186070BD14ED00E0002808DB43090449EA
:10DC100000F01F0001224033824041F8232070476A
:10DC200000E100E00028A1BF43094033054A52F853
:10DC30002330A3BF00F01F0023FA00F000F0010022
:10DC40000020704700E100E0002808DB4309044998
:10DC500000F01F0001226033824041F8232070470A
:10DC600000E100E00028A1BF43098033054A52F8D3
:10DC70002330A3BF00F01F0023FA00F000F00100E2
:10DC80000020704700E100E04FF0E02304281A690B
:10DC90000CBF42F0040222F004021A617047704780
:10DCA00008B5FFF7FCFF08BD036810B5084C024635
:10DCB000D9B210391820B1FBF0F0205CD06523F404
:10DCC0007F7020F003005F2988BF0430906510BD8D
:10DCD000442E030870B50446FFF7CCFD0546002C22
:10DCE00060D0022384F835302268002384F8343071
:10DCF000136823F00103136022681368D8072ED439
:10DD000013683248A1691840D4E901352B43E5680E
:10DD10002B4325692B4365692B43E5690B432B4353
:10DD2000256A2B430343606A042802BFD4E90B56DB
:10DD300035432B4313605369042823F0070343EA58
:10DD4000000335D1A06AE56A03438DB391B9012878
:10DD500020D030F002012BD1E90129D51DE0FFF7D9
:10DD600089FD401B0528C7D920230320636584F85B
:10DD7000350070BDB1F5005F16D1032818D801A198
:10DD800051F820F09BDD000859DD00089BDD0008FC
:10DD900095DD0008B5F1C07F0AD1402363650123FA
:10DDA00084F835300120E4E70228F6D90328D3D0DF
:10DDB00053612046FFF778FFE26D3F239340836075
:10DDC00000200123606584F83530D2E73F8010F0F1
:10DDD00038B5054620B390F83530022BDCB21DD0A3
:10DDE00003681A6822F0010200241A6021221C60D4
:10DDF0005C609C60DC601C615A61FFF755FFEA6D56
:10DE00003F239340C5E90F44C5E91144C5E91344D4
:10DE100083606C6585F8344085F83540204638BD10
:10DE20000124FBE730B590F83440012C21D00124C7
:10DE300080F8344090F83540012C4FF0000416D1A2
:10DE4000022580F8355044650468256825F480254E
:10DE5000256063608368402B0BBFA260A160E16016
:10DE6000E260236843F001032360002030BD80F8A6
:10DE700034400220FAE770B590F83440866D012CEA
:10DE800030D0012480F8344090F83540012C4FF018
:10DE9000000425D1022580F83550446504682568C2
:10DEA00025F48025256063608368402B0EBFA26047
:10DEB000A160E260C26D08BFE1603F239340B360A0
:10DEC000236843F016032360036C1BB1236843F0FF
:10DED00008032360236843F001032360002070BD22
:10DEE00080F834400220FAE770B50446866DFFF7EB
:10DEF000C1FC94F83530022B054606D080236365BB
:10DF00000120002384F8343070BD23681A6822F0A1
:10DF100016021A605A6922F080025A61226C0AB90C
:10DF2000A26C1AB11A6822F008021A601A6822F06C
:10DF300001021A602368186810F0010007D1E26D31
:10DF40003F239340B360012384F83530D9E7FFF7CE
:10DF500091FC401B0528EDD920230320636584F83C
:10DF60003500CEE790F83530022B03D0802343658F
:10DF7000012070470268052380F83530136823F0CC
:10DF800001031360002070472DE9F84F04460E4648
:10DF90009046FFF76FFC94F83530022B814605D090
:10DFA00080236365002384F8343006E023681B680F
:10DFB000D90504D54FF480736365012031E0E76D26
:10DFC000F6B92023A56D296803FA07F74FF0080A70
:10DFD0004FF0010B0F4202D1636DDA0712D5636D6A
:10DFE000002B44D0636DDB0741D52046FFF77CFF53
:10DFF000E26D30239340AB60012384F83530D1E7E4
:10E000001023DFE7B8F1FF3F13D0B8F1000F0AD1BA
:10E0100020236365012384F83530002384F83430ED
:10E020000320BDE8F88FFFF725FCA0EB0900404571
:10E03000EED8E36D29680AFA03F20A421FBF606D49
:10E0400040F001006065AA600BFA03F20A421FBFAC
:10E05000606D40F002006065AA60042202FA03F3DA
:10E060000B421FBF606D10436065AB60B2E7E26DAD
:10E070004EB930239340AB60012384F8353084F8E7
:10E0800034600020CDE710239340AB60F9E7F7B58B
:10E09000002301935B4B856D1F68C36D2E680822BA
:10E0A0009A40324204460CD001680868400708D5FF
:10E0B000086820F004000860AA60626D42F0010266
:10E0C000626501229A40324208D0216849690906F6
:10E0D00041BFAA60626D42F00202626504229A406A
:10E0E000324208D021680968880741BFAA60626D82
:10E0F00042F00402626510229A40324210D0236836
:10E10000196809070CD5AA601A68500337D51B682F
:10E11000190301D4236C00E0A36C0BB1204698478F
:10E12000E16D20228A4032423AD023681868C60640
:10E1300036D5AA6094F83520052A1A6827D122F02E
:10E1400016021A605A6922F080025A61226C0AB9DA
:10E15000A26C1AB11A6822F008021A603F238B40A1
:10E16000AB60012384F83530002384F83430236D0C
:10E17000002B45D0204603B0BDE8F04018471A6890
:10E18000D2055EBF1A6822F008021A60C2E7500387
:10E1900027D51B68190331D4636C0BB1204698470F
:10E1A000636D6BB3636DDA0719D522684FF41653AC
:10E1B000B7FBF3F7052384F83530136823F0010328
:10E1C0001360019B0133BB42019302D81368DB0744
:10E1D000F7D4012384F83530002384F83430E36C1D
:10E1E000C6E71A6812F4807208D1196821F010018C
:10E1F0001960012384F8353084F83420E36BCCE7D0
:10E2000003B0F0BDDC00002010B5034690F83400E8
:10E2100001281DD093F83540012CE0B216D1052914
:10E2200006D8DFE801F003090B0D0F11DA630020B7
:10E23000002283F8342010BD1A64F8E75A64F6E728
:10E240009A64F4E7DA64F2E71A65F0E70120EFE791
:10E250000220F0E710B590F83420012A034627D0B9
:10E2600090F835400122944280F83420E0B21DD16C
:10E270000022062907D8DFE801F0040A0C0E101767
:10E280001200DA630020002283F8342010BD1A64E3
:10E29000F8E75A64F6E79A64F4E7DA64F2E7C3E968
:10E2A0000F22C3E91122DA641A65EBE71046EAE7A8
:10E2B0000220EBE790F835007047406D704700BFD3
:10E2C0002DE9F74FDFF880915D4A00230D680124A6
:10E2D0009C4004EA0506AC4340F0A3804D68032748
:10E2E00005F003044FEA430807FA08FC671E012FF4
:10E2F0006FEA0C0C34D8876807EA0C0ECF6807FA6F
:10E3000008F747EA0E078760476827EA060EC5F355
:10E3100000179F4047EA0E074760C76807EA0C0EE0
:10E320008F6807FA08F747EA0E07022CC76019D171
:10E330004FEAD30A00EB8A0A03F0070BDAF82070E1
:10E340004FEA8B0B4FF00F0E0EFA0BFE27EA0E0E64
:10E350000F6907FA0BF747EA0E07CAF8207001E0C9
:10E36000032CDAD1076804FA08F407EA0C073C43E7
:10E3700015F4403F046054D000240194D9F844407F
:10E3800044F48044C9F84440D9F8444023F00307DA
:10E3900007F1804704F4804407F59C37019403F0AB
:10E3A000030C019CD7F808E04FEA8C0C0F2404FA08
:10E3B0000CF42EEA040E234CA04239D004F58064FC
:10E3C000A04237D004F58064A04235D004F58064C3
:10E3D000A04233D004F58064A04214BF0724042473
:10E3E00004FA0CF444EA0E04BC609468F74315F494
:10E3F000801F0CBF3C4034439460D46815F4001F68
:10E400000CBF3C403443D460546815F4003F0CBF4B
:10E410003C40344354601468ED0354BF3C403443E3
:10E4200014600133102B7FF451AF03B0BDE8F08FBF
:10E430000024D5E70124D3E70224D1E70324CFE762
:10E44000003C014000000240003802403B4A2DE9F8
:10E45000F04F00234FF0010A4FF00F084FF0030B6D
:10E460000AFA03FC3CEA01040CEA010658D123F045
:10E47000030404F1804404F59C3403F00307A56809
:10E48000BF0008FA07F909EA050E2D4DA8424CD045
:10E4900005F58065A8424AD005F58065A84248D0B8
:10E4A00005F58065A84246D005F58065A84214BFF1
:10E4B00007250425BD40754513D1156825EA0605D5
:10E4C0001560556825EA06055560D56825EA0605F4
:10E4D000D560956825EA06059560A56825EA0905D1
:10E4E000A56005685C000BFA04F4DE0825EA040563
:10E4F00000EB8606056003F00705376AAD0008FAF1
:10E5000005F527EA05073762C56825EA0405C560F1
:10E51000456825EA0C054560856825EA04048460A1
:10E520000133102B9CD1BDE8F08F0025C2E70125F7
:10E53000C0E70225BEE70325BCE700BF003C014061
:10E540000000024000690840003818BF01207047F1
:10E550000AB1816170470904FBE7436901EA0302DC
:10E5600021EA030141EA02418161704782B04FF420
:10E5700080330193019B0B430193019BC361C161F4
:10E58000019BC361C3690193C06980F48030C0F30B
:10E59000004002B070477047044A5169014208B513
:10E5A00002D05061FFF7F7FF08BD00BF003C0140FB
:10E5B00001684B6913F480634FF0000210D06FF4D0
:10E5C00080634B612023026380F83D3080F83E2059
:10E5D000036C80F83C2043F004030364012070477F
:10E5E000184670472DE9F84606460F4691461D46E7
:10E5F0004FEA114A3368BAF1010F39D15C6927EA51
:10E600000404A4B2B4FA84F46409A14501D0002042
:10E6100024E06A1CEFD0FFF72DF9089BC01AA8422E
:10E6200001D8002DE6D1BAF1010F336818D15B692A
:10E6300027EA03039BB2B3FA83F35B099945D9D167
:10E6400000232022336386F83D2086F83E30326C6A
:10E6500086F83C3042F0200232640120BDE8F886A2
:10E660009B69DB43C3F3400383F00103DBB2E5E7BF
:10E670009C69E443C4F3400484F00104E4B2C4E7B9
:10E680002DE9F04104460F4616469846256868690C
:10E6900027EA000080B2C0B16B695A0517D52B6814
:10E6A00043F400732B606FF480636B6120220023BE
:10E6B000236384F83D2084F83E30236C43F0040348
:10E6C0002364002384F83C300120BDE8F081731CF2
:10E6D000DDD0FFF7CFF8A0EB0800B04201D8002E44
:10E6E000D4D123685A6927EA020292B2002ACDD017
:10E6F00000232022236384F83D2084F83E30236CDD
:10E700001343DDE770B504460D46164623685B6982
:10E710001B0601D500201EE02046FFF749FFC8B9BF
:10E720006A1CF3D0FFF7A6F8801BA84201D8002D81
:10E73000ECD123685B6913F08003E7D120222363C7
:10E7400084F83D2084F83E30226C84F83C3042F05E
:10E7500020022264012070BD2DE9F04315460268B5
:10E7600085B0DDE90C789946136843F48073136033
:10E770000E463B46CDF8008000224FF001110446C2
:10E78000FFF730FF236838B11B68DB0502D54FF473
:10E7900000732364032620E006F0FE061E611A497A
:10E7A00043463A462046FFF76BFFA8B9236803901B
:10E7B0005A6903929B690393424639462046039B5C
:10E7C000FFF7A0FF064660B1236C042B01BF22684F
:10E7D000136843F4007313600126304605B0BDE8AA
:10E7E000F083B9F1010F236802D1EDB21D61F4E7A6
:10E7F0002A0A1A61394642462046FFF783FF00285D
:10E80000E2D12368F1E700BF020001002DE9FF47D4
:10E810009A46036815461A6842F480621A601A68BC
:10E82000DDE90C7842F480721A600E463B46CDF862
:10E83000008000224FF001110446FFF7D3FE236849
:10E8400038B11B68DB0544BF4FF400732364032019
:10E8500021E05FFA86F906F0FE061E612A4943466A
:10E860003A462046FFF70CFFA0B9236803905A6987
:10E8700003929B690393424639462046039BFFF768
:10E8800041FF58B1236C042B01BF2268136843F485
:10E8900000731360012004B0BDE8F087BAF1010FE6
:10E8A00023681AD1EDB242461D6139462046FFF772
:10E8B00029FF02460028E5D121680B6843F48073E4
:10E8C0000B602046CDF800803B464FF00111FFF76A
:10E8D00089FE226860B11368B4E72A0A1A613946D2
:10E8E00042462046FFF70EFF0028CBD12368D9E728
:10E8F00049F0010304491361204643463A4604B0F7
:10E90000BDE8F047BCE600BF0200010070B5044658
:10E910000D46164623685B695B0701D500201EE0A3
:10E920002046FFF745FEC8B96A1CF3D0FEF7A2FFE8
:10E93000801BA84201D8002DECD123685B6913F03D
:10E940000403E7D12022236384F83D2084F83E307D
:10E95000226C84F83C3042F020022264012070BD19
:10E9600070B504460D46164621684B6913F0400306
:10E9700001D0002011E04A69D2060FD56FF01002D5
:10E980004A612022236384F83D2084F83E30236CC2
:10E990002364002384F83C30012070BDFEF76AFF39
:10E9A000801BA84201D8002DDED123685B6913F0DB
:10E9B0004003D9D12022236384F83D2084F83E30DF
:10E9C000236C1343E4E7704770B5044608B901208F
:10E9D00070BD90F83D3003F0FF021BB980F83C2079
:10E9E00011F0D0FC242384F83D3023681A6822F00B
:10E9F00001021A601A6842F400421A601A6822F48E
:10EA000000421A6004F0EEF83F4B65689D4294BFE7
:10EA10003E4B3F4B98428CBF00230123002BD6D1A5
:10EA20002268394E51683B4BB0FBF3F321F03F01B4
:10EA30001943B542516088BF4FF49676116A88BF7A
:10EA4000734321F03F0184BF4FF47A76B3FBF6F3B2
:10EA500001330B431362D169431E2B4821F44F410C
:10EA6000854221F0FF0132D86D0040F6FC70B3FB07
:10EA7000F5F30133034242D0C3F30B031943D161D1
:10EA8000D4E907301168034321F0C0010B43136040
:10EA90009168D4E9030321F40341034321F0FF010A
:10EAA0000B439360D4E90530D168034321F0FF01A3
:10EAB0000B43D360136843F001031360002020234D
:10EAC000206484F83D30206384F83E0080E7A0682D
:10EAD00050B905EB4505B3FBF5F30133C3F30B0365
:10EAE0007BB143F40043C9E719206843B3FBF0F35B
:10EAF0000133C3F30B0323B143F44043BEE70423C4
:10EB0000BCE70123BAE700BFA08601007F841E0096
:10EB1000FF083D0040420F00704710B5044698B111
:10EB20000268242380F83D30136823F0010313604A
:10EB300011F060FC0020206484F83C0084F83D0063
:10EB4000206384F83E0010BD0120FCE72DE9F0436E
:10EB5000044685B098460C9F0D469146FEF78AFE06
:10EB600094F83D30202B064604D00225284605B0F7
:10EB7000BDE8F08300905E49192301222046FFF78B
:10EB800031FD0028F1D194F83C30012BEDD0216803
:10EB9000012384F83C300B68DA075EBF0B6843F052
:10EBA00001030B600B6823F400630B60212384F8DE
:10EBB0003D30102384F83E3000232364A4F82A80DB
:10EBC000638D23854B4BE362E36AC4F82490082BE2
:10EBD00004D0012B02D013F5803F04D10B6843F41D
:10EBE00080730B6002E0236B122BF7D0002200969B
:10EBF0003B464FF001112046FFF7F4FC226840B17C
:10EC00001368DB0501D40125B0E74FF400732364DA
:10EC1000F9E72369B3F5804F21D105F0FE051561B1
:10EC2000354933463A462046FFF72AFD0546002877
:10EC3000E9D1236803905A6903929B690393039B6C
:10EC4000238DF3B921680A6842F400720A60202219
:10EC500084F83D2084F83C3084F83E3086E7EB11A0
:10EC600003F0060343F0F0031361244933463A46A8
:10EC70002046FFF705FD0028C5D12368EDB21D61D0
:10EC8000CEE7324639462046FFF73CFD40B1236CC3
:10EC9000042BB8D12268136843F400731360B2E701
:10ECA000636A20681A4612F8011B01616262628D74
:10ECB000013A92B26285228DD0F814C0511E89B2F9
:10ECC0001CF0040F21850AD049B159780161023343
:10ECD0006362638D013B9BB2023A638522853246B3
:10ECE00039462046FFF712FE0028A9D0CFE700BF23
:10ECF000020010000000FFFF0200010008000100F8
:10ED00002DE9F043044689B09846109F0E4691467F
:10ED1000FEF7B0FD94F83D30202B054604D00226C6
:10ED2000304609B0BDE8F0830090994919230122CB
:10ED30002046FFF757FC0028F1D194F83C30012B16
:10ED4000EDD02168012384F83C300B68DB075EBFFF
:10ED50000B6843F001030B600B6823F400630B6046
:10ED6000222384F83D30102384F83E3000232364AE
:10ED7000A4F82A80638D2385864BE362E36A0A68E0
:10ED8000C4F8249042F48062082B0A6004D0012B5E
:10ED900002D013F5803F04D10B6843F480730B60FD
:10EDA00002E0236B112BF7D03B46009500224FF079
:10EDB00001112046FFF716FC236838B11B68DD05FA
:10EDC00044BF4FF4007323640126A9E72269B2F51A
:10EDD000804F25D146F00106F6B21E616E492B46E2
:10EDE0003A462046FFF74CFC06460028ECD1238D1E
:10EDF0002168002B49D103904B6903938B690393DE
:10EE0000039B0B6843F400730B60238D002B64D1CC
:10EE1000202284F83D2084F83C3084F83E307FE79F
:10EE20004FEAE61808F0060848F0F0021A615B495C
:10EE30002B463A462046FFF723FC0028C4D123681E
:10EE40005549F6B21E613A462B462046FFF718FC9C
:10EE500002460028B8D1236807905969079199693B
:10EE600007910799196841F480711960204600954F
:10EE70003B464FF00111FFF7B5FB226808B113685C
:10EE80009DE748F0F1031361A8E7012B0AD10B6855
:10EE900023F480630B6004904B6904938B690493A3
:10EEA000049BAEE7022B0B680DD123F480630B604B
:10EEB0000B6843F400630B6005904B6905938B6905
:10EEC0000593059BA1E743F480630B6006904B69B3
:10EED00006938B690693069B97E7032B62D8012B59
:10EEE00016D12A4639462046FFF73AFD00287FF41E
:10EEF0006BAF23681A69636A1A70636A01336362CD
:10EF0000238D013B2385638D013B9BB263857CE7A9
:10EF1000022B234900953B464FF0000220461AD1B0
:10EF2000FFF760FB00287FF44FAF23681A6842F4B4
:10EF300000721A601A69636A1A70626A531C63620B
:10EF4000238D013B2385638D013B9BB26385236841
:10EF50001B695370D1E7FFF745FB024600287FF499
:10EF600033AF2368196821F4806119601969636AF5
:10EF70001970636A0A4901336362238D013B23855B
:10EF8000638D013B9BB26385204600953B46C7E7F6
:10EF9000020010000000FFFF020001000800010055
:10EFA000040001002A4639462046FFF7D9FC002814
:10EFB0007FF40AAF23681A69636A1A70628D616A06
:10EFC000013A92B24B1C628522686362238D5069BC
:10EFD000013B9BB2400723857FF517AF032B02BF90
:10EFE000136823F48063136013694B7085E72DE980
:10EFF000F043044685B01E4689469046FEF73AFC2B
:10F0000094F83D30202B074640F09780B9F1000F6F
:10F0100071D0B8F1000F6ED094F83C30012B00F0A5
:10F020008C8025684649012384F83C302B68DB0737
:10F030005EBF2B6843F001032B602B6823F4006351
:10F040002B60212384F83D300022202384F83E30B9
:10F050002264A4F82A80638D23853A4BE3622B68EF
:10F06000C4F8249043F480632B600090334620461C
:10F07000FFF7B8FA024600283DD12368029059698B
:10F0800002919B690293029B2369B3F5404F0DD116
:10F090002B49009733462046FFF7A4FA58BB236854
:10F0A00003905A6903929B690393039B228DBAB91B
:10F0B000009733464FF482312046FFF793FAD0B9D8
:10F0C00023686FF480625A611A6822F480621A60C1
:10F0D000202384F83D3084F83C0084F83E000BE0A7
:10F0E0003A4631462046FFF70DFB226838B11368D7
:10F0F00023F480631360012005B0BDE8F083636AE8
:10F10000194611F8010B10616162618D013989B2F4
:10F110006185218D5569481E80B26D072085C5D552
:10F120000028C3D05878106102336362638D013BBD
:10F130009BB2023963852185B8E70220DCE700BF76
:10F14000020001000000FFFF2DE9F043044685B0F6
:10F150001F4689461646FEF78DFB94F83D30202B5E
:10F16000804640F0AB80B9F1000F04D10126304653
:10F1700005B0BDE8F083002EF8D094F83C30012BA8
:10F1800000F09C8025684E49012384F83C302B68B0
:10F19000DB075EBF2B6843F001032B602B6823F471
:10F1A00000632B60222384F83D300022202384F862
:10F1B0003E3022646685638D2385424BE3622B6873
:10F1C000C4F8249043F480632B6000903B462046B3
:10F1D000FFF708FA06460028C8D1236802905A694A
:10F1E00002929B690293029B238DC3B925686B69C8
:10F1F000DB0641D5002303936A6903922A6842F033
:10F2000001022A60039A2A6822F480622A6020227E
:10F2100084F83D2084F83C3084F83E30A7E742462D
:10F2200039462046FFF79CFB236820B11A6822F478
:10F2300080621A609AE71A69636A1A70628D616A5D
:10F24000013A92B24B1C628522686362238D506939
:10F25000013B9BB240072385C6D5002BC4D0136960
:10F260004B70636A01336362238D013B2385638D99
:10F27000013B9BB26385B7E72046FFF799F9C0B918
:10F28000FEF7F8FAA0EB0800874201D3002FADD1BA
:10F2900025686B6913F01003A8D12022236384F83A
:10F2A0003D2084F83E30226C84F83C3042F020024D
:10F2B00022642B6823F480632B6057E7022656E70D
:10F2C000020001000000FFFF37B504460020019056
:10F2D00094F83D00202802D0022003B030BD23481E
:10F2E00046F2A8150068B0FBF5F0192568430190B7
:10F2F000019801380190019850B92023206384F8C7
:10F300003D3084F83E00236C43F020032364E3E7A0
:10F310002568A8698007EBD494F83C000128DBD06D
:10F320002868C0075EBF286840F001002860286890
:10F3300020F400602860212084F83D00102084F82B
:10F340003E00002020646385638D2385084BE362C3
:10F3500084F83C0061646B68626243F4E0636B6054
:10F360002B6843F480732B60B7E700BFDC000020FC
:10F370000000FFFF37B504460020019094F83D00DF
:10F38000202802D0022003B030BD254846F2A8153F
:10F390000068B0FBF5F01925684301900198013829
:10F3A0000190019850B92023206384F83D3084F8FF
:10F3B0003E00236C43F020032364E3E72568A8693B
:10F3C0008007EBD494F83C000128DBD02868C00704
:10F3D0005EBF286840F001002860286820F40060C3
:10F3E0002860222084F83D00102084F83E00002090
:10F3F00020646385638D23850A4BE36284F83C00B7
:10F4000061646B68626243F4E0636B602B6843F491
:10F4100080632B602B6843F480732B60B3E700BFDD
:10F42000DC0000200000FFFF10B5034690F83D000F
:10F4300020282CD149B342B393F83C00012826D0B0
:10F440001C682068C0075EBF206840F00100206093
:10F45000206820F400602060212083F83D002020F7
:10F4600083F83E00002018645A855A8D1A85094A8F
:10F47000DA622268596242F48062226083F83C00BA
:10F48000636843F4E063636010BD0120FCE7022081
:10F49000FAE700BF0000FFFF10B5034690F83D00FB
:10F4A00020282CD149B342B393F83C00012826D040
:10F4B0001C682068C0075EBF206840F00100206023
:10F4C000206820F400602060222083F83D00202086
:10F4D00083F83E00002018645A855A8D1A85094A1F
:10F4E000DA622268596242F48062226083F83C004A
:10F4F000636843F4E063636010BD0120FCE7022011
:10F50000FAE700BF0000FFFFF7B50F4611460022E3
:10F51000019290F83D20202A044602D0022003B038
:10F52000F0BD454A106846F2A812B0FBF2F019226D
:10F5300050430190019A013A0192019A52B9202355
:10F54000226384F83D3084F83E20236C43F020038E
:10F550002364E3E72568AA699007EBD494F83C207C
:10F56000012ADBD0012284F83C202A68D2075EBF42
:10F570002A6842F001022A602A6822F400622A60A6
:10F58000212284F83D200026102284F83E202664A3
:10F590006385638D294AE2629BB261622385676459
:10F5A000002B3AD0606BA8B1254AC263254AC264D9
:10F5B000C0E910668664066505F11002FEF75BFC83
:10F5C000B0B1202384F83D3084F83E60236C43F0D2
:10F5D000100307E0202384F83D3084F83E00236CBC
:10F5E00043F080032364002384F83C30012096E735
:10F5F000236884F83C005A6842F440725A605A68A2
:10F6000042F400625A601A6842F480621A601A6812
:10F6100042F480721A60002081E72A6842F4806216
:10F620002A602A6842F480722A6084F83C306B6851
:10F6300043F4E0636B60EEE7DC0000200000FFFFB6
:10F640000F0D0108CB0C010873B504460020019092
:10F6500094F83D00202802D0022002B070BD454839
:10F6600046F2A8150068B0FBF5F019256843019033
:10F67000019801380190019850B92023206384F843
:10F680003D3084F83E00236C43F020032364E3E71D
:10F690002568A8698607EBD494F83C000128DBD0E4
:10F6A000012084F83C002868C0075EBF286840F04D
:10F6B00001002860286820F400602860222084F877
:10F6C0003D000026102084F83E0026646385638D8B
:10F6D0002948E0629BB2626223856164002B3AD0C4
:10F6E000A06BA8B12549C1632549C164C0E9106672
:10F6F0008664066505F11001FEF7BDFBB0B120235D
:10F7000084F83D3084F83E60236C43F0100307E03A
:10F71000202384F83D3084F83E00236C43F08003BE
:10F720002364002384F83C30012096E723681A689C
:10F7300042F480621A601A6842F480721A6084F897
:10F740003C005A6842F440725A605A6842F40062BF
:10F750005A60002081E784F83C306B6843F4E06332
:10F760006B602B6843F480632B602B6843F48073D9
:10F770002B60EEE7DC0000200000FFFF0F0D01080A
:10F78000CB0C0108F8B590F83D30202B04465CD135
:10F79000002948D0002A46D090F83C30012B54D0A4
:10F7A0000668012380F83C303368DB075EBF3368AE
:10F7B00043F001033360336823F400633360202790
:10F7C0002123002580F83D3080F83E700564428595
:10F7D000438D1F4A41629BB20385C262406BB8B140
:10F7E0001C4AC2631C4AC264C0E9105585640565A1
:10F7F00006F11002FEF73FFBB8B184F83D7084F8C3
:10F800003E50236C84F83C5043F0100323640AE01C
:10F81000282384F83D3084F83E00236C84F83C00B3
:10F8200043F0800323640120F8BD23681A6842F482
:10F8300080621A6084F83C005A6842F440725A6050
:10F840005A6842F400625A60EEE70220ECE700BF1B
:10F850000000FFFF0F0D0108CB0C0108F8B590F870
:10F860003D30202B04465DD1002949D0002A47D0E5
:10F8700090F83C30012B55D00668012380F83C30CD
:10F880003368DB075EBF336843F0010333603368DE
:10F8900023F40063336020272223002580F83D30C5
:10F8A00080F83E7005644285438D1F4A41629BB2D9
:10F8B0000385C262806BC0B11C4AC2631C4AC26429
:10F8C000C0E910550A468564056506F11001FEF78A
:10F8D000D2FAB8B184F83D7084F83E50236C84F8B5
:10F8E0003C5043F0100323640AE0282384F83D30A1
:10F8F00084F83E00236C84F83C0043F080032364CA
:10F900000120F8BD23681A6842F480621A6084F806
:10F910003C005A6842F440725A605A6842F40062ED
:10F920005A60EEE70220ECE70000FFFF0F0D010830
:10F93000CB0C01082DE9F743044699460C9E0F466F
:10F940009046FDF797FF94F83D30202B054603D0F5
:10F95000022003B0BDE8F08300903C491923012246
:10F960002046FEF73FFE0028F2D194F83C30012BF0
:10F97000EED02068012384F83C300368D9075EBFCD
:10F98000036843F001030360036823F4006303602A
:10F99000212384F83D30402384F83E300023236443
:10F9A0000A9B6362BDF82C306385638D2385284BE9
:10F9B000E3624246CDE900654B4639462046FEF7F4
:10F9C000CBFE00282AD00120C3E7FEF79BFE40B102
:10F9D000236C042B01BF2268136843F40073136087
:10F9E000F1E7636A27681A4612F8011B39616262FF
:10F9F000628D218D013A92B262857A69481E80B289
:10FA0000520720850AD548B15A783A6102336362B9
:10FA1000638D013B02399BB221856385238D2A4684
:10FA200031462046002BD0D1FEF770FF0028CFD101
:10FA30002268136843F400731360202384F83D3078
:10FA400084F83C0084F83E0083E700BF0200100009
:10FA50000000FFFF2DE9F043044687B09946109F50
:10FA60000D469046FDF706FF94F83D30202B0646E4
:10FA700004D00225284607B0BDE8F08300907949FC
:10FA8000192301222046FEF7ADFD0028F1D194F89C
:10FA90003C30012BEDD02068012384F83C30036812
:10FAA000DB075EBF036843F001030360036823F4D0
:10FAB00000630360222384F83D30402384F83E3005
:10FAC000002323640E9B6362BDF83C306385638D25
:10FAD0002385654BE3622946CDE900764B464246D5
:10FAE0002046FEF793FE054608B10125C2E7228DA8
:10FAF0002368A2B902905A6902929A690292029A04
:10FB00001A6842F400721A60238D002B2CD1202237
:10FB100084F83D2084F83C3084F83E30AAE7012A7E
:10FB20000AD11A6822F480621A6003905A6903921B
:10FB30009A690392039AE3E7022A0ED11A6822F423
:10FB400080621A601A6842F400621A6004905A696E
:10FB500004929B690493049BD6E705905A69059229
:10FB60009B690593059BCFE7032B56D8012B15D135
:10FB7000324639462046FEF7F3FE0028B5D1236809
:10FB80001A69636A1A70636A01336362238D013BE9
:10FB90002385638D013B9BB26385B5E7022B334917
:10FBA00000963B464FF00002204619D1FEF71AFDA1
:10FBB00000289AD123681A6842F400721A601A6900
:10FBC000636A1A70626A531C6362238D013B23854A
:10FBD000638D013B9BB2638523681B695370D2E739
:10FBE000FEF700FD024600287FF47FAF2368196806
:10FBF00021F4806119601969636A1970636A1B498D
:10FC000001336362238D013B2385638D013B9BB2EE
:10FC10006385204600963B46C8E732463946204673
:10FC2000FEF79EFE00287FF460AF23681A69636ABE
:10FC30001A70628D616A013A92B24B1C6285226829
:10FC40006362238D5069013B9BB2400723857FF59A
:10FC50005BAF032B02BF136823F480631360136947
:10FC60004B7090E7020010000000FFFF040001004D
:10FC700073B504460020019094F83D00202802D07E
:10FC8000022002B070BD264846F2A8150068B0FBFD
:10FC9000F5F0192568430190019801380190019809
:10FCA00050B92023206384F83D3084F83E00236C53
:10FCB00043F020032364E3E72568A8698607EBD4B3
:10FCC00094F83C000128DBD02868069EC0075EBF80
:10FCD000286840F001002860286820F4006028604F
:10FCE000212084F83D00402084F83E006662002018
:10FCF000BDF81C6020646685668D2685094EE66227
:10FD00006164A264E36420652B6843F480732B6014
:10FD100084F83C006B6843F4E0636B60B1E700BFBC
:10FD2000DC0000200000FFFFF7B50024019490F8EC
:10FD30003D40202C02D0022003B0F0BD294C46F2F9
:10FD4000A8152468B4FBF5F419256C430194019CB3
:10FD5000013C0194019C54B92023046380F83D3098
:10FD600080F83E40036C43F020030364E3E704683B
:10FD7000A569AE07EBD490F83C50012DDBD0256887
:10FD8000194FED075EBF256845F001052560256820
:10FD900025F400652560222580F83D50402580F837
:10FDA0003E50089D45620026BDF8245006644585F6
:10FDB000458DC76241648264C36406652368ADB241
:10FDC00043F4806305852360236843F480732360D4
:10FDD00080F83C601DB1636843F4E0636360002019
:10FDE000AAE700BFDC0000200000FFFF2DE9FF476D
:10FDF00004469946002302930C9E0F469046FDF759
:10FE000039FD94F83D30202B824616D1564B46F2F0
:10FE1000A8121B68B3FBF2F3192253430293029B0F
:10FE2000013B0293029B53B92022236384F83D20B7
:10FE300084F83E30236C13432364022067E0226879
:10FE400093699907EBD494F83C30012BF5D001234A
:10FE500084F83C3013684549DB075EBF136843F004
:10FE600001031360136823F400631360212384F8F3
:10FE70003D30402384F83E300025BDF83430256401
:10FE80006385638D66629BB2E16223856764C4F813
:10FE90004880C4F84C902565002B59D0606B50B356
:10FEA0003349C1633349C164C0E9105531468564A3
:10FEB00005651032FDF7DFFF064600283CD12323FD
:10FEC0000093CDF804A04B46424639462046FEF743
:10FED00043FCF8B1606BFEF745F8636BDE632368A3
:10FEE0001A6822F480621A6066851A68268522F0F4
:10FEF00001021A600AE0202384F83D3084F83E00B5
:10FF0000236C84F83C0043F080032364012004B098
:10FF1000BDE8F087236803905A6903929A690392B7
:10FF200084F83C00039A5A6842F480725A605A6816
:10FF300042F400625A60EAE7202384F83D3084F8F6
:10FF40003E50236C84F83C5043F010032364DDE7FB
:10FF5000202284F83D2084F83E30226C84F83C3026
:10FF600042F040022264D1E7DC0000200000FFFFE5
:10FF70000F0D0108CB0C01082DE9F04786B00446AF
:10FF80009846DDF838A00E461746FDF773FC0023AF
:10FF9000039394F83D30202B814603D0022006B015
:10FFA000BDE8F087664B46F2A8121B68B3FBF2F37C
:10FFB000192253430393039B013B0393039B4BB9C8
:10FFC0002022236384F83D2084F83E30236C1343C1
:10FFD0002364E3E721688B699A07ECD494F83C30FA
:10FFE000012BDBD0012384F83C300B68554ADB073A
:10FFF0005EBF0B6843F001030B600B6823F40063E2
:020000040801F1
:100000000B60222384F83D30402384F83E300025E5
:10001000BDF83C3025646385638DC4F824A09BB291
:10002000E26223856664A764C4F84C802565002BD2
:1000300068D0A06B68B3444AC263444AC264C0E952
:1000400010555246856405651031FDF714FF824650
:1000500000284BD123230093CDF8049043463A4621
:1000600031462046FEF7D2FB00B3A06BFDF77AFFC6
:10007000A36BC3F83CA023681A6822F480621A605C
:10008000A4F82AA01A68A4F828A022F001021A6095
:100090000AE0202384F83D3084F83E00236C84F885
:1000A0003C0043F080032364012078E7228D23681D
:1000B000012A0BBF1A685A6822F4806242F4805207
:1000C0000CBF1A605A600022049259690491996920
:1000D000049184F83C2004995A6842F480725A6072
:1000E0005A6842F400625A60002058E7202384F8DE
:1000F0003D3084F83E50236C84F83C5043F01003AC
:100100002364D1E723230093CDF8049043463A4675
:1001100031462046FEF77AFB0028C5D123680590BA
:100120005A6905929A690592059A1A6842F4007212
:100130001A60202384F83D3084F83C00D4E700BFE7
:10014000DC0000200000FFFF0F0D0108CB0C0108B0
:100150002DE9FF4704461F4689469246FDF78AFB74
:1001600094F83D30202B054603D0022004B0BDE8B2
:10017000F08700904A49192301222046FEF732FAFF
:100180000028F2D194F83C30012BEED0012384F802
:100190003C3023681A68D2075EBF1A6842F0010239
:1001A0001A601A6822F400621A60242384F83D3031
:1001B00000263C4B266409F0FE09E36222681368BE
:1001C00043F4807313604FF001113B460095002209
:1001D0002046FEF707FA236838B11B68DB0544BFE9
:1001E0004FF4007323640320C0E7C3F81090FDF7B9
:1001F00041FB2268536952690546C3F34003C2F3C9
:1002000080224FF0A00894F83D10A02901D013439C
:100210001DD020684FF0200884F83D80436913F01A
:10022000020F036843F40073036025D00023039397
:100230004369039383690393039B19490095192329
:1002400001222046FEF7CEF988B101208EE7FDF7A6
:1002500011FB401BB84200D80FB984F83D802268DA
:1002600053695269C3F34003C2F38022CBE784F899
:100270003D8084F83C0079E76FF48063436108496E
:100280000095192301222046FEF7ACF90028DCD1A5
:100290000136564592D384F83D8084F83C00D4E77B
:1002A000020010000000FFFFF7B50025044600958E
:1002B000019594F83D500898202D02D0022003B0FB
:1002C000F0BD25682E68B60503D4082801D00128A2
:1002D0001BD1284E46F2A8173668B6FBF7F6192749
:1002E0007E430196019E013E0196019E56B9202350
:1002F000266384F83D3084F83E60236C43F020038D
:100300002364DBE7AE69B707ECD494F83C60012EB8
:10031000D4D02E68F6075EBF2E6846F001062E6028
:100320002E6826F400662E60212684F83D60102693
:1003300084F83E60002626646385638DE062616414
:100340002385236B0093009B6262112B05D1B0F5CE
:100350002A0F02D0B0F12A4F03D12B6843F48073E7
:100360002B60002084F83C006B6843F4E0636B6012
:10037000A5E700BFDC000020F7B58C46114600223F
:100380000092019290F83D20089E202A044602D057
:10039000022003B0F0BD05682A68920503D4082E38
:1003A00001D0012E1BD1534A106846F2A812B0FBAF
:1003B000F2F0192250430190019A013A0192019AF8
:1003C00052B92023226384F83D3084F83E20236C08
:1003D00043F020032364DBE7AA699707ECD494F881
:1003E0003C20012AD4D0012284F83C202A68D0077E
:1003F0005EBF2A6842F001022A602A6822F4006285
:100400002A60212284F83D200027102284F83E2013
:1004100027646385638DE662C4F844C0226B616221
:100420009BB223850092002B4AD0606B98B1324A70
:10043000C263324AC2640764076505F11002FDF722
:100440001AFDB0B1202384F83D3084F83E70236C4F
:1004500043F0100307E0202384F83D3084F83E0089
:10046000236C43F080032364002384F83C30012094
:100470008FE723681A6842F480621A60009A112A92
:1004800005D1B6F52A0F02D0B6F12A4F03D11A686A
:1004900042F480721A60043E00221C2E84F83C2034
:1004A00008D8174A22FA06F6F20742BF5A6842F401
:1004B00000625A605A6842F440725A60002068E74D
:1004C0002B6843F480632B60009B112B05D1B6F59C
:1004D0002A0F02D0B6F12A4F03D12B6843F4807360
:1004E0002B60002384F83C306B6843F4E0636B605E
:1004F000E4E700BFDC0000200F0D0108CB0C010871
:1005000001100010F7B5002504460095019594F8F8
:100510003D500898202D02D0022003B0F0BD256880
:100520002E68B60503D4082801D001281BD1374E08
:1005300046F2A8173668B6FBF7F619277E430196F0
:10054000019E013E0196019E56B92023266384F840
:100550003D3084F83E60236C43F020032364DBE7E6
:10056000AE69B707ECD494F83C60012ED4D00126D4
:1005700084F83C602E68F6075EBF2E6846F00106E0
:100580002E602E6826F400662E60222684F83D60D8
:10059000102684F83E60002626646385638DE06241
:1005A00061642385236B0093638D62629BB2022B8F
:1005B00024D1202801D0102820D1009B122B2B6899
:1005C0001DD123F480632B602B6843F400632B6000
:1005D0004FF44072009B122B05D1B0F52A0F02D0C8
:1005E000B0F12A4F03D12B6843F480732B600020B5
:1005F00084F83C006B6813436B608EE72B6843F410
:1006000080632B604FF4E062E4E700BFDC00002071
:10061000F7B5044600200090019094F83D00089E34
:10062000202802D0022003B0F0BD2568286880058C
:1006300045D4082E43D0012E41D094F83C00012827
:10064000F0D0012084F83C002868C0075EBF28680D
:1006500040F001002860286820F400602860686885
:1006600020F480506860222084F83D00102084F837
:100670003E00002020646385638DE6626164216B27
:1006800062629BB223850091002B00F09080618D07
:1006900089B202294AD1202E01D0102E46D10099CC
:1006A0001229296828D121F480612960296841F440
:1006B00000612960696841F4805169601FE0484821
:1006C00046F2A8170068B0FBF7F0192778430190AD
:1006D000019801380190019850B92023206384F8D3
:1006E0003D3084F83E00236C43F02003236499E7F7
:1006F000A8698707ECD4A0E741F480612960A06B6A
:1007000000B33849C16300273749C16407640765EE
:1007100005F11001FDF7AFFB10B3202384F83D3045
:1007200084F83E70236C43F0100313E02968202EF8
:1007300041F480612960BDD0B6F12A4FBAD0102EA5
:10074000DDD1B7E7202384F83D3084F83E00236CE8
:1007500043F080032364002384F83C30012062E7E7
:10076000009B122B236805D1B6F52A0F02D0B6F1F3
:100770002A4F19D11A6842F480721A604FF44071FE
:10078000043E00221C2E84F83C2008D8174A22FA86
:1007900006F6F20742BF5A6842F400625A605A688D
:1007A0000A435A6000203EE74FF48071E8E72B6867
:1007B00043F480632B60009B122B05D1B6F52A0F02
:1007C00002D0B6F12A4F03D12B6843F480732B601B
:1007D000002384F83C306B6843F4E0636B60E1E72E
:1007E000DC0000200F0D0108CB0C010801100010E7
:1007F00037B5044690F83D0000F02800282830D195
:1008000000292CD0002A2AD094F83C00012828D0B6
:1008100025682868C0075EBF286840F0010028608E
:10082000286820F400602860292084F83D002020FA
:1008300084F83E00002020646285628DE3620190AE
:100840006B690193AB69019384F83C00019B6B6871
:10085000616243F4E06322856B6003B030BD012028
:10086000FBE70220F9E72DE9F347994690F83D3080
:1008700003F02803282B04460F46924640F0998047
:1008800000297CD0002A7AD090F83C30012B00F06F
:1008900090800568012380F83C306B6823F4407336
:1008A0006B6090F83D302A2B48D16B6819050DD547
:1008B000806B58B16B6823F400636B603E4B03653B
:1008C000FDF750FB10B1A06B036D98472568606B76
:1008D0002B68DB075EBF2B6843F001032B602B689E
:1008E00023F400632B604FF020082923002684F8AE
:1008F0003D3084F83E802664A4F82AA0638D6762A8
:100900009BB22385C4F82C9000282DD02B4AC263BB
:100910002B4AC2640664066505F110023946FDF7EC
:10092000AAFA00282FD084F83D8084F83E60236C1A
:1009300084F83C6043F01003236420E090F83D30DD
:10094000292BC3D16B681A05C0D56B68406B23F4A3
:1009500000636B600028B9D0174B0365FDF702FBFD
:100960000028B3D0606BAFE7282384F83D3084F8CB
:100970003E00236C84F83C0043F080032364012094
:1009800002B0BDE8F08723681A6842F480621A60FA
:1009900001905A6901929A69019284F83C00019A87
:1009A0005A6842F440725A605A6842F400625A60CF
:1009B000E6E70220E4E700BF250E01080F0D01085D
:1009C000CB0C010837B5044690F83D0000F0280034
:1009D000282830D100292CD0002A2AD094F83C00B5
:1009E000012828D025682868C0075EBF286840F025
:1009F00001002860286820F4006028602A2084F81C
:100A00003D00202084F83E00002020646285628D35
:100A1000E36201906B690193AB69019384F83C0038
:100A2000019B6B68616243F4E06322856B6003B0F5
:100A300030BD0120FBE70220F9E72DE9F347994695
:100A400090F83D3003F02803282B04460F469246C9
:100A500040F0988000297BD0002A79D090F83C3073
:100A6000012B00F08F800568012380F83C306B6813
:100A700023F440736B6090F83D302A2B47D16B68AC
:100A800019050DD5806B58B16B6823F400636B605A
:100A90003D4B0365FDF766FA10B1A06B036D9847F7
:100AA0002168A06B0B68DB075EBF0B6843F0010396
:100AB0000B600B6823F400630B604FF020082A23BF
:100AC000002684F83D3084F83E802664A4F82AA0ED
:100AD000638D67629BB22385C4F82C9000282CD0CC
:100AE0002A4AC2632A4AC264066406653A4610313D
:100AF000FDF7C1F900282FD084F83D8084F83E60CE
:100B0000236C84F83C6043F01003236420E090F8E9
:100B10003D30292BC4D16B681A05C1D56B68406B79
:100B200023F400636B600028BAD0174B0365FDF710
:100B300019FA0028B4D0606BB0E7282384F83D3060
:100B400084F83E00236C84F83C0043F08003236467
:100B5000012002B0BDE8F08723681A6842F4806281
:100B60001A6001905A6901929A69019284F83C00D6
:100B7000019A5A6842F400625A605A6842F440721C
:100B80005A60E6E70220E4E7250E01080F0D010890
:100B9000CB0C010890F83D30202B14D1282380F88D
:100BA0003D3003681A68D2075EBF1A6842F001023E
:100BB0001A601A6842F480621A605A6842F44072FD
:100BC0005A60002070470220704790F83D30282B73
:100BD00018D190F83D2090F83E3002F00302134304
:100BE0000363202380F83D300268002380F83E3004
:100BF000116821F480611160516821F440715160E5
:100C0000184670470220704770477047704770471A
:100C100070477047704790F83D2008B5036DD2B219
:100C200083B9C36C0268012B836C05D1DBB21361FD
:100C3000036D0233036508BDC3F307231361036D1E
:100C40000133F7E7036D012B03D1836C0268DBB23C
:100C5000F4E7036D022B2FD1222A05D10268136815
:100C600043F480731360EAE7438D9BB263B1212A9A
:100C70000AD1436A026813F8011B11614362438D74
:100C8000013B9BB24385D6E7438D9BB2002BD2D16B
:100C9000212AD0D10268516821F4E06151601168C5
:100CA00041F4007111602022036380F83D2080F838
:100CB0003E30FFF7AFFFBEE703685A69120644BF34
:100CC00000221A61B7E77047704710B5846B636BF9
:100CD0000BB10022DA63A36B0BB10022DA63FDF7DC
:100CE000ECFA022812D02268136823F480631360A0
:100CF00000232022638584F83D2084F83E30236C55
:100D000043F0100323642046FFF7DEFF10BD70B5EB
:100D1000846B236894F83D1094F83E00E26A5D68A5
:100D200025F440755D60656BC9B2C0B20DB1002697
:100D3000EE63A56B0DB10026EE6301F02105212DB8
:100D400005D001F02205222D23D1202821D15A6877
:100D500022F400625A6029294FF0000363850DD107
:100D600021232363282384F83D302046FFF74EFFDC
:100D70002268536843F44073536070BD2A29F7D149
:100D800022232363282384F83D302046FFF73FFFCA
:100D9000EEE794F83E100029EFD0618D89B2012969
:100DA00002BF196821F480611960596812F5803F0B
:100DB00021F44071596006D0082A04D0B2F12A4FBC
:100DC00001D0202A03D1196841F4007119605968D3
:100DD00021F480515960596821F400615960002361
:100DE0006385236C1BB12046FFF76EFFC5E720210A
:100DF00084F83D1094F83E1084F83E30402904D128
:100E000023632046FFF75FFFB7E7082A01D0202AB7
:100E100005D1002323632046FFF7F7FEADE7122339
:100E2000F8E7704737B5002301932D4B806B1B68A3
:100E300090F83D2046F2A811B3FBF1F323214B4378
:100E400001930368D2B2019941BB016C41F02001CA
:100E50000164446B0CB10021E163816B09B1002591
:100E6000CD631D6825F480651D600025458504B1AE
:100E7000256501B10D65196821F00101196090F82F
:100E80003D10602911D1202380F83D30002380F8E7
:100E90003E300364FFF7C5FF03B030BD019901394F
:100EA000019119688905CED4D3E702F02802282AD7
:100EB0000ED1196841F001011960196841F480618F
:100EC00019600023036380F83D20FFF7FDFEE3E790
:100ED000202380F83D30002380F83E30F5E700BF46
:100EE000DC00002010B590F83D2090F83E30102B2B
:100EF000D9B204460368D2B201D0402913D1222AC4
:100F000011D1196821F400611960596811F4006168
:100F100006D1602A1EBF202284F83D2084F83E10AE
:100F20000022226307E002F028012829EDD10022E7
:100F3000226384F83D105A6812F400624FD05A6858
:100F4000606B22F400625A6090F83530012B374B09
:100F50002BD00365FDF706F850B12268606B13686B
:100F600023F001031360202384F83D30036D98477C
:100F7000236C19071FBF2268536823F4E063536092
:100F800094F83D30226C5207DBB20DD5282B0BD1E3
:100F9000274BE362202200232363204684F83D2070
:100FA00084F83E30FFF735FE10BDA06B0365FCF7FB
:100FB000D9FF0028DCD023685A69510605D51A6983
:100FC000636A1A70636A013363622268A06B1368F4
:100FD00023F001031360202384F83D30C6E794F822
:100FE0003D10602915D1202184F83D1022645A69F2
:100FF000520605D51A69636A1A70636A013363621F
:101000002268136823F0010313602046FFF709FFED
:10101000AEE75A69500605D51A69636A1A70636AA1
:10102000013363622046FFF74FFEA1E7250E01085A
:101030000000FFFF10B5036890F83E20996989070A
:10104000D2B21FD5102A01D0402A1BD190F83C20E3
:10105000012A19D000246022046380F83D201A6818
:1010600022F480621A601A6842F400721A604485A1
:101070005A6822F4E0625A6080F83C40FFF732FF81
:10108000204610BD0120FCE70220FAE7F0B5036816
:1010900004465A68C66A90F83E0094F83D1010283D
:1010A0008FB0C5B2C9B202D0402D40F0DB829F693B
:1010B000586910F0010F07D1B6F52A0F02D0B6F12A
:1010C0002A4F51D10FB0F0BD96054DD5E26AB2F569
:1010D0002A0F0CD10122E26294F83E20402A11D15D
:1010E000226D52B9626C02F0FE021A61EAE7E26A0E
:1010F000B2F12A4FF0D10822EDE7626C42F0010212
:10110000D2B2F2E72269B2F5804F1AD194F83D20AD
:10111000212A626C11D102F0FE021A61626B0AB1DF
:10112000D26B2AB9A26B002ACCD0D26B002AC9D0CC
:101130005A6842F400625A60C4E742F00102D2B237
:10114000EBE7226D32B9626CD21102F0060242F076
:10115000F002CAE7226D012AB4D1626CD21102F00A
:10116000060242F0F102C0E7060703D5960501D555
:10117000626CE4E7860740F1E880960540F1E5807F
:1011800094F83E10E26A256B94F83D002228C9B21B
:1011900040F0D380206D40B9402906D101905A69B2
:1011A00001929B690193019B8CE7216D89B92069AC
:1011B000B0F5404F0DD102915A6902929A6902929C
:1011C000029A1A6842F480721A60236D0133236513
:1011D00078E7618D89B251B903915A6903929A698E
:1011E0000392039A1A6842F400721A6019E0618D42
:1011F00089B2012949D112F5803F1BD11A6822F426
:1012000080621A605A6812F400620CD01A6822F4E4
:1012100080621A60002204925A6904929B690493C6
:10122000049B0023D3E705925A6905929A690592B7
:10123000059AD7E7082A1CD0202A1AD0122D0DD1E2
:10124000012A16D11A6822F480621A6000220692DE
:101250005A6906929B690693069BE2E7102AF1D829
:10126000814941FA02F2D707ECD41A6842F480624D
:10127000EBE71A6822F480621A60002207925A692A
:1012800007929A690792079AACE7618D89B20229A1
:1012900030D1102A03D87549D140CE0715D419682A
:1012A00021F480611960196841F40061196059687E
:1012B0000D0514D5202A1AD8072A0AD8012A0ED1DA
:1012C0005A6842F480525A6009E0196841F480611A
:1012D000ECE7A2F10801664ACA40D007F0D4002228
:1012E00008925A6908929B690893089B99E712F53E
:1012F000803FE4E7196841F4806119605968090585
:1013000010D5202A16D8072A06D8012A0AD15A68E9
:1013100042F480525A6005E0A2F10801544ACA40E2
:10132000D207F4D4002209925A6909929B69099361
:10133000099B76E712F5803FE8E700220A925A6996
:101340000A929B690A930A9BBCE67F0740F1928050
:101350005E6836053FF5B6AE070600F004063DD5DB
:1013600050053BD5002E3CD194F83D20258D94F8B6
:101370003E10E06AD2B2C9B2C5B9212A18D10828F4
:1013800057D0202855D010F5803F52D05A6822F40B
:10139000E0625A6011232363002384F83E30202347
:1013A00084F83D302046FFF72FFC8BE6212A05D03C
:1013B00040297FF487AE222A7FF484AE628D92B2F8
:1013C0001AB95A6822F48062B5E694F83E20402AA1
:1013D00015D120460FB0BDE8F0401CE4002E3FF4CC
:1013E00071AE97057FF56EAE212939D1E16A94F887
:1013F0003D20212A7FF466AE628D92B24AB1626AC4
:1014000012F8011B19616262638D013B9BB2638517
:1014100058E608290DD020290BD011F5803F08D0BF
:10142000596821F4E06159601123236384F83E2058
:10143000B5E75A6822F4E0625A601A6842F4007212
:101440001A6000232022236384F83D2094F83E2074
:1014500084F83E30402A2046A5D1FFF7DBFB31E679
:10146000402D7FF42FAEB4E7EBFFFEFF1400010028
:101470000101000159680E053FF524AE450600F054
:10148000040140F18680500540F18380002940F03E
:10149000838094F83D20222A7FF414AEE06A628DA6
:1014A00092B2032A14D91A69636A1A70636A013303
:1014B0006362638D013B9BB26385638D9BB2032B9B
:1014C0007FF400AE2268536823F480635360F9E52B
:1014D000E56A022D3FF475AF012A3FF672AF7B4AF1
:1014E0000B91126846F2A811B2FBF1F202EB8202F4
:1014F0000B920B9A013A0B920B99D1B9226C42F0E4
:10150000200222645A6822F4E0625A601A69636A0F
:101510001A70636A01336362638D013B9BB263851A
:10152000202384F83D30204684F83E10FFF7CCFBA2
:10153000C8E51A6812F40072DBD1196821F48061E1
:101540001960596821F4E06159601969636A19707A
:10155000636A01336362638D013B9BB26385202321
:1015600084F83D3094F83E3084F83E20402B04D17E
:1015700022632046FFF7A7FBA4E5082801D0202816
:1015800001D1002300E0122323632046FFF73DFB37
:1015900098E500293FF496AD92057FF593ADE26A98
:1015A000608D616A80B2042809D15A6822F4806291
:1015B0005A601B690B70636A0133636224E7608DB4
:1015C00080B203280CD15868042A20F48060586047
:1015D000EFD0022AEDD01A6822F480621A60E8E7A0
:1015E000608D80B20228E4D1042A33D007D8012AC2
:1015F00007D0022A2ED0186840F4007004E0102AA8
:10160000F9D1186820F4806018601B690B70616A5A
:101610004B1C6362638D013B9BB2638523681B692E
:101620004B70636A216801336362638D013B9BB237
:1016300063854B6823F440734B60202384F83D306E
:1016400094F83E30402B4FF0000384F83E3005D133
:1016500023638EE7186840F48060D5E7082A90D0AD
:10166000202A8DE7206C18B35869002587072FD5ED
:1016700096052DD5226C02B19D6994F83D2002F0AB
:101680002802282A17D15A682F0622F480625A604D
:10169000C5F3800154BFE268A269002381F0010113
:1016A000C9B284F83C3092B22046FFF7B1FA09E59E
:1016B0009D695869DAE700220C9259690C919B697F
:1016C0000C930C9B84F83C20FCE400BFDC00002061
:1016D000C60640F1B180950540F1AE8094F83D50CA
:1016E0005A6822F4E0625A6000220D925A690D9203
:1016F0001A6842F001021A600D9A1A6822F4806298
:101700001A605A681005EDB220D505F0F702222ABA
:101710004AD1A06B0268526892B26285628D92B221
:101720001AB1226C42F0040222645A6822F4006268
:101730005A60FCF7BFFD012808D0A06B794B036508
:10174000FCF710FC10B1A06B036D9847638D9BB242
:1017500013B323685A69510709D51A69636A1A7065
:10176000636A01336362638D013B9BB263852368C7
:101770005A69520609D51A69636A1A70636A013395
:101780006362638D013B9BB26385638D9BB21BB12A
:10179000236C43F004032364236C13B320460FB07F
:1017A000BDE8F040FFF79EBB606B0268526892B2E2
:1017B0006285628D92B21AB1226C42F004022264F8
:1017C0005A6822F400625A60FCF774FD0128BDD00B
:1017D000606B544B0365FCF7C5FB0028B6D0606B0B
:1017E000B2E72A2D06D12363282384F83D30204612
:1017F000FFF70DFA94F83D30282B0CD14A4BE362E9
:10180000202200232363204684F83D2084F83E30C4
:10181000FFF7FFF956E4236B222B02D0222D7FF431
:1018200051AC00232022236384F83D2084F83E300D
:101830002046FFF7ECF945E401F0F701212900F01B
:10184000040535D1070627D5560525D53DBB94F8A7
:101850003D00628D92B2C0B2002A3FF433AC626A9E
:1018600012F8015B1D616262628D013A92B262857B
:10187000628D92B2002A7FF425AC29287FF422AC35
:101880005A6822F480625A6028232163204684F833
:101890003D30FFF7BBF915E4002D3FF413AC95057F
:1018A0007FF510AC628D92B2002A3FF40BACA6E536
:1018B000400627D5510525D53DBB94F83D20618DC7
:1018C00089B2D2B200293FF4FDAB1969636A19707D
:1018D000636A01336362638D013B9BB26385638DF1
:1018E0009BB2002B7FF4EEAB2A2A7FF4EBAB22688D
:1018F000536823F48063536022232363282384F8EE
:101900003D3095E7002D3FF4DDAB92057FF5DAAB76
:10191000628D92B2002A3FF4D5AB1A69636A1A70DD
:1019200049E600BF250E01080000FFFFF8B5036877
:101930005F695E6890F83E2017F480750446D2B265
:1019400006D016F480751EBF6FF4807159610125B1
:10195000B80506D5F10542BF6FF4007145F00205E8
:101960005961780536D5F10534D5608D94F83D1070
:10197000D4F830C0202A80B2C9B25FD100285DD12E
:1019800001F0F700212804D0282957D1BCF1210FFC
:1019900054D194F83D20E16A0829D2B201D020291F
:1019A0002AD1282A28D12E4AE2625A6822F4E0621B
:1019B0005A606FF480625A611A6822F480621A6079
:1019C000002320222363204684F83D2084F83E3003
:1019D000FFF71FF93A053FD5F3053DD523686FF4AE
:1019E000006245F008055A61236C1D4325642046BA
:1019F000BDE8F840FFF776BA212A1BD11849E16209
:101A000022630021202284F83D2084F83E105A6889
:101A100022F4E0625A606FF480625A611A6822F41C
:101A200080621A605A69100648BF19612046FFF7A4
:101A3000EDF8CFE76FF480625A61CBE76FF4806115
:101A4000102A596145F0040501D0402AC2D11A6814
:101A500042F400721A60BDE7002DC5D1F8BD00BF89
:101A60000000FFFF90F83D00704790F83E0070477F
:101A7000006C70477047F7B5044610B390F8953482
:101A8000056803F0FF021BB980F894240FF096FB61
:101A90000323B5F1A04F84F8953404BF0023A3714C
:101AA000206809F0AFF8237C8DF80030251D95E8FB
:101AB0000E00206808F0ECFF014630B1022384F8E4
:101AC00095340125284603B0F0BD206809F0A0F840
:101AD0000028F3D1267904F1140301270246C1B28C
:101AE0008E4203F124031BD8002104F515730A4626
:101AF000C8B2864203F1240320D8237C8DF800303D
:101B000095E80E00206809F0FEF805460028D5D1BA
:101B100001236074206884F8953409F0CCFCD1E787
:101B200023F80A0C43E9072203F8237C03F8241C5A
:101B300003F8202C43F8142C0130D0E743E90722A6
:101B400003F8232C03F8240C03F8202C43F8142C5E
:101B50000131CDE7704738B5044610B90125284654
:101B600038BD032380F89534006809F064FC05460D
:101B70000028F3D120460FF063FB84F89554EEE77C
:101B800010B50446006894F89434012B15D0012355
:101B900084F89434C3685B0606D5637B012B02BFCF
:101BA000836B43F48033836309F026F8206809F0DF
:101BB00074FC002084F8940410BD0220FCE738B5C2
:101BC00090F89434012B04461BD00568012380F85B
:101BD0009434284609F016F8206809F06CFC206857
:101BE000102109F045F8EB685B0606D5637B012BF5
:101BF00002BFAB6B23F48033AB63002084F8940402
:101C000038BD0220FCE70368B3F1A04F034B0CBFC3
:101C10004FF480224FF480125A617047003C01401B
:101C200070477047704770477047704770477047FC
:101C300070477047704710B50446006894F89434B4
:101C4000012B12D0012384F89434C3685B0606D5B7
:101C5000637B012B02BF836B43F48033836309F002
:101C60001CFC002084F8940410BD0220FCE738B569
:101C700090F89434012B044614D00568012380F8B1
:101C80009434284609F017FCEB685B0606D5637BA5
:101C9000012B02BFAB6B23F48033AB63002084F8CD
:101CA000940438BD0220FCE710B590F89424012A72
:101CB00004460AD0012280F894244174006809F097
:101CC000DCFB002084F8940410BD0220FCE770B512
:101CD0000546242401F00F0011F0800F00FB04F4EE
:101CE00014BF04F1140104F5157105EB040615BFCA
:101CF000491949190124002414BF747586F8554206
:101D0000C2F30A028A604A7808700B7102B14883F4
:101D1000022B04BF00234B7195F89434012B09D09A
:101D20000123286885F8943409F0B3F8002085F879
:101D3000940470BD0220FCE701F00F02242311F08F
:101D4000800F02FB03F310B514BF03F1140103F578
:101D50001571044618BF091918440BBF091901234E
:101D60000023437508BF80F855320A7094F8943404
:101D7000012B09D00123206884F8943409F006F976
:101D8000002084F8940410BD0220FCE738B5154605
:101D9000242401F00F02544304F515710444C4E9EE
:101DA0009853002384F8553284F85422C4F86832DA
:101DB0008279012A014408BFC4F87052006809F012
:101DC000D3F9002038BD01F00F01242303FB0100EB
:101DD000D0F86802704738B51546242401F00F0288
:101DE000544304F114010444C4E908530023A362DA
:101DF00001236375227582799A42014408BF2563E5
:101E0000006809F0B1F9002038BD38B5037901F058
:101E10000F05AB4204462BD311F0800F4FF0240383
:101E20001DD06B4303F114010344012201445A7590
:101E300001238B700D7094F894249A421AD0206874
:101E400084F8943409F0A3FA2DB9A179206804F23A
:101E50009C4209F08BFB002084F8940438BD4B436E
:101E600003F5157103440022014483F85522DFE78E
:101E70000120F3E70220F1E738B5037901F00F0202
:101E80009342044625D3242311F0800F02FB03F371
:101E900014BF03F1140103F51571184415BF091996
:101EA0000919012300234FF0000514BF437580F882
:101EB00055328D700A7094F89434012B0BD00123A5
:101EC000206884F8943409F08DFA84F894542846F4
:101ED00038BD0120FCE70220FAE701F00F032422BD
:101EE00053430A064CBF03F1140103F51571014475
:101EF000006809F0E4B82DE9F04F066889B004469F
:101F0000304609F021FB0390002840F054812068FE
:101F100009F0DFFA002800F04E81D6F80838206872
:101F2000C3F30D23C4F8D43409F0D3FA2368870728
:101F300042BF5A6902F002025A61184609F0C9FA12
:101F4000C00606F500652DD52268936923F01003BD
:101F50009361D6F8208008F4F013B3F5802F08F0D1
:101F60000F0740F02B8147F6F07318EA030F14D0E7
:101F7000242303FB0747C8F30A19D7F860124A461F
:101F8000304609F0E3F9D7F860324B44C7F86032C5
:101F9000D7F868324B44C7F868322268936943F037
:101FA00010039361206809F094FA010300F119818C
:101FB000206809F08EFA42030CD5206809F09EFAD9
:101FC0002746049006F5106B4FF0000A049B002B87
:101FD00040F0D181206809F07CFA002813DA6B68A0
:101FE00023F001036B6094F8CC34012B40F06A823B
:101FF000002184F8CC14204600F01BFB22685369B2
:1020000003F000435361206809F063FA07050AD51D
:10201000AB68D80702D520460FF059F922685369FA
:1020200003F400635361206809F053FAC10433D507
:102030006B68206823F001036B60102108F018FE24
:10204000207906F510634FF67F31039A904200F233
:102050003D82EB6943F00113EB61E37B002B00F061
:102060005182D5F8843043F00B03C5F884306B6C93
:1020700043F00B036B64D6F80038206823F4FE634A
:10208000C6F8003804F29C42A17909F06FFA226880
:10209000536903F480535361206809F01AFA8204EB
:1020A00016D5206809F054FA206808F0E7FEE071C0
:1020B000276800F091FDE2790146384608F02CFDD2
:1020C00020460FF0F2F82268536903F4005353617D
:1020D000206809F0FEF9030707D520460FF0E1F864
:1020E0002268536903F008035361206809F0F1F98D
:1020F000070600F11282206809F0EBF9C0020CD546
:10210000A04606F5126901272379BB4200F21E8220
:102110002268536903F480135361206809F0D9F9E8
:1021200081022BD594F804E0234606F532614FF086
:10213000010CE6451DD993F87C720868012F40F028
:102140001B82002880F21882D4F8D42482EA10403E
:10215000C20700F1118283F87B72B06940F0800001
:10216000B0617069000600F107826B6843F4007388
:102170006B602268536903F400135361206809F00F
:10218000A8F9410007D520460FF0C4F8226853692A
:1021900003F080435361206809F09BF942070AD598
:1021A00023685D686B0702D520460FF0B7F82268F8
:1021B00053682B43536009B0BDE8F08FB3F5402F4F
:1021C0007FF4EBAE082204F29C41304609F0BEF8E1
:1021D000242303FB0747C8F30A18D7F8683243449F
:1021E000D9E6206809F082F906F530680490A24625
:1021F0000027049B002B3FF4DBAE049BDB0779D563
:102200005FFA87FB2068594609F080F910F0010F4A
:1022100081461FD020680123C8F8083094F806C012
:10222000016C00F5306303EB4713BCF1010F9A68B2
:1022300040F08B8012F0080F07D0B048814209D9D6
:10224000120407D54FF4004203E012F0200F5AD0D9
:1022500020229A6019F0080F21D00823C8F808300E
:102260002368A6491A6C03F5306303EB47138A42CF
:10227000986804D9010444BF4FF400409860204698
:1022800005920EF0F7FF059A9C498A4207D9A17979
:10229000012904D1206804F29C4209F067F919F081
:1022A000100F1CBF1023C8F8083019F0020F14D00B
:1022B00073691A0642BF6B6843F480636B609AF8D7
:1022C0005732012B06D100238AF85732594620464F
:1022D0000FF018F80223C8F8083019F0200F1CBFBF
:1022E0002023C8F8083019F4005F1CBF4FF40053D6
:1022F000C8F80830049B5B080137049308F12008F4
:102300000AF1240A75E7DFF8F4C1614501D9120426
:1023100098D41A69DAF87432C2F312029B1ACAF816
:1023200068326FB9D4F864222AB904F29C420121C0
:1023300009F01CF904E0D4F860221A44C4F86022C1
:10234000594620460EF09CFF84E7DFF8B4C1614592
:1023500007D111043FF576AF9006F1D520229A609F
:10236000EEE7002FECD1D4F86432002BE8D104F270
:102370009C423946DCE7049BDB0740F19A805FFA18
:102380008AF320680793194609F0C9F810F0010F85
:10239000804620D06B6B01210AF00F0201FA02F295
:1023A00023EA02036B63CBF80810A17901290DD150
:1023B000D7E9072313443B62BAF1000F06D1636AE1
:1023C00023B9206804F29C4209F0D0F85FFA8AF140
:1023D00020460EF05EFF18F0080F1CBF0823CBF854
:1023E000083018F0100F1CBF1023CBF8083018F07D
:1023F000400F1CBF4023CBF8083018F0020F10D05C
:102400005146304608F034FCFB7D012B06D10023F9
:10241000FB755FFA8AF120460EF078FF0223CBF8B5
:10242000083018F0800F44D0D7E909329A4240D8DA
:10243000A3EB0208FB6921680591984528BF9846DF
:1024400001F5106308F1030803EB4A134FEA9808FB
:102450000693069B99697B6A89B2414527D39A42C4
:102460000BD3059B0AF00F00D3F8342801218140DB
:1024700022EA0102C3F834281BE0A3EB0209FB693E
:10248000079A0598994528BF9946A3790093396A18
:102490001FFA89F308F055FE3B6ABA6A09F103088E
:1024A0004B444A444FEA98083B62BA62D1E79A42E9
:1024B000D7D2049B5B080AF1010A049324370BF17D
:1024C000200B83E520460EF019FF97E599601A6806
:1024D00022F400121A60C3F80812D3F8002222F482
:1024E0000012C3F80022D3F8002242F00062C3F8C1
:1024F0000022039A013203922033A6E50A30544F9A
:102500000A31544F6B6943F4005343F02B036B6162
:102510002B6943F00B032B61ADE5B36923F0800316
:10252000B361012704F257284FF024092379BB42F5
:102530007FF6E1AD09FB07F318F80330012B03D157
:10254000F9B22046FFF7C9FC0137EFE798F83C30B5
:10255000D9F80020012B09D1002A07DA67F07F01A2
:1025600088F83B30C9B22046FFF7B7FC013708F1C5
:10257000240809F12009C7E50CF1010C24332031AE
:10258000D7E510B590F89434012B044610D0012300
:1025900080F894340B06006807D501F00F0108F0AD
:1025A00067FB002084F8940410BD08F084FBF8E772
:1025B0000220F9E7006809F015BB006809F01EBBAE
:1025C00090F8950470474B1E042B0CD80368D3F881
:1025D000042822F07002C3F80428D3F8042842EA41
:1025E0000112C3F804280020704700BF006870B5CE
:1025F000436A120419B913438362002070BD846AD0
:102600004E1E03EB14430024B44205D33F3100EBCC
:10261000810013434360F0E704F1400500EB8505BA
:1026200001346D6803EB1543EEE70368002059623F
:102630007047704770470000002070472DE9F34154
:10264000044640B30368DE0710D423689D075BD4BB
:102650002368190700F19D8023685A0700F1BD80A7
:10266000A369002B40F0248100202CE08D4B9A6858
:1026700002F00C02042A07D09A6802F00C02082A21
:102680000BD15B68590208D5864B1B689A03DCD5D1
:102690006368002BD9D1012015E06368814DB3F543
:1026A000803F13D12B6843F480332B60FBF7E2F8B3
:1026B0007C4E054633689B03C7D4FBF7DBF8401B11
:1026C0006428F7D9032002B0BDE8F081B3F5A02F4C
:1026D00004D12B6843F480232B60E3E72A6822F4BB
:1026E00080322A602A6822F480222A60002BDDD101
:1026F000FBF7C0F806462B689F03A6D5FBF7BAF890
:10270000801B6428F7D9DDE7664B9A6812F00C0F3E
:1027100007D09A6802F00C02082A11D15B685D02AA
:102720000ED4604A1368990702D5E368012BB2D131
:102730001368216923F0F80343EAC103136087E7B4
:10274000E268594BB2B101221A60FBF793F8554D7C
:1027500006462B689B0707D52B68226923F0F803F0
:1027600043EAC2032B6073E7FBF784F8801B02285F
:10277000EFD9A7E71A60FBF77DF84A4E05463368A4
:102780009F077FF565AFFBF775F8401B0228F6D968
:1027900098E76269444B82B10122C3F8802EFBF7AF
:1027A00069F8404E0546736F9B073FF555AFFBF741
:1027B00061F8401B0228F6D984E7C3F8802EFBF7A6
:1027C00059F8384E0546736F9F077FF545AFFBF705
:1027D00051F8401B0228F6D974E7324B1A6C12F0FC
:1027E000805228D101921A6C42F080521A641B6CFC
:1027F00003F080530193019B01272C4D2B68D805D2
:102800001BD5A368274D012B27D12B6F43F0010364
:102810002B67FBF72FF8234E054641F28838336FBC
:102820009A0739D5002F3FF41BAF1E4A136C23F0D3
:102830008053136414E70027DFE72B6843F48073A9
:102840002B60FBF717F806462B68D905D9D4FBF7A0
:1028500011F8801B0228F7D934E7052B04D12B6F20
:1028600043F004032B67D0E72A6F22F001022A67A6
:102870002A6F22F004022A67002BCAD1FAF7FAFF66
:1028800041F2883806462B6F9B07CBD5FAF7F2FF4B
:10289000801B4045F7D915E7FAF7ECFF401B404590
:1028A000BDD90FE7003802400000474200700040E9
:1028B000374DAA6802F00C02082A3ED0022B354B95
:1028C0004FF000021A662BD1FAF7D4FF06462B68A8
:1028D00099011FD4D4E907321343626A43EA821391
:1028E000E26A43EA0263A26A5208013A43EA0243F7
:1028F0006B60284B264D01221A66FAF7BBFF04468F
:102900002B689A013FF5B0AEFAF7B4FF001B02281E
:10291000F6D9D7E6FAF7AEFF801B0228D7D9D1E661
:10292000FAF7A8FF04462B689B017FF59DAEFAF7E6
:10293000A1FF001B0228F6D9C4E6012B3FF4ABAE81
:102940006B68E26903F4800191427FF4A4AE216ACE
:1029500003F03F028A427FF49EAE616A47F6C0727E
:102960001A40B2EB811F7FF496AEA26A520803F4BC
:102970004031013AB1EB024F7FF48DAEE26A03F0D1
:102980007063B3EB026F14BF012000209BE600BF11
:10299000003802400000474270B5224C88B00E4615
:1029A0001546F8B90190236B43F001032363236BB1
:1029B000079003F001030193019B4FF4807C0223F5
:1029C000CDE903C30323CDE9050303A91648FBF7AB
:1029D00077FCA36823F0EC6343EA06012943A16076
:1029E00008B070BD00230293226B104842F004022D
:1029F0002263226B079302F004020292029A4FF4C0
:102A000000710222CDE90312032203A9CDE90532A8
:102A1000FBF756FCA36823F0784343EA060141EA3A
:102A2000C501DCE700380240000002400008024017
:102A3000014B0122DA64704700004742014B00223B
:102A4000DA64704700004742134908B58B6803F009
:102A50000C03042B1CD0082B1CD14A684B68496816
:102A600013F4800314BF0D480D48C1F3881118BF3B
:102A7000002302F03F02A1FB00010FF03FFA064BDA
:102A80005B68C3F3014301335B00B0FBF3F008BDA7
:102A90000248FCE70248FAE70038024040787D012E
:102AA0000024F4002DE9F0410D46044610B9012040
:102AB000BDE8F081434B1A6802F007028A4228D32E
:102AC00021688F072DD4C80740D43E4B1A6802F006
:102AD0000702AA4265D8226851076BD4130707D5AD
:102AE000394A2169936823F4604343EAC103936040
:102AF000FFF7AAFF344B354A9B68C3F30313D35C3B
:102B0000D840334B1860334B1868FAF76BFE00203F
:102B1000CEE7CAB21A701B6803F007038B42C6D116
:102B2000CEE7294B11F0040F1EBF9A6842F4E05221
:102B30009A600E0742BF9A6842F460429A609A68AF
:102B4000A06822F0F00202439A60BCE762681E4B64
:102B5000012A1CD11B6813F4003FA8D01A4EB36899
:102B600023F003031343B360FAF784FE41F288387D
:102B70000746B368626803F00C03B3EB820FA4D07E
:102B8000FAF778FEC01B4045F3D9032090E7911E69
:102B900001291B6802D813F0007FDEE713F0020F53
:102BA000DBE7EAB21A701B6803F00703AB427FF45D
:102BB0007EAF90E70449E0688B6823F4E053034359
:102BC0008B608BE7003C0240003802408C2E0308EB
:102BD000DC00002048000020014B1868704700BF4F
:102BE000DC000020044B054A9B68C3F38223D35CBE
:102BF000034A1068D8407047003802409C2E0308F2
:102C0000DC000020044B054A9B68C3F34233D35CCD
:102C1000034A1068D8407047003802409C2E0308D1
:102C2000DC0000200F2303601E4B1A68510356BFBF
:102C30001A684FF4A02202F4803242601A6802F04F
:102C40000102C2601A68C2F3C40202611A6F52071D
:102C500056BF1B6F052303F001038360114B5A6FAE
:102C600002F0010242611A6812F0807F0CBF01225B
:102C7000022282615A6802F48002C2615A6802F03C
:102C80003F0202625A68C2F3881242625A6802F432
:102C9000403202F58032D20B82625B68C3F3036379
:102CA000C3627047003802400F2303600B4B9A68E1
:102CB00002F0030242609A6802F0F00282609A68B1
:102CC00002F4E052C2609B68DB0803F4E053036146
:102CD000034B1B6803F007030B607047003802408A
:102CE000003C0240704710B5044CE3681B0603D556
:102CF000FFF7F8FF8023A37310BD00BF0038024028
:102D0000036813F0050FF7B5044638D123689A0716
:102D100030D500230193474B474D1A6C42F0805247
:102D20001A641B6C03F080530193019B2B6843F4DE
:102D300080732B60FAF79EFD06462B68D80549D5AF
:102D40003C4D2B6F13F440734AD1236903F4407256
:102D5000B2F5407F374A64D1916823F0704021F486
:102D6000F81120F4407001439160116FC3F30B031D
:102D70000B43136723681B0757D4002028E02F4B11
:102D80002C4E00229A66FAF775FD054633681B0142
:102D900018D4D4E902231B0743EA82136268134361
:102DA000C6F88430254B234E01229A66FAF762FD5D
:102DB000054633681F01A9D4FAF75CFD401B0228C1
:102DC000F7D904E0FAF756FD401B0228DED90320AC
:102DD00003B0F0BDFAF74EFD801B0228ADD9F6E72F
:102DE000226902F440729342AFD02B6F134A012143
:102DF000C2F8401E23F440730021C2F8401E2B6726
:102E00002B6FD907A1D5FAF735FD41F28837064671
:102E10002B6F9A0799D4FAF72DFD801BB842F7D98A
:102E2000D5E7916821F4F8119EE7054B227DC3F8A0
:102E3000E021A2E700380240007000400000474255
:102E400000104742032303600E4BD3F88420C2F3E3
:102E500088128260D3F88420C2F30272C260D3F871
:102E6000842002F03F02426099681A6F01F4F81161
:102E700002F440720A430261D3F88C30C3F300635A
:102E8000037570470038024001281CD1104B9A6826
:102E900012021AD45A6812F4800FD3F8842014BF97
:102EA0000C4B0D4B02F03F02B3FBF2F3084AD2F891
:102EB0008400D2F88420C0F388105843C2F3027310
:102EC000B0FBF3F07047002070470448704700BF24
:102ED0000038024040787D010024F4000080BB00EF
:102EE000044B1A6F01280CBF42F0080222F00802BE
:102EF0001A67704700380240164B002270B59A6678
:102F00000446FAF7B7FC144E054633681A0114D488
:102F1000D4E901231B0743EA821322680E4D1343B1
:102F2000C6F884300B4B01229A66FAF7A3FC0446DC
:102F30002B681B0108D5002005E0FAF79BFC401B1D
:102F40000228E2D9032070BDFAF794FC001B022886
:102F5000EED9F7E7000047420038024038B5094B88
:102F6000094D00229A66FAF785FC0446286810F09D
:102F7000006000D138BDFAF77DFC001B0228F5D9AE
:102F80000320F7E7000047420038024070B5424C8A
:102F9000FAF770FC236843F00103054623602368B9
:102FA000980759D5236843F080032360FAF762FC41
:102FB0000023A360384C054641F28836A36813F01D
:102FC0000C0F50D1FAF756FC236823F450232360EA
:102FD000314C0546236899034BD4FAF74BFC236820
:102FE00023F0807323602C4C054623689A0146D455
:102FF000FAF740FC236823F080632360264C0546E3
:1030000023681B0141D4254B636003F1E053C4F8EE
:103010008430E368224A23F4F853E360E36823F43E
:103020000053E360E36843F41F03E360E36843F4A1
:103030000013E360636F23F001036367636F43F082
:1030400080736367174B1A60174B1868FAF7CAFB4F
:10305000003818BF012005E0FAF70CFC401B0228DD
:103060009DD9032070BDFAF705FC401BB042A5D9DD
:10307000F7E7FAF7FFFB401B6428ABD9F1E7FAF753
:10308000F9FB401B0228B0D9EBE7FAF7F3FB401B32
:103090000228B5D9E5E700BF00380240103000042F
:1030A0000024F400DC00002048000020836B1A6834
:1030B000D36B43F48073D3637047F0B589B0054692
:1030C0000E46FAF7D7FB0023074608212868CDE90A
:1030D000003307F095F90446D8B9296D286809042A
:1030E00007F0BBFA0446A0B94FF0FF310823CDE941
:1030F000021330200223CDE9040302A9012328682A
:103100000694079307F0A7F8286807F0DAFA044650
:1031100090B1204609B0F0BD436B9A0212D507F07A
:103120006FF808AB03EB8403013443F8200CFAF783
:10313000A1FBC01B013026D02868436B13F02A0F77
:10314000EAD002E0436B9B04F1D4436B190702D42D
:10315000436B9A0502D508248463DAE7436B9B0727
:1031600001D50224F8E7446B14F0200401D0202498
:10317000F2E740F23A538363019B1BBA3360009B32
:103180001BBA7360C5E74FF00044C2E77047704751
:1031900010B5044668B1032380F83430006807F0A6
:1031A0003BF820460DF02CFB0020A06384F834008F
:1031B00010BD0120FCE72DE9F04F87B004460D4615
:1031C00016469946FAF756FB07463DB9A36B43F0FE
:1031D0000063A363012007B0BDE8F08F94F834309A
:1031E000012B40F0E080E26D06EB090300219342E1
:1031F000A16303D9A36B43F00073EAE7032384F8C8
:103200003430636C2068012B4FF0FF3300934FEA9A
:10321000492301934FF0020B4FF09003CDE9023B9D
:10322000C1624FF000034FF0010A694618BF7602F1
:10323000CDE9043A07F00FF8D145206811D9C4F858
:1032400030B0314607F00EF988B12368584A9A63C6
:10325000A36B0343A363012384F834300023236367
:10326000B8E7C4F830A0314607F0E3F8ECE7019E78
:1032700040F22A3A2068436B13EA0A0F436B19D0D5
:10328000DB0509D5B9F1010F06D9636C032B03D017
:1032900007F0B0F90028D8D123685A6B100703D47F
:1032A000596B11F4007134D0414A9A63A36B43F017
:1032B0000803CFE71A0418D5BEB105F1040B05F1D8
:1032C0002408206806F09CFF020A0BF8040C0BF897
:1032D000032C020C000E0BF8022C0BF8010C0BF166
:1032E000040BC345EDD1203E2035FAF7C3FA109BFD
:1032F000C01B9842BED323682D4A9A63A36B43F048
:103300000043A363012384F83430002323630320A4
:1033100061E75A6B12F002020AD0254A9A63A36B46
:1033200043F00203A363012384F83430216351E79F
:10333000596B890628D51E499963A36B43F0200376
:10334000A363012384F83430226343E706F058FF77
:10335000030A05F8033C030C05F8023C030E05F8CC
:10336000013C05F8040CFAF785FA109BC01B984243
:10337000A6F1040605F1040507D323680C4A9A63F5
:10338000A36B43F0004365E704352068436B9B0261
:1033900001D5002EDAD140F23A538363012384F839
:1033A0003430002017E7A36B43F0005311E700BF50
:1033B000FF0540002DE9F04F89B004460D469146C7
:1033C0001F46FAF757FA80463DB9A36B43F00063F6
:1033D000A363012009B0BDE8F08F94F83430012BCD
:1033E00040F0AC80E26D09EB070300219342A1633A
:1033F00003D9A36B43F00073EAE7032384F8343066
:10340000636C2068012B4FF0FF3302934FEA472390
:1034100003934FF090064FF00003CDE90463C162BF
:10342000069302A94FF0010318BF4FEA49290793F9
:1034300006F011FF012F206811D92023236349468C
:1034400007F042F888B123683E4A9A63A36B0343AE
:10345000A363012384F8343000232363B9E71023E6
:103460002363494607F017F8ECE7039E40F21A3A47
:103470002068436B13EA0A0F436B18D0D90508D5AF
:10348000012F06D9636C032B03D007F0B3F8002893
:10349000D9D123685A6B120703D4596B11F4007108
:1034A00027D0284A9A63A36B43F00803D0E7580457
:1034B0000CD55EB105F1200B55F8043B2068019353
:1034C00001A906F0A0FEAB45F6D1203EFAF7D2F9ED
:1034D000129BA0EB08009842CAD32368194A9A634A
:1034E000A36BA363012384F83430002323630320F8
:1034F00070E75A6B12F002020AD0124A9A63A36B69
:1035000043F00203A363012384F83430216360E7AE
:10351000586B10F010000AD00A499963A36B43F06E
:103520001003A363012384F83430226351E740F28F
:103530003A529A63012384F834304BE7A36B43F08B
:10354000005345E7FF05400070B5044686B01546B8
:103550001E4631B9836B43F00063A363012006B0BC
:1035600070BD90F83430012B4AD100228263C06DC7
:10357000AB19834203D9A36B43F00073EDE72068D6
:10358000032384F83430C262C36BA16243F4034363
:10359000720243F02A03E262C363636C012B4FF0B3
:1035A000FF33CDE900324FF090024FF00203CDE936
:1035B00002234FF000014FF00103CDE904136946E7
:1035C00018BF6D0206F047FE012E206812D90A23AB
:1035D0002363294606F046FF0028C0D02368094A25
:1035E0009A63A36B0343A363012384F8343000235D
:1035F0002363B3E709232363294606F01AFFEBE7A9
:103600000220ACE7FF05400070B50446084686B0CE
:103610001146024630B9A36B43F00063A363012057
:1036200006B070BD94F83400012843D1E66DC81887
:103630000025B042A56303D9A36B43F00073EDE707
:10364000032084F834002068C5622262C26B42F411
:10365000864242F01A025E026662C263626C012A0E
:1036600018BF4902012B11D92823236306F02CFF30
:10367000054620687DB1104B8363A36B2B43A36386
:10368000012384F8343000232363C8E7182323631D
:1036900006F001FFECE74FF0FF33CDE90036902351
:1036A000CDE90235694601230495059306F0D3FD63
:1036B0002846B5E70220B3E7FF0540002DE9F043B7
:1036C000154687B004461F460A4641B9836B43F04E
:1036D0000063A3630126304607B0BDE8F08390F88D
:1036E0003430012B5FFA83F86FD100218163C06D04
:1036F000EB19834203D9A36B43F00073E9E7266813
:10370000206C032384F83430F162F36B43F44A7382
:1037100043F00203F3632E4BC3632E4B8160C0E979
:10372000133101680B684FEA472923F0C0030B608F
:103730004FEA990306F18001FAF79DFB23680646DC
:1037400060B1DA6B22F49572DA63234A9A63A36B51
:1037500043F08043A36384F83480BBE71F4AC2F878
:103760008C85626C012A4FF0FF32CDE900294FF0C1
:1037700090014FF00202CDE902124FF000004FF02D
:103780000102CDE904026946184618BF6D0206F031
:1037900062FD012F206812D982232363294606F097
:1037A00061FE002897D023680B4A9A63A36B0343FA
:1037B000A363012384F83430002323638AE7812341
:1037C0002363294606F035FEEBE7022683E700BFB8
:1037D000D1390108D1400108FF0540000080254291
:1037E0002DE9F0410F4686B0044611461E4647B902
:1037F000836B43F00063A3630127384606B0BDE83E
:10380000F08190F83430012B6CD100228263C06DBE
:103810008B19834203D9A36B43F00073EBE7206855
:10382000314D032384F83430C262C36B43F4067312
:1038300043F00203C363E36BDD632C4DC3E9135212
:10384000636C012B18BF4902012E11D9A0232363F9
:1038500006F03AFE2268054678B1254B9363A36BC8
:103860000343A363012384F8343000232363C3E7B5
:103870009023236306F00FFEECE7E06B1D4B01681D
:103880004FF00108C3F88C85402383600B6823F058
:10389000C00343F0400376020B6080323946B30820
:1038A000FAF7E9FA074620687FB1C36B23F4067381
:1038B00023F00203C3630E4B8363A36B43F0804387
:1038C000A36384F83480256396E74FF0FF33CDE996
:1038D000003669469023CDE90235CDE9045806F05B
:1038E000BAFC8AE7022788E7AD300108D140010819
:1038F000FF05400000802542F8B590F83430012BD8
:1039000004460E461546DFB256D100219642816329
:1039100005D9836B43F00063A3633846F8BDC36DDC
:10392000934203D2836B43F00073F5E7032380F8DF
:103930003430E36C00689B0608D4204B8363A36B90
:1039400043F08063A36384F83470E6E706F080FCFC
:103950008201236805D5194A9A63A36B43F4006377
:10396000F0E7626C012A03D0032A1BD076026D02B5
:103970001846314606F0C1FD0346206843B10F4AA0
:103980008263A26B1343A363012384F83430C4E73A
:10399000294606F0CBFD28B12368084A9A63A36B39
:1039A0000343F0E7206806F00CFE0028F4D1012361
:1039B00084F834300746B0E70227AEE7FF05400041
:1039C00090F834007047806B7047704770477047BD
:1039D00010B5846B236B822B09D1206806F00AFE98
:1039E00028B1A36B0343A3632046FFF7F0FF2368CE
:1039F000DA6A22F00802DA6240F23A529A6301234C
:103A000084F834300023236320460CF06CFB10BD97
:103A1000704710B5446F230E0B70C4F30F234B8017
:103A2000836F1A0A42EA0462DBB24A600B72C46F07
:103A3000230E4B72D0F880301A0E42EA0422CA607C
:103A4000C3F303520A74C3F30B22C3F346034A823F
:103A50000B7501234B75002010BD426E0346900F7D
:103A600030B50870C2F383604870C2F3016088709B
:103A7000C2F30740C870C2F30720D2B208714A717E
:103A80009A6E100DC880C2F303400872C2F3C030B2
:103A90004872C2F380308872C2F34030C872C2F3F9
:103AA0000030087300204873586C00286AD1D86E23
:103AB00040F6FC7404EA820242EA90720A61C0F3A2
:103AC000C2620A75C0F302624A75C0F342528A7537
:103AD000C0F38242CA75C0F3C2320A760C690A7E0C
:103AE00002F007020232013494405C650D7A012233
:103AF00005F00F05AA409A65520A6243DA654FF451
:103B000000721A66C0F380324A76C0F3C61200F023
:103B10007F008A76C8761B6FDA0F0A77C3F341728B
:103B20004A77C3F382628A77C3F38352CA77C3F3B7
:103B3000405281F820200020C3F3004281F8210088
:103B400081F82220C3F3C03281F82320C3F38032EE
:103B500081F82420C3F3403281F82520C3F30032DA
:103B600081F82620C3F3812281F82720C3F30122A4
:103B7000C3F3460381F8282081F82930012381F816
:103B80002A301BE001280FD1D86E120402F47C12F7
:103B900042EA10420A610A69013292025A65DA6504
:103BA0004FF400729A65AAE71A68054991639A6B07
:103BB000012042F080529A6383F8340030BD00BF88
:103BC000FF054000F0B5002599B0CDE909557623F1
:103BD0000B950C930AAB044693E807008DE80700A9
:103BE000CDE90755744F206807AB0ECB06F0ECFA11
:103BF0000126C7F8A050206806F00AFB0220C7F88B
:103C0000A060F9F759FE2068069506F043FB0546CB
:103C100090B9206806F0FCFE30B12068A56406F07B
:103C200039FB98B1054607E0A6642068002106F03C
:103C300014FD70B14FF08055012384F83430A36B2C
:103C40002B43A3630125284619B0F0BDA36C012BBB
:103C5000EBD000214FF6FE7614E0206806F0FDFC64
:103C600005460028E8D15549206806F01DFE0028C9
:103C7000E0D12946206806F0EBFA069B01330546A1
:103C8000C10F0693069BB34201D80029E5D0069BDD
:103C9000B34211D8C5F38075012320686564ADF87F
:103CA000163006F0BDFA50B94FF08061012384F858
:103CB0003430A36B0B43C4E74FF08075BCE7636CF3
:103CC000032B44D0206806F0A1FD01460028EDD169
:103CD000206806F0BDFA04216067206806F0B8FA93
:103CE0000821A067206806F0B3FA0C21E06720687D
:103CF00006F0AEFA636CC4F88000032B206826D06F
:103D00000DF1160106F040FE01460028CED1636C8D
:103D10002068032B1BD0BDF816102165090406F09E
:103D20008BFD01460028C1D1206806F091FA0421DC
:103D30006066206806F08CFA0821A066206806F00C
:103D400087FA0C21E066206806F082FA20670421D9
:103D5000206806F07DFA000DE0640DA92046FFF70B
:103D60007CFE054628BB226D03461204206806F03F
:103D70005BFC0146002899D104F1100393E8070089
:103D80008DE80700231D0ECB206806F01DFA206881
:103D90004FF4007106F034FB00283FF454AF236861
:103DA000074A9A63A36B0343A363012384F8343067
:103DB00048E74FF0805179E700802542000010C1AC
:103DC000FF05400010B5044608B9012010BD90F869
:103DD000343003F0FF0213B902770CF07BFC0323AD
:103DE00084F834302046FFF7EDFE0028EDD10123A2
:103DF000A063206384F83430E8E72DE9F04397B0FE
:103E000004460E46F9F736FD00210746206806F005
:103E10001FFA850100F1A2802068402106F0F0FA27
:103E2000034658B1A26BA2632068504A8263A26B1A
:103E300001251343A36384F834507FE0216D20688B
:103E4000090406F00AFC03460028EBD14FF0FF31CD
:103E50004022CDE9001260200222CDE90202049343
:103E6000694601232068059306F0F5F9206806F0FD
:103E700074FC03460028D5D10DF1180840F22A45FC
:103E800023685A6B2A420DD05A6B100769D45A6BBB
:103E9000910566D45A6B920765D45B6B9B061ED561
:103EA0002023C1E75B6B1B0408D508F120092068BB
:103EB00006F0A6F948F8040BC845F8D1F9F7DAFC82
:103EC000C01B0130DCD14FF00043ADE706F098F99C
:103ED00048F8040BF9F7CEFCC01B0130F3D0206882
:103EE000456B15F40015F1D1069A40F23A538363FD
:103EF000C2F381133370C2F340137370130A23F0BB
:103F0000FF0343EA12639BB27380079B1BBA736083
:103F1000089BDAB23272C3F307227272C3F3035200
:103F2000B272099A1B0CD1B223F0FF030B43B38189
:103F3000C2F38523C2F30122B373F2734FF400710D
:103F400006F05EFA30B12368084A9A630125A0633F
:103F500084F83450284617B0BDE8F0834FF400636E
:103F600062E7082360E702235EE700BFFF05400029
:103F7000436C0B60836C4B60C36C8B60036DCB60D8
:103F8000436D0B61836D4B61C36D8B61036ECB61C0
:103F900000207047F0B503238BB080F83430436CB9
:103FA000032B04460D4602D0B1F5805F03D1A36B0D
:103FB00043F080531FE0B1F5006F006838D1002155
:103FC000049106F045F910F000704AD1059004A95B
:103FD0002046FFF772F860B9059B590344D5216D5F
:103FE0002068090406F039FB18B90221206806F0A0
:103FF0004DFBA36B0343A363A66B2768002E3AD047
:10400000284BBB63012584F8345020684FF40071BD
:1040100006F0F6F930B12368224A9A63A36B034392
:10402000A36301250123284684F834300BB0F0BD8A
:10403000E9B9049106F00CF9820112D404A92046D2
:104040000595FFF73AF80028D3D1059BDB030BD584
:10405000216D2068090406F000FB0028C9D1014643
:10406000C4E74FF40060C4E74FF08060C1E7A36B82
:1040700043F00063BFE763680493A3680593E368B4
:10408000CDE9063563690893A36909930AAB13E97F
:1040900007008DE8070004AB0ECB384606F094F815
:1040A0003546B2E7FF054000016D10B5090404462E
:1040B000006806F039FB014628B9206806F0C8F808
:1040C000C0F3432010BDA36B0343A3630020F7E7B5
:1040D00010B5846BFAF7F1F8022826D0236C5A6DDC
:1040E000E36B012A5B6D01D0012B1BD123680F4AC2
:1040F0009A63DA6B22F49D72DA63A36B43F0804318
:10410000A3632046FFF7D0FF0538012805D82068B3
:1041100006F070FAA36B0343A363012384F83430E1
:10412000002323632046FFF752FC10BDFF0540002B
:1041300010B5846B236840F23A529A632046FFF729
:10414000B3FF0123053884F8343001284FF0000311
:10415000236305D8206806F04DFAA36B0343A363DD
:10416000A36B204613B90BF0B4FF10BDFFF72FFC73
:10417000FBE72DE9F341056B04460068436B1A0425
:104180001FD52B071DD5E76AC7B1A66A351D06F1F5
:104190002408206806F034F8030A05F8040C05F832
:1041A000033C030C000E05F8023C05F8010C043535
:1041B0004545EED12036203FA662E76202B0BDE859
:1041C000F081436BDF0545D54FF480738363C36B88
:1041D00023F4434323F03A03C363C36A2E0723F057
:1041E0000103C3621BD515F0220F08D006F002FAB6
:1041F00028B1A36B0343A3632046FFF7E8FB2368C2
:1042000040F23A529A63012384F83430A9074FF000
:104210000003236320461AD00BF065FFCEE72A0681
:10422000CCD5AB0608D506F0E5F928B1A36B03435E
:10423000A3632046FFF7CBFBAF07BFD12268D36A49
:1042400023F00803D362012384F8343020460BF0B6
:1042500045FFB3E7436B5E0426D5290724D5676A7B
:10426000002FABD0266A351D06F1240815F8043C52
:10427000019315F8032C206843EA0223019315F8F3
:10428000022C43EA0243019315F8012C01A943EAE9
:1042900002630435019305F0B6FF4545E6D12036AB
:1042A000203F2662676289E7426B40F23A231A4256
:1042B00084D0436B9A0742BFA36B43F00203A3630E
:1042C000436B1B0742BFA36B43F00803A363436B1D
:1042D0009F0642BFA36B43F02003A363436BDE063C
:1042E00042BFA36B43F01003A363436B990542BF26
:1042F000A36B43F00803A36340F23A738363C36B79
:1043000023F44E7323F00203C36306F073F9A36B27
:104310002A0743EA0003A36308D5012384F8343055
:10432000002323632046FFF752FB47E72B067FF568
:1043300045AF15F0300F0CD0E06B114B0365F9F76A
:1043400011FE00283FF43AAFE06B02B0BDE8F04147
:10435000EEE615F0030509D0206C0A4B0365F9F76A
:1043600001FE00283FF42AAF206CEEE70123A5638D
:10437000204684F8343025630BF0ABFE1EE700BF07
:104380003141010889430108D2E60368026BD96B09
:1043900021F49D7110B5D96340F23A519963D96AFD
:1043A00021F00101D962110604460ED5D96A12F036
:1043B000300F21F00801D9621BD0C06BF9F794FDD2
:1043C00018B1A36B43F08043A363012384F8343016
:1043D000002323632046FFF767FE0538012803D832
:1043E000206806F007F9A063A06B003818BF012011
:1043F00010BD9307E9D0006CE0E738B50368026BA5
:10440000D96B21F49D71D963D96A12F0800521F02E
:1044100001010446D9621BD0D96A12F0300521F09F
:104420000801D96209D0C06B154B0365F9F79AFDF5
:1044300008B10023E363002038BD9307FBD0006C74
:10444000104B0365F9F78EFD0028F4D02564F2E7E0
:1044500040F23A529A63FFF727FE0123053898424B
:1044600084F83430256303D8206806F0C3F8A063CD
:10447000A36B1BB920460BF02CFEDCE70120DBE729
:10448000314101088943010882B000230093134B96
:1044900045F6C0521B68B3FBF2F364225343019309
:1044A0000368019A9AB9426D42F0400242651A6867
:1044B00022F040021A605A6822F0E0025A60DB687B
:1044C0000093009B072380F8513002B07047019A97
:1044D000013A01929A689207E3D5E8E7DC000020F0
:1044E00003685A6822F080025A601A6822F040027B
:1044F0001A60072380F8513070472DE9F3471F46B3
:10450000894690460446F9F7B5F90A9D3D442D1AAF
:10451000F9F7B0F9254B1E68C6F3CB366E438246D9
:1045200001962268936839EA03030CBF0123002334
:10453000434501D100202EE07B1CF3D0F9F79AF916
:10454000A0EB0A00A84229D323685A6822F0E002AF
:104550005A606268B2F5827F0AD1A268B2F5004F54
:1045600002D0B2F5806F03D11A6822F040021A60BF
:10457000A26AB2F5005F07D11A6822F400521A60ED
:104580001A6842F400521A60012384F85130002363
:1045900084F85030032002B0BDE8F087019B1BB1C6
:1045A000019B013B0193BCE71D46BAE7DC000020FC
:1045B000F0B585B00B4600920E4617460221012247
:1045C0000446FFF79AFF054628B1636D43F02003C8
:1045D0006365032515E0124B1868124BB0FBF3F02E
:1045E0004FF47A73584363680390B3F5827F0BD11D
:1045F000009733462A4680212046FFF77EFF002899
:10460000E3D1284605B0F0BD039B002BF9D0039BF6
:10461000013B039323689B681B06F5D4F1E700BFB9
:10462000DC00002000366E0137B50B464168B1F55D
:10463000827F044608D0009201210022FFF75DFF2F
:10464000D0B9002003B030BD8168B1F5004F02D071
:10465000B1F5806F07D125682868B1F5806F20F02B
:104660004000286004D00092802100222046E5E727
:10467000009201210022F9E7636D43F02003636596
:104680000320DFE7704710B50446002855D0436A81
:10469000002B4ED14268B2F5827F00D0C361002367
:1046A000A36294F8513003F0FF0223B984F850203C
:1046B00020460CF0F1F82168A068A269022384F872
:1046C00051300B6823F040030B60636800F4044032
:1046D00003F482730343E06800F40060034320693D
:1046E00000F002000343606900F00100034302F49C
:1046F00000700343E06900F038000343206A00F0D3
:1047000080000343A06A00F4005003430B60636A17
:10471000120C03F0100302F004021A434A60CB6942
:1047200023F40063CB6100200123606584F85130DD
:1047300010BD0023C0E90433B1E70120F8E770475A
:1047400010B5044680B10268022380F85130136826
:1047500023F0400313600CF00FF90020606584F82B
:10476000500084F8510010BD0120FCE72DE9F7430B
:1047700004461F460D469046F9F77CF894F85130F0
:10478000012B8146D8B240F09F80002D74D0B8F143
:10479000000F71D094F85030012B00F09580032366
:1047A00084F8513000236365C4E91033A4F83680DF
:1047B000A363A387E387A368266884F85000B3F552
:1047C000004F2563A4F8348007D1336823F04003F9
:1047D0003360336843F4804333603368E2685B06D8
:1047E0005EBF336843F040033360B2F5006F636827
:1047F00045D113B1B8F1010F07D135F8023BF36091
:104800002563E38E013B9BB2E386E38E9BB2D3B973
:104810004A4639462046FFF7CBFE002851D1A3680F
:1048200033B901932368DA6801929B680193019B75
:10483000012384F85130606D0023C01A84F8503091
:1048400018BF012018E022689368980705D5236BEC
:1048500033F8021BD1602363D3E7F9F70BF8A0EB21
:104860000900B842D1D3791CCFD0012384F851304C
:10487000002384F85030032003B0BDE8F08313B167
:10488000B8F1010F08D12B783373236B0133236305
:10489000E38E013B9BB2E386E38E9BB2002BB7D045
:1048A00023689A68920703D5226B12781A73ECE793
:1048B000F8F7E0FFA0EB0900B842EDD37B1CEBD08A
:1048C000D3E720236365AAE70220D5E72DE9F74364
:1048D00004460D4691461E46DDF82880F8F7CAFFCB
:1048E00094F851306268012B0746D9B20AD0B2F56C
:1048F000827F40F0E580A368002B40F0E18004292E
:1049000040F0DE80002D4BD0B9F1000F48D0002ED2
:1049100046D094F85030012B00F0D280012384F867
:10492000503094F85130C4F83890042B1CBF052344
:1049300084F8513000236365C4E910332368E687A7
:10494000E6861968A687490658BF1968256358BFC7
:1049500041F04001A68658BF1960E168B1F5006FCB
:1049600055D10AB1012E07D135F8022BDA60E38E5A
:104970002563013B9BB2E3860125E38E9BB28BB995
:10498000E38F9BB273B93A4641462046FFF710FECB
:10499000002800F0818020236365002384F85030D4
:1049A000012031E021688B689A070DD5E38E9BB218
:1049B00053B145B1236B33F8022BCA602363E38EF6
:1049C000013B9BB2E38600258A6812F001020CD0FD
:1049D000E38F9BB24BB1A36BC96823F8021BA3639F
:1049E000E38F013B9BB2E3871546F8F743FFC01BFB
:1049F0004045C2D3B8F1FF3FBFD0012384F8513006
:104A0000002384F85030032003B0BDE8F0830AB1DE
:104A1000012E08D12A781A73236B01332363E38EA6
:104A2000013B9BB2E38601252DE0226893689B073A
:104A30000ED5E38E9BB25BB14DB1236B1B78137324
:104A4000236B01332363E38E013B9BB2E386002596
:104A50002268916811F001010DD0E38F9BB253B130
:104A6000A36BD2681A70A36B0133A363E38F013B7E
:104A70009BB2E3870D46F8F7FDFEC01B404502D30D
:104A8000B8F1FF3FB9D1E38E9BB2002BCDD1E38FBC
:104A90009BB2002BC9D176E7A36833B90193236891
:104AA000DA6801929B680193019B012384F85130DD
:104AB000606D0023C01A84F8503018BF0120A3E7AE
:104AC0000220A1E72DE9F7431E4690F85130012B53
:104AD000044689461746DDB204D00225284603B0B5
:104AE000BDE8F0830029F9D0002AF7D04368B3F578
:104AF000827F0BD183684BB9042380F85130134671
:104B000000960A46FFF7E2FE0546E7E7F8F7B2FE31
:104B100094F85030012B8046DFD0A268C4F838905A
:104B20000123002584F85030B2F5004F4FF0040304
:104B300084F85130C4E9105565652368E787A78775
:104B40002563A586E58607D11A6822F040021A601F
:104B50001A6822F480421A601A6855065EBF1A6805
:104B600042F040021A60E368F3B1E38F9BB2FBB1FD
:104B700023689A68D2073CD5DA68A36B23F8022B26
:104B8000A363E38F013B9BB2E387EEE723689A6858
:104B9000D0071ED5A26B1B7B1370A36B0133A363DD
:104BA000E38F013B9BB2E387E38F9BB2002BEDD1F8
:104BB000424631462046FFF737FD18BB012384F8F3
:104BC0005130656D0023ED1A84F8503018BF01256F
:104BD00084E7F8F74FFEA0EB0800B042E4D3711C65
:104BE000E2D0012384F85130002384F850300325AB
:104BF00074E7F8F73FFEA0EB0800B042B5D3731C92
:104C0000B3D0EEE720236365D8E710B5034600294B
:104C10003DD0002A3BD090F851000128C4B238D1D1
:104C200093F85000012834D0032083F8510000206D
:104C300058651963DA8618499A869863174A9887DF
:104C4000D8871864D86883F85040002818BF0A46EF
:104C500099685A64B1F5004F1A6807D1116821F0BC
:104C600040011160116841F48041116011684906EA
:104C700058BF11684FF000005CBF41F04001116067
:104C800083F85000536843F0A003536010BD012027
:104C9000FCE70220FAE700BF25530108055301088D
:104CA00030B5044690F851000128C5B208D06068BC
:104CB000B0F5827F3AD1A068002837D1042D35D1D4
:104CC000002931D0002A2FD0002B2DD094F850008D
:104CD00001282BD094F85100A38604281CBF05207E
:104CE00084F8510000206065A387E386E387E368CA
:104CF0002163A263ABB90E4A0E4BC4E910232368AB
:104D00001A68520658BF1A684FF000005CBF42F0A4
:104D100040021A6084F850005A6842F0E0025A607B
:104D200030BD054A054BE8E70120F9E70220F7E727
:104D3000A9540108795401080F550108D9540108F4
:104D400070B4134690F85120012A04460E46D5B29D
:104D500049D1002944D0002B42D0826852B945681D
:104D6000B5F5827F06D1042280F8512070BC0A4636
:104D7000FFF796BF94F85010012934D0012100208C
:104D800084F85010042184F85110A38760651749F6
:104D9000E3872063164BA086E0866064E068A66324
:104DA000002818BF0B46B2F5004F2364236807D1D3
:104DB0001A6822F040021A601A6822F480421A60CF
:104DC0001A68520658BF1A684FF000055CBF42F0DF
:104DD00040021A6084F850505A6842F060025A60EB
:104DE000284670BC70470225FAE700BFBF53010890
:104DF0009F53010870B590F85130012B0446DDB285
:104E000050D1002936D0002A34D090F85030012BF0
:104E100048D0032380F8513000234365C0E91033A4
:104E2000C28683638387C38783688286B3F5004F16
:104E3000026880F85050016307D1136823F04003E3
:104E40001360136843F480431360A06C164B036433
:104E5000164BC363164BC364E38E002606659BB2F4
:104E60000C32F9F708F838B1636D84F8506043F0FC
:104E700010036365284670BD23681A68520658BF40
:104E80001A684FF000055CBF42F040021A6084F8D7
:104E900050505A6842F020025A605A6842F00202AA
:104EA0005A60E7E70225E5E75F5201086755010808
:104EB0004555010870B5044690F851000128C5B267
:104EC00008D06068B0F5827F6ED1A06800286BD1F1
:104ED000042D69D1002939D0002A37D0002B35D0D4
:104EE00094F8500001285FD0012084F8500094F815
:104EF0005100A38604281CBF052084F8510000201F
:104F00006065E386E387A38794F851302163042B1F
:104F1000C4E9100018BF2549E06C12BF244B254995
:104F2000254BA263C0E90F31244B2168C364E38F92
:104F3000002606659BB20C31F8F79DFF054638B197
:104F4000636D84F8506043F010036365012070BD09
:104F50002268A06C5368216B43F001035360E38E19
:104F6000C0E90F55C0E913559BB20C32F8F783FF27
:104F700030B1636D84F8505043F010036365E5E78A
:104F800023681A6852065EBF1A6842F040021A602F
:104F9000002284F850205A6842F020025A605A6871
:104FA00042F002025A60D2E70220D0E777520108AD
:104FB000375601086B520108D155010845550108C3
:104FC0002DE9F041134690F85120012A04460E467F
:104FD000D5B260D1002945D0002B43D087685FB996
:104FE0004268B2F5827F07D1042280F85120BDE8E3
:104FF000F0410A46FFF75EBF94F85020012A4AD0DC
:10500000012284F85020042284F85120B7F5004F83
:105010004FF000026265C4E91022E3872168A663AD
:10502000A387A286E28607D10B6823F040030B60BA
:105030000B6823F480430B60E06C184B0364184B3F
:10504000C363184BC364E38F002707659BB23246E6
:105050000C31F8F710FF40B1636D84F8507043F0E5
:10506000100363652846BDE8F08123681A6852067C
:1050700058BF1A684FF000055CBF42F040021A604A
:1050800084F850505A6842F020025A605A6842F040
:1050900001025A60E6E70225E4E700BF6B5201080F
:1050A000D1550108455501081FB5454B45F6C0527D
:1050B0001B68B3FBF2F3642253430193019B0093FB
:1050C00003685A6822F020025A605A6811060446A2
:1050D0000AD53C4A4264009A002A59D1626D42F0D6
:1050E00040026265019A00925A6852060AD5364A11
:1050F0002264009A002A53D1626D42F04002626538
:10510000019A00925A68900714D5A06C90B10023C0
:105110000365F8F7E9FE08B14023636523685A6820
:1051200022F002025A60009A002A41D1626D42F0D8
:10513000400262655A68D20711D5E06C78B100234D
:105140000365F8F7D1FE08B14023636523681A6848
:1051500022F040021A605A6822F001025A600022CE
:10516000E287E286616D402918BF62650292D968C4
:10517000029199680291029903929B680393039BA1
:1051800014BF10460120012384F8513004B010BD33
:10519000009A013A009294F85120072A9BD1A1E786
:1051A000009A013A009294F85120072AA1D1A7E76A
:1051B000009A013A00929A689107B4D5BAE700BF05
:1051C000DC000020E14401088944010890F85020E7
:1051D000012A1CBF01684A6803461FBF22F0030270
:1051E00000204A6083F8500008BF0220704790F802
:1051F0005020012A1CBF01684A6803461FBF42F0C5
:10520000030200204A6083F8500008BF0220704764
:1052100038B50446806CA0B90025E06C38B1F8F7C9
:1052200063FE20B1636D43F01003636501252268BE
:10523000536823F003035360012384F85130284658
:1052400038BDF8F751FE0028E6D0636D43F0100337
:1052500063650125E1E7704770477047704708B5FF
:10526000806BFFF7FBFF08BD704708B5806BFFF749
:10527000FBFF08BD704708B5806BFFF7FBFF08BD5B
:10528000704713B51E4B45F6C0521B68B3FBF2F3D3
:105290006422534304460093F8F7ECFA236802466D
:1052A000009919BB616D41F020016165596821F0D9
:1052B000A001596020466421FFF77AF918B1636DA7
:1052C00043F020036365A36833B901932368DA6868
:1052D00001929B680193019B012384F85130636D17
:1052E000204653B1FFF7CCFF02B010BD0099013941
:1052F000009199688907D3D5D8E7FFF7ACFFF3E7AA
:10530000DC000020016B026809781173026B013226
:105310000263C28E013A92B2C286C38E9BB203B9B7
:10532000AFE77047026B016810B432F8024BCC60F3
:105330000263C28E013A92B2C286C38E9BB213B987
:105340005DF8044B9DE75DF8044B704702685368B5
:1053500023F0600313B553600446F8F78BFA642119
:1053600002462046FFF760F918B1636D43F0200351
:105370006365A36833B901932368DA6801929B6877
:105380000193019B012384F85130636D20461BB9C2
:10539000FFF762FF02B010BDFFF772FFFAE7016886
:1053A000826B097B1170826B01328263C28F013A7A
:1053B00092B2C287C38F9BB203B9C7E77047026836
:1053C000D168826B22F8021B8263C28F013A92B2CB
:1053D000C287C38F9BB203B9B8E7704713B5254B9B
:1053E00004461B6845F6C052B3FBF2F364225343F4
:1053F0000093F8F73FFA2368596821F0200102462C
:105400005960009921BB636D43F0200363656421FB
:105410002046FFF7CDF818B1636D43F020036365B4
:10542000A36833B901932368DA6801929B680193FA
:10543000019B636DB3B994F85130042B4FF0010315
:1054400084F8513020460AD1FFF706FF02B010BDA4
:1054500000990139009199688907D2D5D7E7FFF7FC
:10546000FCFEF3E7012384F851302046FFF708FFE4
:10547000ECE700BFDC000020016B026809781173C3
:10548000026B01320263C28E013A92B2C286C28EB0
:1054900092B242B901684A6822F080024A60C38F22
:1054A0009BB203B99AE770470168826B097B117060
:1054B000826B01328263C28F013A92B2C287C28F7D
:1054C00092B242B901684A6822F060024A60C38E13
:1054D0009BB203B982E77047026B016810B432F8DF
:1054E000024BCC600263C28E013A92B2C286C28E77
:1054F00092B24AB94A6822F080024A60C38F9BB2D6
:1055000013B95DF8044B69E75DF8044B7047016817
:10551000826B10B4CC6822F8024B8263C28F013ACE
:1055200092B2C287C28F92B24AB94A6822F0400250
:105530004A60C38E9BB213B95DF8044B4EE75DF829
:10554000044B7047806B026808B5536823F003036F
:105550005360436D43F010034365012380F85130DD
:10556000FFF78EFE08BD37B50546846BF8F782F964
:105570002B681B68DB05024626D42368596821F096
:1055800020015960596821F00201596020466421C8
:10559000FFF70EF818B1636D43F020036365A3684D
:1055A00033B901932368DA6801929B680193019BE8
:1055B0000023E386012384F85130636D23B1204634
:1055C000FFF75EFE03B030BD2046FFF744FEF9E76B
:1055D00038B50546846BF8F74DF92B681B68DB0579
:1055E000024624D42368596821F020015960A1683B
:1055F000C9B96168B1F5827F15D1596821F00301FD
:10560000596020466421FFF70FF808B12023636535
:105610000023E387012384F85130636D3BB12046BA
:10562000FFF72EFE38BD596821F00101E8E720465A
:10563000FFF712FEF6E738B50546846BF8F71AF95E
:105640002B681B68DB0502461ED421684B6823F0DB
:1056500020034B6020466421FEF7AAFF18B1636D5A
:1056600043F0200363652268536823F0030353600B
:105670000023E386E387012384F85130636D1BB177
:105680002046FFF7FDFD38BD2046FFF7E6FDFAE7AF
:10569000F0B503685D689A68560685B004464FEA1F
:1056A0009211C2F3801708D4D60706D56E0604D52A
:1056B000036C05B0BDE8F0401847960704D52806EE
:1056C00002D5636C2046F4E741EA521102F480707F
:1056D00001F0010101434FEA521657D0AA0655D5F1
:1056E0007FB194F85120032A4FF0000148D0626D39
:1056F00042F0040262650091DA6800929A680092B2
:10570000009AF1070CD5626D42F001026265002239
:1057100002929A6802921A6822F040021A60029A73
:1057200040B1626D42F008026265002203929A68FD
:105730000392039A626D4AB35A6822F0E0025A60FB
:10574000012284F85120AA0722D05A68E06C22F086
:1057500003025A6040B1104B0365F8F703FC18B11F
:10576000636D43F040036365A06C78B10A4B036539
:10577000F8F7F8FB50B1636D43F04003636505E053
:105780000191DA6801929B680193019B05B0F0BD1D
:105790002046FFF775FDF9E79D57010808B5806BB6
:1057A0000023C387C386FFF76BFD08BD704730B584
:1057B000454B85B045F6C0521B68B3FBF2F364223B
:1057C00053430193019B009303685A6822F020021F
:1057D0005A605A68044610060AD53C4A6264009A28
:1057E000002A3ED1626D42F040026265019A009249
:1057F0005A6851060AD5364A2264009A002A38D1DE
:10580000626D42F040026265019A0092A06C28B17C
:105810005A6812F0020218BF2E4A0265E16C29B1E3
:105820005A6812F0010218BF2B4A0A655B689A0792
:1058300009D540B1F8F796FB054628B1A36C0022C4
:105840001A6540236365012523685B68DB071DD566
:10585000E06CD8B1F8F786FB98B90025284605B06A
:1058600030BD009A013A009294F85120072AB6D12F
:10587000BCE7009A013A009294F85120072ABCD163
:10588000C2E7E36C00221A6540236365002DE4D073
:105890000023E387E386626D402A226818BF6365B0
:1058A0000293D1680291916802910299039318BF03
:1058B0001D4693680393039B012384F851302046CF
:1058C000FFF774FFCAE700BFDC000020E1440108D5
:1058D000894401084D590108DD58010813B5846B4E
:1058E00023681A6822F040021A60E26C00211165F8
:1058F0005A6822F001025A60F7F7BCFF64210246A1
:105900002046FEF755FE18B1636D43F04003636512
:10591000A36C0BB11B6DBBB90023E387E386626DFB
:10592000402A226818BF63650093D168009191688E
:1059300000910099019393680193019B012384F8DE
:1059400051302046FFF732FF02B010BD1FB5806B0B
:10595000836C00221A651C4B45F6C0521B68B3FBD2
:10596000F2F364225343019303685A6822F002025F
:105970005A60019A02BB426D42F040024265C26C1D
:105980000AB1126DAAB90022C287C286416D4029B0
:1059900018BF42650292D9680291996802910299F2
:1059A00003929B680393039B012380F85130FFF718
:1059B000FDFE05B05DF804FB019A013A01929A6878
:1059C0009207D6D5DBE700BFDC00002090F851003D
:1059D0007047406D704700BF036A026A22F00102FF
:1059E00070B50262446882690D6822F073022A432E
:1059F0008D6823F002032B430A4DA8420BD1CD68DA
:105A000023F008032B43D1E9055624F440743543B1
:105A100023F004032C43446082614A6842630362BA
:105A200070BD00BF00000140036A026A22F4807268
:105A300070B502624468C2690D6822F073022A439D
:105A40008D6823F4007343EA05230B4DA8420DD162
:105A5000CD6823F4006343EA0523D1E9055624F415
:105A60004054354323F4806344EA05144460C26122
:105A70004A68C263036270BD00000140036A026AA3
:105A800022F4805230B502624468C2690D6822F483
:105A9000E64242EA05228D6823F4005343EA0533C7
:105AA000064DA84202BF4D6924F4804444EA85149F
:105AB0004460C2614A680264036230BD0000014074
:105AC00070477047022310B580F83D300368196AAB
:105AD00041F211121142044608D1196A40F24442BF
:105AE000114202BF1A6822F001021A6020460BF030
:105AF00011FA002084F8460084F83C0084F83E0047
:105B000084F83F0084F8400084F8410084F84200A3
:105B100084F8430084F8440084F8450084F83D008C
:105B200010BD90F83D30012B24D10223124A80F899
:105B30003D300368934212D0B3F1804F0FD0A2F5ED
:105B40007C4293420BD002F58062934207D002F56B
:105B50008062934203D002F59A32934204D19A684C
:105B600002F00702062A03D01A6842F001021A6006
:105B70000020704701207047000001400368196A47
:105B800041F21112114208D1196A40F24442114205
:105B900002BF1A6822F001021A60012380F83D302A
:105BA0000020704790F83D30012B28D1022380F867
:105BB0003D300368DA6842F00102DA60114A93422C
:105BC00012D0B3F1804F0FD0A2F57C4293420BD09C
:105BD00002F58062934207D002F58062934203D0BF
:105BE00002F59A32934204D19A6802F00702062A1B
:105BF00003D01A6842F001021A60002070470120A9
:105C0000704700BF000001400368DA6822F001021B
:105C1000DA60196A41F21112114208D1196A40F290
:105C20004442114202BF1A6822F001021A600123A5
:105C300080F83D300020704738B5134690F83D207D
:105C4000022A0446D0B204D094F83D20012A01D0A3
:105C5000012038BD0029FBD0002BF9D0206A022298
:105C600084F83D20184AC263184A0264184AC26484
:105C700022682C32F8F7FFF80028E9D12368DA68A7
:105C800042F48072DA60134A934212D0B3F1804F2B
:105C90000FD0A2F57C4293420BD002F58062934272
:105CA00007D002F58062934203D002F59A32934204
:105CB00004D19A6802F00702062ACAD01A6842F094
:105CC00001021A60C5E700BF776801088F68010804
:105CD000456B0108000001400268D36810B523F449
:105CE00080730446D360006AF8F73CF92368196AA8
:105CF00041F21112114208D1196A40F24442114294
:105D000002BF1A6822F001021A60012384F83D30B4
:105D1000002010BD70477047022310B580F83D3059
:105D20000368196A41F211121142044608D1196A36
:105D300040F24442114202BF1A6822F001021A6086
:105D40002046FFF7E8FF002084F8460084F83C0076
:105D500084F83E0084F83F0084F8400084F8410055
:105D600084F8420084F8430084F8440084F8450035
:105D700084F83D0010BD70477047022310B580F8CD
:105D80003D300368196A41F211121142044608D1EC
:105D9000196A40F24442114202BF1A6822F001021D
:105DA0001A602046FFF7E8FF002084F8460084F8D8
:105DB0003C0084F83E0084F83F0084F8400084F8FA
:105DC000410084F8420084F8430084F8440084F8D9
:105DD000450084F83D0010BD70477047022310B5A0
:105DE00080F83D300368196A41F2111211420446ED
:105DF00008D1196A40F24442114202BF1A6822F0E7
:105E000001021A602046FFF7E8FF002084F84600F0
:105E100084F83C0084F83E0084F83F0084F8400099
:105E200084F8410084F8420084F8430084F8440078
:105E300084F8450084F83D0010BD70477047022388
:105E400010B580F83D300368196A41F21112114211
:105E5000044608D1196A40F24442114202BF1A684E
:105E600022F001021A602046FFF7E8FF002084F8C4
:105E7000460084F83C0084F83E0084F83F0084F833
:105E8000420084F8430084F83D0010BD30B503465D
:105E900090F83E5093F83F4093F8421093F8432017
:105EA000012DE8B2E4B2C9B2D2B228D1012C25D179
:105EB000012923D1012A21D1022283F83E2083F82F
:105EC0003F2083F8422083F843201B681A6A22F09F
:105ED00001021A621A6A42F001021A621A6A22F078
:105EE00010021A621A6A42F010021A62054A9342BC
:105EF00002BF5A6C42F400425A64002030BD0120B7
:105F0000FCE700BF0000014003681A6A22F00102AA
:105F10001A621A6A1A621A6A22F010021A621A6A5D
:105F20001A62154A93420DD1196A41F211121142B7
:105F300008D1196A40F24442114202BF5A6C22F45D
:105F400000425A64196A41F21112114208D1196AC9
:105F500040F24442114202BF1A6822F001021A6064
:105F6000012380F83E3080F83F3080F8423080F8DE
:105F700043300020704700BF0000014030B50346A9
:105F800090F83E5093F83F4093F8421093F8432026
:105F9000012DE8B2E4B2C9B2D2B230D1012C2DD178
:105FA00001292BD1012A29D1022283F83E2083F82E
:105FB0003F2083F8422083F843201B68DA6842F0D0
:105FC0000202DA60DA6842F00402DA601A6A22F049
:105FD00001021A621A6A42F001021A621A6A22F077
:105FE00010021A621A6A42F010021A62054A9342BB
:105FF00002BF5A6C42F400425A64002030BD0120B6
:10600000FCE700BF000001400368DA6822F00202EA
:10601000DA60DA6822F00402DA601A6A22F0010219
:106020001A621A6A1A621A6A22F010021A621A6A4C
:106030001A62154A93420DD1196A41F211121142A6
:1060400008D1196A40F24442114202BF5A6C22F44C
:1060500000425A64196A41F21112114208D1196AB8
:1060600040F24442114202BF1A6822F001021A6053
:10607000012380F83E3080F83F3080F8423080F8CD
:1060800043300020704700BF000001407047704758
:10609000022310B580F83D300368196A41F21112ED
:1060A0001142044608D1196A40F24442114202BF2B
:1060B0001A6822F001021A6020460AF043FF00200D
:1060C00084F8460084F83C0084F83E0084F83F00E1
:1060D00084F8420084F8430084F83D0010BD30B5D8
:1060E000034690F83E0093F83F2093F8425093F80F
:1060F0004340C0B2D2B2EDB2E4B2B9B9012844D142
:10610000012D12D1022283F83E2083F842201B6821
:106110001A6A22F001021A621A6A42F001021A6235
:106120001A6842F001021A60002030BD042911D122
:10613000012A2AD1012C28D1022283F83F2083F89A
:1061400043201B681A6A22F010021A621A6A42F08F
:106150001002E4E7012818D1012AE6D1012DE4D18B
:10616000012CE2D1022283F83E2083F83F2083F8FD
:10617000422083F843201B681A6A22F001021A6247
:106180001A6A42F001021A62DCE70120CDE710B57D
:10619000036859B1042905D01A6A22F001021A6273
:1061A0001A6A1A621A6A22F0100202E01A6A22F0CF
:1061B00001021A621A6A1A621C6A41F2111214422E
:1061C00008D11C6A40F24442144202BF1A6822F00D
:1061D00001021A60012331B104290AD180F83F304D
:1061E00080F8433003E080F83E3080F842300020F1
:1061F00010BD80F83E3080F83F3080F84230EFE745
:1062000030B5034690F83E0093F83F2093F8425093
:1062100093F84340C0B2D2B2EDB2E4B2D9B901288A
:1062200058D1012D16D1022283F83E2083F8422056
:106230001B681A6A22F001021A621A6A42F001020D
:106240001A62DA6842F00202DA601A6842F0010269
:106250001A60002030BD042915D1012A3AD1012C41
:1062600038D1022283F83F2083F843201B681A6A42
:1062700022F010021A621A6A42F010021A62DA68F8
:1062800042F00402E0E7012824D1012AE2D1012DE5
:10629000E0D1012CDED1022283F83E2083F83F209A
:1062A00083F8422083F843201B681A6A22F0010217
:1062B0001A621A6A42F001021A621A6A22F0100285
:1062C0001A621A6A42F010021A62DA6842F0020296
:1062D000DA60D4E70120BDE7036810B51A6AF9B99E
:1062E00022F001021A621A6A1A62DA6822F00202C5
:1062F000DA601C6A41F21112144208D11C6A40F2A1
:106300004442144202BF1A6822F001021A600123BB
:1063100009B3042925D180F83F3080F843301EE0CE
:10632000042908D122F010021A621A6A1A62DA6885
:1063300022F00402DCE722F001021A621A6A1A62F1
:106340001A6A22F010021A621A6A1A62DA6822F0D5
:106350000202DA60EBE780F83E3080F8423000203D
:1063600010BD80F83E3080F83F3080F84230D4E7EE
:106370002DE9F341044690F83E0094F83FC094F8AC
:10638000426094F843501F469646BDF82030C0B294
:106390005FFA8CFCF6B2EDB2002935D1022805D0A7
:1063A000022E00F0B580012803D0012002B0BDE824
:1063B000F081012EF9D1002AF7D0002BF5D0606AC8
:1063C000022184F83E1084F842105349C1635349B6
:1063D00001645349C16421683431F7F74CFD00284A
:1063E000E3D12368DA6842F40072DA601A6A22F0B4
:1063F00001021A621A6A42F001021A621A6842F035
:1064000001021A600020D1E704292DD1BCF1020F4E
:106410007CD0022D7ED0BCF1010FC6D1012DC4D19C
:10642000002FC2D0002BC0D0A06A2168022284F8BD
:106430003F2084F84320384AC263384A0264384A0D
:10644000C26438313A46F7F716FD0028ADD123680B
:10645000DA6842F48062DA601A6A22F010021A6284
:106460001A6A42F01002C8E702289FD0BCF1020F5E
:106470004CD0022E4CD0022D4CD0012895D1BCF12D
:10648000010F92D1012E90D1012D8ED1002A8CD0F6
:10649000002F8AD0002B88D0606A2168DFF87880CE
:1064A0001E4E1F4D0193022284F83E20343184F8A1
:1064B0003F2084F8422084F84320C0F83C800664E2
:1064C000C5647246F7F7D7FC00287FF46EAFA06A68
:1064D0002168019BC564C0E90F863A463831F7F759
:1064E000CAFC00287FF461AF2368DA6842F40072C6
:1064F000DA60DA6842F48062DA601A6A22F0010235
:106500001A621A6A42F001021A62A5E760464DE774
:1065100030464BE7284649E79D680108196901089C
:10652000456B010838B5036804461A6A0D4619BB65
:1065300022F001021A621A6A1A62DA68406A22F4C8
:106540000072DA60F7F70EFD2368196A41F2111242
:10655000114208D1196A40F24442114202BF1A683E
:1065600022F001021A60012355B3042D2ED184F8C4
:106570003F3084F8433027E004290AD122F010028A
:106580001A621A6A1A62DA6822F48062DA60A06A11
:10659000D8E722F001021A621A6A1A621A6A406A7D
:1065A00022F010021A621A6A1A62DA6822F4007281
:1065B000DA60DA6822F48062DA60F7F7D3FCE6E7A3
:1065C00084F83E3084F84230002038BD84F83E30F4
:1065D00084F83F3084F84230CBE7F8B5154690F8A0
:1065E0004620022A04460F46D0B21946DDE906636A
:1065F00036D094F84620012A04D101B97EB902228E
:1066000084F84620B5F5006F32D00AD8B5F5007F82
:1066100027D0B5F5806F29D0B5F5807F0CD001204B
:106620001EE0B5F5005F25D0B5F5804F27D0B5F554
:10663000805FF4D1206B15E0206A134AC263134ACD
:106640000264134AC26422684C32F7F714FC002833
:10665000E5D123683E439E64DA682A43DA6000206D
:10666000F8BD606A0B4AC2630B4AE9E7A06AF9E722
:10667000E06AF7E7606B094AC263094AE0E7A06B8A
:10668000084AC263084ADBE7776801088F68010897
:10669000456B010853690108BF690108258D010890
:1066A000378D0108216B0108396B010837B5069D4C
:1066B0002C0A0134CDE90054FFF78FFF03B030BD41
:1066C000B1F5006F38B504460D4627D00AD8B1F5AC
:1066D000007F1FD0B1F5806F1ED0B1F5807F0CD048
:1066E000012038BDB1F5005F1AD0B1F5804F19D047
:1066F000B1F5805FF4D1006B00E0006AF7F732FC7F
:106700002268D36823EA0503D360012384F8463066
:106710000020E6E7406AF1E7806AEFE7C06AEDE74C
:10672000406BEBE7806BE9E7F8B50F4690F8461051
:10673000022904461546C8B21A46DDE9066336D07A
:1067400094F84610012904D102B97EB9022184F8D7
:106750004610B5F5006F32D00AD8B5F5007F27D0C6
:10676000B5F5806F29D0B5F5807F0CD001201EE0F3
:10677000B5F5005F25D0B5F5804F27D0B5F5805F22
:10678000F4D1206B15E0206A1349C16313490164F9
:106790001349C16421684C31F7F76DFB0028E5D13E
:1067A00023683E439E64DA682A43DA600020F8BD1D
:1067B000606A0C49C1630C49E9E7A06AF9E7E06A3D
:1067C000F7E7606B0949C1630949E0E7A06B094934
:1067D000C1630949DBE700BF776801088F680108DA
:1067E000456B01089D68010819690108258D01089C
:1067F000378D0108216B0108396B010837B5069DFB
:106800002C0A0134CDE90054FFF78EFF03B030BDF0
:10681000FFF756BF90F83C20012A03464FF00200D4
:1068200009D01A6883F83D0051610020012283F8E5
:106830003D2083F83C0070470268536823F08003D2
:106840000B43536000207047082910D004D841B191
:10685000042909D0002070470C29FBD10368186C6B
:1068600070470368586B70470368986B70470368FC
:10687000D86B70477047806B08B5036ADB6913B942
:10688000012380F83D30FFF7F5FF08BD704708B5DC
:10689000806BFFF7FBFF08BD7047704710B5846B36
:1068A000626A82420DD101232377D2691AB984F832
:1068B0003E3084F842302046FFF7EFFF0023237775
:1068C00010BDA36A83420AD102222277DB69002B22
:1068D000F1D1012384F83F3084F84330EBE7E36AD9
:1068E00083420AD104222277DB69002BE3D1012302
:1068F00084F8403084F84430DDE7236B8342DAD1FA
:1069000008222277DB69002BD5D1012384F841309E
:1069100084F84530CFE7704710B5846B636A8342D3
:1069200007D1012323772046FFF7F5FF00232377C4
:1069300010BDA36A834201D10223F3E7E36A8342D5
:1069400001D10423EEE7236B8342ECD10823E9E76E
:10695000704710B5846B626A82420BD101232377A2
:10696000D2690AB984F83E302046FFF7F1FF0023D0
:10697000237710BDA36A834208D102222277DB6904
:10698000002BF1D1012384F83F30EDE7E36A834225
:1069900008D104222277DB69002BE5D1012384F89A
:1069A0004030E1E7236B8342DED108222277DB69A6
:1069B000002BD9D1012384F84130D5E7704710B5B9
:1069C000846B636A834207D1012323772046FFF754
:1069D000F5FF0023237710BDA36A834201D1022370
:1069E000F3E7E36A834201D10423EEE7236B83429A
:1069F000ECD10823E9E77047036870B5DD681E69CC
:106A0000B10704460DD5AA070BD56FF002021A6133
:106A1000012202779B699B0769D0FFF73EFF0023A5
:106A20002377710710D56A070ED523686FF004022B
:106A30001A61022222779B6913F4407F20465CD0C2
:106A4000FFF72BFF0023237733070FD528070DD53A
:106A500023686FF008021A6104222277DB69990724
:106A6000204650D0FFF719FF00232377F20610D5F8
:106A7000EB060ED523686FF010021A610822227708
:106A8000DB6913F4407F204643D0FFF706FF002365
:106A90002377F00708D5E90706D523686FF00102D0
:106AA0001A612046FFF7E6FE320608D52B0606D50A
:106AB00023686FF080021A61204602F044F97006E4
:106AC00008D5690606D523686FF040021A61204692
:106AD000FFF791FFB20622D5AB0620D523686FF0F1
:106AE000200220461A61BDE8704002F01AB9FFF793
:106AF000D3FE2046FFF72CFF91E7FFF7CDFE20469F
:106B0000FFF726FF9EE7FFF7C7FE2046FFF720FFAF
:106B1000AAE7FFF7C1FE2046FFF71AFFB7E770BDEF
:106B2000806B08B5836BDB6913B9012380F83D30B6
:106B3000FFF761FF08BD704708B5806BFFF7FBFFEB
:106B400008BD704710B5846B636A834209D1012385
:106B5000237784F83E302046FFF7F3FF00232377A6
:106B600010BDA36A834205D102232377012384F851
:106B70003F30F0E7E36A83424FF0010304D104227F
:106B8000227784F84030E6E7226B824203BF082276
:106B9000227784F8413084F83D30DCE790F83D00FE
:106BA000704790F83D00704790F83D00704790F8AE
:106BB0003D00704790F83D00704790F83D007047E9
:106BC000007F704719B990F83E00C0B270470429A1
:106BD00002D190F83F00F8E708290CBF90F8400078
:106BE00090F84100F1E790F8460070471D4A0368AD
:106BF00090420ED0B0F1804F0BD0A2F57C42904273
:106C000007D002F58062904203D002F58062904284
:106C100008D14A6823F070031343CA6823F4407311
:106C200013430AE0104A9042F7D002F58062904286
:106C3000F3D002F580629042EFD04A6923F08003DE
:106C400013438A68C2620A688262064A904204BF9D
:106C50000A690263026842F0040202600122426192
:106C600003607047000001400040014010B5044639
:106C700030B390F83D3003F0FF021BB980F83C20A0
:106C80000AF02CF80223206884F83D30211DFFF71C
:106C9000ADFF012384F84630002084F83E3084F8AC
:106CA0003F3084F8403084F8413084F8423084F832
:106CB000433084F8443084F8453084F83D3010BDCA
:106CC0000120FCE710B5044630B390F83D3003F0E6
:106CD000FF021BB980F83C20FFF71CF80223206854
:106CE00084F83D30211DFFF781FF012384F84630F1
:106CF000002084F83E3084F83F3084F8403084F837
:106D0000413084F8423084F8433084F8443084F8C9
:106D1000453084F83D3010BD0120FCE710B5044635
:106D200030B390F83D3003F0FF021BB980F83C20EF
:106D3000FFF721F80223206884F83D30211DFFF77A
:106D400055FF012384F84630002084F83E3084F853
:106D50003F3084F8403084F8413084F8423084F881
:106D6000433084F8443084F8453084F83D3010BD19
:106D70000120FCE710B5044630B390F83D3003F035
:106D8000FF021BB980F83C20FFF726F80223206899
:106D900084F83D30211DFFF729FF012384F8463098
:106DA000002084F83E3084F83F3084F8403084F886
:106DB000413084F8423084F8433084F8443084F819
:106DC000453084F83D3010BD0120FCE738B50D4654
:106DD000044630B390F83D3003F0FF021BB980F851
:106DE0003C20FFF72AF80223214684F83D3051F871
:106DF000040BFFF7FBFE036823F00803036003683E
:106E00002B430360012384F84630002084F83E3091
:106E100084F83F3084F8423084F8433084F83D30C1
:106E200038BD0120FCE7F8B50D46044600284CD0DB
:106E300090F83D3003F0FF021BB980F83C2009F0C8
:106E400089FF2146022384F83D3051F8040B836802
:106E500023F4804323F007038360FFF7C7FE8168B4
:106E60002A688369AE69076A1143AA6823F44073EC
:106E700023F0030342EA06221A432B69EE691B0141
:106E800043EA0623EE6833432E6A22F47C4222F062
:106E9000FC0243EA063313436E696A68816027F097
:106EA000AA0742EA0612836117430123076284F8A6
:106EB0004630002084F83E3084F83F3084F8423079
:106EC00084F8433084F83D30F8BD0120FCE7036AC4
:106ED000026A22F0100270B50262446882690D688D
:106EE00022F4E64242EA05228D6823F0200343EAB9
:106EF00005130B4DA8420DD1CD6823F0800343EA62
:106F00000513D1E9055624F44064354323F04003CA
:106F100044EA8504446082614A688263036270BD0A
:106F20000000014010B590F83C30012B04461DD004
:106F3000082A17D007D862B1042A0FD001200023F5
:106F400084F83C3010BD0C2AF8D10068FEF796FD9D
:106F500002E00068FEF740FD0020F0E70068FFF760
:106F6000B6FFF9E70068FEF75FFDF5E70220E9E705
:106F700038B590F83C30012B04464FD00120082A48
:106F800084F83C003AD006D8BAB1042A26D00023AF
:106F900084F83C3038BD0C2AF9D12068FEF76EFD2C
:106FA000C3690A6943F40063C361C36923F480635E
:106FB000C361C36943EA02232EE02068FEF70CFD9B
:106FC00083690A6943F008038361836923F004033A
:106FD00083618369134383610020D8E72068FFF74A
:106FE00076FF83690A6943F400638361836923F44C
:106FF00080638361836943EA0223ECE72068FEF73C
:1070000013FDC3690A6943F00803C361C36923F030
:107010000403C361C3691343C361DDE70220B9E719
:1070200070B5056A046A154E24F001040462B0428A
:1070300084691ED0B0F1804F1BD0A6F57C46B042CB
:1070400017D006F58066B04213D006F58066B042D0
:107050000FD006F59A36B0420BD044F0010263F32C
:10706000071201F00A0125F00A0319438261016247
:1070700070BD24F003042243F1E700BF000001408B
:10708000F8B590F83C30012B05460C4600F08280A4
:107090000120082A85F83C005CD006D842B3042AB7
:1070A00036D0002385F83C30F8BD0C2AF9D12B6886
:1070B000CE68186AD1E90027196A21F48051196253
:1070C000D969120321F4407141EA072120F42040DC
:1070D00002F4204266F30F310243D9611A62DA6981
:1070E000A16822F44062DA61DA6942EA01224FE0E3
:1070F0002868CB68D1E90012FFF792FF8369A26884
:1071000023F00C0383618369134383610020C8E784
:107110002B68CE68186AD1E90027196A21F010019E
:1071200019629969120121F4407141EA072120F0A6
:10713000A00002F0A00266F30F31024399611A62C7
:107140009A69A16822F440629A619A6942EA01222E
:107150009A61DBE72B68E768186A1E6A26F4807676
:10716000D1E900211E62DE69120226F003063143D6
:1071700020F4206002F4206267F307110243D96112
:107180001A62DA69A16822F00C02DA61DA690A434C
:10719000DA61BBE7022087E770B59A4288B00546FE
:1071A0000C461E4678D090F83C30012B4FF0020080
:1071B0001AD0012385F83C3085F83D000B68019317
:1071C0004B6802938B680393CB6804930B69069317
:1071D0004B69079352B1042A3DD00120012385F861
:1071E0003D30002385F83C3008B070BD286801A907
:1071F000FEF7F2FB002E33D0042EEED12B68186A76
:10720000196A21F01001D4E90626246A19629969E5
:10721000120121F4407141EA062120F0A00002F0A1
:10722000A002024364F30F3199611A629A6922F451
:1072300040629A619A6822F070029A609A6842F0FD
:1072400060029A609A6822F007029A609A6842F097
:1072500006029A601EE0286801A9FFF738FEC9E718
:107260002868A169D4E90723FFF7DAFE836923F0D0
:107270000C038361836823F070038360836843F0A9
:1072800050038360836823F007038360836843F0BF
:10729000060383600020A1E70120A5E710B58468FC
:1072A0000A4324F47F4442EA03222243826010BD51
:1072B00070B590F83C30012B04460D4616464FF051
:1072C000020021D0012384F83C3084F83D00486856
:1072D00030B1984211D01846012384F83D3010E0B7
:1072E0002268936823F47F439360082E33D012D82A
:1072F000D6B1042E24D00020EEE7C96829B184F865
:107300003D00002384F83C3070BD2B69AA682068DA
:10731000FFF7C4FFE9E70C2EEDD12A68236832B3EA
:10732000DA6942F400421CE02A68236822B19A69B3
:1073300042F080029A61DEE79A6922F08002F9E762
:107340002A6823681AB19A6942F40042F2E79A69FE
:1073500022F40042EEE72A68236822B1DA6942F09B
:107360008002DA61C7E7DA6922F08002F9E7DA69B8
:1073700022F40042F5E738B590F83C30012B044682
:107380004FF0020000F08E8084F83D00012220685A
:1073900084F83C20836823F47F4323F077038360E1
:1073A0000B68602B4FD032D8402B64D016D8202BDE
:1073B0000DD00AD833F0100109D0012384F83D30F4
:1073C000002384F83C30104638BD302BF5D182685C
:1073D00022F07002134343F0070328E0502BECD156
:1073E0004A68CD68016A036A23F001030362836976
:1073F00021F00A0123F0F00343EA05130A438361F5
:107400000262836823F0700343F057030FE0B3F583
:10741000805F0DD0B3F5005F0CD0702BCDD1CB6861
:10742000D1E90121FFF73AFF836843F077038360D6
:107430000022C2E7CB68D1E90121FFF72FFF836863
:1074400043F48043F3E7036A026A4D68C96822F097
:1074500010020262826923F0A00322F4704243EA20
:10746000051342EA013282610362836823F07003EC
:1074700043F06703DBE74A68CD68016A036A23F0DB
:1074800001030362836921F00A0123F0F00343EA58
:1074900005130A4383610262836823F0700343F09B
:1074A0004703C4E702468EE700684B68826822F013
:1074B000700210B51A430C6822F007022243502BC9
:1074C00082602AD00ED8402B17D049D8202B12D05A
:1074D00005D823F01003181E18BF012010BDB3F10A
:1074E0003000F9E7602B28D0702B39D10B69D1E936
:1074F0000221FFF7D3FE0020F0E7052C30D0026A0E
:10750000036A096923F001030362836923F0F0032E
:1075100043EA011383610262EDE78A680C69016A3C
:10752000036A23F001030362836921F00A0123F057
:10753000F00343EA04130A43ECE7036A026A8C6827
:10754000096922F010020262826923F0A00322F48A
:10755000704242EA013243EA041382610362CAE7DD
:107560000120BBE738B590F83C30012B04464FF0C2
:1075700002031BD0012580F83C5080F83D30FFF716
:1075800093FF28B1002384F83D5084F83C3038BD87
:107590002368DA6842F04002DA60DA6822F4804256
:1075A000DA6084F83D5084F83C00F0E71846EEE7D6
:1075B00038B590F83C30012B04464FF002031BD045
:1075C000012580F83C5080F83D30FFF76DFF28B171
:1075D000002384F83D5084F83C3038BD2368DA68D5
:1075E00022F04002DA60DA6822F48042DA6084F83D
:1075F0003D5084F83C00F0E71846EEE7036A10B50A
:1076000001F01F0101248C4023EA04030362036A92
:107610008A401A43026210BD08B529B990F83E307D
:10762000012B1DD001202EE0042907D190F83F3016
:10763000012BF7D1022380F83F3014E0082907D14D
:1076400090F84030012BEDD1022380F840300AE061
:1076500090F84130012BE5D1022380F8413002E05F
:10766000022380F83E3000680122FFF7C7FF134B6A
:10767000984209D0B0F1804F0BD1836803F0070323
:10768000062B15D1002008BD436C43F4004343642E
:10769000F3E70B4B9842F0D003F580639842ECD0AF
:1076A00003F580639842E8D003F59A339842E4D01A
:1076B000036843F001030360E4E700BF00000140FA
:1076C00000040040FFF7A8BF38B500220446006858
:1076D0000D46FFF793FF184B98420DD1026A41F215
:1076E00011131A4208D1026A40F244431A4202BFFF
:1076F000436C23F400434364026A41F211131A42BB
:1077000008D1026A40F244431A4202BF036823F0E0
:107710000103036001231DB984F83E30002038BD09
:10772000042D02D184F83F30F8E7082D0CBF84F80F
:10773000403084F84130F1E700000140FFF7C4BF5A
:1077400008B529B990F83E30012B2BD0012040E03C
:1077500004290BD190F83F30012BF7D1022380F898
:107760003F300068C36843F0040322E008290BD1CE
:1077700090F84030012BE9D1022380F840300068B6
:10778000C36843F0080314E090F84130012BDDD1C9
:1077900002230C2980F84130D8D10068C36843F037
:1077A000100306E0022380F83E300068C36843F00F
:1077B0000203C3600122FFF721FF134B984209D057
:1077C000B0F1804F0BD1836803F00703062B15D16E
:1077D000002008BD436C43F400434364F3E70B4BC4
:1077E0009842F0D003F580639842ECD003F58063B3
:1077F0009842E8D003F59A339842E4D0036843F006
:1078000001030360E4E700BF000001400004004002
:10781000FFF796BF082938B504460D463FD004D877
:1078200051B1042936D0012038BD0C29FBD10068A4
:10783000C36823F0100303E00068C36823F0020369
:10784000C36000222946FFF7D9FE1D4B98420DD197
:10785000026A41F211131A4208D1026A40F244430B
:107860001A4202BF436C23F400434364026A41F2AC
:1078700011131A4208D1026A40F244431A4202BF6D
:10788000036823F00103036001236DB984F83E30DF
:107890000020C9E70068C36823F00403D0E700684C
:1078A000C36823F00803CBE7042D02D184F83F30EE
:1078B000EEE7082D0CBF84F8403084F84130E7E74C
:1078C00000000140FFF7A6BF38B50D46044611463B
:1078D00055B990F83E00A0F1020CDCF1000040EB3D
:1078E0000C0070B102204CE0042D02D190F83F0052
:1078F000F1E7082D02D190F84000ECE790F8410044
:10790000E9E73DB994F83E00421E5042504170B93B
:10791000012036E0042D02D194F83F00F4E7082D51
:1079200002D194F84000EFE794F84100ECE7002919
:10793000EED0002BECD0022225BB606A84F83E20FA
:107940003E4AC2633E4A02643E4AC26422683432FE
:10795000F6F791FA0028DBD12068C36843F400737E
:10796000C36001222946FFF749FE374B98424BD0AE
:10797000B0F1804F4DD1836803F00703062B57D138
:10798000002038BD042D13D1A06A84F83F202B4A73
:10799000C2632B4A02642B4AC26422683832F6F76B
:1079A0006AFA0028B4D12068C36843F48063D7E73B
:1079B000082D13D1E06A84F84020204AC263204A8F
:1079C0000264204AC26422683C32F6F754FA002866
:1079D0009ED12068C36843F40063C1E70C2D84F88E
:1079E000412095D1206B154AC263154A0264154A9D
:1079F000C26422684032F6F73EFA002888D1206837
:107A0000C36843F48053ABE7436C43F400434364DF
:107A1000B1E70E4B9842AED003F580639842AAD0EE
:107A200003F580639842A6D003F59A339842A2D01A
:107A3000036843F001030360A2E700BF5369010834
:107A4000BF690108456B01080000014000040040C7
:107A5000FFF73ABF082938B504460D4647D004D889
:107A600061B104293CD0012038BD0C29FBD102684A
:107A7000006BD36823F48053D36005E00268406A4A
:107A8000D36823F40073D360F6F76CFA2068002201
:107A90002946FFF7B3FD1F4B98420DD1026A41F210
:107AA00011131A4208D1026A40F244431A4202BF3B
:107AB000436C23F400434364026A41F211131A42F7
:107AC00008D1026A40F244431A4202BF036823F01D
:107AD0000103036001238DB984F83E300020C3E721
:107AE0000268806AD36823F48063D360CCE70268BD
:107AF000C06AD36823F40063D360C5E7042D02D1C4
:107B000084F83F30EAE7082D0CBF84F8403084F851
:107B10004130E3E700000140FFF79CBF08B5034692
:107B200089BB90F83E0093F84220C0B20128D2B23F
:107B300056D1012A26D1022200293AD183F83E20CB
:107B400083F8422018680122FFF758FD254B984220
:107B500012D0B0F1804F0FD0A3F57C4398420BD0E8
:107B600003F58063984207D003F58063984203D001
:107B700003F59A3398422ED1836803F00703062B4E
:107B800029D1002008BD042905D190F83F0093F8C1
:107B90004320C0B2CAE708290BBF90F8400093F811
:107BA000410093F8442093F845200CBFC0B2C0B206
:107BB000BCE7042904D183F83F2083F84320C1E7C0
:107BC00008290BBF83F8402083F8412083F8442024
:107BD00083F84520B6E7036843F001030360D0E76C
:107BE0000120CFE70000014038B5044600680022BC
:107BF0000D46FFF703FD026A41F211131A4208D144
:107C0000026A40F244431A4202BF036823F00103B0
:107C1000036001232DB984F83E3084F842300020FF
:107C200038BD042D04D184F83F3084F84330F6E7A2
:107C3000082D0BBF84F8403084F8413084F844307C
:107C400084F84530EBE708B5A9BB90F83E2090F8E2
:107C50004230D2B2012ADBB269D1012B67D10223B3
:107C600000293ED180F83E3080F842300068C36879
:107C700043F00203C3600122FFF7C0FC2D4B984282
:107C800012D0B0F1804F0FD0A3F57C4398420BD0B7
:107C900003F58063984207D003F58063984203D0D0
:107CA00003F59A3398423DD1836803F00703062B0E
:107CB00038D1002008BD042905D190F83F2090F864
:107CC0004330D2B2C6E708290BBF90F8402090F8A5
:107CD000412090F8443090F845300CBFD2B2D2B277
:107CE000B8E7042908D180F83F3080F843300068B5
:107CF000C36843F00403BDE7082908D180F8403089
:107D000080F844300068C36843F00803B2E70C29E8
:107D100080F8413080F8453009D10068C36843F0ED
:107D20001003A7E7036843F001030360C1E70120E4
:107D3000C0E700BF00000140082938B504460D46E1
:107D400030D004D851B1042927D0012038BD0C29E6
:107D5000FBD10068C36823F0100303E00068C36828
:107D600023F00203C36000222946FFF747FC026AA2
:107D700041F211131A4208D1026A40F244431A42F6
:107D800002BF036823F00103036001237DB984F877
:107D90003E3084F842300020D8E70068C36823F002
:107DA0000403DFE70068C36823F00803DAE7042D63
:107DB00004D184F83F3084F84330ECE7082D0BBF42
:107DC00084F8403084F8413084F8443084F84530F9
:107DD000E1E72DE9F843064617469846894671B90A
:107DE00090F83E0096F84240C0B20228E4B204D0B7
:107DF000022C54D0012818D00120BDE8F8830429B2
:107E000005D190F83F0096F84340C0B2EDE708294D
:107E10000BBF90F8400096F8410096F8444096F861
:107E200045400CBFC0B2C0B2DFE7012CE4D1002F47
:107E3000E2D0B8F1000FDFD00223B9F1000F30D14A
:107E400086F83E3086F84230356801224946284699
:107E5000FFF7D4FBB9F1080F7CD036D8B9F1000F89
:107E60004BD0B9F1040F5FD0484B9D4212D0B5F111
:107E7000804F0FD0A3F57C439D420BD003F5806368
:107E80009D4207D003F580639D4203D003F59A33EA
:107E90009D4275D1AB6803F00703062B70D12046D5
:107EA000ABE7B9F1040F04D186F83F3086F84330D0
:107EB000CAE7B9F1080F0BBF86F8403086F84130A9
:107EC00086F8443086F84530BEE7B9F10C0FCBD1C7
:107ED000306B2F4BC3632F4B03642F4BC3643A4665
:107EE000434605F14001F5F7C6FF0446002883D15B
:107EF0003568EB6843F4805314E0706A244BC36325
:107F0000244B0364244BC3643A46434605F13401D1
:107F1000F5F7B1FF044600287FF46EAF3568EB68D3
:107F200043F40073EB609FE7B06A194BC363194BCE
:107F30000364194BC3643A46434605F13801F5F72B
:107F40009AFF044600287FF457AF3568EB6843F486
:107F50008063E7E7F06A0E4BC3630E4B03640E4B7E
:107F6000C3643A46434605F13C01F5F784FF0446F5
:107F700000287FF441AF3568EB6843F40063D1E734
:107F80002B6843F001032B6089E700BF000001402C
:107F90009D68010819690108456B010838B5002280
:107FA0000D4604460068FFF729FB082D31D004D8A0
:107FB0005DB1042D27D0012038BD0C2DFBD1C36845
:107FC00023F48053C360206B04E0C36823F4007380
:107FD000C360606AF5F7C6FF2368196A41F211129F
:107FE000114208D1196A40F24442114202BF1A6894
:107FF00022F001021A6001238DB984F83E3084F822
:1080000042300020D8E7C36823F48063C360A06ACD
:10801000E0E7C36823F40063C360E06ADAE7042D95
:1080200004D184F83F3084F84330EAE7082D0BBFD1
:1080300084F8403084F8413084F8443084F8453086
:10804000DFE700BF036A10B501F00F0104248C4084
:1080500023EA04030362036A8A401A43026210BDE2
:1080600010B5846B636A834209D10123237784F8B6
:1080700042302046FEF765FD0023237710BDA36A3A
:10808000834205D102232377012384F84330F0E7AC
:10809000E36A834201BF04232377012384F8443039
:1080A000E7E710B5846B626A82420BD10123237724
:1080B000D2690AB984F842302046FEF749FC002311
:1080C000237710BDA36A834208D102222277DB699D
:1080D000002BF1D1012384F84330EDE7E36A8342BA
:1080E000EAD104222277DB69002BE5D1012384F851
:1080F0004430E1E7704770B50E4688B0044600286A
:1081000058D090F83D3003F0FF021BB980F83C20B6
:10811000FFF7F0FF0223206884F83D30211DFEF7B1
:1081200065FDB368316820680322FEF779FF206897
:108130007268836923F00C0383618369134383614D
:10814000436843F080034360836823F070038360D7
:10815000836843F040038360836823F007038360F0
:10816000836843F00403836070230025019301A911
:10817000F3680293CDE90555CDE903550795FEF760
:10818000A6FE23685A6822F070025A605A6842F0CC
:1081900050025A60012384F84630284684F83E3065
:1081A00084F83F3084F8423084F8433084F83D301E
:1081B00008B070BD0120FBE77047022310B580F8BE
:1081C0003D300368196A41F211121142044608D188
:1081D000196A40F24442114202BF1A6822F00102B9
:1081E0001A602046FFF7E8FF002084F8460084F874
:1081F0003C0084F83E0084F83F0084F8420084F894
:10820000430084F83D0010BD38B5044690F83E5058
:1082100094F83F1094F8423094F84320012DE8B2CE
:10822000C9B2DBB2D2B235D101292DD1012B2BD16C
:10823000012A29D1022384F83E30206884F83F3097
:10824000002184F8423084F84330FFF7D7F92368DF
:10825000114A934212D0B3F1804F0FD0A2F57C4265
:1082600093420BD002F58062934207D002F5806200
:10827000934203D002F59A32934206D19A6802F0F3
:108280000702062A01D1002038BD1A6842F0010217
:108290001A60F8E70120F7E700000140002210B55E
:1082A000044611460068FFF7A9F92368196A41F2EC
:1082B0001112114208D1196A40F24442114202BF20
:1082C0001A6822F001021A60012384F83E3084F813
:1082D0003F3084F8423084F84330002010BD38B578
:1082E000044690F83E5094F83F1094F8423094F8C9
:1082F0004320012DE8B2C9B2DBB2D2B239D1012993
:1083000031D1012B2FD1012A2DD10223206884F8ED
:108310003E3084F83F3084F8423084F84330C368FC
:1083200043F00203C3600021FFF768F92368124A93
:10833000934212D0B3F1804F0FD0A2F57C4293420A
:108340000BD002F58062934207D002F5806293421F
:1083500003D002F59A32934206D19A6802F00702DE
:10836000062A01D1002038BD1A6842F001021A60C5
:10837000F8E70120F7E700BF00000140002210B538
:10838000044611460068FFF739F92368DA6822F0DD
:108390000202DA60196A41F21112114208D1196A17
:1083A00040F24442114202BF1A6822F001021A60F0
:1083B000012384F83E3084F83F3084F8423084F85A
:1083C0004330002010BDF8B5044690F83E3094F8D4
:1083D0004250022B0E461746D8B2EDB204D0022D01
:1083E00047D0012801D00120F8BD012DFBD1002983
:1083F000F9D0002AF7D0022384F83E30024684F8F0
:10840000423020680021FFF7F9F8606A1A4B2168B2
:10841000C3631A4B03641A4BC36432463B46343180
:10842000F5F729FD0028DED12368DA6842F40072EE
:10843000DA60144A934212D0B3F1804F0FD0A2F504
:108440007C4293420BD002F58062934207D002F542
:108450008062934203D002F59A32934204D19A6823
:1084600002F00702062ABFD01A6842F001021A6021
:10847000BAE72846B8E700BF9D68010819690108F6
:10848000456B01080000014010B50022044611466A
:108490000068FFF7B3F82268606AD36823F40073BA
:1084A000D360F5F75FFD2368196A41F2111211429A
:1084B00008D1196A40F24442114202BF1A6822F000
:1084C00001021A60012384F83E3084F84230002013
:1084D00010BD08B529B990F84230012B1DD00120FC
:1084E00046E0042907D190F84330012BF7D102234D
:1084F00080F8433014E0082907D190F84430012B6C
:10850000EDD1022380F844300AE090F84530012B89
:10851000E5D1022380F8453002E0022380F84230A2
:1085200000680422FFF78EFD436C43F4004343646C
:10853000104B984212D0B0F1804F0FD0A3F57C437E
:1085400098420BD003F58063984207D003F580630F
:10855000984203D003F59A33984204D1836803F01C
:108560000703062B03D0036843F0010303600020D8
:1085700008BD00BF0000014038B504460068002275
:108580000D46FFF75FFD026A41F211131A4208D14E
:10859000026A40F244431A4202BF436C23F4004390
:1085A0004364026A41F211131A4208D1026A40F28E
:1085B00044431A4202BF036823F00103036001230E
:1085C0001DB984F84230002038BD042D02D184F852
:1085D0004330F8E7082D0CBF84F8443084F8453068
:1085E000F1E708B529B990F84230012B25D00120D8
:1085F00052E004290BD190F84330012BF7D102232C
:1086000080F843300068C36843F004031CE0082985
:108610000BD190F84430012BE9D1022380F844308B
:108620000068C36843F008030EE090F84530012B62
:10863000DDD1022380F84530D9E7022380F84230AB
:108640000068C36843F00203C360C36843F080035B
:10865000C3600422FFF7F6FC436C43F40043436419
:10866000104B984212D0B0F1804F0FD0A3F57C434D
:1086700098420BD003F58063984207D003F58063DE
:10868000984203D003F59A33984206D1836803F0E9
:108690000703062B01D1002008BD036843F0010346
:1086A0000360F8E700000140042938B504460D4690
:1086B00037D008293AD0002944D10068C36823F094
:1086C0000203C36000222946FFF7BCFC026A40F2A5
:1086D00044431A4202BFC36823F08003C360026AA6
:1086E00041F211131A4208D1026A40F244431A427D
:1086F00002BF436C23F400434364026A41F2111346
:108700001A4208D1026A40F244431A4202BF036887
:1087100023F00103036001236DB984F84230002087
:1087200038BD0068C36823F00403CAE70068C36863
:1087300023F00803C5E7042D0CBF84F8433084F808
:108740004430ECE70120EBE738B50D46044611460E
:1087500055B990F84200A0F1020CDCF1000040EBAA
:108760000C0070B1022065E0042D02D190F84300A6
:10877000F1E7082D02D190F84400ECE790F84500AD
:10878000E9E73DB994F84200421E5042504170B9A9
:1087900001204FE0042D02D194F84300F4E7082DA6
:1087A00002D194F84400EFE794F84500ECE7002983
:1087B000EED0002BECD00222002D3CD1606A84F870
:1087C0004220344AC263344A0264344AC264226892
:1087D0003432F5F750FB0028DAD12068C36843F43F
:1087E0000073C36004222946FFF72CFC436C43F45A
:1087F000004343642A4B984212D0B0F1804F0FD00F
:10880000A3F57C4398420BD003F58063984207D0D0
:1088100003F58063984203D003F59A33984204D15C
:10882000836803F00703062B03D0036843F00103BA
:108830000360002038BD042D13D1A06A84F84320C2
:10884000144AC263144A0264144AC2642268383269
:10885000F5F711FB00289BD12068C36843F48063BF
:10886000BFE7082D13D1E06A84F84420094AC263A7
:10887000094A0264094AC26422683C32F5F7FBFAED
:10888000002885D12068C36843F40063A9E784F811
:1088900045207DE7A3800108BF69010861800108C8
:1088A00000000140042938B504460D4632D008299D
:1088B00037D0002943D10268406AD36823F400739B
:1088C000D360F5F74FFB206800222946FFF7BAFB7B
:1088D000026A41F211131A4208D1026A40F244437B
:1088E0001A4202BF436C23F400434364026A41F21C
:1088F00011131A4208D1026A40F244431A4202BFDD
:10890000036823F00103036001238DB984F842302A
:10891000002038BD0268806AD36823F48063D36086
:10892000CFE70268C06AD36823F40063D360C8E766
:10893000042D0CBF84F8433084F84430E8E701206C
:10894000E7E7FFF7C6BDFFF717BEFFF74ABEFFF721
:10895000ABBEFFF7F9BEFFF7A5BFF8B5044690F828
:108960003E7090F83F0094F8422094F84330012F75
:108970000D46FEB2C0B2D2B2DBB221D101281DD168
:10898000012A1BD1012B19D1022384F83E30206823
:1089900084F83F30042284F8423084F84330FFF7F3
:1089A00051FBB5FA85F1490932468900FEF726FEEA
:1089B0002268536C43F40043536400263046F8BDEC
:1089C0000126FBE738B5002204460D460068FFF794
:1089D00039FBB5FA85F1490900228900FEF70EFE40
:1089E0002368196A41F21112114208D1196A40F242
:1089F0004442114202BF5A6C22F400425A64196A7E
:108A000041F21112114208D1196A40F24442114256
:108A100002BF1A6822F001021A60012384F83E3076
:108A200084F83F3084F8423084F84330002038BD69
:108A3000F8B5044690F83E7090F83F0094F8422054
:108A400094F84330012F0D46FEB2C0B2D2B2DBB271
:108A500029D1012825D1012A23D1012B21D1206838
:108A6000022384F83E3084F83F3084F8423084F8A2
:108A70004330C36843F00203C360C36843F0040398
:108A8000C3600422FFF7DEFAB5FA85F149093246E0
:108A90008900FEF7B3FD2268536C43F4004353642E
:108AA00000263046F8BD0126FBE738B504460068CD
:108AB000C36823F00203C360C36823F00403C360E8
:108AC0000D460022FFF7BEFAB5FA85F149090022EA
:108AD0008900FEF793FD2368196A41F211121142D1
:108AE00008D1196A40F24442114202BF5A6C22F482
:108AF00000425A64196A41F21112114208D1196AEE
:108B000040F24442114202BF1A6822F001021A6088
:108B1000012384F83E3084F83F3084F8423084F8F2
:108B20004330002038BD10B590F83C30012B04468E
:108B300024D0012380F83C3031F03003036806D1A3
:108B4000986820F0700098609868014399605968AF
:108B500041F001015960596821F0040159605968D8
:108B60000A435A60DA6822F02002DA60DA680020EC
:108B700022F40052DA6084F83C0010BD0220FCE7C9
:108B800010B590F83C30012B044624D0012380F826
:108B90003C3031F03003036806D1986820F0700053
:108BA0009860986801439960596841F001015960E3
:108BB000596821F00401596059680A435A60DA681B
:108BC00022F40052DA60DA68002042F02002DA6013
:108BD00084F83C0010BD0220FCE710B590F83C3052
:108BE000012B04462BD0012380F83C3031F03003B8
:108BF000036806D1986820F0700098609868014377
:108C00009960596841F001015960596821F00401E7
:108C1000596059680A435A60626B0A49D1630A492C
:108C200011640A49D164DA6822F02002DA60DA6855
:108C3000002042F40052DA6084F83C0010BD0220AB
:108C4000FCE700BF258D0108378D0108456B010841
:108C500030B590F83C30012B02464FF002002AD08C
:108C6000136882F83D005C680D68986824F0700411
:108C70002C435C60104CA34212D0B3F1804F0FD054
:108C8000A4F57C44A3420BD004F58064A34207D032
:108C900004F58064A34203D004F59A34A34204D1BE
:108CA000496820F08000014399600123002082F888
:108CB0003D3082F83C0030BD0000014090F83C306F
:108CC000012B02461ED0CB68886823F4407303430F
:108CD000486823F480630343086823F40063034374
:108CE000086923F4805303434869C96923F4005396
:108CF000034323F480430B43116800204B6482F844
:108D00003C0070470220704790F83C20012A18BFB1
:108D1000026803461DBF0020116583F83C00022055
:108D20007047704708B5806B012380F83D30FFF72E
:108D3000F8FF08BD704708B5806B012380F83D300F
:108D4000FFF7F8FF08BD704790F83D00704719B96C
:108D500090F84200C0B27047042902D190F8430055
:108D6000F8E708290CBF90F8440090F84500F1E7B7
:108D7000026802F10C0353E8003F23F490730C32B5
:108D800042E8003102680029F2D102F1140353E8ED
:108D9000003F23F0010302F1140C4CE800310029DC
:108DA000F3D1036B012B0BD102F10C0353E8003F0D
:108DB00023F0100302F10C0C4CE800310029F3D130
:108DC000202380F842300023036370470268C168A3
:108DD00038B5136923F440530B4313610546836888
:108DE0000069D168034368690343E86921F41641C7
:108DF00021F00C0103430B43D3605369A96923F4A9
:108E000040730B4353611F4B9A4203D003F58063B9
:108E10009A4224D1F9F7F6FEEA691921B2F5004F1A
:108E2000D5E90043A0FB01011CD1DA184FF0000581
:108E300045EB050309F062F86422B0FBF2F102FB96
:108E40001103DB003233B3FBF2F303F007025B00E4
:108E500002EB011203F4F8731344A36038BDF9F771
:108E6000C1FED9E79A009B0F09F048F86422B0FBD5
:108E7000F2F102FB11031B013233B3FBF2F303EBFC
:108E80000113EAE700100140F7B505460C46174606
:108E90001E462A68136834EA030301D1002021E04A
:108EA000701CF7D0F4F7E6FCC01B86421CD3DEB181
:108EB0002B68DA685107ECD5802CEAD0402CE8D03A
:108EC0001A681207E5D5002401941A6801925B68BC
:108ED00001932846019BFFF74BFF08236B6485F83D
:108EE0004040012003B0F0BD0320FBE7704710B500
:108EF000044648B390F8413003F0FF021BB980F8F4
:108F0000402008F057F82268242384F84130D368C1
:108F100023F40053D3602046FFF758FF23681A69F3
:108F200022F490421A615A6922F02A025A61DA68E0
:108F300042F40052DA6000202023606484F841305B
:108F400084F84230606310BD0120FCE710B5044690
:108F500068B390F8413003F0FF021BB980F840205D
:108F600008F028F82268242384F84130D36823F4D9
:108F70000053D3602046FFF729FF23681A6922F4C3
:108F800090421A615A6922F022025A615A6942F0EB
:108F900008025A61DA6842F40052DA6000202023A5
:108FA000606484F8413084F84230606310BD012071
:108FB000FCE738B50D460446002834D090F841301F
:108FC00003F0FF021BB980F8402007F0F3FF22688E
:108FD000242384F84130D36823F40053D36020461F
:108FE000FFF7F4FE23681A6922F400621A615A69D5
:108FF00022F02A025A611A6942F480421A611A69FF
:1090000022F020021A611A692A431A61DA6842F4CE
:109010000052DA6000202023606484F8413084F834
:109020004230606338BD0120FCE770B50D4616463E
:109030000446002837D090F8413003F0FF021BB9F6
:1090400080F8402007F0B6FF2268242384F84130DE
:10905000D36823F40053D3602046FFF7B7FE23689C
:109060001A6922F490421A615A6922F02A025A615E
:109070001A6922F00F021A611A6915431D61D96835
:1090800021F40061D960D9683143D960DA6842F4CB
:109090000052DA6000202023606484F8413084F8B4
:1090A0004230606370BD0120FCE7704710B5044694
:1090B000A0B10268242380F84130D36823F4005320
:1090C000D36007F0F7FF0020606484F8400084F864
:1090D000410084F842002063606310BD0120FCE77A
:1090E0002DE9F843984690F84130202B04460E466F
:1090F00017463FD100293FD0002A3DD0212300252B
:10910000456480F84130F4F7B5FBA368A784B3F554
:10911000805F8146E78403D123690BB935461E463B
:10912000E38C9BB253B943464A4640212046FFF7A1
:10913000ABFE202350B984F841300AE043464A464A
:1091400080212046FFF7A0FE28B1202384F841307B
:109150000320BDE8F88322684EB935F8023BC3F31B
:1091600008035360E18C013989B2E184D8E716F82D
:10917000013BF6E70220ECE70120EAE72DE9F8439E
:109180001F4690F84230202B04460E46914648D1A7
:10919000002948D0002A46D022230025456480F8C3
:1091A00042300563F4F766FBA368A4F82C90B3F58E
:1091B000805F8046A4F82E9003D123690BB9354611
:1091C0001E46E08D80B218B9202384F842300AE0B0
:1091D0003B46424620212046FFF756FE28B1202379
:1091E00084F842300320BDE8F88323684EB95B68F9
:1091F000C3F3080325F8023BE38D013B9BB2E385F3
:10920000DFE7A268B2F5805F02D032B9226922B9E5
:109210005968C9B206F8011BEEE7596801F07F01F1
:10922000F8E70220DFE70120DDE790F84130202B4E
:1092300010D189B182B1C2840162828401680023A5
:109240002122436480F84120CA6842F08002CA604B
:1092500018467047022070470120704770B50446D9
:10926000134694F84120202AD5B22ED1C9B1C3B1FA
:1092700000222120E384626484F84100A06B144E34
:109280002162A384C663134E0664134EC0E91362C1
:1092900022680432F4F7EFFD28B11023636484F8E8
:1092A0004150012070BD23686FF040021A602268AF
:1092B00002F1140353E8003F43F0800302F1140469
:1092C00044E800310029F3D1ECE70220EAE700BFCF
:1092D00059970108A7970108B797010803685A69C9
:1092E00090F8411021290DD111060BD503F114027C
:1092F00052E8002F22F0800203F1140C4CE8002108
:109300000029F3D15A6990F84210222925D152063A
:1093100023D503F10C0252E8002F22F4807203F1EE
:109320000C0040E800210029F3D103F1140252E8B7
:10933000002F22F0010203F1140040E8002100296F
:10934000F3D103F1140252E8002F22F0400203F19E
:10935000140040E800210029F3D10020704790F864
:109360004130212B82B00BD1026802F1140353E883
:10937000003F43F08003143242E800310029F3D16A
:1093800090F84230222B2DD10023019303681A68F4
:1093900001925A680192019A02695AB103F10C02D2
:1093A00052E8002F42F4807203F10C0040E80021E3
:1093B0000029F3D103F1140252E8002F42F0010218
:1093C00003F1140040E800210029F3D103F1140255
:1093D00052E8002F42F0400203F1140040E800215F
:1093E0000029F3D1002002B0704710B5026853691C
:1093F00090F841102129044620D119061ED502F10A
:10940000140353E8003F23F0800302F1140040E806
:1094100000310029F3D1A06B08B1F4F765FD226893
:1094200002F10C0353E8003F23F0C0030C3242E882
:1094300000310029F3D1202384F841302268536998
:1094400094F84210222914D15B0612D502F11403BC
:1094500053E8003F23F0400302F1140040E80031DC
:109460000029F3D1E06B08B1F4F73EFD2046FFF789
:109470007FFC002010BD2DE9F3471F4690F84230D5
:10948000DDF82880202B04460E4692466DD1002937
:109490006DD0002A6BD000252223456480F842302D
:1094A000012303634563F4F7E5F9A368A4F82CA04E
:1094B000B3F5805F8146A4F82EA003D123690BB9D0
:1094C00035461E464FF0000AA7F800A0E38D9BB278
:1094D00023B9E28DA38D9B1A3B800EE023681A68A6
:1094E000D10611D5CDF804A01A6801925A680192EC
:1094F000019A3A8842B102236363202384F8423000
:10950000002002B0BDE8F0871A6892060CD5E6B9D3
:109510005B68C3F3080325F8023B3B8801333B80BB
:10952000E38D013B9BB2E385B8F1FF3FCED0F4F76A
:10953000A1F9A0EB0900404502D8B8F1000FC5D150
:10954000202384F842300320DBE7A268B2F5805F75
:1095500002D032B9226922B95B68DBB206F8013B5E
:10956000DBE75B6803F07F03F8E70220C9E701202F
:10957000C7E7406B704710B50446226802F10C0340
:1095800053E8003F23F4F0730C3242E800312368C3
:109590000029F2D103F1140252E8002F22F0010257
:1095A00003F1140040E800210029F3D1226B012AC5
:1095B0000BD103F10C0252E8002F22F0100203F14C
:1095C0000C0040E800210029F3D15A6912061AD58F
:1095D00003F1140252E8002F22F0800203F114007C
:1095E00040E800210029F3D1A06B60B10165F4F7D8
:1095F0007BFC40B1A06BF4F760FE202803D1102360
:109600006364032010BD226853695B0616D502F11E
:10961000140353E8003F23F0400302F1140040E834
:1096200000310029F3D1E06B40B10165F4F75CFC37
:1096300020B1E06BF4F741FE2028E0D00020202389
:10964000E084E085606484F8423084F8413020632F
:10965000D8E710B50446226802F10C0353E8003F36
:1096600023F0C0030C3242E8003122680029F2D115
:1096700053691B061AD502F1140353E8003F23F087
:10968000800302F1140040E800310029F3D1A06BFF
:1096900060B10165F4F728FC40B1A06BF4F70DFE52
:1096A000202803D110236364032010BD0020202351
:1096B000E08484F84130F8E710B50446226802F1EE
:1096C0000C0353E8003F23F490730C3242E800315E
:1096D00023680029F2D103F1140252E8002F22F08E
:1096E000010203F1140040E800210029F3D1226BAC
:1096F000012A0BD103F10C0252E8002F22F01002D4
:1097000003F10C0040E800210029F3D15A69520608
:109710001AD503F1140252E8002F22F0400203F19F
:10972000140040E800210029F3D1E06B60B101652D
:10973000F4F7DAFB40B1E06BF4F7BFFD202803D16A
:1097400010236364032010BD00202023E08584F8EB
:1097500042302063F7E7704708B50346806B1B680B
:109760001B6813F480731AD1C384026802F11403D6
:1097700053E8003F23F08003143242E800310268CE
:109780000029F2D102F10C0353E8003F43F04003FB
:1097900002F10C0040E800310029F3D108BDFFF7C9
:1097A000DAFFFBE7704708B5806BFFF7FBFF08BDEA
:1097B00070477047704708B5806B03685A6990F826
:1097C0004110212912D1120610D50022C28403F1C2
:1097D0000C0252E8002F22F0C00203F10C0C4CE8FE
:1097E00000210029F3D1202280F841205B6990F804
:1097F0004220222A05D15B0603D50023C385FFF74B
:10980000B7FA436C43F010034364FFF7D3FF08BD7E
:1098100008B5806B0023C385FFF7CCFF08BD7047F8
:1098200070B50446226802F10C0353E8003F23F4AC
:10983000F0730C3242E8003123680029F2D103F1C1
:10984000140252E8002F22F0010203F1140040E854
:1098500000210029F3D1226B012A46D0A06B0028F9
:1098600050D1E16B29B15A6912F0400218BF2B4A5E
:109870000A655A69120612D503F1140252E8002F44
:1098800022F0800203F1140141E800252E46002D4C
:10989000F2D120B1F4F766FB10B1A36B1D65012670
:1098A000226853695B0634D502F1140353E8003F84
:1098B00023F0400302F1140141E80035002DF3D1FB
:1098C000E06B30B3F4F74EFB28B3E36B1D65002368
:1098D0002022E3842046E385636484F8412084F8F1
:1098E00042202363FFF79BFF15E003F10C0252E8CF
:1098F000002F22F0100203F10C0040E800210029A3
:10990000F3D1ABE75A6912F0800218BF044A02652E
:10991000A7E7012EDBD0002070BD00BF259901080C
:109920004F990108806BC26B08B500231365826BE9
:109930000AB1126D52B92022C384C385436480F8F2
:10994000412080F842200363FFF769FF08BD806B68
:10995000826B08B500231365C26B0AB1126D52B950
:109960002022C384C385436480F8412080F84220CC
:109970000363FFF754FF08BD704710B50446226823
:1099800002F10C0353E8003F23F0C0030C3242E81D
:10999000003122680029F2D1536913F080031FD0EF
:1099A00002F1140353E8003F23F0800302F1140096
:1099B00040E800310029F3D1A06B48B1094B0365A1
:1099C000F4F7D0FA10B1A06B036D9847002010BDDA
:1099D000E084202384F841302046FFF7CDFFF5E7EF
:1099E000E384F6E7E999010808B5806B0023C38496
:1099F000202380F84130FFF7BFFF08BD704710B546
:109A00000446226802F10C0353E8003F23F49073EC
:109A10000C3242E8003123680029F2D103F114022C
:109A200052E8002F22F0010203F1140040E8002167
:109A30000029F3D1226B012A0BD103F10C0252E869
:109A4000002F22F0100203F10C0040E80021002951
:109A5000F3D15A6912F0400220D003F1140252E807
:109A6000002F22F0400203F1140040E800210029F9
:109A7000F3D1E06B48B10C4B0365F4F773FA10B106
:109A8000E06B036D9847002010BD2023E08584F82B
:109A9000423020632046FFF7B1FFF4E72023E28540
:109AA00084F842302263F5E7AD9A010808B5806B6F
:109AB00000232022C38580F842200363FFF79EFF26
:109AC00008BD7047806B08B501234363036B012B0E
:109AD00004D1818D4908FFF7F4FF08BDFFF769FE47
:109AE000FBE708B50346806B1B681B6813F48073A3
:109AF00037D1C385026802F10C0353E8003F23F419
:109B000080730C3242E8003103680029F2D103F17E
:109B1000140252E8002F22F0010203F1140C4CE869
:109B200000210029F3D103F1140252E8002F22F0A2
:109B3000400203F1140C4CE800210029F3D120224B
:109B400080F84220026B012A0BD103F10C0252E88B
:109B5000002F22F0100203F10C0C4CE80021002928
:109B6000F3D100234363036B012B03D1818DFFF7F6
:109B7000A8FF08BDFFF71CFEFBE790F84230222B40
:109B800007B542D181680268836AB1F5805F3FD131
:109B9000016900293FD15268C2F3080223F8022B61
:109BA0008362C38D013B9BB2C385002B2DD102681C
:109BB000D16821F02001D160D16821F48071D16099
:109BC000516921F001015161202280F84220436354
:109BD000026B012A026828D1036302F10C0353E8E7
:109BE000003F23F0100302F10C0C4CE80031002977
:109BF000F3D11368DB0605D501911368019353680F
:109C00000193019B818DFFF75CFF03B05DF804FBBE
:109C100039B9016929B95268D2B21A70836A01331D
:109C2000BEE7526802F07F02F7E7FFF7C1FDECE7FD
:109C300003681A6873B51607D9685D69044607D1C9
:109C4000960667D58D0665D502B0BDE8704094E7ED
:109C500005F0010001F4907505435BD0D60705D5EA
:109C6000CD0542BF636C43F001036364530704D521
:109C700018B1636C43F002036364960704D518B10E
:109C8000636C43F004036364150707D501F02003F8
:109C900003431EBF636C43F008036364636C002BD3
:109CA00032D0920604D58B0602D52046FFF765FF19
:109CB00026687369626C03F0400302F0080253EAFD
:109CC0000205204622D0FFF753F873695E0618D5C7
:109CD000226802F1140353E8003F23F040031432DA
:109CE00042E800310029F3D1E06B50B1774B0365B6
:109CF000F4F738F940B1E06B036D02B0BDE8704095
:109D000018472046FFF756FD02B070BDFFF752FD21
:109D10006564F9E7206B012840F09B80D50640F18F
:109D20009880C80640F19580002201921A6801923D
:109D30005A680192019A5A69A18D520656D5E06B74
:109D40000268526892B2002A47D0914245D9E28512
:109D5000C269B2F5807F36D003F10C0252E8002FC1
:109D600022F4807203F10C0040E800210029F3D1B5
:109D700003F1140252E8002F22F0010203F1140053
:109D800040E800210029F3D103F1140252E8002F2A
:109D900022F0400203F1140040E800210029F3D131
:109DA000202284F84220216303F10C0252E8002FA4
:109DB00022F0100203F10C0040E800210029F3D149
:109DC000E06BF4F791F802236363E38DA18DC91A68
:109DD00089B22046FFF775FE96E7914294D1C36998
:109DE000B3F5807F90D102236363F2E7E28DE08DCB
:109DF00080B292B2002887D0891A89B2002983D014
:109E000003F10C0252E8002F22F4907203F10C05CA
:109E100045E800200028F3D103F1140252E8002F96
:109E200022F0010203F1140545E800200028F3D1D7
:109E3000202284F84220206303F10C0252E8002F14
:109E400022F0100203F10C0545E800200028F3D1B0
:109E5000C9E7160628D50D0626D594F84120212AF3
:109E60007FF452AFA168226AB1F5805F17D12169F2
:109E7000A9B932F8021BC1F3080159602262E28CD1
:109E8000013A92B2E284002A7FF43EAFDA6822F00F
:109E90008002DA60DA6842F04002DA6034E7511C8E
:109EA000216212785A60EAE750067FF52DAF4A0624
:109EB0007FF52AAFDA6822F04002DA60202384F8C6
:109EC00041302046FFF747FC1EE700BF119801080C
:109ED00090F84030012B18D0012380F84030242323
:109EE00080F84130016801F10C0353E8002F42F083
:109EF0000102194641E80023002BF3D1202280F80B
:109F0000412080F84030184670470220704790F892
:109F10004030012B19D0012380F84030242380F8F1
:109F20004130016801F10C0353E8002F42F00202B6
:109F3000194641E80023002BF3D1202280F841206C
:109F400080F840304363184670470220704790F80D
:109F50004030012B19D0012380F84030242380F8B1
:109F60004130016801F10C0353E8002F22F0020296
:109F7000194641E80023002BF3D1202280F841202C
:109F800080F840304363184670470220704790F8CD
:109F90004030012B11D00268242380F84130D3686F
:109FA00023F00C0343F00803D360202380F84130F2
:109FB000002380F84030184670470220704790F820
:109FC0004030012B11D00268242380F84130D3683F
:109FD00023F00C0343F00403D360202380F84130C6
:109FE000002380F84030184670470220704790F8F0
:109FF000412090F8420010437047406C7047C28582
:10A000000023828502694364222380F84230816202
:10A0100003681AB1DA6842F48072DA605A6942F071
:10A0200001025A61DA6842F02002DA6000207047CB
:10A0300070B590F84260202E07D141B13AB10024AA
:10A040000463FFF7DCFF204670BD0220FCE701201F
:10A05000FAE773B590F84260202E044622D111B978
:10A06000012002B070BD002AFAD00123002503634D
:10A070004563FFF7C4FF236B012BF1D122680195E3
:10A080001368019353680193019B02F10C0353E899
:10A09000003F43F0100302F10C0141E800300028BA
:10A0A000F3D1DEE70220DCE737B5134604468285AC
:10A0B000002281624264222084F84200E06B214D3C
:10A0C000C563214D0564214DC0E9135225680A4638
:10A0D000291DF3F7D0FE38B110236364202384F8E0
:10A0E0004230012003B030BD236801901A6801920C
:10A0F0005A680192019A22695AB103F10C0252E89E
:10A10000002F42F4807203F10C0444E8002100297E
:10A11000F3D103F1140252E8002F42F0010203F1DF
:10A12000140444E800210029F3D103F1140252E899
:10A13000002F42F0400203F1140444E800210029FA
:10A14000F3D1CFE7E39A0108C59A0108B797010850
:10A1500070B490F84260202E06D141B13AB100248B
:10A16000046370BCFFF7A0BF022070BC70470120E1
:10A17000FBE773B590F84260202E044622D111B956
:10A18000012002B070BD002AFAD00123002503632C
:10A190004563FFF789FF236B012BF1D122680195FD
:10A1A0001368019353680193019B02F10C0353E878
:10A1B000003F43F0100302F10C0444E80031002991
:10A1C000F3D1DEE70220DCE784B010B503AC84E80D
:10A1D0000E000B46049942680B4305990B43069900
:10A1E0000B4307990B430899BDE8104022F4FD4248
:10A1F0000B4322F07F021343436004B000207047FA
:10A20000D0F8800070470B68C0F88030002070479D
:10A210000323036000207047034600201860704746
:10A22000006800F0030070470B6810B58360D1E947
:10A2300001342343CC68C268096923430B436FF39D
:10A240000B021343C360002010BD0069C0B2704709
:10A250001430405870470B6810B543624B688362F6
:10A26000D1E9023423430C69C26A496923430B4391
:10A2700022F0F7021343C362002010BD006B704749
:10A28000D0F880007047C36A23F480630B43C36235
:10A290000020704710B5002386B0CDE90133CDE929
:10A2A000033301A94FF4806305930446FFF7BCFF15
:10A2B0000B4B4FF4FA521B68B3FBF2F341F28832B6
:10A2C00053434BB1626B120603F1FF33F9D5C5233B
:10A2D000A363002006B010BD4FF00040FAE700BFB6
:10A2E000DC0000200346444810B500684FF4FA54DF
:10A2F000B0FBF4F04243002A49D0586B10F0450FF0
:10A3000007D0000505D45A6B540704D50420986380
:10A3100010BD013AEFE75A6BD00703D501229A63CB
:10A320000120F5E7C5229A631A69D2B29142F7D1AA
:10A330005B69324818400028EAD0002B2ADB5A001B
:10A340002BD49C002BD4D9002BD41A012CD45C0123
:10A350002DD4D9012ED41A022FD45C0230D4990204
:10A3600031D4DA0232D45C0333D4990334D4DA031F
:10A3700035D41C0436D4590437D49A0438D413F095
:10A38000080F0CBF4FF480304FF40000C0E74FF0CF
:10A390000040BDE74FF00070BAE74020B8E78020EA
:10A3A000B6E74FF48070B3E74FF40070B0E74FF4B6
:10A3B0008060ADE74FF40060AAE74FF48050A7E754
:10A3C0004FF40050A4E74FF48040A1E74FF4004061
:10A3D0009EE74FF400309BE74FF4802098E74FF45E
:10A3E000002095E74FF4801092E74FF400108FE7BC
:10A3F0004FF480008CE700BFDC00002008E0FFFD88
:10A4000030B587B010254023CDE9025301910022D9
:10A410004FF4806301A9CDE904230446FFF704FF4C
:10A4200041F288322946204607B0BDE83040FFF7A8
:10A4300059BF30B587B011254023CDE902530191B2
:10A4400000224FF4806301A9CDE904230446FFF7FD
:10A45000EBFE41F288322946204607B0BDE8304085
:10A46000FFF740BF30B587B012254023CDE9025336
:10A47000019100224FF4806301A9CDE90423044631
:10A48000FFF7D2FE41F288322946204607B0BDE8E8
:10A490003040FFF727BF30B587B018254023CDE9FE
:10A4A0000253019100224FF4806301A9CDE90423F6
:10A4B0000446FFF7B9FE41F288322946204607B02C
:10A4C000BDE83040FFF70EBF30B587B019254023F7
:10A4D000CDE90253019100224FF4806301A9CDE937
:10A4E00004230446FFF7A0FE41F2883229462046A5
:10A4F00007B0BDE83040FFF7F5BE30B587B0202586
:10A500004023CDE90253019100224FF4806301A959
:10A51000CDE904230446FFF787FE41F2883229463D
:10A52000204607B0BDE83040FFF7DCBE30B587B04D
:10A5300021254023CDE90253019100224FF480638D
:10A5400001A9CDE904230446FFF76EFE41F28832EB
:10A550002946204607B0BDE83040FFF7C3BE30B5FE
:10A5600087B023254023CDE90253019100224FF407
:10A57000806301A9CDE904230446FFF755FE41F2AB
:10A5800088322946204607B0BDE83040FFF7AABE12
:10A5900030B587B024254023CDE902530191002234
:10A5A0004FF4806301A9CDE904230446FFF73CFE84
:10A5B00041F288322946204607B0BDE83040FFF717
:10A5C00091BE30B5002387B026254022CDE9032374
:10A5D000CDE9013501A94FF4806304460593FFF7E7
:10A5E00023FE4FF218622946204607B0BDE83040EE
:10A5F000FFF778BE30B5002387B00C254022CDE9A7
:10A600000323CDE9013501A94FF480630446059386
:10A61000FFF70AFE034A2946204607B0BDE830404E
:10A62000FFF760BE00E1F50530B587B00725402390
:10A63000CDE9025301924FF48063002201A9CDE9D4
:10A6400004230446FFF7F0FD41F2883229462046F4
:10A6500007B0BDE83040FFF745BE30B587B03725BD
:10A660004023CDE90253019100224FF4806301A9F8
:10A67000CDE904230446FFF7D7FD41F2883229468D
:10A68000204607B0BDE83040FFF72CBE30B587B09C
:10A6900006254023CDE90253019100224FF4806347
:10A6A00001A9CDE904230446FFF7BEFD41F288323B
:10A6B0002946204607B0BDE83040FFF713BEFFF73C
:10A6C000E5BF30B5002387B033254022CDE9032311
:10A6D000CDE9013501A94FF4806304460593FFF7E6
:10A6E000A3FD41F288322946204607B0BDE830403C
:10A6F000FFF7F8BD30B587B0032509044023CDE945
:10A700000253019100224FF4806301A9CDE9042393
:10A710000446FFF789FD41F288322946204607B0FA
:10A72000BDE83040FFF7DEBD30B587B00D254023D2
:10A73000CDE90253019100224FF4806301A9CDE9D4
:10A7400004230446FFF770FD41F288322946204673
:10A7500007B0BDE83040FFF7C5BD30B5002387B076
:10A760000D254022CDE90323CDE9013501A94FF4A0
:10A77000806304460593FFF757FD41F2883229466E
:10A78000204607B0BDE83040FFF7ACBD30B587B01C
:10A7900008254023CDE90253019100224FF4806344
:10A7A00001A9CDE904230446FFF73EFD41F28832BA
:10A7B0002946204607B0BDE83040FFF793BD124B55
:10A7C0004FF4FA511B68B3FBF1F341F288310246B2
:10A7D0004B43ABB1516B11F0450F07D0090505D4C0
:10A7E000536B5B0704D5042090637047013BF0E78F
:10A7F000506B10F0010014BF0123C5239363704711
:10A800004FF00040704700BFDC00002010B500236F
:10A8100086B00222CDE90132C022CDE9032301A98D
:10A820004FF4806304460593FFF7FEFC204606B014
:10A83000BDE81040FFF7C3BF10B586B00922C023A2
:10A84000CDE9022301914FF480630021CDE9041387
:10A8500001A90446FFF7E8FC204606B0BDE8104019
:10A86000FFF7ADBF0F4B4FF4FA511B68B3FBF1F389
:10A8700041F2883102464B4383B1516B11F0450FD1
:10A880000AD0090508D4506B10F0040015BF04204D
:10A89000C523906393637047013BEDE74FF00040A1
:10A8A000704700BFDC00002010B541F0004186B0C9
:10A8B000292241F480114023CDE9022301914FF474
:10A8C00080630021CDE9041301A90446FFF7ACFC25
:10A8D000204606B0BDE81040FFF7C4BF10B586B0F3
:10A8E00001224023CDE9022301914FF4806300212E
:10A8F000CDE9041301A90446FFF796FC204606B0F3
:10A90000BDE81040FFF7AEBF03461E4810B5006813
:10A910004FF4FA54B0FBF4F041F28834604358B37A
:10A920005C6B14F0450F07D0240505D4586B440721
:10A9300004D50420986310BD0138F0E7586BC007B8
:10A9400003D501229A630120F5E71869C0B281425C
:10A95000F9D1C52199635B6913F4604002D11B0CE6
:10A960001380E8E75A040AD413F4004F0CBF4FF4E5
:10A9700080304FF48050DEE74FF00040DBE74FF4CB
:10A980000050D8E7DC00002070B5002386B0032615
:10A990004022CDE90323CDE901360D464FF4806313
:10A9A00001A904460593FFF73FFC2A46314620469D
:10A9B00006B0BDE87040FFF7A7BF144B4FF4FA5143
:10A9C0001B68B3FBF1F341F2883102464B43CBB134
:10A9D000516B11F0450F07D0080505D4536B59078B
:10A9E00004D5042090637047013BF0E7506B10F0F2
:10A9F000010002D0012393637047536B5B0603D5BC
:10AA00004023F8E74FF00040704700BFDC00002013
:10AA100010B54FF4D57286B00823CDE9012340214B
:10AA20000023CDE903134FF4806301A90446059385
:10AA3000FFF7FAFB204606B0BDE81040FFF7BDBFA8
:10AA400082B0002302460193019B01330193019BD5
:10AA5000B3F1706F1AD81369002BF5DA0A2301934A
:10AA6000019B83B9136943F001031361019B013317
:10AA70000193019BB3F1706F08D8106910F00100C9
:10AA8000F4D102B07047019B013BE8E70320F8E7EF
:10AA900084B038B505AD85E80E009DF81930012B5E
:10AAA000044627D1836B23F480338363C36823F484
:10AAB000840323F04003C360C36823F44013C360DE
:10AAC0009DF82030012B02BFC36843F48013C3609C
:10AAD000FFF7B6FF9DF81630012B07D1A36843F0AE
:10AAE0000603A360A36843F02003A360BDE83840D9
:10AAF00004B07047C36843F04003C360FFF7A0FF92
:10AB00009DF81D3023B9A36B43F48033A363E1E7C1
:10AB1000A36B23F48033F9E7022A4AD1274B284A52
:10AB20000B44934239D9274B274A0B44934236D9D9
:10AB3000264AA1F57403A3F51053934231D9244A50
:10AB4000A1F18373A3F5E74393422CD3214B224A0F
:10AB50000B44934229D9214B214A0B44934226D3DB
:10AB6000204B214A0B44934223D3204AA1F1B773CF
:10AB7000A3F5585393421ED31D4B1E4A0B449342D8
:10AB80002CBF06230723C26822F47052C260C26839
:10AB900042EA8323C360002070470F23F3E70E23AC
:10ABA000F1E70D23EFE70C23EDE70B23EBE70A2397
:10ABB000E9E70923E7E70823E5E700BF405327FF5C
:10ABC000FF340C00401E1BFF3F420F007F4F12005E
:10ABD00020D6130060B6E5FE5FE3160000D3CEFE7C
:10ABE00040771B00C05BB3FEC09121002075380088
:10ABF000E05459FEE09C4100836843F00103836008
:10AC000000207047836823F00103836000207047B1
:10AC100038B5C368012923F0C04305460C46C3601C
:10AC200014D1C36843F00053C36000240A20F2F734
:10AC300043FE6B69D90704F10A0402D4C82CF5D18C
:10AC4000C824A4F1C8035842584138BD71B9C3683B
:10AC500043F08043C3600A20F2F72EFE6B69DA07E7
:10AC600004F10A04EDD5C82CF5D1E9E70120ECE7A1
:10AC700082B0002302460193019B01330193019BA3
:10AC8000B3F1706F15D81369002BF5DA8901002331
:10AC900041F0200101931161019B01330193019B5C
:10ACA000B3F1706F05D8106910F02000F4D102B034
:10ACB00070470320FBE782B0002302460193019B0B
:10ACC00001330193019BB3F1706F13D81369002B0B
:10ACD000F5DA0023019310231361019B01330193E3
:10ACE000019BB3F1706F05D8106910F01000F4D11A
:10ACF00002B070470320FBE7D0F800381943C0F8D2
:10AD000000180020704784B02DE9F843044609A8D4
:10AD100080E80E0000239DF824609DF82E5019460F
:10AD200003F1400204EB820201330F2B5160F7D193
:10AD300004F50067002D6CD17B6843F002037B6053
:10AD4000A36B43F40013A363A36B23F40023A36357
:10AD5000A36B23F48023A3630023C4F8003E9DF873
:10AD60002930012B5FD19DF82710002959D12046A9
:10AD7000FFF7C2FF10212046FFF77AFF0146204669
:10AD8000FFF799FF0843C0B2002300383B6118BFAA
:10AD900001207B6104F51062FB6119464FF0904C75
:10ADA0004FF0006E4FF67F389E423ED8002204F5E9
:10ADB000306311464FF0904C4FF0006E4FF67F38E5
:10ADC000964245D83B6923F480733B610023A3611D
:10ADD0006FF0804363619DF826301BB9A36943F08F
:10ADE0001003A361A269244B1343A3619DF82A3089
:10ADF0001BB1A36943F00803A361012D01BFA3693F
:10AE000043F0804343F00403A361BDE8F84304B07A
:10AE10007047A36B23F40013A363A36B43F40023D5
:10AE200099E71946A3E70321A1E7D2F80090B9F109
:10AE3000000F0BDA3BB9C2F800E011610133C2F830
:10AE400008802032B0E7C2F800C0F6E71160F4E7EE
:10AE5000D3F80090B9F1000F0BDA3AB9C3F800E06B
:10AE600019610132C3F808802033A9E7C3F800C094
:10AE7000F6E71960F4E700BF00383C80D0F80838E6
:10AE800013F0060004D013F0020F14BF02200F20AD
:10AE9000704730B50C78012204F00F05AA404D78B8
:10AEA000012D00F5006300EB441019D1DD692A4340
:10AEB000DA61D0F800391A0410D48A68D0F8005941
:10AEC000C2F30A030A792B4343EA824343EA8453D9
:10AED00043F0805343F40043C0F80039002030BDF4
:10AEE000DC6944EA0242DA61D0F8003B1B04F5D485
:10AEF0008B68D0F8002BC3F30A0313430A7943EAA3
:10AF0000824343F0805343F40043C0F8003BE5E73D
:10AF10004B78F0B50E78012B00EB461406F00F05C8
:10AF200000F500601BD1D4F800391A0410D48A68E7
:10AF3000D4F80079C2F30A030A793B4343EA824317
:10AF400043EA865343F0805343F40043C4F8003986
:10AF5000C26B0123AB401343C3630020F0BDD4F8A0
:10AF6000003B1B040ED48B68D4F8002BC3F30A03F8
:10AF700013430A7943EA824343EA865343F4004386
:10AF8000C4F8003BC26B4FF48033E3E710B50A7896
:10AF90004978012900EB421300F5006002F00F022E
:10AFA00022D1D3F8001900290BDAD3F8001941F0A7
:10AFB0000061C3F80019D3F8001941F08041C3F8CB
:10AFC0000019C46B012101FA02F224EA0204C463ED
:10AFD000C16921EA0202C261D3F80019144A0A4089
:10AFE000C3F80029002010BDD3F8001B00290BDA9C
:10AFF000D3F8001B41F00061C3F8001BD3F8001B1D
:10B0000041F08041C3F8001BC46B4FF4803101FA5A
:10B0100002F224EA0204C463C16921EA0202C261A5
:10B02000D3F8001B034A0A40C3F8002BDAE700BF3D
:10B03000007833EC0078F3EF0A784978012900EBC7
:10B04000421300F5006002F00F021ED1D3F8001980
:10B0500000290BDAD3F8001941F00061C3F8001998
:10B06000D3F8001941F08041C3F80019D3F8001952
:10B0700021F40041C3F80019C369012101FA02F269
:10B0800023EA0203C36100207047D3F8001B0029A4
:10B090000BDAD3F8001B41F00061C3F8001BD3F8B2
:10B0A000001B41F08041C3F8001BD3F8001B21F4C2
:10B0B0000041C3F8001BC3694FF48031DEE782B062
:10B0C00000234A7801930B78012A4FEA43131ED1DB
:10B0D00000F51060C118C258002A02DB002002B03F
:10B0E0007047C25842F00062C250C25842F08042DB
:10B0F000C25042F21072019B01330193019B9342B3
:10B1000001D90120EBE70B68002BF4DBE6E700F543
:10B110003060C118C258002AE0DAC25842F000621A
:10B12000C250C25842F08042C25042F21072019B9B
:10B1300001330193019B9342E3D80B68002BF6DBAC
:10B14000CCE710B59DF8084044B9033301329B08A1
:10B1500000EB023001EB8303994201D1002010BDC6
:10B1600051F8042B0260F7E72DE9F7434B7891F88B
:10B1700000E091F804C0724C012B1746714B0A692C
:10B1800000EB4E1540F08D8005F5106642BB32692C
:10B1900013403361336943F400233361336923403F
:10B1A0003361012F52D1CB6903B17361BCF1010F3F
:10B1B0000CD1D0F8083813F4807FD5F800390CBFD3
:10B1C00043F0005343F08053C5F80039D5F80039F7
:10B1D00043F00443C5F80039002003B0BDE8F08314
:10B1E000D6F8108008EA04043461346923403361DE
:10B1F0008B68BEF1000F0DD193423CBF0B611A4624
:10B20000336943F4002333613369C2F312041C43EE
:10B210003461C6E79C18013CB4FBF3F44A4BD6F802
:10B2200010801FFA84F903EAC44444EA0804BCF11C
:10B23000010F3461E8D1336923F0C04333613469CD
:10B240004FEA497303F0C0432343DCE7D5F80039E4
:10B25000BCF1010F43F00443C5F800390B690CD071
:10B26000002BB9D0D0F834280EF00F0E012303FACA
:10B270000EF31343C0F83438AEE7D0F8082812F4C0
:10B28000807FD5F800290CBF42F0005242F0805276
:10B29000C5F800290097C9689BB27246FFF751FFB5
:10B2A0009AE7D5F8108B08EA0404C5F8104BD5F8D6
:10B2B000104B234005F5306633618B68BEF1000FFB
:10B2C00027D102B10B610B623269C3F3120313433E
:10B2D0003361336943F40023012F336102D1CB681A
:10B2E00003B17361BCF1010F0CD1D0F8083813F42D
:10B2F000807FD5F8003B0CBF43F0005343F08053F0
:10B30000C5F8003BD5F8003B43F00443C5F8003BCB
:10B3100062E7002AD8D09C180B4AD6F810E0013C0E
:10B32000B4FBF3F4A4B202EAC442634342EA0E025D
:10B330000B6232613269C3F312031343CCE700BFDF
:10B340000000F8FFFFFF07E00000F81F70B50023C2
:10B35000940800F5805502F00302A34204D301EBE8
:10B36000840132B9084670BD2E6841F8236001336C
:10B37000F3E700F5805000230468D80024FA00F0B9
:10B380005854013398B28242F7D15018EBE74A780B
:10B390000B78012A00EB431012D1D0F80029002AC3
:10B3A00006DB2BB1D0F8003923F08043C0F8003918
:10B3B000D0F8003943F40013C0F80039002070477A
:10B3C000D0F8002B002A06DB2BB1D0F8003B23F08D
:10B3D0008043C0F8003BD0F8003B43F40013C0F8B2
:10B3E000003BEBE70B784A7800EB43100B79012A1E
:10B3F000A3F10203DBB20FD1D0F80029012B22F414
:10B400000012C0F8002905D8D0F8003943F0805365
:10B41000C0F8003900207047D0F8002B22F4001249
:10B42000012BC0F8002B9EBFD0F8003B43F08053A7
:10B43000C0F8003BEEE710B500F51063044600F5D8
:10B440002E614FF67F329A60C3F8082220338B4278
:10B45000F9D10022C4F810282046C4F81428C4F8F2
:10B460001C28FFF728FC08B1032010BD102120463E
:10B47000FFF7FEFB0028F8D0F6E7D0F8003823F4F9
:10B48000FE63C0F80038D0F80038090101F4FE610D
:10B490001943C0F8001800207047D0F8003E23F090
:10B4A0000303C0F8003ED0F8043823F00203C0F8CC
:10B4B000043800207047D0F8003E23F00303C0F8A2
:10B4C000003ED0F8043843F00203C0F804380020EE
:10B4D0007047426980691040704700EB411000F5E9
:10B4E000A063D0F80805DB6818407047D0F818381A
:10B4F00000F50060C0691840000C7047D0F818389B
:10B5000000F50060C069184080B2704700EB41113F
:10B5100000F50060D1F8082B406910407047D0F862
:10B520001028D0F8343800EB411001F00F01CB4067
:10B5300000F51060DB018068DBB2134318407047F0
:10B5400043690B4043617047406900F00100704758
:10B55000D0F800396FF30A03C0F80039D0F8043886
:10B5600043F48073C0F804380020704730B5056C90
:10B57000104CA54200F5306303D9D0F8004B002CE5
:10B5800016DB00241C611C6944F400241C611C6946
:10B5900044F018041C611C69012944F0C0441C617A
:10B5A00001BF5A61D0F8003B43F08023C0F8003B54
:10B5B000002030BD0A30544F84B070B5044605A851
:10B5C00080E80E000023C4F8003EA36B43F4001390
:10B5D000A363A36B23F40023A363A36B23F480234F
:10B5E000A363E3685B063AD49DF81730012BD4F8C7
:10B5F000003436D143F00403C4F80034102120464F
:10B60000FFF736FB01462046FFF755FB0843C0B263
:10B6100000384FF000039DF8156018BF012004F5B5
:10B62000A0621D464FF0FF319E421DD88023A561C8
:10B630006161636203F5C003A3620E4BC4F800317D
:10B640009DF816301BB9A36943F01003A361A269EA
:10B65000094B1343A361BDE8704004B07047D4F8B0
:10B66000003423F00403C7E791600133D560203232
:10B67000DAE700BFE0004000080020A3D0F8003463
:10B6800023F0030310B5C0F80034D0F8004401F0F3
:10B6900003032343012900F58062C0F8003404D17C
:10B6A0004BF680335360002010BD022902D141F2D5
:10B6B0007073F7E70120F7E737B500250195D0F85B
:10B6C00040340193019B23F02E030193019B43F42B
:10B6D00080730446C0F840346420F2F7EDF8019B13
:10B6E00023F48073C4F840340A20F2F7E5F82846C2
:10B6F00003B030BD82B000230193D0F840340193F1
:10B70000019B23F02E030193019BDA0406D4012947
:10B7100002BF019B43F48053C0F84034019BDB041B
:10B7200005D521B9019B23F48053C0F84034002093
:10B7300002B0704782B000230193D0F840340193E7
:10B740000198C0F3414002B0704700F58060806806
:10B7500080B270472DE9F84300EB41161C469DF876
:10B76000245006F5A0634FF0FF379F604FFA82FC2C
:10B77000032D67D8DFE805F0025C025940F29D47CF
:10B78000BCF1000FDF6003DADF6847F48077DF6029
:10B7900000274FF00008C3F80480D3F80CE04EF007
:10B7A000020EC3F80CE0D0F8189401F00F01012349
:10B7B0008B4043EA0903C0F81834836943F00073EF
:10B7C00083614FEADC71FFF7B5FF9DF82030022B53
:10B7D0004FEAC13104D1023818BF01204FEA404876
:10B7E000BDF82800A305C0F30A0040EA080803F0EA
:10B7F000FE53D20243EA080302F4F0421343AA04C0
:10B800000B4302F44022134343F4801305F0FD057B
:10B81000C6F80035012D02BFD6F8003543F00053BD
:10B82000C6F800353846BDE8F88340F29D67A7E7C3
:10B8300040F22527BCF1000FDF60A9DADF6847F48A
:10B84000C077A4E70127A4E72DE9FF4191F806E0BE
:10B85000CE78BEF1010F94464A787CD116B18B8A1E
:10B86000CB6112E08C7C0B6A012C6BD1CC68BC2BB9
:10B8700004F1FF3460D98B8A012CC1E9073302D867
:10B880000224CC6001E0C1F80CE0012591F816809B
:10B890004FEA487800EB421708F0C048C3F31203A0
:10B8A00007F5A06448EA030343EAC5432361BCF1FA
:10B8B000000F01D08B696361D0F80834D7F8008598
:10B8C00028F00058C7F80085DB43D7F800855B07F0
:10B8D00003F0005343EA0803BEF1010F00F5806551
:10B8E000C7F8003565D191F811E00B7C43EACE131F
:10B8F00043F000436360E36843F06003E360CB79A7
:10B90000012B0CD15EB9D4F804E04EF4803EC4F8AB
:10B9100004E0D4F80CE04EF0400EC4F80CE091F8CE
:10B9200012E0BEF1010F69D0BEF1030F6ED1012B01
:10B930006CD1012E6AD165E0012CCB618CBF04244F
:10B9400003249EE7BCF1010F8AD18C8A9C4287D2E6
:10B95000CC61234699E70B6A7BB18C8A5D1E254436
:10B96000B5FBF4F5ADB2B5F5807F28BF4FF4807517
:10B970000EB18B8A6B43CB6188E70125F8E7002E77
:10B9800044D1CB68013B032B40D8DFE803F002062B
:10B990000A0E636843F4004337E0636843F00E0324
:10B9A00033E0636843F480432FE0636843F440432B
:10B9B0002BE0002329E023F4004333E0C56ADC1CBC
:10B9C000ADB2C4F38F04A54203D2846944F02004CD
:10B9D00084610024009489699BB2FFF7B2FB0020C8
:10B9E00004B0BDE8F0812D69DC1CADB2C4F38F0456
:10B9F000A542EED2846944F08064E9E7012BBED110
:10BA0000012EBCD1636843F480336360D7F80035FE
:10BA10000393039B23F080430393039B002ECAD020
:10BA200043F400430393039B43F000430393039BBE
:10BA3000C7F800355CEA0606D1D10B6A002BCED0E0
:10BA4000CC79002CCBD18C7C032CC2D801A656F823
:10BA500024F000BFBDB90108E7B90108BDB901086C
:10BA6000E7B9010800F58060406980B2704773B59E
:10BA700000EB4111002301F5A0620193D1F80035DC
:10BA8000D1F8004555688668B6064FEA934308D555
:10BA9000002D06DB002C01DADD0704D5002002B002
:10BAA00070BDDC072AD4D1F8003543F08043C1F8DB
:10BAB000003583689B061AD4C36A13F47F0FD1F84C
:10BAC000003516D123F00043C1F80035D1F8003518
:10BAD00043F00043C1F80035019B01330193019B02
:10BAE000B3F57A7FDAD81368002BF5DBD6E7D1F807
:10BAF000003543F00043C1F80035CFE7D1F80035F9
:10BB000043F08043C1F80035D0F8103413F47F0FB0
:10BB1000D1F80035EDD123F00043C1F80035D1F85C
:10BB2000003543F00043C1F80035019B0133019318
:10BB3000019BB3F57A7FB1D81368002BF5DBADE735
:10BB400000EB4110064AC0F81025D0F8003523F06C
:10BB5000804343F00043C0F800350020704700BF29
:10BB60000000088037B500230193836823F00103A8
:10BB7000836010210446FFF77BF801462046FFF75B
:10BB80009AF80843C0B2003804F5A06318BF01203A
:10BB900004F5E06519460A6822F0802242F08042EE
:10BBA00041F8202BA942F6D11A6822F4004242F053
:10BBB00040421A60019A01320192019AB2F57A7FED
:10BBC00002D81A68002AF5DB2033AB42ECD14FF0E3
:10BBD000FF33C4F814346361A36843F00103A36026
:10BBE00003B030BDD0F8083800F50060DB0742BF75
:10BBF000436843F00103436000207047D0F80438E5
:10BC000023F00103C0F8043800207047D0F8D43284
:10BC100000EB830010B5D0F8C0428CB1D0F8C4322C
:10BC20001BB194F80002FF2801D1002010BD9B68D1
:10BC300094F8012221469847FF2384F80032F4E764
:10BC40000320F3E70A230380004870474C000020DC
:10BC500070B5822106460F4800F0ACFB0121054675
:10BC60000C4800F0A7FB812104460A4800F0A2FB23
:10BC70000DB11022AA711CB1402222710022627102
:10BC800018B14022027100224271432301483380DF
:10BC900070BD00BF58000020DAE770B5822106466B
:10BCA0000E4800F087FB012105460C4800F082FB9E
:10BCB00081210446094800F07DFB0DB11022AA71D4
:10BCC0001CB1002222710222627118B1002202719D
:10BCD0000222427143230148338070BD5800002086
:10BCE00038B5D0F8D432B033044650F823508DB173
:10BCF00005F058FBD4F8D432C5F80C0204EB8304E9
:10BD0000D5F80402D4F8C43205F50371DB6898470E
:10BD1000002038BD0320FCE7F8B5D0F8D46200EB72
:10BD200086060A46D6F8C05235B301F00F0C142728
:10BD300007FB0C077B698BB1D0F8C8424FF0240E8B
:10BD40000EFB0C44E469B3FBF4FC04FB1C332BB97D
:10BD50007B611A4605F08BFB0020F8BD0023C5F877
:10BD60001432D6F8C4321B69002BF5D0D5F808027E
:10BD700005F504719847EFE70320EEE7D0F8D432D9
:10BD8000F7B500EB83030022D3F8C0628DF80520DD
:10BD900004460D46ADF80620002E65D091F800C08F
:10BDA0001CF0600229D0202A5AD1CA884F78F2B1FB
:10BDB0001CF0800F0ED0D3F8C43231469B68384651
:10BDC0009847EA88072A28BF07223146204600F014
:10BDD0007DFD09E0402A28BF402286F8007286F8DF
:10BDE0000122314600F088FD002003B0F0BDD3F8F9
:10BDF000C43238469B689847F6E74B780B2B2FD810
:10BE000001A252F823F000BF39BE0108E9BD0108C4
:10BE100061BE010861BE010861BE010861BE010882
:10BE200061BE010861BE010861BE010861BE010872
:10BE300049BE010859BE010890F89C32032B0FD16E
:10BE400002220DF10601C1E790F89C32032B07D1C5
:10BE500001220DF10501B9E790F89C32032BC3D004
:10BE60002946204600F00BFD0320BEE738B5044606
:10BE70000025812105F0CEFA012184F837502046B3
:10BE800005F0C8FA84F877518221204605F0C2FAFD
:10BE9000D4F8D43284F84B5004EB83036564D3F8B0
:10BEA000C0228AB1D3F8C4325B689847D4F8D43240
:10BEB000B03354F8230005F07DFAD4F8D432B0330F
:10BEC00044F82350C4F8BC52002038BDF8B50446ED
:10BED0004FF4077005F06AFA054630B9D4F8D43249
:10BEE000B03344F82300022046E04FF407720021EB
:10BEF0000AF08BFED4F8D432B03344F82350237CBC
:10BF0000C4F8BC52CBBB4FF40073812102222046FF
:10BF100005F074FA012184F837104FF400730222FF
:10BF2000204605F06BFA0126102303226364822168
:10BF3000082384F87761204605F060FAD4F8D432FB
:10BF400084F84B6004EB83030027D3F8C432C5F8B0
:10BF500004721B689847D5F80422C5F81472C5F816
:10BF60001872002ABFD0237C93B94FF40073314676
:10BF7000204605F085FA0020F8BD402381210222E9
:10BF8000204605F03BFA012184F837104023C6E72C
:10BF90004023ECE739B1D0F8D43200EB8300C0F88D
:10BFA000C4120020704703207047D0F8D432B03359
:10BFB00050F823302BB1C3F80812C3F81022002028
:10BFC000704703207047D0F8D432B03350F8233094
:10BFD0001BB1C3F804120020704703207047D0F84B
:10BFE000D432B03310B550F823207AB1D2F81442CD
:10BFF00001236CB9C2F81432D2F810328362D2F83D
:10C000000822812105F033FA204610BD0320FCE709
:10C010001846FAE7D0F8D422B03208B550F82220FA
:10C0200062B1037CD2F8042233B94FF400730121CA
:10C0300005F026FA002008BD4023F8E70320FAE7C0
:10C0400078B10023C0F8B832C0F8C432C0F8D0329A
:10C0500009B1C0F8B412012380F89C32027005F0D7
:10C0600061B90320704710B5044605F0BEF90123FD
:10C0700084F89C32D4F8B8321BB15B682179204631
:10C0800098470023C4F8C432C4F8B432C4F8D0329C
:10C090002046BDE8104005F096B913B500230446CC
:10C0A000ADF8063081B1CB6AC0F8B81223B10DF1FA
:10C0B00006009847C4F8D002D4F8D8320133C4F847
:10C0C000D832002002B010BD0320FBE705F084B990
:10C0D00010B5044605F089F9D4F8B8321BB15B6895
:10C0E000217920469847002010BD00207047D0F8E5
:10C0F000B8320BB11B6818471846704708B5D0F81E
:10C10000B8325B689847002818BF032008BD38B5CF
:10C11000044600F2AA25284600F0A6FB012394F865
:10C12000AA12C4F89432B4F8B032C4F8983201F0CC
:10C130001F03012B08D0022B0CD08BB929462046B7
:10C14000BDE8384000F059B929462046BDE83840DE
:10C1500000F0B8BA29462046BDE8384000F0E1BA00
:10C16000204601F08001BDE8384005F065B970B5A2
:10C17000044639BBD0F89432032B12D1D0F8583191
:10C18000B0F8602193420ED9D0F864119B1A114483
:10C190009A42C0F85831C0F8641138BF1A4600F00E
:10C1A000BCFB002070BD90F89C32032B06D1D0F868
:10C1B000B8321B6913B1C0F8D4129847204600F07A
:10C1C000B4FBEEE790F89C32032BEAD1D0F8B832FA
:10C1D0009B69002BE5D00022BDE87040C0F8D42256
:10C1E000184770B504460D4600293FD1D0F8943267
:10C1F000022B10D18269038C9A4214D9416AD21A57
:10C2000019448261416200F06FFB2B462A462946A1
:10C21000204605F035F994F8A03213B1002384F8D4
:10C22000A032002070BD0CD143699A4209D8D0F8E1
:10C230009822934205D20A4600F056FBC4F8985261
:10C24000E3E794F89C32032B08D1D4F8B832DB68CA
:10C2500023B10022C4F8D4222046984780212046EA
:10C2600005F0EAF8204600F06BFBD4E790F89C322A
:10C27000032BD6D1D0F8B8325B69002BD1D0002285
:10C28000BDE87040C0F8D4221847F8B5012380F803
:10C290009C32D0F8B83200210446C0F894124160B4
:10C2A000C0F8A41280F8A012BBB9002600224025D5
:10C2B000114601274023204605F0A0F884F8637159
:10C2C000A4F860512B4600228021204605F096F804
:10C2D00084F8237025843046F8BD5B68002BE4D0D9
:10C2E00098470028E1D00326E0E70174002070475A
:10C2F00090F89C32042B1EBF90F89C32DBB280F881
:10C300009D32042380F89C320020704790F89C32C4
:10C31000042B02BF90F89D32DBB280F89C320020E3
:10C32000704708B590F89C22032A05D1D0F8B8329E
:10C3300013B1DB6903B19847002008BDD0F8D422BF
:10C34000AE3208B550F822204AB190F89C32032B47
:10C3500001D1136A0BB9002008BD9847FBE7032001
:10C36000FAE7D0F8D422AE3208B550F822204AB10C
:10C3700090F89C32032B01D1536A0BB9002008BD01
:10C380009847FBE70320FAE700207047012208B531
:10C3900080F89C22D0F8B8220AB9002008BD526863
:10C3A000017990470028F8D00320F7E70020704774
:10C3B0000020704710B5428803789A420AD9047861
:10C3C000204423444478052C9BB2F6D184788C42D7
:10C3D000F3D110BD0020FCE702780B8813440B80DA
:10C3E0001044704710B58021044605F025F820461A
:10C3F0000021BDE8104005F01FB873B50B7803F0BD
:10C400006003202B04460D4609D0402B07D093B182
:10C410002046FFF7E7FF0025284602B070BDD4F89C
:10C42000D432AE33294654F823309B68204602B0FC
:10C43000BDE8704018474B78092BE9D801A252F8A3
:10C4400023F000BF65C60108A9C6010811C4010890
:10C450008DC6010811C401085FC501086DC401083B
:10C4600011C4010839C60108A1C501080023ADF8AF
:10C4700006304B881A0A013A062AC9D801A151F898
:10C4800022F000BFA1C40108D3C40108EDC4010813
:10C4900011C4010811C4010831C5010847C50108CC
:10C4A000D0F8B4321B68207C0DF106019847EA8869
:10C4B000002A00F0A480BDF80630002BA8D09A42D4
:10C4C00028BF1A46ADF806200146204600F0FEF9C6
:10C4D000A1E7027CD0F8B83232B99B6A0DF10600B0
:10C4E000984702234370E2E7DB6AF7E7DBB2052BEC
:10C4F0008ED8DFE803F003090D111519D0F8B43216
:10C500005B68002BCFD183E7D0F8B4329B68F8E7A3
:10C51000D0F8B432DB68F4E7D0F8B4321B69F0E746
:10C52000D0F8B4325B69ECE7D0F8B4329B69E8E745
:10C53000037C002B7FF46CAFD0F8B8320DF106000D
:10C540005B6B9847B3E7037C002B7FF461AFD0F8B7
:10C55000B8320DF106001B6B98470723C2E78B88A2
:10C56000002B7FF455AFCB88002B7FF451AF4D8863
:10C570007F2D3FF64DAF90F89C32032B3FF448AF30
:10C58000EDB280F89E52294604F068FF204600F084
:10C59000CCF91DB1022384F89C323CE70123FAE771
:10C5A0008978474D0129297003D9FFF71BFF03251F
:10C5B00032E790F89C32022BDEB208D0032E17D05F
:10C5C000FFF710FF29782046FFF798FDEFE7B1B19C
:10C5D00001214160FFF78BFD0546204625B1FFF79D
:10C5E00001FF84F89C6217E700F09FF90323D2E76C
:10C5F00049B9022380F89C324160FFF77FFD204655
:10C6000000F093F907E741680129F8D0C9B2FFF7B4
:10C6100075FD297861602046FFF769FD0546002811
:10C62000EDD02046FFF7DEFE21792046FFF766FDBC
:10C63000022384F89C32EFE6CA88012A7FF4E8AE30
:10C6400090F89C120229CBB207D8002B3FF4E0AE41
:10C650000146002341F8083F37E7032B7FF4D8AEAB
:10C66000011D32E790F89C32013B022B3FF6D0AE21
:10C67000CA88022A7FF4CCAED0F8A4320146002B3F
:10C680000CBF0123032341F80C3F1EE74B88012B0D
:10C6900002D1C4F8A432B2E7022B7FF4B9AE8B8882
:10C6A0001B0A80F8A032AAE790F89C32013B022BCB
:10C6B0003FF6AEAE4B88012B7FF4ADAE0023E8E72A
:10C6C0003477002070B50B7803F060025B060446F7
:10C6D0000E4601D5402A1FD194F89C32013B022B13
:10C6E0001AD831790129204617D8FFF75FFE88B99B
:10C6F000D4F8B8329B686BB1C4F8D40231462046F6
:10C7000098470546F3881BB915B9204600F00DF986
:10C71000284670BD0325F5E72046FFF763FE002598
:10C72000F6E770B50B788A880D7903F06003202B4B
:10C7300004460E4658D0402B56D01BB12046FFF77A
:10C7400051FE3DE04B78012B3CD0032B25D0002B34
:10C75000F4D190F89C32022BD9B261D00329EDD1EB
:10C7600005F00F0312F0800F4FF0140202FB0303D9
:10C7700066D093F82330002BE0D005F07F03142619
:10C7800003FB0666802D064466D02946204604F049
:10C79000F7FD002866D001235FE090F89C32022B61
:10C7A000DAB233D0032AC9D14B8833B9690604D031
:10C7B000F38813B9294604F03FFE204600F0B5F88F
:10C7C000002070BD90F89C32022BDAB21ED0032AF2
:10C7D000B4D14B88002BF3D16B0602D0294604F06C
:10C7E00034FE204600F0A1F829462046FFF7E0FD80
:10C7F0000028E5D1D4F8B832C4F8D4029B68002BE5
:10C80000DED031462046BDE8704018476A0695D014
:10C81000294604F011FE8021204604F00DFECFE7EA
:10C8200069068BD113064CBF00F1140100F5AA7103
:10C83000002301F80E3F0222204600F047F8BFE730
:10C8400093F86331002B3FF479AF142606FB0506FD
:10C8500006F5AA76002D98D10023B373022206F1C3
:10C860000E01E9E7B073F9E70B7803704B7843707A
:10C870004B8843808B888380CB88C380704710B5FA
:10C880008021044604F0D8FD20460021BDE8104078
:10C8900004F0D2BD70B50D461646044670B105F0E1
:10C8A00027FCC3B201335B0033802B7003236B7012
:10C8B000013C0223002114F8012F02B970BDEA5493
:10C8C0005A1CD2B20233A954DBB2F4E710B51346B6
:10C8D0000222C0F8942243610A464162836100212A
:10C8E00004F0C5FD002010BD08B513460A4600211E
:10C8F00004F0BDFD002008BD10B513460322C0F8AA
:10C900009422C0F854310A46C0F86411C0F8583176
:10C91000002104F0B5FD002010BD08B513460A46FD
:10C92000002104F0ADFD002008BD08B5042200235D
:10C93000C0F8942219461A4604F099FD002008BD5B
:10C9400008B505220023C0F8942219461A4604F0BF
:10C9500097FD002008BD04F025BD000030B50E4B4A
:10C960005C7A054604F0FF00A4B95C7A18555C7A3D
:10C9700003EB840465605C7A1C4422725A7A541C6E
:10C98000E4B25C723A2330324B702F230A708B7002
:10C99000C87030BD0120FCE7387700200022FFF787
:10C9A000DDBF0A4A537A7BB10378303BDBB202EB3E
:10C9B0008301486840B1134400201872537A4860DC
:10C9C000013BDBB25372704701207047387700207B
:10C9D0000021FFF7E6BF014B587A704738770020F7
:10C9E00008B502F0E7F8002008BD08B502F01EFD0A
:10C9F000013818BF012008BDEFF305830BB102F029
:10CA000043B902F03BB970B5054646692A69B5F9E4
:10CA100008400B4686B0D0E9001076B1AD6965B12B
:10CA2000842C14BF03340024CDE90165009401F087
:10CA3000D1FE0590059806B070BD842C14BF033458
:10CA4000002405ADCDE9004592B201F0FDFE0128BC
:10CA5000F0D00020EFE702F0E3BC08B501F023FFBF
:10CA6000002008BD4FF0E0234FF08052C3F8042DA2
:10CA7000BFF34F8FBFF36F8F0020704708B5842935
:10CA800014BF0331002101F091FF002008BD08B55B
:10CA9000EFF3058343B101F071FF06289ABF033815
:10CAA00080B2842000B208BD01F05AFFF5E708B556
:10CAB000012838BF012002F03FFA002008BD13B55D
:10CAC000D0E90004013913464A424A413CB1CDE95C
:10CAD00000040121054803F070F802B010BD009079
:10CAE0000121024803F03CF8F7E700BFC73C030808
:10CAF0001FB501294FF000040A46039438BF0122F4
:10CB0000EFF30583BBB1009403AB092103F098F860
:10CB1000012802D0FF2004B010BD039B4BB14FF0A1
:10CB2000E0234FF08052C3F8042DBFF34F8FBFF3C3
:10CB30006F8F0020EFE70093042103F081F80128B4
:10CB4000E8D1F6E71FB500220392EFF30583C3B1E6
:10CB5000009203AB082103F073F8012803D0FF20F3
:10CB600005B05DF804FB039B4BB14FF0E0234FF0A1
:10CB70008052C3F8042DBFF34F8FBFF36F8F002097
:10CB8000EEE700931A46032103F05AF80128E6D194
:10CB9000F5E713B5EFF305846CB94FF0FF3300935D
:10CBA00022462346052103F04BF8012818BFFF2435
:10CBB000204602B010BD8224FAE71FB50023CDE95C
:10CBC0000233EFF30583D3B102AB0093012203AB31
:10CBD00002F03AFE012804D04FF0004005B05DF8A5
:10CBE00004FB029B4BB14FF0E0234FF08052C3F89F
:10CBF000042DBFF34F8FBFF36F8F0398EEE703ABA6
:10CC0000012202F0ABFD0128F7D0E5E730B585B091
:10CC10000023054614460293EFF30580C0B913467E
:10CC200002AA02F051FD01280CD0231E18BF0123D7
:10CC30009B01019304AB13E9070085E80700284630
:10CC400005B030BD029B002BB4BF86230823F0E75C
:10CC50008223EEE74168012009B100F0E2BF01F054
:10CC600013B807B500230193F8B1EFF30582BAB109
:10CC700001AA194601F0EAFA012803D0FF2003B007
:10CC80005DF804FB019B4BB14FF0E0234FF0805265
:10CC9000C3F8042DBFF34F8FBFF36F8F0020EEE773
:10CCA00001F059F90128F9D0E8E78020E7E707B556
:10CCB00000230193EFF30583B3B101A901F05BF801
:10CCC000012803D0FF2003B05DF804FB019B4BB1AA
:10CCD0004FF0E0234FF08052C3F8042DBFF34F8F85
:10CCE000BFF36F8F0020EEE71A46194600F0E7FE0B
:10CCF0000128E7D1F6E710B5EFF305841CB901F080
:10CD0000B9FB204610BD8224FBE7034613B55C68DF
:10CD1000084664B1012919D103230022009311466A
:10CD2000234600F041FE0446204602B010BD012912
:10CD3000FAD12146032200F081FE04460028F3D0F8
:10CD400000231A46194600F0BAFEEDE70024EBE78F
:10CD500007B500230193F8B1EFF30582BAB101AA38
:10CD6000194601F073FA012803D0FF2003B05DF8E3
:10CD700004FB019B4BB14FF0E0234FF08052C3F80E
:10CD8000042DBFF34F8FBFF36F8F0020EEE701F04C
:10CD9000E2F80128F9D0E8E78020E7E7FFF787BF4E
:10CDA000FFF7A9BFF8B547680646142000F034FC29
:10CDB0000446B8B13068033727F003070025C4E9FB
:10CDC0000207256100F028FC606040B130687843BC
:10CDD00000F022FC206078B9606800F0A5FC2046D5
:10CDE00000F0A2FC002405E06268D15401333268EF
:10CDF0009A42F9D82046F8BD2B462946F7E770B588
:10CE00000446EFF3058686B1EFF311854FF050032A
:10CE100083F31188BFF36F8FBFF34F8F2E46A16846
:10CE20000022914204D1002512E000F095FAF6E7C5
:10CE300023691344B3FBF1F001FB10336068C55C58
:10CE40006DB90122C254E2682568236102FB0355D3
:10CE5000EFF305832BB186F31188284670BD0132AC
:10CE6000DFE700F099FAF8E708B5FFF7C8FF08B167
:10CE70000023036008BD034680B179B102688A428D
:10CE80000CD8C068891AB1FBF0F200FB121028B967
:10CE90009968914202D95B68985470478020704726
:10CEA00013B5034607C80AB1DB682BB9002202B0EC
:10CEB000BDE8104000F0C2BD0024009400F074FDF5
:10CEC00002B010BD1FB5019100210391EFF305835E
:10CED000C3B10B4603AA01A900F0F0FE012803D05C
:10CEE000FF2005B05DF804FB039B4BB14FF0E0233E
:10CEF0004FF08052C3F8042DBFF34F8FBFF36F8FF5
:10CF00000020EEE7012A38BF012201A900F0D7FD79
:10CF10000128F5D0E4E730B585B000230546144676
:10CF200008460391029311B98023019318E00093FE
:10CF3000EFF30583E3B16A4602A901F087F9431EC6
:10CF400058425841009B000101904BB14FF0E02343
:10CF50004FF08052C3F8042DBFF34F8FBFF36F8F94
:10CF600004AB13E9070085E80700284605B030BD8B
:10CF700002A900F051FF012801D11023D5E7003CA0
:10CF800018BF0124A4010194EAE77FB5036885680E
:10CF9000019304464368029300260C20039600F098
:10CFA0003BFBA36828601D686DB12C602068324689
:10CFB000042100F043FDA36868601D686B682BB90D
:10CFC000284600F0B1FB002004B070BD01A8FFF7B7
:10CFD000E9FEA368A86018688368002BF4D1F0E725
:10CFE00010B18068FFF70BBF704710B50446FFF71C
:10CFF000F7FF38B910BDC1540133226852689A4214
:10D00000F9D8F7E700231946F7E71FB5019128B3D0
:10D0100000220392EFF305834068C3B1134601A9D0
:10D0200003AA00F04BFE012803D0FF2005B05DF8F5
:10D0300004FB039B4BB14FF0E0234FF08052C3F849
:10D04000042DBFF34F8FBFF36F8F0020EEE71A461A
:10D0500001A900F034FD0128F7D0E6E78020E5E7DC
:10D0600030B585B005461446039111B9802301936C
:10D070001AE000230093EFF305834868E3B16A46A2
:10D0800002A901F0E3F8431E58425841009B4001B9
:10D0900001904BB14FF0E0234FF08052C3F8042DC4
:10D0A000BFF34F8FBFF36F8F04AB13E9070085E821
:10D0B0000700284605B030BD02A900F0ADFE0128EA
:10D0C00001D12023D3E7003C18BF0124A40101941F
:10D0D000EAE710B18068FFF7CEBE8020704708B540
:10D0E00002F0A4F9012803D0BDE8084000F09AB985
:10D0F00008BD08B501F0EEFF002008BD08B5EFF34C
:10D1000005837BB101F006FD012809D14FF0E02332
:10D110004FF08052C3F8042DBFF34F8FBFF36F8FD2
:10D12000002008BD01F0AEFCFAE708B501F09CFD57
:10D13000002008BD08B501F049FE012814BFFF20FA
:10D14000002008BD08B5012938BF012101F0ACFE5F
:10D15000002008BD812070470020704730B585B0A1
:10D16000054614460846039199B102A900F0D1FF83
:10D1700001280CD0221E18BF01229201019204AB9B
:10D1800013E9070085E80700284605B030BD1022E6
:10D19000F4E78022F2E7EFF305830BB101F006B963
:10D1A00001F0DCB801F0EDB8FFF7A5BD416804203F
:10D1B00009B100F036BD00F067BD08B500F045FDCF
:10D1C000012814BFFF20002008BD08B530B100F0D1
:10D1D00082FF012814BFFF20002008BD8020FCE74B
:10D1E00001F0BCB800F108034FF0FF32C0E90223A0
:10D1F00043600361002303607047002303617047AD
:10D2000043684B609A688A6051609960036808615E
:10D2100001330360704730B50C68631C0AD10369A1
:10D220005A684A6091608B605960036808610133F5
:10D23000036030BD00F10802134652681568A5422C
:10D24000FAD9EDE7D0E9011203698A6051605968A3
:10D25000814208BF5A60002202611A68013A1A60CE
:10D260001868704700000000000000000000000087
:10D27000D5480068006880F308884FF0000080F30C
:10D28000148862B661B6BFF34F8FBFF36F8F00DFB4
:10D2900000BFDFF83803016841F470010160704796
:10D2A00082B0002301930D4B1B68013308D04FF06F
:10D2B000500383F31188BFF36F8FBFF34F8FFEE7E7
:10D2C0004FF0500383F31188BFF36F8FBFF34F8F7D
:10D2D000019B002BFCD002B0704700BFD40000209F
:10D2E0004FF0807340F8043C074B40F80C3C21F0B1
:10D2F00001016FF0020340F8081C40F8202C40F8B0
:10D30000243C4438704700BFA1D20108084B19687B
:10D310000868B0E8F04F80F30988BFF36F8F4FF0D3
:10D32000000080F311887047AFF30080AFF30080F6
:10D33000B05D0120074B1B68B3F57A7F08D04FF032
:10D34000500383F31188BFF36F8FBFF34F8FFEE756
:10D35000704700BFD40000204FF0500383F31188C2
:10D36000BFF36F8FBFF34F8F0A4A13680133012B4E
:10D3700013600ED14FF0E023D3F8043DDBB243B18C
:10D380004FF0500383F31188BFF36F8FBFF34F8FBC
:10D39000FEE77047D4000020084A136843B94FF0F5
:10D3A000500383F31188BFF36F8FBFF34F8FFEE7F6
:10D3B000013B13600BB983F311887047D400002040
:10D3C000EFF30980BFF36F8F154B1A681EF0100F33
:10D3D00008BF20ED108A20E9F04F10602DE9090008
:10D3E0004FF0500080F31188BFF34F8FBFF36F8F62
:10D3F00001F022FE4FF0000080F3118809BC19688B
:10D400000868B0E8F04F1EF0100F08BFB0EC108AAB
:10D4100080F30988BFF36F8F704700BFAFF30080C0
:10D42000B05D012008B54FF0500383F31188BFF3BE
:10D430006F8FBFF34F8F01F049FC28B14FF0E0230D
:10D440004FF08052C3F8042D002383F3118808BDE8
:10D450004FF0E022002313619361054B4FF47A7182
:10D460001B68B3FBF1F3013B536107231361704762
:10D47000DC0000204FF0E02337B5D3F8001D384A18
:10D48000914208D14FF0500383F31188BFF36F8F9F
:10D49000BFF34F8FFEE7D3F8002D324B9A4208D1ED
:10D4A0004FF0500383F31188BFF36F8FBFF34F8F9B
:10D4B000FEE72D4B1A78D2B20192FF221A701B7828
:10D4C0002A4ADBB28DF803309DF8033003F0500395
:10D4D0001370072353609DF80300000603F1FF312A
:10D4E0000AD4032B11D04FF0500383F31188BFF3FC
:10D4F0006F8FBFF34F8FFEE79DF8033051605B00E5
:10D50000DBB28DF803300B46E5E74FF44073536010
:10D51000019B154A4FF0E024DBB21370D4F8203D94
:10D5200043F47003C4F8203DD4F8203D43F0704329
:10D53000C4F8203DFFF78CFF0D4B00251D60FFF761
:10D54000A8FED4F8343F43F04043C4F8343FFFF71B
:10D550008FFE01F071FDFFF7A3FE284603B030BD3A
:10D5600071C20F4170C20F4100E400E04477002017
:10D57000D4000020EFF305830F2B114A0DD9114978
:10D580005B5C1178994208D94FF0500383F31188FE
:10D59000BFF36F8FBFF34F8FFEE74FF0E02352686A
:10D5A000D3F80C3D03F4E063934208D94FF05003E5
:10D5B00083F31188BFF36F8FBFF34F8FFEE7704780
:10D5C00044770020F0E300E008ED00E088ED00E0A3
:10D5D000104B30B51D461A461B688342FBD3546876
:10D5E0001119884201BF4168104609195160446809
:10D5F00001198B420BD1A9688B4203D05968214491
:10D60000416019680160904218BF106030BD194632
:10D61000F8E700BF4C7700202DE9F041404C05466B
:10D6200001F022FBA368F3B93E4A56071FBFD11D84
:10D6300021F0070102F56642531A0CBF4FF466430E
:10D640000A461344083B23F007030021616022606F
:10D65000C3E90011991AC4E90311C2E90031A360BA
:10D660004FF000436361D4F8148018EA050F07D027
:10D6700001F0ACFBE2F7C4FE00273846BDE8F081BC
:10D68000002DF5D005F1080368071CBF23F0070340
:10D690000833002BECD026699E42E9D32568204848
:10D6A0006A689A4201D22968B1B9A168A942DFD05B
:10D6B000076829680160D21A102A07F1080712D9F1
:10D6C000E81841070BD04FF0500383F31188BFF3E4
:10D6D0006F8FBFF34F8FFEE728460D46E0E74260AD
:10D6E0006B60FFF775FF6A68E16800232B60A36930
:10D6F000B61A48EA02028E4203F101036A6038BF9B
:10D70000E660A361266101F061FB7B07B5D04FF0B5
:10D71000500383F31188BFF36F8FBFF34F8FFEE782
:10D720004C7700206C77002038B5044680B3194D43
:10D7300050F8043C6A69134208D14FF0500383F358
:10D740001188BFF36F8FBFF34F8FFEE750F8081CAF
:10D7500041B14FF0500383F31188BFF36F8FBFF3D4
:10D760004F8FFEE723EA020340F8043C01F07CFA05
:10D770002A6954F8043CA4F1080013442B61FFF714
:10D7800027FFEB690133EB61BDE8384001F01EBBB8
:10D7900038BD00BF4C770020014B1869704700BFAF
:10D7A0004C770020014BD868704700BF4C770020B1
:10D7B00070472DE9F041174D044601F055FA2B68EA
:10D7C0001BB30026A9684FF0FF3837465A681B681C
:10D7D000964238BF1646904528BF9046994207F1B9
:10D7E0000107F3D101F0F2FAC4E90168E760FFF73D
:10D7F000B3FD2B692360AB696361EB69A361EB68DF
:10D800002361BDE8F041FFF7C7BD4FF0FF381E466A
:10D810001F46E7E74C77002010B50446FFF79CFD54
:10D82000A46BFFF7B9FDB4FA84F0400910BD70B5E0
:10D830001646026C856B044642B906689EB980683C
:10D8400001F04EFEA6600135A56370BD6EB940685B
:10D8500009F08FFB6368226C1344A26863609342F3
:10D8600024BF236863600020EDE7C06809F081FBF6
:10D87000226CE36851429B1A2268E36093423EBFE8
:10D88000A3685B18E360022EEDD10DB1013DEAE71C
:10D890002846D8E7034610B41A6C084662B1DC6823
:10D8A000A1189C68D960A14228BF19685DF8044B93
:10D8B00028BFD96009F05DBB5DF8044B704770B5B7
:10D8C0000446FFF749FD94F8455004F124066DB273
:10D8D000002D01DD636AB3B9FF2384F84530FFF7FB
:10D8E0005BFDFFF739FD94F8445004F110066DB26A
:10D8F000002D01DD23697BB9FF2384F84430BDE8A6
:10D900007040FFF749BD304601F0A8FC08B101F0B6
:10D910007FFD013D6DB2DBE7304601F09FFC08B1B1
:10D9200001F076FD013D6DB2E2E738B50D460446E3
:10D9300040B94FF0500383F31188BFF36F8FBFF3EB
:10D940004F8FFEE7FFF708FDD4E90F3122686260D0
:10D950004B43D0185B1A1A44A060FF230020A06339
:10D96000E26084F8443084F84530A5B9236973B186
:10D9700004F1100001F072FC48B14FF0E0234FF0C9
:10D980008052C3F8042DBFF34F8FBFF36F8FFFF7A3
:10D9900003FD012038BD04F11000FFF723FC04F162
:10D9A0002400FFF71FFCF2E737B50D461C4640B9CF
:10D9B0004FF0500383F31188BFF36F8FBFF34F8F86
:10D9C000FEE743B94FF0500383F31188BFF36F8F25
:10D9D000BFF34F8FFEE74AB191B94FF0500383F385
:10D9E0001188BFF36F8FBFF34F8FFEE741B14FF048
:10D9F000500383F31188BFF36F8FBFF34F8FFEE7A0
:10DA000048230193019B482B08D04FF0500383F328
:10DA10001188BFF36F8FBFF34F8FFEE70121002DF9
:10DA200008BF2246C4E90F0584F84610226020464C
:10DA3000019BFFF77AFF204603B030BD70B50D465D
:10DA4000064640B94FF0500383F31188BFF36F8F40
:10DA5000BFF34F8FFEE748434830FFF7DDFD044634
:10DA600060B1002380F8463055B100F14803C4E9A5
:10DA70000F65236001212046FFF757FF204670BD48
:10DA80000346F4E710B50446FFF766FC236823B9A4
:10DA9000A468FFF781FC204610BD0024F9E740B9D7
:10DAA0004FF0500383F31188BFF36F8FBFF34F8F95
:10DAB000FEE703680BB980687047002070472DE9C6
:10DAC000FF410F4601921E46044640B94FF05003F5
:10DAD00083F31188BFF36F8FBFF34F8FFEE751B908
:10DAE000036C43B14FF0500383F31188BFF36F8F82
:10DAF000BFF34F8FFEE7022E0BD1E36B012B08D053
:10DB00004FF0500383F31188BFF36F8FBFF34F8F34
:10DB1000FEE701F08BFC054650B9019B4BB14FF07D
:10DB2000500383F31188BFF36F8FBFF34F8FFEE76E
:10DB300000254FF0000839E0022E3DD0019B1BB9B3
:10DB4000FFF72AFC002050E015B902A801F01AFCEA
:10DB5000FFF722FC01F088F8FFF7FEFB94F8443051
:10DB6000FF2B08BF84F8448094F84530FF2B08BF92
:10DB700084F84580FFF710FC01A902A801F00CFC15
:10DB8000002848D1FFF7E8FBA26BE36B9A422FD144
:10DB9000FFF702FC019904F1100001F0FDFA2046A4
:10DBA000FFF78DFE01F012F950B30125FFF7D4FB0A
:10DBB000A26BE36B9A42BFD2324639462046FFF74A
:10DBC00036FE636A1BB104F1240001F047FB48B143
:10DBD0004FF0E0234FF08052C3F8042DBFF34F8F76
:10DBE000BFF36F8FFFF7D8FB012004B0BDE8F081D1
:10DBF000FFF7D2FB2046FFF762FE01F0E7F8D4E71B
:10DC00004FF0E0234FF08052C3F8042DBFF34F8F45
:10DC1000BFF36F8FC9E72046FFF751FE01F0D6F83A
:10DC200090E713B500220B46009011460120FFF744
:10DC3000BBFE002383600360C3601A461946044696
:10DC4000FFF73DFF204602B010BD38B5044640B98D
:10DC50004FF0500383F31188BFF36F8FBFF34F8FE3
:10DC6000FEE7856801F0DCFB85420BD1E368013BF0
:10DC7000E3600BB1012038BD1A4619462046FFF774
:10DC80001EFFF7E70020F6E738B54820FFF7C4FC91
:10DC9000044688B100250121C0E90F1580F84650DF
:10DCA0000060FFF742FEA5602560E5602B462A462E
:10DCB00029462046FFF703FF204638BD2DE9F843EB
:10DCC000894617461E46044640B94FF0500383F379
:10DCD0001188BFF36F8FBFF34F8FFEE751B9036C0D
:10DCE00043B14FF0500383F31188BFF36F8FBFF33D
:10DCF0004F8FFEE7022E0BD1E36B012B08D04FF0C4
:10DD0000500383F31188BFF36F8FBFF34F8FFEE78C
:10DD1000FFF730FCEFF311884FF0500383F31188C5
:10DD2000BFF36F8FBFF34F8FA26BE36B9A4201D3A8
:10DD3000022E1ED194F84550A36B6DB2324649466F
:10DD40002046FFF774FD6B1C0ED1636A3BB104F1F2
:10DD5000240001F083FA10B10FB101233B600120D0
:10DD600088F31188BDE8F88301356DB284F8455019
:10DD7000F5E70020F4E770B50D46044640B94FF0D2
:10DD8000500383F31188BFF36F8FBFF34F8FFEE70C
:10DD9000036C43B14FF0500383F31188BFF36F8FCF
:10DDA000BFF34F8FFEE7036853B9836843B14FF069
:10DDB000500383F31188BFF36F8FBFF34F8FFEE7DC
:10DDC000FFF7D8FBEFF311864FF0500383F3118870
:10DDD000BFF36F8FBFF34F8FA26BE36B934219D9E1
:10DDE00094F845100132FF294BB2A2630DD1636A4A
:10DDF0003BB104F1240001F031FA10B10DB101235F
:10DE00002B60012086F3118870BD01335BB284F86A
:10DE10004530F6E70020F5E72DE9FF410E46019277
:10DE2000044640B94FF0500383F31188BFF36F8F5E
:10DE3000BFF34F8FFEE751B9036C43B14FF050036E
:10DE400083F31188BFF36F8FBFF34F8FFEE701F0AD
:10DE5000EDFA054650B9019B4BB14FF0500383F3E7
:10DE60001188BFF36F8FBFF34F8FFEE700254FF090
:10DE700000083DE0019B1BB9FFF78EFA002056E039
:10DE800015B902A801F07EFAFFF786FA00F0ECFE61
:10DE9000FFF762FA94F84430FF2B08BF84F84480FF
:10DEA00094F84530FF2B08BF84F84580FFF774FADB
:10DEB00001A902A801F070FA002841D12046FFF71D
:10DEC000ABFCB8B3019904F1240001F065F92046D8
:10DED000FFF7F5FC00F07AFF48B94FF0E0234FF070
:10DEE0008052C3F8042DBFF34F8FBFF36F8F01250E
:10DEF000FFF732FAA76B002FBCD031462046013F16
:10DF0000FFF7C8FCA763236973B104F1100001F0A7
:10DF1000A5F948B14FF0E0234FF08052C3F8042D2B
:10DF2000BFF34F8FBFF36F8FFFF736FA012004B0B6
:10DF3000BDE8F0812046FFF7C2FC00F047FFD6E7BE
:10DF40002046FFF7BCFC00F041FF2046FFF764FCD1
:10DF50000028CCD092E7F0B585B00446019140B9D5
:10DF60004FF0500383F31188BFF36F8FBFF34F8FD0
:10DF7000FEE7056C45B14FF0500383F31188BFF302
:10DF80006F8FBFF34F8FFEE701F050FA064650B98E
:10DF9000019B5BB14FF0500383F31188BFF36F8F88
:10DFA000BFF34F8FFEE72E46002752E00546FBE702
:10DFB000019B5BB9002D00F08A804FF0500383F382
:10DFC0001188BFF36F8FBFF34F8FFEE716B902A81A
:10DFD00001F0D8F9FFF7E0F900F046FEFFF7BCF9D1
:10DFE00094F84430FF2B08BF84F8447094F845300F
:10DFF000FF2B08BF84F84570FFF7CEF901A902A8EE
:10E0000001F0CAF900284CD12046FFF705FC002892
:10E0100041D023683BB9FFF79FF9A06801F016FAD9
:10E020000546FFF7B9F9019904F1240001F0B4F8AD
:10E030002046FFF744FC00F0C9FE48B94FF0E0234A
:10E040004FF08052C3F8042DBFF34F8FBFF36F8F93
:10E050000126FFF781F9A36B002BA9D0013BA36335
:10E06000236813B901F0EEFAA060236973B104F1DB
:10E07000100001F0F3F848B14FF0E0234FF0805268
:10E08000C3F8042DBFF34F8FBFF36F8FFFF784F9F1
:10E09000012005B0F0BD2046FFF711FC00F096FE10
:10E0A000D6E72046FFF70BFC00F090FE2046FFF776
:10E0B000B3FB0028CCD065B1FFF74EF9616A19B106
:10E0C000236B1968C1F10701A06801F05BFAFFF743
:10E0D00063F90020DDE770B50D46044640B94FF006
:10E0E000500383F31188BFF36F8FBFF34F8FFEE7A9
:10E0F000866801F095F9864204D1E3680133E36054
:10E10000012005E029462046FFF725FF0028F4D12D
:10E1100070BDF0B585B00E460192044640B94FF08F
:10E12000500383F31188BFF36F8FBFF34F8FFEE768
:10E1300051B9036C43B14FF0500383F31188BFF31F
:10E140006F8FBFF34F8FFEE701F070F9054650B9AE
:10E15000019B4BB14FF0500383F31188BFF36F8FD6
:10E16000BFF34F8FFEE7002500273DE0019B1BB961
:10E17000FFF712F9002056E015B902A801F002F9E4
:10E18000FFF70AF900F070FDFFF7E6F894F8443065
:10E19000FF2B08BF84F8447094F84530FF2B08BF6C
:10E1A00084F84570FFF7F8F801A902A801F0F4F827
:10E1B000002840D12046FFF72FFBB0B3019904F1AE
:10E1C000240000F0E9FF2046FFF779FB00F0FEFD98
:10E1D00048B94FF0E0234FF08052C3F8042DBFF34D
:10E1E0004F8FBFF36F8F0125FFF7B6F8A36B002B9E
:10E1F000BCD031462046E568FFF74CFB636AE5601A
:10E2000073B104F1240001F029F848B14FF0E02384
:10E210004FF08052C3F8042DBFF34F8FBFF36F8FC1
:10E22000FFF7BAF8012005B0F0BD2046FFF747FB25
:10E2300000F0CCFDD7E72046FFF741FB00F0C6FD1C
:10E240002046FFF7E9FA0028CDD093E72DE9F843FF
:10E2500089469046044640B94FF0500383F3118835
:10E26000BFF36F8FBFF34F8FFEE751B9036C43B11C
:10E270004FF0500383F31188BFF36F8FBFF34F8FBD
:10E28000FEE7FFF777F9EFF311874FF0500383F3C1
:10E290001188BFF36F8FBFF34F8FA56B0DB394F849
:10E2A0004460494676B22046FFF7F4FA013D731CFC
:10E2B000A56311D1236953B104F1100000F0CEFF22
:10E2C00028B1B8F1000F02D00123C8F800300120B6
:10E2D00087F31188BDE8F883013676B284F844608C
:10E2E000F5E72846F4E7F8B50D46044640B94FF087
:10E2F000500383F31188BFF36F8FBFF34F8FFEE797
:10E30000036C49B94BB14FF0500383F31188BFF34D
:10E310006F8FBFF34F8FFEE743B94FF0500383F386
:10E320001188BFF36F8FBFF34F8FFEE7FFF722F91E
:10E33000EFF311864FF0500383F31188BFF36F8F13
:10E34000BFF34F8FA06B30B1E76820462946FFF737
:10E35000A1FAE760012086F31188F8BD10B50446E4
:10E3600040B94FF0500383F31188BFF36F8FBFF3B1
:10E370004F8FFEE7FEF7F0FFA46BFFF70DF8204686
:10E3800010BD10B5044640B94FF0500383F3118817
:10E39000BFF36F8FBFF34F8FFEE7FEF7DDFFA36B79
:10E3A000E46BE41AFEF7F8FF204610BD40B94FF0C9
:10E3B000500383F31188BFF36F8FBFF34F8FFEE7D6
:10E3C000806B704740B94FF0500383F31188BFF35F
:10E3D0006F8FBFF34F8FFEE7806BB0FA80F040097C
:10E3E000704740B94FF0500383F31188BFF36F8F2C
:10E3F000BFF34F8FFEE7836BC06BC31A584258417F
:10E40000704710B5074A002352F833402CB942F840
:10E41000331002EBC302506010BD0133082BF3D15F
:10E42000FAE700BF6C5D0120074A002302EBC3013D
:10E430004968814202D152F8330070470133082BFA
:10E44000F4D10020704700BF6C5D012010B5084A70
:10E45000002302EBC3014C68844204D1002042F83F
:10E460003300486010BD0133082BF2D1FAE700BF3A
:10E470006C5D012010B5044640B94FF0500383F3A2
:10E480001188BFF36F8FBFF34F8FFEE7FFF7DEFFFB
:10E4900094F8463023B92046BDE81040FFF744B950
:10E4A00010BD70B504460D461646FEF755FF94F8AC
:10E4B0004430FF2B04BF002384F8443094F84530E7
:10E4C000FF2B04BF002384F84530FEF765FFA36BE4
:10E4D0002BB93246294604F1240000F0A1FE204663
:10E4E000BDE87040FFF7EBB92DE9F041324C05462D
:10E4F000FEF732FF236801332360666804F10807E2
:10E50000002E4ED165602368012B21D1B8464046CC
:10E510000136FEF767FE072E08F11408F7D1274EE3
:10E52000304606F11408FEF75DFE4046FEF75AFE3F
:10E5300006F12800FEF756FE06F13C00FEF752FEFB
:10E5400006F15000FEF74EFEC4F8F860C4F8FC80F7
:10E55000D4F80431EA6AD4F808110133C4F804315C
:10E560000123934014200B4300FB0270291DC4F8C3
:10E570000831FEF745FEFEF70FFFD4F8003173B106
:10E580006368DA6AEB6A9A4209D24FF0E0234FF0EF
:10E590008052C3F8042DBFF34F8FBFF36F8FBDE8D8
:10E5A000F081D4F80031002BD2D16368DA6AEB6ACB
:10E5B0009A4298BF6560CBE7AC5D0120405E0120C8
:10E5C000F8B51B4C0646D4F80C51606804300F4671
:10E5D000FEF738FE48B96268D4F80831D16A0122E2
:10E5E0008A4023EA0203C4F80831731C07D137B10B
:10E5F00061681048BDE8F8400431FEF701BE636869
:10E60000AD195D6007D3D4F8FC006168BDE8F8403F
:10E610000431FEF700BED4F8F80061680431FEF75B
:10E62000FAFDD4F81031AB4288BFC4F81051F8BDE0
:10E63000AC5D0120905E0120074BD3F8F8201268F2
:10E6400022B94FF0FF32C3F810217047D3F8F820F9
:10E65000D268D2685268F6E7AC5D012010B5044676
:10E66000503008F0A9FB94F895313BB9206BFFF7C7
:10E670005BF82046BDE81040FFF756B8012BF8D0F4
:10E68000022B08D04FF0500383F31188BFF36F8F34
:10E69000BFF34F8FFEE710BD144C80B54FF0E0265E
:10E6A0004FF08057D4F814314BB9A368012BF9D936
:10E6B000C6F8047DBFF34F8FBFF36F8FF2E7FEF70D
:10E6C0004BFED4F8DC30DD68281DFEF7BBFD236867
:10E6D000013B2360D4F81431013BC4F81431FEF738
:10E6E0005BFE2846FFF7BAFFDCE700BFAC5D012008
:10E6F0002DE9F047DDE909949600324607460D46BC
:10E70000206BA521984608F080FA236B043E1E4436
:10E7100026F00706002D52D06B1E04F133020F3590
:10E7200013F8011F02F8011F09B1AB42F8D1002311
:10E7300084F84330089D062D28BF06254FF0000AB7
:10E74000E5626564201DC4F848A0FEF756FDC5F1DA
:10E75000070504F11800FEF750FDC4F890A14FF42E
:10E76000A07251462461A5616462C4F84CA084F88B
:10E7700094A104F1500008F048FA124B636503F1CC
:10E780006802D033A265E36501220023C4E93A237D
:10E790000D4A0E4BC4E93C230D4BC4F8F8300B2353
:10E7A000A4F8FC30424639463046FEF799FD206019
:10E7B000B9F1000F01D0C9F80040BDE8F08784F836
:10E7C0003450B7E7548D01200E33CDAB34126DE6D3
:10E7D000ECDE050070B586B0DDE90B5445B94FF0AD
:10E7E000500383F31188BFF36F8FBFF34F8FFEE7A2
:10E7F00044B94FF0500383F31188BFF36F8FBFF319
:10E800004F8FFEE74FF4CC760596059EB6F5CC7F8C
:10E8100008D04FF0500383F31188BFF36F8FBFF31D
:10E820004F8FFEE72563022584F8955104AD0195CD
:10E830000A9D02940095059EFFF75AFF2046FFF7B8
:10E8400053FE049806B070BD2DE9F043074685B02D
:10E850009000884616469946FEF7DEFE054620B92A
:10E860004FF0FF3005B0BDE8F0834FF4CC70FEF7F9
:10E87000D3FE044698B1002380F895310D9B0563C3
:10E8800001930C9B0290009332464B46414638461A
:10E89000FFF72EFF2046FFF727FE0120E2E728467C
:10E8A000FEF742FFDCE770B505462B4CFEF754FD42
:10E8B00005B965682E1D3046FEF7C4FC68B9E96AE3
:10E8C000142303FB01439B683BB9D4F808310122B0
:10E8D0008A4023EA0203C4F80831AB6A1BB105F190
:10E8E0001800FEF7AFFCD4F804310133C4F804314A
:10E8F0006368AB421CD119483146FEF781FCD4F85D
:10E9000014310133C4F81431FEF746FDD4F8003158
:10E910000BB36368AB421ED1D4F818318BB14FF002
:10E92000500383F31188BFF36F8FBFF34F8FFEE760
:10E9300023682846013B2360FFF790FEFFF77CFE2B
:10E94000E2E74FF0E0234FF08052C3F8042DBFF30D
:10E950004F8FBFF36F8F70BDAC5D01207C5E0120D7
:10E9600010B50446FEF7F8FC0CB9034B5C68E46A8A
:10E97000FEF712FD204610BDAC5D012010B5044627
:10E98000FEF7F8FDEFF311834FF0500282F3118888
:10E99000BFF36F8FBFF34F8F0CB9034A5468E06A1F
:10E9A00083F3118810BD00BFAC5D012006292DE95D
:10E9B000F84304460D4608D94FF0500383F31188FD
:10E9C000BFF36F8FBFF34F8FFEE7FEF7C5FC0CB9A7
:10E9D0002A4B5C68636C9D4245D0284F47D97A68C2
:10E9E000A24249D07A68D66AAE428CBF0026012680
:10E9F000D4F82C9065644B45A36908BFE562002BF1
:10EA0000A4BFC5F10705A5611D4D6269142303FB71
:10EA100009539A421CD104F104084046FEF712FC47
:10EA200040B9D7F80831012202FA09F223EA0203B9
:10EA3000C7F80831E26AD7F808110123934014207F
:10EA40000B4300FB02504146C7F80831FEF7D8FBE4
:10EA50004EB14FF0E0234FF08052C3F8042DBFF3C6
:10EA60004F8FBFF36F8FBDE8F843FEF795BC7E680C
:10EA7000321B56425641BBE70026B9E7AC5D012088
:10EA8000B45D012070B5044640B94FF0500383F3E4
:10EA90001188BFF36F8FBFF34F8FFEE71C4D6B687C
:10EAA000834233D0FEF758FC626905F1E4039A42D1
:10EAB00028D1A36A05F1BC02934223D013BB261DC3
:10EAC0003046FEF7BFFBE26AD5F8081101239340F8
:10EAD0000B43C5F80831142005F1080300FB023090
:10EAE0003146FEF78DFB6B68E26ADB6A9A4209D316
:10EAF0004FF0E0234FF08052C3F8042DBFF34F8F47
:10EB0000BFF36F8FBDE87040FEF746BC70BD00BF1D
:10EB1000AC5D01202DE9F041044640B94FF05003AF
:10EB200083F31188BFF36F8FBFF34F8FFEE7FEF7BC
:10EB300021FDEFF311874FF0500383F31188BFF3EA
:10EB40006F8FBFF34F8F1A4D626905F1E4039A424C
:10EB50002CD1A36A05F1BC00834227D033BBD5F882
:10EB60001831FBB96B68E66ADB6A04F104089E425F
:10EB7000404634BF00260126FEF764FBE26AD5F862
:10EB80000811012393400B43C5F8083114200835C0
:10EB9000414600FB0250FEF733FB87F311883046F5
:10EBA000BDE8F08104F11801FEF72AFB0026F4E726
:10EBB000AC5D012010B588B0002407AA06A905A8FD
:10EBC000CDE9054401F005FB059B0293069B079ADE
:10EBD00019491A48CDE900432346FFF7FBFD40B32E
:10EBE00000F08EFF012819D14FF0500383F31188F4
:10EBF000BFF36F8FBFF34F8F114B12495A685032DA
:10EC00000A604FF0FF32C3F81021C3F80001C3F8C7
:10EC10000C4108B0BDE81040FEF72CBC013008D113
:10EC20004FF0500383F31188BFF36F8FBFF34F8F03
:10EC3000FEE708B010BD00BF4D3B030899E6010890
:10EC4000AC5D0120C80200204FF0500383F311880F
:10EC5000BFF36F8FBFF34F8F024B0022C3F8002129
:10EC6000FEF768BBAC5D0120034AD2F818310133CE
:10EC7000C2F81831704700BFAC5D0120014BD3F8DA
:10EC80000C017047AC5D012008B5FEF773FC024B28
:10EC9000D3F80C0108BD00BFAC5D0120014B186822
:10ECA000704700BFAC5D012058B9074B586840B9A8
:10ECB0004FF0500383F31188BFF36F8FBFF34F8F73
:10ECC000FEE73430704700BFAC5D01202DE9F84FFE
:10ECD0003C4CD4F81831002B6DD1D4F80C610136BE
:10ECE000C4F80C61DEB9D4F8F8301B6843B14FF0BA
:10ECF000500383F31188BFF36F8FBFF34F8FFEE78D
:10ED0000D4F8F830D4F8FC20C4F8F820C4F8FC306B
:10ED1000D4F81C310133C4F81C31FFF78DFCD4F852
:10ED200010319E424FF000070DD3DFF89C904FF05A
:10ED3000010B4FF0140AD4F8F8301B68A3B94FF058
:10ED4000FF33C4F810316368DB6A142202FB03430B
:10ED50009868D4F82031012898BF002B14BF0120F7
:10ED600000203843BDE8F88FD4F8F830DB68DD6860
:10ED70006B689E42E5D305F104084046FEF762FA4F
:10ED8000AB6A1BB105F11800FEF75CFAE86AD4F82B
:10ED900008210BFA00F3134341460AFB0090C4F824
:10EDA0000831FEF72DFA6368EA6ADB6A9A4228BFE7
:10EDB00047F00107BFE7D4F824310133C4F8243108
:10EDC0000020CFE7AC5D0120B45D01202DE9F843C0
:10EDD000344CD4F8183143B94FF0500383F3118801
:10EDE000BFF36F8FBFF34F8FFEE7FEF7B5FAD4F88E
:10EDF0001831013BC4F81831D4F818512DB1002452
:10EE0000FEF7CAFA2046BDE8F8832368002BF6D047
:10EE1000012604F108074FF014081FE0D4F8C830A9
:10EE2000DD6805F1040905F11800FEF70BFA484604
:10EE3000FEF708FAE86AD4F8082106FA00F313434B
:10EE4000494608FB0070C4F80831FEF7D9F9636839
:10EE5000EA6ADB6A9A4201D3C4F82061D4F8BC3074
:10EE6000002BDBD10DB1FFF7E7FBD4F824514DB1F6
:10EE70000126FFF72BFF08B1C4F82061013DF8D14E
:10EE8000C4F82451D4F82031002BB8D04FF0E0233F
:10EE90004FF08052C3F8042DBFF34F8FBFF36F8F35
:10EEA0000124ADE7AC5D012010B540B94FF050032F
:10EEB00083F31188BFF36F8FBFF34F8FFEE741B924
:10EEC0004FF0500383F31188BFF36F8FBFF34F8F61
:10EED000FEE7184CD4F8183143B14FF0500383F3D8
:10EEE0001188BFF36F8FBFF34F8FFEE7FFF7BCFEB4
:10EEF000D4F80C21046863182CBF0121002194422E
:10EF00000FD979B90360FFF761FF48B94FF0E023EB
:10EF10004FF08052C3F8042DBFF34F8FBFF36F8FB4
:10EF200010BD09B99A42EDD203600021981AFFF78B
:10EF300047FBE8E7AC5D012008B550B94FF0E0238E
:10EF40004FF08052C3F8042DBFF34F8FBFF36F8F84
:10EF500008BD0B4BD3F8181141B14FF0500383F3A8
:10EF60001188BFF36F8FBFF34F8FFEE7FFF77CFE73
:10EF7000FFF726FBFFF72AFF0028DFD0E8E700BFF6
:10EF8000AC5D01200C4908B5D1F8183143B14FF000
:10EF9000500383F31188BFF36F8FBFF34F8FFEE7EA
:10EFA000FFF762FED1F824311844BDE80840C1F8EB
:10EFB0002401FFF70BBF00BFAC5D012038B50D4643
:10EFC000044608B9044B5C68FEF7C6F9E564BDE881
:10EFD0003840FEF7E1B900BFAC5D012010B5044632
:10EFE00008B9044B5C68FEF7B7F9E46CFEF7D4F996
:10EFF000204610BDAC5D012008B9084B5868EFF3FE
:10F0000011834FF0500282F31188BFF36F8FBFF36B
:10F010004F8FC06C83F31188704700BFAC5D012037
:10F02000034608460BB9034B5B68DB6C03B118471A
:10F0300018467047AC5D012010B5234CD4F8183148
:10F040001BB10123C4F8203110BDC4F8203163681E
:10F050001B6B1A68B2F1A53F0BD15A68B2F1A53FFC
:10F0600007D19A68B2F1A53F03D1DB68B3F1A53FA0
:10F0700004D0606861683431E1F7C0F9D4F8083130
:10F08000B3FA83F3DBB21422C3F11F035343E11835
:10F090008A6842B94FF0500383F31188BFF36F8F32
:10F0A000BFF34F8FFEE7CA6808485268CA6003443E
:10F0B0009A4204BF5268CA60D36863606368044AB6
:10F0C00050331360C0E700BFAC5D0120BC5D012080
:10F0D000C802002070B505462D4CFEF73DF905B974
:10F0E00065682E1D3046FEF7ADF868B9E96A14234D
:10F0F00003FB01439B683BB9D4F8083101228A40E5
:10F1000023EA0203C4F80831AB6A1BB105F1180009
:10F11000FEF798F81F483146FEF772F895F89431DB
:10F12000012B04BF002385F89431FEF735F9D4F89C
:10F1300000312BB1FEF710F9FFF77EFAFEF72CF93C
:10F140006368AB4218D1D4F80031B3B1D4F81831A8
:10F1500043B14FF0500383F31188BFF36F8FBFF3B8
:10F160004F8FFEE74FF0E0234FF08052C3F8042D9D
:10F17000BFF34F8FBFF36F8F70BDD4F8E4102268D8
:10F18000914201D16360F7E7BDE87040FFF754BFDB
:10F19000AC5D0120905E012010B50C4640B94FF0E7
:10F1A000500383F31188BFF36F8FBFF34F8FFEE7D8
:10F1B000054B59681831FEF72EF820460121BDE8AD
:10F1C0001040FFF7FDB900BFAC5D012010B514463B
:10F1D00040B94FF0500383F31188BFF36F8FBFF333
:10F1E0004F8FFEE70D4BD3F8182142B94FF0500373
:10F1F00083F31188BFF36F8FBFF34F8FFEE75A6819
:10F2000041F00041916159681831FDF7F9FF20463E
:10F210000121BDE81040FFF7D3B900BFAC5D01206C
:10F2200038B50D46144640B94FF0500383F31188AA
:10F23000BFF36F8FBFF34F8FFEE7074B596818314D
:10F24000FDF7DEFF002C21460CBF28464FF0FF30B3
:10F25000BDE83840FFF7B4B9AC5D0120C36870B5B4
:10F26000DD6845B94FF0500383F31188BFF36F8F0A
:10F27000BFF34F8FFEE7154C05F118063046FDF73A
:10F28000E1FFD4F81831EBB92E1D3046FDF7DAFF57
:10F29000EA6AD4F80811012393400B43C4F80831FB
:10F2A000142004F10803314600FB0230FDF7A8FFEB
:10F2B0006368EA6ADB6A9A4286BF0120C4F82001CB
:10F2C000002070BD314604F1BC00EFE7AC5D0120C9
:10F2D000F8B51D4CD4F8182142B94FF0500383F310
:10F2E0001188BFF36F8FBFF34F8FFEE7C56841F002
:10F2F0000041016045B94FF0500383F31188BFF31B
:10F300006F8FBFF34F8FFEE72F1DFDF79BFF384632
:10F31000FDF798FFEA6AD4F80811012606FA02F30D
:10F320000B43C4F80831142004F1080300FB023039
:10F330003946FDF765FF6368EA6ADB6A9A4288BF6F
:10F34000C4F82061F8BD00BFAC5D012010B50446D3
:10F3500040B94FF0500383F31188BFF36F8FBFF3B1
:10F360004F8FFEE7FDF7F8FF054BD3F81C21D3F8CC
:10F370000C3122606360BDE81040FEF70DB800BF9D
:10F38000AC5D0120034BD3F81C21D3F80C31026093
:10F3900043607047AC5D012070B50C46054640B92E
:10F3A0004FF0500383F31188BFF36F8FBFF34F8F7C
:10F3B000FEE741B94FF0500383F31188BFF36F8F1D
:10F3C000BFF34F8FFEE7FDF7C7FF23680F485A1CB6
:10F3D000D0F80C1110D0D0F81C012E686A68864253
:10F3E00001D08A420FD9881A83420AD95B1A134482
:10F3F00023602846FFF7C6FF0024FDF7CDFF204617
:10F4000070BD002323600124F7E700BFAC5D01203D
:10F41000024B0122C3F82021704700BFAC5D0120E0
:10F42000014B5868704700BFAC5D0120064BD3F814
:10F43000002132B1D3F81801B0FA80F04009400041
:10F4400070470120704700BFAC5D0120F8B504464D
:10F45000002833D0204DC36A6A68D26A934232D200
:10F4600082691E4E002AA1BF6A68D26AC2F10702F1
:10F470008261142202FB036342699A421FD1071D75
:10F480003846FDF7DFFE40B9E16AD5F808310122C0
:10F490008A4023EA0203C5F808316B68D5F80811E1
:10F4A000DA6AE2620123934014200B4300FB0260FE
:10F4B0003946C5F80831FDF7A3FE0120F8BD6B6899
:10F4C000DB6AC362F9E76B68406CDB6A98422CBF69
:10F4D00000200120F2E700BFAC5D0120B45D0120F7
:10F4E00070B5044608B9002070BD244D6B68834296
:10F4F00008D04FF0500383F31188BFF36F8FBFF331
:10F500004F8FFEE79B6C43B94FF0500383F3118894
:10F51000BFF36F8FBFF34F8FFEE7C16A426C013BB1
:10F5200091428364DFD0002BDDD1061D3046FDF70C
:10F5300089FE68B9E16A142303FB01539B683BB958
:10F54000D5F8083101228A4023EA0203C5F80831C0
:10F55000636CD5F80811E362C3F10702A2610124CC
:10F5600004FA03F20A43C5F80821054A142000FBF7
:10F5700003203146FDF744FE2046B5E7AC5D01208F
:10F58000B45D0120F8B5044600284AD0826C42B927
:10F590004FF0500383F31188BFF36F8FBFF34F8F8A
:10F5A000FEE7436C994238BF1946C36A8B4238D094
:10F5B000012A36D11B4D6A68824208D14FF05003B0
:10F5C00083F31188BFF36F8FBFF34F8FFEE782691C
:10F5D000154EC162002A4FF0140202FB0363426918
:10F5E000A4BFC1F1070181619A421AD1071D3846B3
:10F5F000FDF728FEE46A0123A34028B9D5F80821C5
:10F6000022EA0302C5F80821D5F808211420134383
:10F61000C5F80831394600FB0460BDE8F840FDF745
:10F62000EFBDF8BDAC5D0120B45D0120044B5A680C
:10F63000596890695A68CB6AC3F1070393617047B0
:10F64000AC5D0120044B5A681AB159688A6C0132CA
:10F650008A645868704700BFAC5D012070B5194CD2
:10F6600006460D46FDF778FE6368D3F890318BB9F6
:10F670006368012183F8941165B12846FEF7A0FF65
:10F680004FF0E0234FF08052C3F8042DBFF34F8FAB
:10F69000BFF36F8FFDF780FEFDF75EFE6368D3F862
:10F6A000905125B1636856B10022C3F89021636878
:10F6B000002283F89421FDF76FFE284670BD6A1E74
:10F6C000F3E700BFAC5D01202DE9F041224C1E465E
:10F6D00080460F461546FDF73FFE636893F8943168
:10F6E000022B18D06268D2F8903123EA0803C2F8DE
:10F6F00090316368012183F8941166B13046FEF7BA
:10F700005FFF4FF0E0234FF08052C3F8042DBFF3AA
:10F710004F8FBFF36F8FFDF73FFEFDF71DFE1DB14D
:10F720006368D3F890312B60636893F89431022BAF
:10F7300001BF6268D2F89031BB43C2F89031636870
:10F740004FF000020CBF0125002583F89421FDF73E
:10F7500023FE2846BDE8F081AC5D0120F8B50E46D9
:10F7600017461D46044640B94FF0500383F31188F5
:10F77000BFF36F8FBFF34F8FFEE7FDF7EDFD15B1C0
:10F78000D4F890312B6094F894510223EDB284F8B0
:10F790009431042F33D8DFE807F00803292F2D0018
:10F7A000D4F890313343C4F89031012D43D1271D53
:10F7B000244E3846FDF746FDE36AD6F808219D4001
:10F7C0001543142006F1080200FB03203946C6F851
:10F7D0000851FDF715FDA36AF3B14FF0500383F311
:10F7E0001188BFF36F8FBFF34F8FFEE7D4F89031CE
:10F7F0000133D8E7022D23D0C4F89061D5E7D4F8BF
:10F8000090310133D1D04FF0500383F31188BFF30F
:10F810006F8FBFF34F8FFEE77368E26ADB6A9A422D
:10F8200009D94FF0E0234FF08052C3F8042DBFF305
:10F830004F8FBFF36F8F0124FDF7AEFD2046F8BD5B
:10F840000024F9E7AC5D01202DE9F843089F0E463E
:10F8500091461D46044640B94FF0500383F311888A
:10F86000BFF36F8FBFF34F8FFEE7FDF783FEEFF31C
:10F8700011884FF0500383F31188BFF36F8FBFF3EC
:10F880004F8F15B1D4F890312B6094F89451022326
:10F89000EDB284F89431B9F1040F1FD8DFE809F014
:10F8A0000803151B1900D4F890313343C4F8903184
:10F8B000012D42D1A36AF3B14FF0500383F31188B5
:10F8C000BFF36F8FBFF34F8FFEE7D4F89031013352
:10F8D000ECE7022D3BD0C4F89061E9E7D4F8903111
:10F8E0000133E5D04FF0500383F31188BFF36F8FDE
:10F8F000BFF34F8FFEE7174ED6F8183113BB04F154
:10F9000004094846FDF79EFCE36AD6F808219D40AD
:10F910001543142006F10802C6F80851494600FBB9
:10F920000320FDF76DFC7368E26ADB6A9A4204D932
:10F93000012307B13B60C6F82031012088F311880C
:10F94000BDE8F88304F1180106F1BC00E9E70020E6
:10F95000F4E700BFAC5D01202DE9F8430F460446F3
:10F9600040B94FF0500383F31188BFF36F8FBFF39B
:10F970004F8FFEE7FDF7FEFDEFF311884FF05003C8
:10F9800083F31188BFF36F8FBFF34F8F022394F877
:10F99000942184F89431D4F89031012A03F10103C1
:10F9A000D6B2C4F890312CD1A36A43B14FF05003C2
:10F9B00083F31188BFF36F8FBFF34F8FFEE7154DB1
:10F9C000D5F818310BBB04F104094846FDF73AFCA1
:10F9D000E36AD5F808219E401643142005F1080279
:10F9E000C5F80861494600FB0320FDF709FC6B6878
:10F9F000E26ADB6A9A4204D9012307B13B60C5F889
:10FA0000203188F31188BDE8F88304F1180105F16D
:10FA1000BC00EAE7AC5D012010B5044608B9084B0C
:10FA20005C68FDF799FC94F894310020022B0ABF22
:10FA300084F8940104460124FDF7AEFC204610BD75
:10FA4000AC5D012070B50A4E0D46044600B97468DD
:10FA5000FDF782FC7368D3F89061D4F8903123EA03
:10FA60000503C4F89031FDF797FC304670BD00BF28
:10FA7000AC5D0120914208B5416000610AD8D21AFC
:10FA800083699A420ED2084B011D1868FDF7C3FB2B
:10FA9000002008BD9A4201D2994203D2024B011DB7
:10FAA0005868F3E70120F4E7D45E0120F7B5124C63
:10FAB000FDF752FCA568CDB904F10C07384604F1F6
:10FAC0002006FDF78FFB3046FDF78CFB2346676071
:10FAD00043F8346B04F17C0200950C210A20FDF7F9
:10FAE00063FFA06010B10549FEF78BFC03B0BDE8D1
:10FAF000F040FDF751BC00BFD45E0120523B03082B
:10FB000030B5144D89B0FFF7D1FFAB68B3B1002415
:10FB100007AA06A905A8CDE9054400F065FB059BE9
:10FB20000293069B019306230093079A0A490B4808
:10FB30002346FEF74FFEC5F8F40040B94FF05003DE
:10FB400083F31188BFF36F8FBFF34F8FFEE7012060
:10FB500009B030BDD45E0120573B030809FD010800
:10FB60002DE9F041804628200D4616461F46FDF738
:10FB700053FD0446F0B1002380F8243045B94FF01E
:10FB8000500383F31188BFF36F8FBFF34F8FFEE7EE
:10FB9000FFF78CFF069BC4F80080C4E90657236278
:10FBA000201DFDF72AFB2EB194F8243043F0040306
:10FBB00084F824302046BDE8F0812DE9F3411F464A
:10FBC00028230193019B099C282B80460D4616464D
:10FBD00008D04FF0500383F31188BFF36F8FBFF34A
:10FBE0004F8FFEE7019B44B94FF0500383F3118818
:10FBF000BFF36F8FBFF34F8FFEE7022384F82430EB
:10FC000041B94FF0500383F31188BFF36F8FBFF3F7
:10FC10004F8FFEE7FFF74AFF089BC4F80080C4E956
:10FC200006572362201DFDF7E8FA2EB194F8243020
:10FC300043F0040384F82430204602B0BDE8F0818C
:10FC40007FB5154604461A4640B94FF0500383F37A
:10FC50001188BFF36F8FBFF34F8FFEE70D4EB06873
:10FC600088B10529CDE9011503940EDCFFF7DEFB11
:10FC70000346022B4FF00003B0680CBF089A1A46E7
:10FC800001A9FDF71CFF04B070BD002301A9FEF718
:10FC900015F8F8E7D45E0120F7B51A4D6B681A68BD
:10FCA00022B92A68C5E9003203B0F0BDDB68DC6820
:10FCB0001E68271D3846FDF7C5FA236A2046984777
:10FCC00094F824305B07E9D5A36933449E4206D2F9
:10FCD0006868636024613946FDF79DFADEE700231A
:10FCE0000093324619462046FFF7AAFF0028D5D1D7
:10FCF0004FF0500383F31188BFF36F8FBFF34F8F23
:10FD0000FEE700BFD45E01202DE9F0416F4D86B0C3
:10FD10006B68D3F80080B8F1000F29D0DB68D3F806
:10FD200000800024FEF7A0FFFEF7A8FFD5F8F8300A
:10FD3000984206461ED3C5F8F800002C45D02B6823
:10FD40001C68B4FA84F46409A8682246A8EB06018A
:10FD5000FEF7A7FBFFF73AF890B94FF0E0234FF01A
:10FD60008052C3F8042DBFF34F8FBFF36F8F07E0AE
:10FD70000124D7E7FFF790FFC5F8F860FFF726F8F2
:10FD8000A868002203A9FEF747F80028C0D0039B0B
:10FD9000002BF5DB059C636913B1201DFDF752FABA
:10FDA000FEF76CFFD5F8F8309842064601D2FFF70F
:10FDB00073FF039BC5F8F860092BE1D8DFE803F077
:10FDC0003434345E657E34345E658045BCD8FEF7DD
:10FDD000FDFF6B68DB68DF68381DFDF733FA97F8C5
:10FDE0002430580718D5B96943463246414438464D
:10FDF000FFF740FEA0B10094234642462146384614
:10FE0000FFF71EFF60B94FF0500383F31188BFF373
:10FE10006F8FBFF34F8FFEE723F0010387F8243085
:10FE20003B6A38469847ABE794F82430A16943F021
:10FE3000010384F82430049B324619442046FFF71E
:10FE400019FE00289CD0236A2046984794F8243055
:10FE5000590795D5A269049900230A4400931946CD
:10FE60002046FFF7EDFE00288AD14FF0500383F3C0
:10FE70001188BFF36F8FBFF34F8FFEE794F82430E4
:10FE800023F0010384F824307AE794F824300499AD
:10FE9000A16143F0010384F8243041B94FF05003CD
:10FEA00083F31188BFF36F8FBFF34F8FFEE73346A5
:10FEB000324631442046FFF7DDFD61E794F82430F7
:10FEC0009A07DDD42046FDF72FFC59E7D45E0120C8
:10FED000064BD3F8F40040B94FF0500383F3118878
:10FEE000BFF36F8FBFF34F8FFEE77047D45E0120E3
:10FEF00040B94FF0500383F31188BFF36F8FBFF306
:10FF00004F8FFEE78069704738B50D46044640B90B
:10FF10004FF0500383F31188BFF36F8FBFF34F8F00
:10FF2000FEE7FDF719FA94F824303DB143F00403DD
:10FF300084F82430BDE83840FDF72EBA03F0FB0307
:10FF4000F6E710B5044640B94FF0500383F311882B
:10FF5000BFF36F8FBFF34F8FFEE7FDF7FDF994F806
:10FF60002440C4F38004FDF717FA204610BD40B9C1
:10FF70004FF0500383F31188BFF36F8FBFF34F8FA0
:10FF8000FEE74068704740B94FF0500383F3118893
:10FF9000BFF36F8FBFF34F8FFEE70068704710B558
:10FFA000044640B94FF0500383F31188BFF36F8FBD
:10FFB000BFF34F8FFEE7FDF7CFF994F8244004F02C
:10FFC0000104FDF7E9F9204610BD10B5044640B91B
:10FFD0004FF0500383F31188BFF36F8FBFF34F8F40
:10FFE000FEE7FDF7B9F9E469FDF7D6F9204610BD43
:10FFF00038B50D46044640B94FF0500383F31188DD
:020000040802F0
:10000000BFF36F8FBFF34F8FFEE7FDF7A5F9E561F3
:10001000BDE83840FDF7C0B900207047704707B50C
:10002000009313460A4601460448F3F7C4F8003823
:1000300018BF012003B05DF804FB00BFCC6D0120A8
:1000400007B5009313460A4601460448F3F7B2F990
:10005000003818BF012003B05DF804FBCC6D01200F
:1000600008B513460A4601460348F3F727FB003854
:1000700018BF012008BD00BFCC6D012008B5134694
:100080000A4601460348F3F7ABFB003818BF0120CE
:1000900008BD00BFCC6D01200A4608B501460348E3
:1000A000F3F72AFC003818BF012008BDCC6D0120F1
:1000B00008B50348F3F7F8FF043818BF012008BD5E
:1000C000CC6D012001460148F3F752BFCC6D0120F1
:1000D000704708B5FFF7FCFF08BD704708B500F092
:1000E000D9FA08BD704708B500F0DCFA08BD07B5BD
:1000F00001238DF8073000F057F808B98DF8070094
:100100009DF8070003B05DF804FB08B5FFF7EFFFAB
:10011000012804D1BDE808400248F3F753BE01208E
:1001200008BD00BFCC6D012013B5174B002401940E
:100130001A6B42F480021A631B6B03F4800322469D
:10014000019305213A20019BEDF74EFC3A20EDF793
:100150007DFC224605213B20EDF746FC3B20EDF7D8
:1001600075FC224605214420EDF73EFC4420EDF7C6
:100170006DFC224605214620EDF736FC462002B0F4
:10018000BDE81040EDF762BC0038024010B5034CEA
:1001900003482146FCF702FC207110BDD05F01200E
:1001A000782E03080020704708B54FF480410348BB
:1001B000EEF7C8F9B0FA80F0400908BD000402402B
:1001C00008B500F099FF0120FCF771FCFBE77047D0
:1001D0007047044B036003F5CC730B6080231360FE
:1001E000704700BF4064012010B5054B03F56674ED
:1001F00003F5A66304600B604FF48073136010BDB9
:100200004064012030B5094D0FCD89B001AC0FC459
:1002100095E8070084E80700002101A8FCF7F3FB3C
:10022000034BC3F8300909B030BD00BF4C2E0308A2
:100230004064012030B514228BB00DEB0200002188
:1002400006F0E3FC00243B4B01941A6B3A4842F061
:1002500004021A631A6B02F004020192019A0294DA
:100260001A6B42F080021A631A6B02F0800202924B
:10027000029A03941A6B42F001021A631A6B02F09D
:1002800001020392039A04941A6B42F002021A6369
:100290001B6B03F00203049322464FF40051049BAE
:1002A000EEF756F9224625481821EEF751F9224675
:1002B00023480521EEF74CF9214801222021EEF7D1
:1002C00047F94FF40052112305A91B48CDE9052336
:1002D0000125CDE90744EDF7F3FF072305A91748EA
:1002E0000795CDE90534EDF7EBFF182305A9134871
:1002F000CDE90535CDE90744EDF7E2FF252305A952
:100300000F48CDE90535CDE90744EDF7D9FF47F2B0
:10031000024305A90A480795CDE90534EDF7D0FF5A
:1003200040230748079405A9CDE90534EDF7C8FF38
:100330000BB030BD0038024000080240000002400F
:10034000000402400C490D4A08B50D4B0B60002318
:10035000C1E9012308464FF48042C1E90423C1E901
:100360000633CB600B62EEF72FFB18B1BDE80840F7
:1003700000F0AEB808BD00BF746D0120801A060001
:100380000054004030B5044689B01422002103A86F
:1003900006F03BFC2268144B9A4222D1134C1448BD
:1003A00000250195236B43F002032363236B03F0C5
:1003B00002030193019B4FF440721223CDE9032302
:1003C00003210423CDE9061303A9EDF779FF029574
:1003D000236C43F400132364236C03F4001302938F
:1003E000029B09B030BD00BF0054004000380240FD
:1003F0000004024008B502680A4B9A4210D10A4A2A
:100400000A48136C23F4001313644FF48071EEF761
:100410001DF8BDE8084005484FF40071EEF716B826
:1004200008BD00BF005400400038024000040240F4
:1004300070B5102594B02A4600210AA806F0E5FB05
:100440001422002103A806F0E0FB00231E4A0193BA
:10045000116C41F080511164126C02F080520192D3
:10046000019A1A4A0293116841F4404111601268DE
:10047000109502F4404202240292CDE90E43029A02
:10048000F0234FF480320326CDE90862CDE9113420
:100490000122052308A8CDE90B251393F2F7CEF826
:1004A00008B172B6FEE70F23CDE903344FF4805351
:1004B000CDE906300590314603A8F2F7F3FA08B10A
:1004C00072B6FEE714B070BD003802400070004004
:1004D00072B6FEE730B5124B1C7814F0010489B0F7
:1004E000154619D1032919D8DFE801F00D020810CB
:1004F0006846FFF7E7FD069B2B6004E06846FFF7C0
:10050000E1FD079B2B80204609B030BD6846FFF710
:10051000D9FD079B5B0AEFE70324F4E70424F2E725
:10052000D800002038B5FCF767FA47F22F5504468B
:10053000FCF762FA031BAB4202D94FF0FF3003E035
:10054000FFF7B6FD0028F3D138BD7FB50C46154640
:100550001E46FFF7E7FF013002D1012004B070BD55
:10056000324629462046FFF789FD0028F5D10E4B7B
:1005700047F23052196801A8FCF7CDFC019B102B03
:10058000EBD1029B022BE8D1FCF736FA47F22F554C
:100590000446FCF731FA031BAB42DED8FFF788FDB7
:1005A0000028F6D1DAE700BFC86D01207FB50C4600
:1005B00015461E46FFF7B6FF013002D1012004B0F8
:1005C00070BD324629462046FFF74AFD0028F5D186
:1005D0000D4B47F23052196801A8FCF79CFC019BB7
:1005E000102BEBD1029B012BE8D1FCF705FA47F267
:1005F0002F550446FCF700FA031BAB42DED8FFF789
:1006000057FD0028F6D1DAE7C86D012010B5064C79
:1006100001232370FFF74CFD18B9237803F0FE0384
:100620002370207810BD00BFD8000020F0B5164C14
:1006300085B001252570FCF7D8F908B3FFF765FDF3
:1006400050B92570FFF734FD18B9237803F0FE0385
:1006500023702378DBB223702378012B10D00B4E4C
:1006600037686FB90A4B0FCB8DE80F0039466846E3
:10067000FCF716FC306018B9237843F001032370AF
:10068000207805B0F0BD00BFD8000020C86D012063
:10069000682E0308024B002218680221FCF712BCE6
:1006A000C86D0120024B002218680121FCF70ABC2A
:1006B000C86D0120054B06490022C3E90012C3E9B9
:1006C0000222C3E904229A61704700BFCC6D012069
:1006D000002C01402DE9F043064689B01422002188
:1006E00003A806F092FA3268404B9A427BD103F598
:1006F0008633002500955A6C3D4842F400625A64E6
:100700005A6C02F400620092009A01951A6B42F052
:1007100001021A631A6B02F001020192019A02951A
:100720001A6B42F002021A631B6B03F002030C24E3
:10073000029303274FF002080DEB0401029B07947C
:1007400040234FF00109CDE90338CDE90597EDF7D6
:10075000B7FD4FF400430DEB040126480794CDE9A3
:100760000338CDE90557EDF7ABFD80230DEB040110
:1007700020480794CDE903381F4CCDE90597EDF7E4
:100780009FFD1E4AC4F8A4504FF00063C4E9212322
:100790004FF480614FF48053C4E925134FF4804037
:1007A0002023C4E927030423C4E92355C4E92A37D5
:1007B0004FF400054FF4001304F18400C4E92C53F6
:1007C000EDF788FA04F1840508B1FFF781FE3120C6
:1007D0003564F56300220521C4F8BC60EDF704F927
:1007E0003120EDF733F909B0BDE8F083002C01406A
:1007F0000000024000040240CC6D01205864024019
:1008000002680F4B9A4210B5044618D10D4A0E48A3
:10081000536C23F4006353644021EDF717FE48F254
:1008200080010A48EDF712FE206CEDF7D1FAE06B7B
:10083000EDF7CEFABDE810403120EDF715B910BD47
:10084000002C014000380240000002400004024039
:100850000F4A08B50F4B13604FF482710023C2E9B1
:1008600001131146D360136153614FF40072C1E963
:1008700006230B624B628B6208460A23CB62F3F7B6
:1008800002FF18B1BDE80840FFF722BE08BD00BF57
:10089000B06E0120003001402DE9F041064688B0DD
:1008A0001422002103A806F0B0F932682D4B9A42B9
:1008B00054D1002503F5843300955A6C2A4842F43C
:1008C00080525A645A6C02F480520092009A019548
:1008D0001A6B42F001021A631A6B02F001020192D4
:1008E000019A02951A6B42F002021A631B6B03F025
:1008F000020302930524029B4FF00208A023032762
:1009000003A9CDE90338CDE90674EDF7D9FC10232E
:100910001648079403A9164CCDE90338CDE90557CD
:10092000EDF7CEFC134A4FF08063C4E91623402351
:10093000C4E9183504F158004FF48063C4E91A354E
:10094000C4E91C55C4E91E55EDF7C4F904F1580576
:1009500008B1FFF7BDFDB564C4F8906008B0BDE80C
:10096000F08100BF0030014000000240000402405E
:10097000B06E01204064024002680C4B9A4210B5F0
:10098000044611D10A4A0B48536C23F48053536434
:10099000A021EDF75BFD08481021EDF757FDA06C95
:1009A000BDE81040EDF714BA10BD00BF00300140A3
:1009B00000380240000002400004024082B00E4BAA
:1009C00000220092596C41F480415964596C01F441
:1009D0008041009100990192196C41F08051196495
:1009E0001B6C03F080530193019B0F216FF00100FA
:1009F00002B0ECF7F9BF00BF00380240FEE7FEE7A7
:100A0000FEE7FEE7FEE7704708B5ECF727FFFEF7C5
:100A10000DFD012803D0BDE80840FCF703BD08BD6B
:100A20000148F9F705B900BF447001200148F3F708
:100A3000A0BB00BFCC6D01200148EDF728BB00BF73
:100A4000086F01200148EDF722BB00BF506E012066
:100A50000148F1F750BA00BF288401200148EDF7A2
:100A600016BB00BF8C7001200148EDF710BB00BF22
:100A7000EC70012070470120704708B506F044FA79
:100A8000162303604FF0FF3008BD08B506F03CFAAE
:100A900016230360FEE770B50D4614460E46731B21
:100AA0009C4201DC204670BDAFF3008006F8010BCC
:100AB000F5E770B50D4614460E46731B9C4201DCEB
:100AC000204670BD16F8010BAFF30080F5E74FF03C
:100AD000FF3070474FF400534B60002070470120F7
:100AE0007047002070470EB44FF0FF3003B07047DE
:100AF00008B506F009FA0A2303604FF0FF3008BD7D
:100B000008B506F001FA022303604FF0FF3008BD7C
:100B10004FF0FF3070474FF400534B600020704798
:100B200008B506F0F1F91F2303604FF0FF3008BD50
:100B300008B506F0E9F90B2303604FF0FF3008BD5C
:100B400008B506F0E1F90C2303604FF0FF3008BD53
:100B50000A4A0346106810B508B9094810600949E7
:100B6000094C0344091B8B4206D906F0CDF90C232E
:100B700003604FF0FF3010BD1360FCE7686F012089
:100B8000A08E01200000022080000000034AD2F85D
:100B9000883043F47003C2F88830704700ED00E0FD
:100BA000154B9A6802F00C02042A21D0082A21D1A0
:100BB00059685A685B684902C3F388134CBF0F49F0
:100BC0000F4902F03F02B1FBF2F253430A4A526866
:100BD000C2F3014201325200B3FBF2F3064A094963
:100BE0009268C2F303128A5CD340074A13607047CD
:100BF000024BF3E7024BF1E70038024040787D01F9
:100C00000024F4008C2E0308DC00002010B58CB00A
:100C10002022002104A805F0F8FF124A00244FF01A
:100C20008043C2E900344FF0FF33C2E9033403A923
:100C300001231046CDE90144946094610393059328
:100C40000993F6F7F0F808B1FFF742FC054801A94F
:100C5000CDE90144F7F7FCFF08B1FFF739FC0CB010
:100C600010BD00BF6C6F01201FB510220021684627
:100C700005F0CBFF1648174A0023C0E912234FF6B0
:100C8000FF72C0E91523036503664830F5F7EEFFF0
:100C900008B1FFF71DFC1048F6F76CF808B1FFF734
:100CA00017FC002201230C486946CDE90023CDE959
:100CB0000222F6F7E5F908B1FFF70AFC064802211F
:100CC000F8F722F808B1FFF703FC05B05DF804FB64
:100CD0006C6F012000480140B46F012010B504463C
:100CE00088B01822002102A805F08FFF2368154A5A
:100CF00093420DD100230093134B5A6C42F0010232
:100D00005A645B6C03F001030093009B08B010BDB4
:100D10000E4A9342FAD10223029302A80C4B069387
:100D2000F1F7EEFF08B1FFF7D3FB00230193064B69
:100D30005A6C42F480225A645B6C03F48023019362
:100D4000019BE3E7000001400038024000480140F9
:100D50000003190070B5044688B01422002103A8CE
:100D600005F053FF2368B3F1804F35D103F50E33FF
:100D7000002400941A6C194842F001021A641A6C9B
:100D800002F001020092009A01941A6B42F00102F3
:100D90001A631A6B02F001020192019A02941A6B13
:100DA00042F002021A631B6B03F002030293029BE0
:100DB00002264FF40043012503A9CDE90336079528
:100DC000EDF77EFA08230648079503A9CDE9033617
:100DD000CDE90544EDF774FA08B070BD000002409B
:100DE0000004024010B5044686B01422002101A878
:100DF00005F00BFF22680E4B9A4216D10023009398
:100E00000C4B0D481A6B42F001021A631B6B03F086
:100E100001030093009B4FF480720223CDE901236C
:100E200001A901230593EDF74BFA06B010BD00BFF1
:100E300000000140003802400000024010B596B0AA
:100E40001022002103A8002405F0DFFE1C22214609
:100E50000DEB0200CDE9014405F0D7FE202221462A
:100E60000EA805F0D2FE2848284BC0F89840C0E9EB
:100E700024343223C0E92734C0E929449030F5F7FF
:100E8000F5FE08B1FFF724FB4FF48053204803938D
:100E900003A9F6F770FA08B1FFF71AFB1C48F5F73B
:100EA00011FF08B1FFF714FB0024194801A9CDE98F
:100EB0000144F7F7CDFE08B1FFF70AFB30231448D1
:100EC0000D94002207A9CDE90734CDE90944CDE905
:100ED0000B44F6F727F808B1FFF7FAFA00234FF4AE
:100EE00000520B4812930EA9CDE90E33CDE9103311
:100EF00013921593F7F7E2FE08B1FFF7E9FA0448F9
:100F0000FFF770FF16B010BD6C6F012000000140AC
:100F1000FC6F01200368094A934206D102F59C3216
:100F2000536C23F0010353647047054A9342FBD18D
:100F300002F57042536C23F48023F4E70000014073
:100F40000048014008B50368B3F1804F0FD1084A4B
:100F50000848136C23F0010313644FF40041EDF7CC
:100F600075FABDE8084004480821EDF76FBA08BDDE
:100F70000038024000000240000402400B4908B55E
:100F80000B4B0B604FF4E1320023C1E9012308460B
:100F90000C22C1E90333C1E90523CB61F7F7A7FFB1
:100FA00018B1BDE80840FFF793BA08BD44700120AE
:100FB0000010014070B5064688B01422002103A835
:100FC00005F023FE3268354B9A4265D1002503F5C2
:100FD000943301955A6C42F010025A645A6C02F034
:100FE00010020192019A02951A6B42F001021A63F3
:100FF0001B6B03F001030293029B4FF4C0600223BA
:10100000CDE9030303240723254803A9CDE90643BB
:10101000EDF756F9234CDFF898C025664FF00063D2
:10102000C4E912C34FF48063C4E9163504F14800E3
:101030004FF48073C4E91455C4E91935E566ECF73B
:1010400049FE04F1480508B1FFF742FA164A17486D
:10105000F5634FF00063C4E92A23402100234FF4D5
:101060008062C4E92C13C4E92E23C4E93033C4E9F7
:101070003233C4F88060ECF72DFE08B1FFF728FA90
:101080000A4BB363252000220521C4F8E060ECF789
:10109000ABFC2520ECF7DAFC08B070BD0010014075
:1010A0000000024044700120B8640240EC7001204E
:1010B0008864024002680D4B9A4210B5044614D170
:1010C0000B4A0C48536C23F0100353644FF4C06177
:1010D000EDF7BCF9E06BECF77BFEA06BECF778FE6C
:1010E000BDE810402520ECF7BFBC10BD001001404A
:1010F000003802400000024008B50F490F480022A6
:10110000FAF79EFF08B1FFF7E3F90D490B48FAF72C
:10111000C4FF08B1FFF7DCF90A490848FAF73AFFBB
:1011200008B1FFF7D5F90548FAF7D0FF18B1BDE8C7
:101130000840FFF7CDB908BD280100204C710120FF
:101140009C000020E0000020002070470020704735
:101150000020704708B501460348FAF734FF0248FB
:10116000FAF758FF002008BD4C71012008B5002295
:1011700005490648FAF719FF034B044803F50061D7
:10118000FAF721FF002008BD287401204C710120CE
:1011900010B5094CD4F8BC32D3F814320A4643B91E
:1011A00001462046FAF701FF2046BDE81040FAF755
:1011B00016BF012010BD00BF4C71012030B50446A0
:1011C00089B01422002103A805F01FFD2368B3F1A4
:1011D000A04F2ED1184C194800250195236B43F0E0
:1011E00001032363236B03F0010301934FF4C05207
:1011F000019B0223CDE9032303210A23CDE9061332
:1012000003A9EDF75DF8636B43F080036363029518
:10121000636C43F480436364636C03F48043029320
:1012200043202A460521029BECF7DEFB4320ECF726
:101230000DFC09B030BD00BF003802400000024084
:1012400008B50368B3F1A04F0ED1084A0848536BA4
:1012500023F0800353634FF4C051EDF7F7F8BDE876
:1012600008404320ECF700BC08BD00BF0038024036
:101270000000024000F29C41D0F8E004FAF747BFBA
:10128000242303FB0103D0F8E004D3F86022FAF72B
:101290006EBF242303FB0103D0F8E0041A6AFAF7B7
:1012A000A0BFD0F8E004FBF73CB810B5C379022B1F
:1012B000044601D0FFF70CF9D4F8E0040121FBF754
:1012C00014F8D4F8E004BDE81040FAF7DEBF10B51A
:1012D0000446D0F8E004FBF70BF82268D2F8003E91
:1012E00043F00103C2F8003EE37A23B1024A1369D6
:1012F00043F00603136110BD00ED00E0D0F8E004F8
:10130000FBF704B8D0F8E004FBF72BB8D0F8E00402
:10131000FBF714B8D0F8E004FBF736B8D0F8E004D7
:10132000FBF734B808B50278034622BB1348C0F86F
:10133000E034C3F8C8024FF0A043036004230371F4
:101340004FF40073C3800223437242810273C2814F
:10135000F0F791FB08B1FFF7BBF880210748F1F7E0
:1013600064F9402200210548F1F740F90348802242
:101370000121F1F73BF9002008BD00BF28840120BE
:1013800011F0800FD0F8C8324FF024021BBF01F0DB
:101390007F0102FB013302FB0133987D08BF93F804
:1013A00056027047D0F8C802F0F70DBD00487047EC
:1013B0000C8901207047ECF77FBA18B102280CBFE6
:1013C00001200320704708B5D0F8C802F0F7C3FB2E
:1013D000BDE80840FFF7F1BF08B5D0F8C802F0F744
:1013E000CFFBBDE80840FFF7E8BF08B5D0F8C8025A
:1013F000F0F7E5FBBDE80840FFF7DFBF10B5144686
:10140000D0F8C8021A462346F0F761FCBDE8104048
:10141000FFF7D3BF08B5D0F8C802F0F78DFCBDE8E0
:101420000840FFF7CABF08B5D0F8C802F1F7A9F81D
:10143000BDE80840FFF7C1BF08B5D0F8C802F0F713
:10144000E4FCBDE80840FFF7B8BF08B5D0F8C80213
:10145000F0F712FDBDE80840FFF7AFBF08B5D0F8C0
:10146000C802F0F721FCBDE80840FFF7A6BF08B5A9
:10147000D0F8C802F0F7AFFCBDE80840FFF79DBF09
:1014800008B5D0F8C802F0F781FCBDE80840FFF7C6
:1014900094BF00BF122301480B807047F400002066
:1014A000042301480B80704708010020002370B519
:1014B0004D1C1E46040FB0F1204F34BF303437347A
:1014C00001F8134005F813600133DCB2A2424FEA81
:1014D0000010EFD870BD1A2310B50B80094BD3F85C
:1014E000100AD3F8182A80180AD0D3F8144A0649EB
:1014F0000822FFF7DBFF042210312046FFF7D6FF5A
:10150000024810BD0070FF1F0E0100200C010020DA
:1015100008B50A4602480349FBF7BCF9014808BD73
:101520006B3B03082C8B012008B50A46024803498F
:10153000FBF7B0F9014808BD7E3B03082C8B012066
:1015400008B50A4602480349FBF7A4F9014808BD5B
:10155000943B03082C8B012008B50A460248034936
:10156000FBF798F9014808BD9F3B03082C8B01202D
:1015700081F0004102E000BF83F0004330B54FEA44
:1015800041044FEA430594EA050F08BF90EA020FB1
:101590001FBF54EA000C55EA020C7FEA645C7FEA44
:1015A000655C00F0E2804FEA5454D4EB5555B8BF67
:1015B0006D420CDD2C4480EA020281EA030382EAD8
:1015C000000083EA010180EA020281EA0303362D6A
:1015D00088BF30BD11F0004F4FEA01314FF4801C3D
:1015E0004CEA113102D0404261EB410113F0004F4F
:1015F0004FEA03334CEA133302D0524263EB430306
:1016000094EA050F00F0A780A4F10104D5F1200EA3
:101610000DDB02FA0EFC22FA05F2801841F10001FE
:1016200003FA0EF2801843FA05F359410EE0A5F1D2
:1016300020050EF1200E012A03FA0EFC28BF4CF003
:10164000020C43FA05F3C01851EBE37101F00045B9
:1016500007D54FF0000EDCF1000C7EEB00006EEBC6
:101660000101B1F5801F1BD3B1F5001F0CD3490850
:101670005FEA30004FEA3C0C04F101044FEA4452A7
:1016800012F5800F80F09A80BCF1004F08BF5FEA2E
:10169000500C50F1000041EB045141EA050130BD0E
:1016A0005FEA4C0C404141EB0101013C28BFB1F520
:1016B000801FE9D291F0000F04BF01460020B1FA6B
:1016C00081F308BF2033A3F10B03B3F120020CDA3E
:1016D0000C3208DD02F1140CC2F10C0201FA0CF01C
:1016E00021FA02F10CE002F11402D8BFC2F1200C81
:1016F00001FA02F120FA0CFCDCBF41EA0C01904037
:10170000E41AA2BF01EB0451294330BD6FEA04047F
:101710001F3C1CDA0C340EDC04F11404C4F120026A
:1017200020FA04F001FA02F340EA030021FA04F37C
:1017300045EA030130BDC4F10C04C4F1200220FAD3
:1017400002F001FA04F340EA0300294630BD21FA11
:1017500004F0294630BD94F0000F83F4801306BFD7
:1017600081F480110134013D4EE77FEA645C18BFCB
:101770007FEA655C29D094EA050F08BF90EA020F62
:1017800005D054EA000C04BF1946104630BD91EA5A
:10179000030F1EBF0021002030BD5FEA545C05D15D
:1017A0004000494128BF41F0004130BD14F580049C
:1017B0003CBF01F5801130BD01F0004545F0FE4110
:1017C00041F470014FF0000030BD7FEA645C1ABF45
:1017D000194610467FEA655C1CBF0B46024650EA7C
:1017E000013406BF52EA033591EA030F41F40021A8
:1017F00030BD00BF90F0000F04BF0021704730B52E
:101800004FF4806404F132044FF000054FF0000102
:1018100050E700BF90F0000F04BF0021704730B5C3
:101820004FF4806404F1320410F0004548BF404298
:101830004FF000013EE700BF42004FEAE2014FEAED
:1018400031014FEA02701FBF12F07F4393F07F4FC8
:1018500081F06051704732F07F4208BF704793F0CB
:101860007F4F04BF41F40021704730B54FF46074DE
:1018700001F0004521F000411CE700BF50EA0102E1
:1018800008BF704730B54FF000050AE050EA01028A
:1018900008BF704730B511F0004502D5404261EBFA
:1018A00041014FF4806404F132045FEA915C3FF43B
:1018B000D8AE4FF003025FEADC0C18BF03325FEAD8
:1018C000DC0C18BF033202EBDC02C2F1200300FA89
:1018D00003FC20FA02F001FA03FE40EA0E0021FAAE
:1018E00002F11444BDE600BF70B54FF0FF0C4CF49C
:1018F000E06C1CEA11541DBF1CEA135594EA0C0F4E
:1019000095EA0C0F00F0DEF82C4481EA030621EA88
:101910004C5123EA4C5350EA013518BF52EA0335C3
:1019200041F4801143F4801338D0A0FB02CE4FF075
:101930000005E1FB02E506F00042E0FB03E54FF0A5
:101940000006E1FB03569CF0000F18BF4EF0010E9D
:10195000A4F1FF04B6F5007F64F5407404D25FEA99
:101960004E0E6D4146EB060642EAC62141EA55514C
:101970004FEAC52040EA5E504FEACE2EB4F1FD0C8E
:1019800088BFBCF5E06F1ED8BEF1004F08BF5FEA0C
:10199000500E50F1000041EB045170BD06F00046BE
:1019A00046EA010140EA020081EA0301B4EB5C046B
:1019B000C2BFD4EB0C0541EA045170BD41F4801163
:1019C0004FF0000E013C00F3AB8014F1360FDEBF88
:1019D000002001F0004170BDC4F10004203C35DA64
:1019E0000C341BDC04F11404C4F1200500FA05F3E7
:1019F00020FA04F001FA05F240EA020001F0004288
:101A000021F0004110EBD37021FA04F642EB0601FD
:101A10005EEA430E08BF20EAD37070BDC4F10C0427
:101A2000C4F1200500FA04F320FA05F001FA04F2EB
:101A300040EA020001F0004110EBD37041F10001D7
:101A40005EEA430E08BF20EAD37070BDC4F12005E2
:101A500000FA05F24EEA020E20FA04F301FA05F24A
:101A600043EA020321FA04F001F0004121FA04F2F2
:101A700020EA020000EBD3705EEA430E08BF20EAC2
:101A8000D37070BD94F0000F0FD101F000464000FC
:101A900041EB010111F4801F08BF013CF7D041EA7E
:101AA000060195F0000F18BF704703F00046520082
:101AB00043EB030313F4801F08BF013DF7D043EA53
:101AC0000603704794EA0C0F0CEA135518BF95EA09
:101AD0000C0F0CD050EA410618BF52EA4306D1D190
:101AE00081EA030101F000414FF0000070BD50EAAF
:101AF000410606BF1046194652EA430619D094EA39
:101B00000C0F02D150EA013613D195EA0C0F05D122
:101B100052EA03361CBF104619460AD181EA030176
:101B200001F0004141F0FE4141F470014FF000002E
:101B300070BD41F0FE4141F4780170BD70B54FF0C9
:101B4000FF0C4CF4E06C1CEA11541DBF1CEA135549
:101B500094EA0C0F95EA0C0F00F0A7F8A4EB05042B
:101B600081EA030E52EA03354FEA013100F0888022
:101B70004FEA03334FF0805545EA131343EA1263EB
:101B80004FEA022245EA111545EA10654FEA0026A0
:101B90000EF000419D4208BF964244F1FD0404F559
:101BA000407402D25B084FEA3202B61A65EB0305B5
:101BB0005B084FEA32024FF480104FF4002CB6EB72
:101BC000020E75EB030E22BFB61A754640EA0C00F2
:101BD0005B084FEA3202B6EB020E75EB030E22BF32
:101BE000B61A754640EA5C005B084FEA3202B6EB73
:101BF000020E75EB030E22BFB61A754640EA9C0032
:101C00005B084FEA3202B6EB020E75EB030E22BF01
:101C1000B61A754640EADC0055EA060E18D04FEABF
:101C2000051545EA16754FEA06164FEAC30343EA5F
:101C300052734FEAC2025FEA1C1CC0D111F4801F2C
:101C40000BD141EA00014FF000004FF0004CB6E725
:101C500011F4801F04BF01430020B4F1FD0C88BFC4
:101C6000BCF5E06F3FF6AFAEB5EB030C04BFB6EBCF
:101C7000020C5FEA500C50F1000041EB045170BDC2
:101C80000EF0004E4EEA113114EB5C04C2BFD4EBEF
:101C90000C0541EA045170BD41F480114FF0000E73
:101CA000013C90E645EA060E8DE60CEA135594EAEF
:101CB0000C0F08BF95EA0C0F3FF43BAF94EA0C0FF2
:101CC0000AD150EA01347FF434AF95EA0C0F7FF467
:101CD00025AF104619462CE795EA0C0F06D152EABB
:101CE00003353FF4FDAE1046194622E750EA41069F
:101CF00018BF52EA43067FF4C5AE50EA41047FF4B0
:101D00000DAF52EA43057FF4EBAE12E74FF0FF3C14
:101D100006E000BF4FF0010C02E000BF4FF0010CE5
:101D20004DF804CD4FEA410C7FEA6C5C4FEA430C5E
:101D300018BF7FEA6C5C1BD001B050EA410C0CBFAD
:101D400052EA430C91EA030F02BF90EA020F00200F
:101D5000704710F1000F91EA030F58BF994208BF76
:101D600090422CBFD8176FEAE37040F00100704733
:101D70004FEA410C7FEA6C5C02D150EA013C07D18A
:101D80004FEA430C7FEA6C5CD6D152EA033CD3D0D5
:101D90005DF8040B704700BF8446104662468C46CF
:101DA0001946634600E000BF01B5FFF7B7FF002802
:101DB00048BF10F1000F01BD4DF808EDFFF7F4FF2B
:101DC0000CBF012000205DF808FB00BF4DF808EDB6
:101DD000FFF7EAFF34BF012000205DF808FB00BFD9
:101DE0004DF808EDFFF7E0FF94BF012000205DF8FB
:101DF00008FB00BF4DF808EDFFF7CEFF94BF0120B0
:101E000000205DF808FB00BF4DF808EDFFF7C4FFA8
:101E100034BF012000205DF808FB00BF4A0011D24A
:101E200012F5001211D20DD56FF47873B3EB625234
:101E30000ED44FEAC12343F0004343EA505323FA40
:101E400002F070474FF00000704750EA013002D1B5
:101E50004FF0FF3070474FF0000070474FEA4102EB
:101E6000B2F1E04324BFB3F5001CDCF1FE5C0DD9F8
:101E700001F0004C4FEAC0024CEA5070B2F1004F42
:101E800040EB830008BF20F00100704711F0804F45
:101E900021D113F13872BCBF01F00040704741F40A
:101EA00080114FEA5252C2F11802C2F1200C10FA0E
:101EB0000CF320FA02F018BF40F001004FEAC123F2
:101EC0004FEAD32303FA0CFC40EA0C0023FA02F396
:101ED0004FEA4303CCE77FEA625307D150EA01336C
:101EE0001EBF4FF0FE4040F44000704701F000403C
:101EF00040F0FE4040F40000704700BF53B94AB9BB
:101F0000002908BF00281CBF4FF0FF314FF0FF3001
:101F100000F0E2B8ADF1080C6DE904CE02F03CFD32
:101F2000DDF804E0DDE9022304B0704700F134017C
:101F300091E838009C46A6464CF8045D90E8FF0FF7
:101F4000E54600BD90EC210B704700BF80EC210BF3
:101F5000704700BF90EC200B704700BF80EC200B57
:101F6000704700BFD0EC200B704700BFC0EC200BC7
:101F7000704700BFF0EC0201F0EC0211F0EC02211E
:101F8000F0EC0231F0EC0241F0EC0251F0EC0261B5
:101F9000F0EC0271F0EC0281F0EC0291F0EC02A1A5
:101FA000F0EC02B1F0EC02C1F0EC02D1F0EC02E195
:101FB000F0EC02F1704700BFE0EC0201E0EC02112E
:101FC000E0EC0221E0EC0231E0EC0241E0EC0251F5
:101FD000E0EC0261E0EC0271E0EC0281E0EC0291E5
:101FE000E0EC02A1E0EC02B1E0EC02C1E0EC02D1D5
:101FF000E0EC02E1E0EC02F1704700BFB0FC0181CF
:10200000B0FC0191B0FC01A1B0FC01B1704700BF70
:10201000A0FC0181A0FC0191A0FC01A1A0FC01B1E8
:10202000704700BFEC4600B52DE900502DE9FF1FB9
:102030004FF000032DE90C0001A902F087FFDDF845
:1020400040E012B0704700BFEC4600B52DE90050EB
:102050002DE9FF1F4FF000032DE90C0001A902F04C
:10206000B3FFDDF840E012B0704700BFEC4600B5AA
:102070002DE900502DE9FF1F4FF000032DE90C0062
:1020800001A902F0C3FFDDF840E012B0704700BFC5
:10209000EC4600B52DE900502DE9FF1F4FF000037D
:1020A0002DE90C0001AB02F087FFDDF840E012B033
:1020B000704700BFEC4600B52DE900502DE9FF1F29
:1020C0004FF000032DE90C0001AA02F0FDFFDDF83E
:1020D00040E012B0704700BF704700BF10F8012BFE
:1020E00011F8013B012A28BF9A42F7D0D01A704755
:1020F000034613F8012B002AFBD1181A0138704748
:1021000001F0FF01102A2BDB10F0070F08D010F8A8
:10211000013B013A8B422DD010F0070F42B3F6D1AC
:10212000F0B441EA012141EA014122F007047FF0C5
:1021300000070023F0E80256083C85EA010586EA1C
:10214000010685FA47F5A3FA87F586FA47F6A5FA58
:1021500087F68EB9EED1F0BC01F0FF0102F0070264
:1021600032B110F8013B013A83EA010313B1F8D10F
:102170000020704701387047002D06BF35460338F0
:10218000073815F0010F07D1013015F4807F02BF29
:10219000013015F4C03F0130F0BC0138704700BF7A
:1021A0000348044B834202D0034B03B118477047E6
:1021B0001803002018030020000000000548064B0B
:1021C0001B1AD90F01EBA301491002D0034B03B135
:1021D0001847704718030020180300200000000073
:1021E00010B5064C237843B9FFF7DAFF044B13B15F
:1021F0000448AFF300800123237010BD2C8D012013
:1022000000000000188F020808B5054B1BB10549F6
:102210000548AFF30080BDE80840FFF7CFBF00BF1F
:1022200000000000308D0120188F020870470379EC
:102230008B4228BF0431C91AC9B241717047704737
:1022400070477047704710B50446C06810B101214F
:1022500001F01AFF204610BD10B5044B044640F8AB
:102260000C3BEAF7B7F9204610BD00BF782C0308F5
:1022700010B50C21044601F007FF204610BD10B533
:102280000446FFF7E9FF2046102101F0FDFE20463D
:1022900010BD036810B504461B6998476379003B7D
:1022A00018BF01231B1A5842584110BD10B5102108
:1022B000044601F0E9FE204610BD10B58C2104460D
:1022C00001F0E2FE204610BD10B52C21044601F0BD
:1022D000DBFE204610BD10B52021044601F0D4FEDF
:1022E000204610BD2DE9F84F7B4C7C4F7C4EDFF82B
:1022F00034B27C4A7C49C4F8206104F5907A012507
:10230000102304F59879504604F5A078C4E94A737F
:10231000C4F8245101F03FFE724A73494846C4E9AB
:102320004C65C4E94EB501F036FE08236D4A6E498E
:10233000C4F844514046C4F84061C4F84871C4F838
:102340004C3101F028FEA8F5A072104600244FF48D
:102350008063644A644948F8B03C843048E92F649B
:1023600048F8B4BC01F017FEA8F5A0731A46C3F8EC
:1023700058B110460223C2F85C315B49594AC8F88B
:10238000106000F5A870C8F8144001F004FEA8F52C
:10239000A0731846534A5449C3E90064C3E902755F
:1023A00001F0F9FDA8F5A07348E933651E46DF6723
:1023B0004C4A4D494FF4807306F17400C6F88030E2
:1023C00001F0E9FD4FF06413C6F86431474BC6F8DD
:1023D0006031474BC6F8683106F5B0731846454979
:1023E000404A01F0D8FD4FF00512C6F87021424A6C
:1023F000C6F86C213746414AC6F8742107F5BC700F
:1024000006F5B676EAF7DCF8364A3D49304601F083
:10241000C2FD3C4AC7F894203B4AC7F818213B4903
:10242000304AA7F81C4107F1940001F0B4FD3B4687
:1024300003224FF4A07BFA644FF4F077344A83F818
:102440006040C3E9147BC3E9167B9A641A4603F51E
:10245000B073C2E9193A1346C2F86C90C2F87080A2
:102460002C49204A03F1480001F095FDA6F5B6720B
:10247000294B82F82C5021461546A6F5A27093628E
:1024800082F82D40566382F83840C2F83A40C2F8CC
:102490003E40C2F84240A2F82EB01786FFF7C7FEB2
:1024A000104A1E4905F1280001F075FD4FF4004364
:1024B0002B6142204023C5E907466B612C766C6294
:1024C000E5F7D8FF074AE861154905F11000BDE8B6
:1024D000F84F01F060BD00BF18030020000002406B
:1024E000582C0308440100203F220208042D030851
:1024F000B06E01202D220208782C0308746D012093
:10250000592202086C2D0308447001204122020860
:10251000341A030843220208F4B3020845220208D1
:1025200047220208000402404FF0000070474FF0BD
:10253000000070474FF0000070474FF000007047F8
:102540004FF000007047000010B5074B044640F8FC
:10255000283BEAF795FA04F11400EAF79FF8201DEA
:10256000EAF79CF8204610BDE03D030810B504468C
:10257000FFF7EAFF20464C2101F086FD204610BD02
:10258000E9F7C4BE08B5FCF74BFFBDE80840FCF70F
:1025900025BD000010B50446E9F72BFB044B236072
:1025A0000023C4E9083384F82830E362204610BDD4
:1025B000302A030810B50446E9F71BFB064B2360DD
:1025C0000122002384F82C20C4E90833A36223638A
:1025D00084F83430204610BDF42A030810B50446B0
:1025E000E9F707FB012284F82C204FF080714FF0AF
:1025F000FF32C4E90D12054B23600023C4E9083300
:10260000A3622363A4F84030204610BD5828030875
:1026100010B5034B03600446E9F7FEFA204610BDEF
:102620005828030810B50446FFF7F2FF204644215E
:1026300001F02AFD204610BD38B50446E9F7D9FA65
:102640000F4B23606FF07F42002304F13805C4E98B
:102650000833C4E90A332263A3862846FFF7BEFF86
:1026600004F17C00FFF7BAFF08E02846FFF7D0FF2F
:102670002046E9F7D1FA01F009FDF9E7204638BD17
:10268000DC2D030810B5034B03600446E9F7C4FAD8
:10269000204610BD302A030810B50446FFF7F2FFAC
:1026A0002046302101F0F0FC204610BD10B5034B50
:1026B00003600446E9F7B0FA204610BDF42A030887
:1026C00010B50446FFF7F2FF2046382101F0DCFC8C
:1026D000204610BDF8B50446E9F78BFA274B236076
:1026E000012200234FF00040C4E90833C4E90F324F
:1026F000A36284F82C3023636FF00043C4E9110314
:102700004FF47F414FF0FF3304F15005C4E90D123F
:10271000E3642846FFF73EFF04F180063046FFF7EA
:1027200049FF04F1B8073846FFF744FF182200219B
:1027300004F1F00004F069FA1022002104F584701D
:1027400004F063FA002384F81831E5F79FFE10E0E7
:102750003846FFF7ABFF3046FFF7A8FF2846FFF7E4
:1027600091FF2046E9F758FA01F090FCF3E7F5E70E
:10277000F7E7C4F81C012046F8BD00BFB88F020877
:1027800010B5074B044640F87C3BFFF741FF04F1CE
:102790003800FFF73DFF2046E9F73EFA204610BD1E
:1027A000DC2D030810B50446FFF7EAFF2046C021E0
:1027B00001F06AFC204610BD10B5034B03600446CF
:1027C000E9F72AFA204610BDD829030810B50446B7
:1027D000FFF7F2FF2046202101F056FC204610BDF5
:1027E0002DE9F74F04460027E9F703FAC4E9087713
:1027F000C4E90A77624BDFF89491236004F134084E
:102800002763464607254FF0FF3A3046E9F7F1F9CE
:10281000013DC6E90977C6F8009086F82070C6F831
:102820002CA086F8307006F13406EED204F5EA7575
:102830002F4607263846FFF7BDFE013E07F1380751
:10284000F8D204F56576B24607275046FFF7F4FE46
:10285000013F0AF1C00AF8D204F694173846E9F7A6
:10286000C8F9484BC4F894390023C4F8B43904F6C5
:10287000B81318460193FFF7DFFE04F678231846D5
:102880000193FFF7D9FE04F6383A5046FFF782FE6F
:1028900004F6683B5846E9F7ACF93B4BC4F8683B93
:1028A0000023C4F8883BC4F88C3BC4F8903B84F800
:1028B000943BC4F8983BC4F89C3BE5F7E7FD58E02F
:1028C000C5F10705342303FB058545454CD045F884
:1028D000349D2846E9F7A0F9F7E7C6F10706382343
:1028E00003FB0656AE4237D0383E3046FFF7DEFED9
:1028F000F8E7C7F10707C02303FB0767B74224D0F7
:10290000C03F3846FFF73CFFF8E75846FFF754FF53
:102910005046FFF7B7FE04F67820FFF731FF04F6C4
:10292000B810FFF72DFF174BC4F894393846E9F774
:1029300073F9B74209D0C03F3846FFF721FFF8E7E7
:10294000E6E7E8E7EBE7EEE7F3E7AE4204D0383E30
:102950003046FFF7ABFEF8E7454505D045F8349D16
:102960002846E9F759F9F7E72046E9F755F901F064
:102970008DFBC4F8A00B204603B0BDE8F08F00BF6C
:10298000BC99020880290308D8290308981B03086A
:1029900010B5094B044640F8B83BFFF787FE04F139
:1029A0008000FFF783FE04F15000FFF76BFE204626
:1029B000E9F732F9204610BDB88F020810B5044679
:1029C000FFF7E6FF20464FF4907101F05DFB2046D3
:1029D00010BD00002DE9F04F00230A2285B0C0E9A8
:1029E0000033C0E90233C0E905230374C36100F179
:1029F0002003044618460193E8F7C0FF04F14C0396
:102A000018460293FFF7C6FD04F17C0318460393B2
:102A1000E9F7EFF84D4BE36704F19C063046FFF70A
:102A2000C9FD04F1D4073846FFF754FE04F5FA75E2
:102A30002846FFF701FE0EE04FF00208C8F1020839
:102A4000C02303FB0858A84547D0A8F1C00840465A
:102A5000FFF796FEF7E704F52D784046FFF7ECFD0B
:102A600002E04FF00108E9E704F55D794846FFF719
:102A7000E3FD374B93E8070004F2344C8CE8070081
:102A800003F10C0204F5886C3C3310685168E6468B
:102A9000AEE8030008329A42F446F6D104F58E6A95
:102AA0005046FFF7C9FD04F5A66B5846FFF7C4FD75
:102AB000E5F7ECFC2AE04FF00008BFE75846FFF7C7
:102AC0005FFE5046FFF75CFE4846FFF759FE404662
:102AD000FFF756FE2846FFF753FE3846FFF758FF2C
:102AE0003046FFF7E3FD0398FFF766FE0298FFF715
:102AF000C9FD184B23620198E9F78EF801F0C6FA78
:102B0000DFE7E1E7ECE7EEE7F0E7F2E70023C4F800
:102B1000F0052046C4F8F435C4F8F835C4F8FC359F
:102B200084F80036C4F80436C4F80836C4F80C3605
:102B3000C4F81036C4F8143684F81836C4F81C36B5
:102B4000C4F8203605B0BDE8F08F00BFD8290308CF
:102B5000308F0208602B03082DE9F84F0023C0E9ED
:102B6000003383600446012300F11005037304F170
:102B70003C062846E8F702FF3046FFF70BFD04F15C
:102B80006C073846E9F735F8264BE36604F18C0804
:102B90004046FFF70FFD04F1C4094846FFF71EFD4C
:102BA00004F5847A5046FFF747FD04F5E47B584668
:102BB000FFF742FDE5F76AFC1EE05846FFF7E0FD2F
:102BC0005046FFF7DDFD4846FFF722FD4046FFF780
:102BD0006DFD3846FFF7F0FD3046FFF753FD124B11
:102BE00023612846E9F718F801F050FAE8E7EAE728
:102BF000ECE7EEE7F0E7F2E7002384F8983284F898
:102C0000B032C4F88802C4E9A333C4E9A733C4E9E5
:102C1000A933C4E9AD33C4F89432C4F8AC322046C9
:102C2000BDE8F88FD8290308602B0308F8B51E4BC0
:102C30000360044600F66830FFF7BEFD04F6383046
:102C4000FFF720FD04F67820FFF79AFD04F6B81090
:102C5000FFF796FD04F69415144BC4F894392846F2
:102C6000E8F7DAFF04F56576AE4204D0C03D2846A9
:102C7000FFF786FDF8E704F5EA75B54204D0383E63
:102C80003046FFF713FDF8E7094E04F13407BD4263
:102C900005D045F8346D2846E8F7BEFFF7E7204633
:102CA000E8F7BAFF2046F8BDBC990208802903085E
:102CB000981B030810B50446FFF7B8FF204640F6FE
:102CC000A43101F0E1F9204610BD000010B5044622
:102CD00000F5E470FFF754FD04F58470FFF750FD34
:102CE00004F1C400FFF794FC04F18C00FFF7DEFC54
:102CF00004F16C00FFF760FD04F13C00FFF7C2FC3B
:102D00002046034B40F8103FE8F786FF204610BDF1
:102D1000602B030810B5044600F5A660FFF730FDF0
:102D200004F58E60FFF72CFD04F55D70FFF728FDBC
:102D300004F52D70FFF724FD04F5FA70FFF720FD70
:102D400004F1D400FFF724FE04F19C00FFF7AEFC71
:102D500004F17C00FFF730FD04F14C00FFF792FC1A
:102D60002046034B40F8203FE8F756FF204610BDB1
:102D7000602B0308294B70B50446036000F5D95059
:102D80001430FFF7C7FF04F5C3501830FFF79EFF5C
:102D900004F5BD501830FFF7F3FC04F5B7501830B8
:102DA000FFF7EEFC04F5B150183004F5AF56FFF70D
:102DB000E7FC3046FFF77AFC04F5A4551035B54220
:102DC00004D0383E3046FFF771FCF8E704F55D6645
:102DD000B54205D0A5F590752846FFF7D9FDF7E770
:102DE00004F69850FFF762FC04F55660FFF75EFCAE
:102DF00004F62850FFF75AFC04F6F840FFF742FCAF
:102E000004F63840FFF7BCFC04F19400FFF70EFF16
:102E10002046FFF799FB204670BD00BF748F020863
:102E200010B50446FFF7A6FF204642F28C1101F0D0
:102E30002BF9204610BD00002DE9F04F05468E4BC2
:102E40008BB045F8043B044600F5055600231022DC
:102E500022212846E9F71AFC00230822202104F148
:102E600014002C36E9F712FC00251423C4E90A5398
:102E7000824B6662C4E90D344FF4C063A4F8443059
:102E8000022384F8463020467D4BA3647D4B84F8B2
:102E9000305084F83C502564402240F84C3B294691
:102EA00003F0B3FE04F19403C4E9235518460393D9
:102EB000FFF796FC04E02846E9F7F0FB01F0E6F89E
:102EC00004F6384318460493FFF7B6FB04F6F843BC
:102ED00018460593FFF75EFB04F628531846069341
:102EE000FFF768FB04F5566318460793FFF762FB8C
:102EF00004F6985318460893FFF75CFB04F55D68E9
:102F0000464605253046FFF7E5FB013D06F5907680
:102F1000F8D204F5A45510352F4605263846FFF79C
:102F200049FB013E07F13807F8D204F5AF563046A9
:102F3000FFF740FB04F5B153183318460193FFF730
:102F40007BFB04F5B753183318460293FFF774FB65
:102F500004F5BD5909F118094846FFF76DFB04F562
:102F6000C35A0AF1180A5046FFF7F6FD04F5D95B7B
:102F70000BF1140B5846FFF72DFD04F50057032203
:102F800087F85821E5F782FAC7F85C01E2F73DF8C7
:102F9000C7F860010997E0F725F9099AC2F86401BA
:102FA000E2F792FD59E0C5F105054FF4907303FB7C
:102FB0000585454535D0A5F590752846FFF7E8FC11
:102FC000F7E7C6F10506382303FB0656AE4220D0CC
:102FD000383E3046FFF76AFBF8E75846FFF79AFE9F
:102FE0005046FFF773FE4846FFF7CAFB0298FFF70B
:102FF000C7FB0198FFF7C4FB3046FFF757FB04E01F
:10300000EEE7F0E7F2E7F4E7F6E7AE4201D0383E4C
:10301000F2E7454505D0A5F590752846FFF7B8FCC1
:10302000F7E70898FFF742FB0798FFF73FFB069882
:10303000FFF73CFB0598FFF725FB0498FFF7A0FB83
:103040000398FFF7F3FD2046FFF77EFA36E7EBE73C
:10305000EDE7EFE7F1E7F3E7F5E70022C7F86801EE
:103060002046C7E95D22C7E96122C7F87C2187F8BD
:1030700080210BB0BDE8F08FE03D0308AFC400082D
:10308000A42E0308748F0208B0F904007047B0F949
:1030900006007047B0F908007047B0F90A007047A1
:1030A000B0F90C007047B0F90E007047007C704713
:1030B0000174704710B50446E0F75BF9034B08B1A3
:1030C000987810BD94F81C24985CFAE79899020847
:1030D00010B50446E0F74DF9044B08B1986810BDEF
:1030E00094F81C2453F82200F9E700BFA8990208BD
:1030F000314B70B50446036000F5A9500830FFF766
:103100003FFB04F5A3500830FFF73AFB04F59D5050
:103110000430FFF735FB04F597500430FFF730FB20
:1031200004F591500430FFF72BFB04F58F500C3061
:10313000FFF7BCFA04F58D501430FFF7B7FA04F529
:1031400087501430FFF71CFB04F581501430FFF753
:1031500017FB04F64470FFF713FB04F68460FFF7D7
:103160000FFB04F6C450FFF70BFB04F6CC4504F646
:103170008C50FFF79BFA2846FFF702FB04F64C063B
:10318000AE4204D0C03D2846FFF7FAFAF8E704F54E
:10319000C675B54205D0A6F590763046FFF7F8FB28
:1031A000F7E704F13C06B54204D0383D2846FFF766
:1031B0007DFAF8E7204670BD2C90020810B5044651
:1031C000FFF796FF204641F20C6100F05DFF2046BC
:1031D00010BD00002DE9F04F85B00446E8F709FD69
:1031E000714A724B23606FF07F41C4E90B12704A41
:1031F0000023C4E90833C4E90D23C4E90F33A362F3
:1032000004F1440318460193E8F7B8FB04F1700891
:103210004046FFF7BFF90DE00225C5F10205302356
:1032200003FB0585454500F0AE80303D2846FFF79D
:1032300029FAF7E704F1A00318460293FFF7AAF969
:1032400001E00125E9E704F1D00318460393FFF7F5
:10325000A1F904F58079DFF864A14E460225002724
:103260004FF0FF3B3046E8F7C4FC013DC6E9097763
:10327000C6F800A086F82070C6F82CB086F830702A
:1032800006F13406EED204F5CE773D4602262846F6
:10329000E8F7AFFC474B2B600122002305F1380B08
:1032A000C5E90833AB6285F82C202B6385F83430F0
:1032B0005846E8F79EFC3F4BAB6301220023013EDA
:1032C000C5E916332B6685F86420AB6685F86C304B
:1032D00005F17005DBD204F53B752846FFF75AF976
:1032E00004F547763046E8F784FCDFF8D4B0C4F83C
:1032F0001CB3E5F7CBF851E000258EE7C5F10205D8
:10330000342303FB05954D4534D045F834AD2846AC
:10331000E8F782FCF7E7AB46AB4506D0ABF1380BDC
:103320005846FFF7C3F9F7E7F6E7C6F10206702340
:1033300003FB0676BE4215D0383E3046FFF7B6F99D
:10334000F8E7C4F81CB33046E8F766FC2846FFF7F8
:1033500099F9BD4206D0383D2846FFF7A7F9F8E7AE
:10336000F4E7F6E74F4505D047F834AD3846E8F7BF
:1033700053FCF7E70398FFF785F90298FFF782F906
:103380004046FFF77FF90C4B01986364E8F744FC73
:103390002046E8F741FC00F079FEF9E7C4F83C0369
:1033A000204605B0BDE8F08F80808000A8AC020800
:1033B00040404000F42A0308602B0308981B0308D0
:1033C000D829030810B5044600F59C70FFF7D8F91A
:1033D00004F17800FFF7D4F904F14400FFF752F943
:1033E0002046034B40F8103FE8F716FC204610BD7E
:1033F000602B0308F8B51D4B036004461C4BC0F856
:103400001C3304F53B7600F54770E8F705FC3046C1
:10341000FFF738F904F5CE75B54204D0383E304692
:10342000FFF744F9F8E7134E04F58077AF4205D073
:1034300045F8346D2846E8F7EFFBF7E704F1D000D4
:10344000FFF720F904F1A000FFF71CF904F1700068
:10345000FFF718F92046084B40F8443FE8F7DCFB3B
:103460002046E8F7D9FB2046F8BD00BFA8AC02080B
:10347000D8290308981B0308602B030810B50446DD
:10348000FFF7B8FF20464FF4507100F0FDFD2046D5
:1034900010BD000010B5034B03600446FFF754F85D
:1034A000204610BD8C90020810B50446FFF7F2FFCD
:1034B0002046502100F0E8FD204610BD10B5034B1A
:1034C00003600446E8F7A8FB204610BD981B0308DC
:1034D00010B50446FFF7F2FF2046342100F0D4FD7A
:1034E000204610BD0B4A0C4B30B502F180019960AB
:1034F0000A49D960D1F85C03586208244FF01C15C2
:1035000002F564721C711C76C3E90405C3E9072146
:103510001D6030BD849002083C3C0020501C030814
:1035200010B5064B0360044600F59560E9F752F8C4
:103530002046FFF709F8204610BD00BF6497020837
:1035400010B50446FFF7ECFF204640F29C6100F006
:103550009BFD204610BD000008B50246DFF709FFBD
:1035600038B992F81C24044B03EB8203D3F81802F9
:1035700008BD4FF47A70FBE75C970208034BD3F861
:103580001C23034B1A615A62704700BF5024030882
:103590000000002010B5034B03600446FEF7D4FF83
:1035A000204610BD80A6020810B50446FFF7F2FFC2
:1035B0002046C82100F068FD204610BD4FF00000F5
:1035C00070470000224B10B50446036000F66810F7
:1035D000FFF7D6F804F6A800FFF7D2F804F2E4707B
:1035E000FFF7CEF804F22470FFF7CAF804F2646023
:1035F000FFF7C6F804F22C60FFF758F804F2F45015
:10360000FFF754F804F5A660FFF7BAF804F58260F6
:10361000FFF7BEF904F57670FFF748F804F545703A
:10362000FFF7AEF804F5FA70FFF7B2F904F5DE70B3
:10363000FFF73CF804F5C270FFF738F804F1C40056
:10364000FFF79EF8201DFFF79BF8204610BD00BF36
:10365000D0AB020810B50446FFF7B4FF204640F691
:10366000542100F011FD204610BD00002DE9F04F5F
:103670000546634B8BB045F8043B04462846FEF7ED
:10368000DBFF04F1C40318460093FEF7D5FF04F5F1
:10369000C27318460193FEF78DFF04F5DE731846DA
:1036A0000293FEF787FF04F5FA7318460393FFF7BA
:1036B00011F804F5457318460493FEF7BDFF002387
:1036C000C4F8D43304F5767318460593FEF772FFF9
:1036D00004F5826318460693FEF7FCFF04F5A66323
:1036E00018460793FEF7A8FF0023C4F8F03504F24C
:1036F000F45318460893FEF75DFF04F22C63184656
:103700000993FEF757FF04F264673846FEF794FF0B
:1037100004F224784046FEF78FFF04F2E47948462D
:10372000FEF78AFF002604F6A80A84F8A46850462B
:10373000FEF782FF04F6681B5846FEF77DFFC4F8CB
:10374000286AC4F82C6AC4F8306AE4F79FFEC4F80B
:10375000340ADFF747FD40E05846FFF711F85046BE
:10376000FFF70EF84846FFF70BF84046FFF708F85A
:103770003846FFF705F80998FEF798FF0898FEF716
:1037800095FF0798FEF7FCFF0698FFF701F90598EB
:10379000FEF78CFF0498FEF7F3FF0398FFF7F8F8A5
:1037A0000298FEF783FF0198FEF780FF0098FEF76E
:1037B000E7FF2846FEF7E4FF00F068FCCFE7D1E71B
:1037C000D3E7D5E7D7E7D9E7DBE7DDE7DFE7E1E7F1
:1037D000E3E7E5E7E7E7E9E7EBE70023C4F8380AC2
:1037E0002046C4F83C3AC4F8403AC4F8443A84F855
:1037F000483AC4F84C3AC4F8503A0BB0BDE8F08FE0
:10380000D0AB0208164B70B50446036000F6CC40FE
:10381000FEF738FF04F6DC1504F60840FEF7B0FFAB
:103820002846FFF7CFFD04F2DC66B54205D0403DE7
:1038300005F10800FEF73AFFF7E704F50470FFF71B
:10384000D9FD04F5EC70FEF731FF04F58C70FEF73E
:1038500097FF04F15800FEF793FF204670BD00BFAC
:1038600014AC020810B50446FFF7CCFF204640F622
:10387000245100F009FC204610BD7047704700003D
:1038800010B5034B03600446FEF75EFE204610BDF4
:1038900034AD020810B50446FFF7F2FF20465C2164
:1038A00000F0F2FB204610BD10B5034B0360044648
:1038B000E8F7B2F9204610BD5CAD020810B5044629
:1038C000FFF7F2FF2046382100F0DEFB204610BD56
:1038D00010B5034B03600446E8F79EF9204610BD7F
:1038E000B4AD020810B50446FFF7F2FF20464FF4CE
:1038F000A27100F0C9FB204610BD0000104B10B5AE
:103900000446036000F5C650E8F764FE04F5C350B2
:103910001430E8F7EFFF04F5C1500830E8F7EAFF8C
:1039200004F5C1500430E9F719F82046054B40F87A
:10393000543FE8F771F92046FEF706FE204610BD19
:103940009CB30208602B030810B50446FFF7D6FFAE
:10395000204641F6C40100F097FB204610BD000050
:103960002DE9F0410546454B45F8043B044600234C
:10397000102202212846E8F789FE00231A4619463C
:1039800004F11400E8F782FE3D4BC4E90D344FF416
:103990008063A4F84430012384F84630394BA36493
:1039A0000025394BE56204F15408C4E90955C4E91E
:1039B000135584F8305084F83C5025642360214628
:1039C0004046E7F7C9FF04E02846E8F767FE00F045
:1039D0005DFB04F5805604F5B850C4E92255C4F8DF
:1039E0008050A4F8845084F886504FF4807286F892
:1039F0001057A6F81257A6F81457A6F81657A6F8A7
:103A0000185700211A3003F000F986F81A58C6F842
:103A10001C58C6F8205804F5C15504352846E8F767
:103A200091FF04F5C15608363046E8F758FF04F513
:103A3000C35714373846E8F752FF04F5C650E8F785
:103A4000BFFD15E03846E8F755FF3046E8F752FF6E
:103A50002846E8F783FF0D4B63654046E8F7DCF83E
:103A60002046FEF771FDB2E7EFE7F1E7F3E7F7E78E
:103A7000074B2046C3F80080BDE8F081E03D030815
:103A8000AFC40008343B03089CB30208602B030852
:103A9000A876002030F8312000EBC10342B99888A5
:103AA00040B95A883AB9D888B0FA80F040097047CE
:103AB0000020704710467047F8B504460025A0F175
:103AC000080729462046FFF7E5FF0135B8B12E4625
:103AD00000E00136202E12D031462046FFF7DAFFF3
:103AE0000028F6D154F8362047F8352004EBC601FB
:103AF00007EBC5034A685A6044F836004860202D39
:103B0000DFD1F8BD2DE9F04F85B00025064604460B
:103B10000295AA4629463046FFF7BCFF013500282A
:103B200049D1A0462F46202F45D039463046FFF7D1
:103B3000B1FF002847D1B8F80A30B4F80290B4F8C1
:103B400000E0B8F8080000939945494628BF194697
:103B50008645734638BF0346994234D9B8F80E30CB
:103B6000B4F806B0B4F804C0B8F80C1001939B4543
:103B70005A4628BF1A468C451346624638BF0A4645
:103B800003921A46039B9A421DD9009B864588BF23
:103B900020808C4588BFA180994538BF6380019BF8
:103BA0009B4538BFE38006EBC70346F837A0C3F850
:103BB00004A001230293202D04F10804AAD1029845
:103BC00005B0BDE8F08F013708F10808ABE74FF00A
:103BD000050070470079704740797047C08870478A
:103BE00080687047024B242000FB0130704700BF03
:103BF00014B40208704710B50C21044600F044FAD2
:103C0000204610BD014800EB4110704714D802084F
:103C1000704710B50C21044600F036FA204610BD5E
:103C2000024B062000FB0130704700BF14F8020869
:103C3000704710B50C21044600F026FA204610BD4E
:103C4000014800EBC100704714FE0208704710B530
:103C50000C21044600F018FA204610BD024B0C203F
:103C600000FB0130704700BF14060308704710B511
:103C70000C21044600F008FA204610BD014800EB74
:103C8000C100704714120308704710B50C21044698
:103C900000F0FAF9204610BD13B502680191B0F9A1
:103CA00014100091946BB0F9103000221146A04717
:103CB00002B010BD40684843704741790368B1FACB
:103CC00081F15B69490918474179036800395B69EB
:103CD00018BF012118470120704713B50446006A38
:103CE0008DF80710FFF7F0FFE069036801225B69B8
:103CF0000DF107019847206AFFF7DFFF02B010BD02
:103D000038B504460D46406AFFF7D7FF29462046DE
:103D1000FFF7E3FF38BD38B504460D46406AFFF7AC
:103D2000D3FF29462046FFF7D8FF38BD10B5034B17
:103D300003600446E7F770FF204610BD901A0308A1
:103D400010B50446FFF7F2FF2046302100F09CF941
:103D5000204610BD10B5034B03600446E7F75CFF37
:103D6000204610BDE81A030810B50446FFF7F2FF1D
:103D70002046242100F088F9204610BD10B5034BE1
:103D800003600446E7F748FF204610BD401B0308C8
:103D900010B50446FFF7F2FF2046282100F074F921
:103DA000204610BD10B5034B03600446E7F734FF0F
:103DB000204610BD981B030810B50446FFF7F2FF1C
:103DC0002046342100F060F9204610BD10B5034BA9
:103DD00003600446E7F720FF204610BDD028030803
:103DE00010B5034B03600446E7F716FF204610BDED
:103DF0002829030810B5034B03600446E7F70CFFBE
:103E0000204610BD8029030810B50446FFF7DEFFE9
:103E10002046582100F038F9204610BD10B5044660
:103E2000FFF7DEFF2046282100F02EF9204610BDC6
:103E300010B50446FFF7DEFF2046242100F024F9E8
:103E4000204610BD10B5034B03600446E7F7E4FEBF
:103E5000204610BD602B030810B50446FFF7F2FFA3
:103E600020462C2100F010F9204610BD4FF005002F
:103E700070474FF0050070474FF005007047818094
:103E80007047C18070474FF00500704781807047D0
:103E9000C18070474FF0000070474FF00500704739
:103EA0004FF005007047000008B50548E8F788FBAB
:103EB000BDE80840034A0449014800F06CB800BF5F
:103EC000AC76002044010020D5C5000810B5074B92
:103ED000044640F8743BE8F741FD04F17000E8F750
:103EE00079FB2046FEF730FB204610BD982D0308D5
:103EF00010B50446FFF7EAFF2046782100F0C4F829
:103F0000204610BD08B5E9F78FFCFCF791FAFCF7E5
:103F100091F9FCF709F9FCF79BFCFCF777FEFCF73D
:103F200011FAFCF7C7FBFCF731F9FDF727F8FCF7AE
:103F300085FFFCF799FEDCF71BFAFCF763F9F8F74D
:103F40004FFDFEE7DFF834D00D480E490E4A00233E
:103F500002E0D458C4500433C4188C42F9D30B4A3D
:103F60000B4C002301E013600432A242FBD3FCF7A8
:103F70000DFE02F0CFFFFFF7C5FF704700000220E3
:103F800000000020180300205058030818030020E8
:103F9000A08E0120FEE70B460146184602F094BCB5
:103FA0007FB500241023CDE90234036815469E69CD
:103FB00012686B46CDE90044B0479DF8043003F029
:103FC0000603062B03BF009B2B600120204604B094
:103FD00070BD009890420CBF062001207047000081
:103FE00010B5034B0360044600F037FC204610BDBB
:103FF0003840030810B50446FFF7F2FF20460821B9
:1040000000F042F8204610BD2DE9F0411F46DDE9E1
:104010000834DDF8188098450646154607D10799FB
:1040200000F01EFC18B165710020BDE8F081394632
:10403000304600F015FC0028F6D00123C4F80080BB
:104040002571A371F0E738B515461C4600F008FC51
:1040500020B10823E36006232560237138BD2DE9D4
:10406000F04105460C4616461F4600F0F9FB48B9DC
:10407000032F07D823683246294620465B69BDE8EE
:10408000F0411847BDE8F081E4F7F6B91EB400F03E
:1040900090F81EBCFDF7D8FF0378472B17D1437863
:1040A0004E2B14D18378552B11D1C378432B0ED1CD
:1040B0000379432B0BD143792B2B08D183792B2BFD
:1040C00005D1C07901288CBF002001207047002055
:1040D000704700002DE9F3411F460378C479472B50
:1040E00002460D4612D143784E2B0FD18378552BC3
:1040F0000CD1C378432B09D10379462B06D14379E0
:104100004F2B03D18379522B00D1F4B11046FFF726
:10411000C3FF00230193D8B9154C236820469B6840
:10412000984700B3019B1B68019302262B6801AAE4
:10413000D3F81080214601232846C047A8B1019B2F
:104140003B60304602B0BDE8F0810194094CE4E7E1
:1041500052F8201C012C1ABF0C4602F1580151F8EC
:10416000784C0191D9E70126E0E70646E9E700BF70
:10417000A84003087C40030810B5044600F032F85C
:1041800002462046A4F12001FFF786FF60B154F8F3
:10419000043C0133012B44F8043C03D1936844F8F8
:1041A000083C9160012010BD9368002BF9D000F00D
:1041B000A9FA10B500F016F8826801460AB900F0B5
:1041C000A1FA02F120042046FFF766FF40B1D3694F
:1041D000013BD36113B9906988609361204610BD9B
:1041E0008860FBE700487047488D012030B5002308
:1041F0001A4610F8015B05F07F04944023432C0617
:1042000002F10702F5D40B6030BD30B500231A4629
:1042100010F8014B04F07F0595402B43250602F171
:104220000702F5D41F2A06D8640642BF4FF0FF34B8
:1042300004FA02F213430B6030BD50282DE9F3411C
:104240000646884615461F4608D1D01C20F00300BC
:1042500050F8044B3C6002B0BDE8F08100F00F0361
:104260000C2B2ED8DFE803F025071D25292D2D2D39
:104270002D182125290001A92846FFF7B7FF019C29
:10428000002CE7D006F07003102B08BFA84644446A
:10429000330648BF2468DDE701A92846FFF7B5FFCC
:1042A000EDE7284630F8024BEAE7284630F9024BA2
:1042B000E6E7284650F8044BE2E7284650F8084B5A
:1042C000DEE701F0F7FB08B50346FF2B08460DD0EB
:1042D00003F07003302B0FD004D8202B08D005D961
:1042E00001F0E8FB402B0BD0502BF9D1002008BD8A
:1042F000BDE8084001F0DBBBBDE8084001F0D4BBDD
:10430000BDE8084001F0C0BB70B50C460146204630
:1043100015461E46FFF7D7FF334601462A4620467C
:10432000BDE87040FFF789BF73B50C4615460646D9
:1043300008B101F0A9FB2246286012F8011BFF29F1
:104340001CD02B1D3046FFF7DFFF0246104610F849
:10435000013BFF2B14D010232B7501A9FFF746FF5B
:10436000019B0344EB6010F8013B6B7501A9FFF75B
:104370003DFF019B03442B6102B070BD6860E5E71F
:104380002B750023EEE71FB503AB009300230A460D
:10439000194600F04BFE039805B05DF804FB0000E1
:1043A0002DE9F04F00F0030395B04FF00009012B09
:1043B0000C461546CDF8249011D0022B04D0002BCA
:1043C00074D110F0080673D02946204601F046FB50
:1043D00018B1092015B0BDE8F08F0820FAE710F0F9
:1043E00008065AD002231E430EAF002300970C226A
:1043F000194628460E9400F041FE062E5AD1D4F8F4
:104400003080B8F1000F00F06381D4E90A7A4FF0F0
:10441000030B002F1ADA0EAA514628468DF84C904D
:10442000FFF782FF119E9DF84C002946FFF74BFFD6
:10443000FB4306EB8303002253F82210002940F0CF
:104440004A81C4E90A200422C4E90C2300230DAEEA
:104450001A461946009628460D9400F00FFE0023D8
:1044600019460122009628460D9700F007FE0F21FD
:104470002846FFF788FF00F0010040EA080000230B
:104480000D9000960F221946284600F0F7FDBBF16B
:10449000020F00F0228107209CE70F6A10460D21D1
:1044A000FFF771FF87429DD106239CE701F002FBD5
:1044B000012398E7284601F0EDFA8246002883D0D0
:1044C0003A46014628468DF84C90FFF72DFF9DF89F
:1044D0004C90119B0393294683464846FFF7F3FE11
:1044E0000F21049010902846FFF74DFF20F001089F
:1044F00008F1FF330593129F5F4517D80027B84690
:104500004FF0010BF20740F1D380BBF1020F3FF4F3
:104510005BAF0D212846099EFFF735FFC4E90A7AF3
:10452000C4E90806C4F83080062053E79DF84D80A2
:104530005A460AAB41460020FFF7E6FE0BAB0246A7
:1045400041460020FFF7E0FE0CAB0246414600204A
:10455000FFF7DAFE0DA9FFF749FE0A9A0E9B1344F6
:10456000059A9342834655D80B9A1344059A934271
:10457000C1D9DDF83080B8F1000F01D00F9B98440D
:104580000D9800283ED001383844B8F1000F3FF4B0
:104590001BAF16F0080306933ED0472323704E232B
:1045A00063705523A3704323E370462323714F2385
:1045B00063715223A3710023E371002305930BA9B8
:1045C000FFF723FE0CA90790FFF71FFE0B9F002F9C
:1045D0006BD0022E5DD0002F42DDB9F1FF0F3BD032
:1045E00009F00703042B3FF661AF01A252F823F054
:1045F0002B460208AD4402085D4602082B4602081D
:1046000055460208B8F1000F3FF4DEAE00274FF028
:10461000020B77E7BB466EE7E379012B0CBF54F83A
:10462000203C04F158030993C7E7042203990DAB1A
:1046300002FB171248460499FFF7FFFD0D9931B1AF
:104640003CB309AB00222046FFF744FD08B34FF00E
:10465000030B57E70822E9E70022E7E70222E5E734
:10466000039A6FF04043DB1B02EB830BBCB1069A4D
:10467000AAB9099B0D93ABF1040B5BF8041F002949
:10468000E5D00DAB002259442046FFF723FD00285A
:10469000F3D00C9828B3079B034418468FE7039A7E
:1046A00052F82330002BF4D1D1E701230593F0E732
:1046B000330709D5BBF1010F01D100F023F8002F1A
:1046C000BFF6C4AE00F030F8BBF1010F7FF4A1AE2D
:1046D000204600F0F8F80132AEE62046FFF74CFD28
:1046E000D9E6059B002B91D16EE600BF08B5804747
:1046F00001F0E0F9024B1868BFF35B8F704700BF11
:104700004C01002008B5FFF7F5FFFFF7EFFF08B5F4
:104710008047FFF7F7FF0000024B1868BFF35B8F7D
:10472000704700BF4801002008B5FFF7F5FFFFF70D
:10473000EEFF0268D207034605D4427802B1FFDEDD
:104740000120587070470020704700234370704765
:10475000012303607047000010B5034B036004465B
:10476000FFF73EFC204610BDEC40030810B50446A0
:10477000FFF7F2FF20460C21FFF786FC204610BD14
:104780002DE9F041DDF81880904506460F461546A4
:104790001C460BD0B0680368CDF818801E6A2A4604
:1047A00023463946B446BDE8F0416047194600F05B
:1047B00057F80028EED00620BDE8F0812DE9F14F32
:1047C0000D461946DDE90A4BDDE90CA68146174680
:1047D000984600F045F890B1002D3460377109DB40
:1047E0002C44A24514BF01240624B471002001B05A
:1047F000BDE8F08F0235F9D10123B371F6E75445D6
:1048000006D15946484600F02BF808B17771EDE71C
:10481000D9F808000368CDE90CA6CDE90A4BDC699C
:104820003A4643462946A44601B0BDE8F04F6047EA
:104830002DE9F04107460C4615461E46FFF703FCDE
:1048400048B9B86803689F692A4633462146BC4682
:10485000BDE8F0416047BDE8F08170470020704737
:10486000814208B50ED0406803782A2B0CD04968E5
:104870000B782A2B08BF0131FDF730FCB0FA80F02D
:10488000400908BD0120FCE70020FAE70378472B28
:1048900017D143784E2B14D18378552B11D1C3787F
:1048A000432B0ED10379432B0BD143792B2B08D10A
:1048B00083792B2B05D1C07901288CBF00200120E2
:1048C00070470020704710B5044648B100F03BF82F
:1048D0002046FFF7DBFF18B154F8140CFFF706FF72
:1048E000FFF710FF38B50246FFF7D0FF044640B18E
:1048F00052F8184C0025104600F025F81DB1FFF7BE
:1049000013FF0125F7E72046FFF701FF0378472B48
:1049100017D143784E2B14D18378552B11D1C378FE
:10492000432B0ED10379432B0BD143792B2B08D189
:1049300083792B2B05D1C07901288CBF0020012061
:1049400070470020704738B50446FFF74BFC0568F8
:1049500002462046A4F12001FFF7D8FF28B90DB187
:10496000FFF7D0FE1160284638BD54F80C3C002BF0
:10497000B4BFC3F10103013344F80C3C53688D42CA
:1049800003F1FF33536020461CBF44F8105C1160F4
:10499000656A00F049FBE6E72DE9F047089D0F4600
:1049A00004468C46002B48D18A42164661D9B2FA99
:1049B00082F34BB1C3F1200201FA03FC20FA02F2A8
:1049C0009E4042EA0C0C9C404FEA164EB7B2BCFB2C
:1049D000FEF1220C0EFB11CC42EA0C4201FB07F067
:1049E000904209D9B21801F1FF3C80F0EE8090426C
:1049F00040F2EB8002393244121AA4B2B2FBFEF04C
:104A00000EFB102244EA024400FB07F7A74209D933
:104A1000341900F1FF3280F0DA80A74240F2D780EB
:104A20003444023840EA0140E41B00211DB1DC405F
:104A30000023C5E90043BDE8F0878B4206D90DB1DC
:104A4000C5E9000100210846BDE8F087B3FA83F10B
:104A5000002948D1BB4202D3824200F20781841A66
:104A600067EB030201209446002DE4D0C5E9004C19
:104A7000E1E7002A00F09280B2FA82F3002B40F0C6
:104A8000A8808A1A4FEA164E1FFA86FC0121200CD4
:104A9000B2FBFEF70EFB172240EA02420CFB07F0C6
:104AA000904207D9B21807F1FF3802D2904200F2C3
:104AB000E2804746121AA4B2B2FBFEF00EFB1022AF
:104AC00044EA02440CFB00FCA44507D9341900F168
:104AD000FF3202D2A44500F2CB801046A4EB0C04B6
:104AE00040EA0740A2E7C1F120068B4022FA06FC0B
:104AF0004CEA030C07FA01F420FA06F3F7404FEAF8
:104B00001C49234300FA01F81FFA8CFEB7FBF9F0A9
:104B10001C0C09FB107744EA074400FB0EF7A74280
:104B200002FA01F20AD91CEB040400F1FF3A80F00A
:104B30009B80A74240F2988002386444E41B9FB2F5
:104B4000B4FBF9F309FB134447EA044403FB0EFEEC
:104B5000A64509D91CEB040403F1FF3780F08280DD
:104B6000A6457FD9023B644443EA0040A4EB0E040F
:104B7000A0FB02E7BC427346B94663D360D05DB187
:104B8000B8EB030264EB090404FA06F622FA01F317
:104B90001E43CC40C5E9006400214CE76208480888
:104BA00042EAC1710B0C43EA00438AB242EA034273
:104BB000B3FBF6F1E407B4463746B6461F23B0FB15
:104BC000F6F0D21B41EA004161E7614614E7104666
:104BD00028E7C3F1200120FA01F29E4027FA01F1F3
:104BE0009F403A434FEA164E1FFA86FCB1FBFEF790
:104BF0000EFB1710110C41EA004107FB0CF8884529
:104C000004FA03F43AD9711807F1FF3001D288454C
:104C10001FD8A1EB0801B1FBFEF808FB0CF70EFB57
:104C2000181192B242EA0142BA422FD2B21808F1E8
:104C3000FF31C6D2BA42C4D2A8F102013244C0E761
:104C4000F0459CD2BEEB020367EB0C070138B94676
:104C500095E7A6EB08084144B81EB1FBFEF808FB37
:104C60000CF7DCE73B467FE7504667E70846FBE684
:104C70003444023832E7023F32441BE7A1EB08011B
:104C80003846B1FBFEF808FB0CF7C8E7414698E749
:104C900003685A004CBF43F0004323F0004318441C
:104CA000704700BF2DE9F04759B301F1FF380546C1
:104CB000164647464FF0000A0AEB070101EBD17197
:104CC000491005EBC1094846FFF7E2FF88454FEA66
:104CD000C104034610D004F10800B342284407D8A9
:104CE000FFF7D6FF0138B04208D201F1010AE3E72D
:104CF0008A4506D04F1EDFE7B042F9D84846BDE8E6
:104D0000F0874FF000094846BDE8F087012806D03B
:104D1000022802D028B90448704704487047044864
:104D200070470020704700BF015402081154020868
:104D30000954020830B5224B83B004468D1E43B39C
:104D400001A92846AFF30080F0B101992A46FFF788
:104D5000A9FF0146C0B1FFF79BFF4B68A064012B80
:104D60002BD0002B01F1040025DBFFF791FF00237E
:104D700023650368E064002B12DBFFF789FF03461D
:104D80000020236103B030BD00230920236103B05C
:104D900030BD0C4B0C49C91AC91018460191D5E712
:104DA000C3F30360FFF7B2FF031E0CBF092000200E
:104DB000236103B030BD0123DAE700230520E0E7DB
:104DC00000000000A04B0308385803080368DA0706
:104DD00010B5044606D49B0700F1500009D5FDF735
:104DE000B9F82368590709D51A070ED5DB0613D57C
:104DF00010BDFDF7A7F823685907F5D404F1D800D2
:104E0000FDF7B0F823681A07F0D404F5AC70FDF78D
:104E1000B1F82368DB06EBD404F5EC70BDE8104074
:104E2000FDF7ECB80346006800B11844704700BFB6
:104E3000704700BF70B504460E46316C2046FFF740
:104E400079FF054688B9326C626123693246214692
:104E5000012098470828F0D0072806D12846316C51
:104E6000FFF7E6FF301DFDF761F800F023FE00BFFD
:104E70002DE9F04F0D1DD0F80C90D0F818A0074682
:104E800014460FCDADF5777D0DF10C0CACE80F009D
:104E90000FCDACE80F000FCDACE80F0095E80F0088
:104EA00002AE4FF0000E8CE80F000DF5F878C6F852
:104EB00000E021E0336C7B614FF4F47231464046F0
:104EC00002F057F83B694246394658469847D8F8A9
:104ED0003830B3642146CDE9006A05463B460120DF
:104EE0003A46C847044618BB4FF4F4724146304670
:104EF00002F03FF8082D19D1316C3846FFF71AFF40
:104F0000093405465FFA84FB0028D3D0B36BB36441
:104F10003A46CDE9006A3B464BF010010120C847F4
:104F200030B928460DF5777DBDE8F08F072D05D007
:104F3000092528460DF5777DBDE8F08F2046316CB8
:104F4000FFF776FF03A8FCF7F1FF00BFF0B5CB6BCE
:104F5000FBB001F1040C0B640F460546BCE80F00E2
:104F600001AC0FC4BCE80F000FC4BCE80F000FC4B5
:104F70009CE80F004FF0FF3E84E80F006E46CDF82E
:104F800000E006E02B693246294698470828044687
:104F900008D1316C2846FFF7CDFE0028F2D0092059
:104FA0007BB0F0BD3046FFF711FF062CF7D1394634
:104FB0002846FFF73FFF00BFC160D96B82611964CB
:104FC00000221946FFF754BF70B5C66843690B64E9
:104FD000AEB903690A4604460D46014602209847C9
:104FE000072805D008280FD129462046FFF722FFC1
:104FF0003046296CFFF71CFF281DFCF797FF0122A4
:10500000FFF736FF00F056FD00F054FDC26808B50A
:1050100032B1CA6B0A64BDE808400022FFF728BF1E
:10502000FFF794FF092008BD704700BF052915D878
:10503000DFE801F00A031403030501207047009A1A
:10504000436C13600020704743B90F2A06D800EB69
:10505000820200205368009A136070470220704754
:1050600000B585B00A46002303A900911946FFF751
:10507000DDFF039805B05DF804FB00BF052915D8D6
:10508000DFE801F00A031403030501207047009BC9
:105090001B6843640020704743B90F2A06D8009B61
:1050A00000EB82021B6853600020704702207047AB
:1050B00010B584B0002303AC039200940A4619464D
:1050C000FFF7DCFF04B010BD2DE9F041D36BADF567
:1050D000107D02F1040C136407460E46BCE80F0075
:1050E0000DF15C0EAEE80F00BCE80F00AEE80F005B
:1050F000BCE80F00AEE80F009CE80F0016AC4FF0C4
:10510000FF388EE80F006D46C4F8008010E0FFF70E
:10511000CFFF31462046B84703462246082029469D
:1051200083B92B699847052880460DD0092809D0F6
:10513000216C2846FFF7FEFD03460C212A46204637
:10514000002BE4D04FF009082046FFF73FFE404611
:105150000DF5107DBDE8F0812DE9F04F1646CA6CC3
:1051600089B00D4652F8041B069200F0030CE3B11F
:105170000C0C8DF81D400904E4B2059102EB840289
:1051800002218DF81C10296DBCF1020F08BFAA6B1B
:1051900011F001080FD005A9304600F0DFFA002811
:1051A00039D1082009B0BDE8F08F090205918DF8CA
:1051B0001D300321E5E71768002FECD000F008014F
:1051C0000191E346CDF808809A46BAF1020F26D045
:1051D0001788548802F10409AA6C24F001030F21F6
:1051E000304603EB0208FFF73BFF804515D827F058
:1051F000010202EB0803834294BF002301236400F1
:1052000004F0020407F001072743012F0BD0022FFF
:1052100050D0002F45D00920C4E70023EFE75468A1
:1052200002F10809D8E7BBF1000F73D1CBB1D9F86F
:105230000430D9F80020991C4FEAD272EBD005F166
:1052400058040133049400F0CC8009F10400FFF706
:10525000E9FD04AB01462846FEF73CFF002840F07C
:10526000978009F108021768002FAED105A93046D2
:10527000DDF8088000F072FA0028CCD1B8F1000FF8
:105280008FD00F213046FFF7EBFE0E21024630464D
:10529000FFF70EFF594A0F213046FFF709FF07209D
:1052A00080E7BBF1000F02D0002B40F0878009F1AE
:1052B0000402D8E7D9F8004024F00048BBF1000F01
:1052C0000FD12BB1019B002B3CD0B8F1000F39D08E
:1052D000002C01DA09F1040908F1010209EB82024C
:1052E000C1E70D213046FFF7BBFE2F6A8742EFD1A1
:1052F000AB6A9945ECD100240423C5E90B434B4428
:10530000C5F828806B63D9F80030A34270DB012315
:105310000293E1E70D213046FFF7A2FE2C6A84429A
:105320009FD1AB6A99459CD14846FFF7B1FC0F214C
:1053300002463046FFF7BCFE2A4600213046FFF702
:10534000B7FEACE705F15803CDF80CB009F104073E
:10535000B34600241E460BE038460496FFF762FD74
:105360000022014604AB2846FEF7B4FE0437F8B924
:10537000444504F10104EFD10D215846FFF770FEBA
:10538000049BC5F828900246C5E90823062009E7D2
:1053900004460D213046FFF763FE049E2862022C6E
:1053A00004BFEE6205F12C06C5E909690620F9E69D
:1053B0005E46D9F80040DDF80CB089E74846FFF7B3
:1053C00067FC09F104030446AB632846FEF7D4FEEC
:1053D00000283FF420AF22460F213046FFF768FE39
:1053E0005DE730460D21FFF73BFE26462862DBE7EE
:1053F00008F1010209EB820097E700BFE5480208C7
:105400000023FFF7A9BE00BF0123FFF7A5BE00BF21
:105410000223FFF7A1BE00BF2DE9F0410646C4B04C
:105420001446052908D8DFE801F016300773980BF9
:105430003A19102A40F2B780022044B0BDE8F0814A
:10544000836B002CF8D153F8042B42648363002053
:1054500044B0BDE8F081002BEED1856B1FFA84FCCF
:10546000012006F1040E00FA03F111EA0C0F2A469E
:1054700004D052F8041B4EF8231015460133102BAC
:10548000F1D1A004E3D4B563E1E7012B4FEA14475F
:10549000A4B2CDD0052BCFD107EB0408B8F1200F73
:1054A000CAD80F2F40F2BD80002CD0D0026851071F
:1054B000A04600F11B81019302AC2046FCF756FD8B
:1054C000D6F838C0019B102F4FF0FF3239464FF00D
:1054D000020E38BF102118FB0E2E04EBC1018439D7
:1054E0007246604650F8045B41F8045F013A551C6F
:1054F000F8D10CF1040C012B0CEB8E0200F0D580DE
:105500000F2FB26340F2FA802046FCF72BFD9EE796
:10551000032B91D1A7B207EB1443102B4FEA14448D
:105520008AD80368190700F1A38022AD2846FCF74A
:1055300043FD7A00B06B05EBC404531E42B1011B5E
:10554000625844F8042B013B5A1CF9D100EBC70008
:10555000B0632846FCF70EFD79E7002B7FF46CAFB3
:10556000102C3FF669AF0368D80679D422AD2846DF
:10557000FCF74EFDB76B294600234FF0010C0CFAE7
:1055800003F22242384603F1010303D050F8042B02
:105590000A600746042B01F10401F0D1B7632846E5
:1055A000FCF72CFD53E7102F3FF446AF0268D107FC
:1055B00008D5304622F0030240F8502B0193FCF747
:1055C000C5FC019B019322AD2846FCF7BFFCD6F831
:1055D00038C0002C6BD0019B4FF0000802214FF027
:1055E000FF3214FB012E05EBC701043972466046F9
:1055F00050F8044B41F8044F013A541CF8D10CF117
:10560000040C0CEB8E0CB8F1000F39D1012B4ED0ED
:105610000F2FC6F838C03FF61AAF2846FCF79AFCA1
:1056200015E70268B8F1100F02F001012AD851B154
:10563000304622F0010242F0020240F8502B019362
:10564000FCF78CFC019B019322AD2846FCF786FCFD
:10565000019B002CE1D0D6F838C04FF00008BDE720
:1056600023F01003336006F5EC70FCF7D1FC7DE706
:1056700023F00803036000F5AC70FCF79DFC54E7D1
:1056800002AC20E7D1B9550726D422AD28460193B4
:10569000FCF764FC02A8FCF769FCA8F11008D6F836
:1056A00038C0019BC7F1100498E7944622AD0CF175
:1056B0000403B3632846FCF745FCC8E622F0010268
:1056C00042F0020240F8502B0193FCF747FC32688D
:1056D000019B12F0040FD8D0304622F0040240F8AB
:1056E000D82B0193FCF742FC019BCEE722F0040289
:1056F00040F8D82B0193FCF739FCDDE622A8FCF733
:1057000029FC01E7027A03467AB9427AA2B14168DC
:10571000013A10B44272086803220C1D1A72020288
:105720005C60000E10BC1A6070470068013A1A7283
:1057300002021A60000E7047B020704700B585B0B5
:1057400003AA0023009219460C22FFF76FFC03986E
:1057500005B05DF804FB00BFFFF7F0BF2DE9F04393
:10576000064685B00D4600272846FFF7CBFFB02838
:10577000044600F0218103065ED500F0F003A02B63
:105780001DD033D8802B00F08780902B2AD100F0D9
:105790000D030D2B26D00DF10808002300F00F0299
:1057A0001946CDF800803046FFF740FC0023CDF8C5
:1057B00000800D2219463046FFF760FCD4E7C34352
:1057C00003F007034FF47F621A41010702F47F627E
:1057D00001D542F48042002319463046FFF71CFEF3
:1057E0000028C1D0092005B0BDE8F083B02B68D0F7
:1057F000C02B3FD1C62800F0CC80C72800F0DF8046
:1058000000F0F803C02B00F0EC80C82800F0F7800F
:10581000C928E7D12846FFF775FF020300F00F0003
:1058200002F4702201300243012105233046FFF7C4
:10583000F3FD002898D0D5E78300DBB203F104081C
:105840000DF1080900231946CDF800900D223046CD
:10585000FFF7ECFB029ACDF8009060064CBFA2EB7C
:10586000080242440023029219460D223046FFF7F7
:1058700005FC79E700F0F803D02BB3D100F0070264
:105880000132052342F4002201213046FFF7C4FD16
:1058900000283FF469AFA5E72846FFF733FF24024D
:1058A0002043B0F5004F9DD004010023A2B2194659
:1058B0003046FFF7B1FD002894D1C4F3C030074350
:1058C00052E7A0F1B103042B00F2B580DFE803F04A
:1058D0005729160C030003AA0023009219460D2233
:1058E0003046FFF7A3FB3FE700231A460521304669
:1058F000FFF792FD00283FF437AF73E72846FFF724
:1059000001FF020300F00F00013002F470220123B6
:10591000024319463046FFF77FFD00283FF424AFCD
:1059200060E700230DF108090D221946CDF800901B
:105930003046FFF77BFB2846FFF7E4FE0206029C99
:105940004FF002080CD500F07F0000FA08F0044484
:1059500028460294FFF7D6FE030608F10708F2D4A2
:1059600000FA08F004F50174204400230290CDF8F9
:1059700000900D2219463046FFF780FBF4E62846DA
:10598000FFF7C0FE431EDBB20E2B02467FF623AFAD
:1059900028E72846FFF7B6FE020300F00F000130AB
:1059A00002F470220323024319463046FFF734FD08
:1059B00000283FF4D9AE15E76FB3002013E728465F
:1059C000FFF7A0FE431EDBB20E2B02463FF60AAFE6
:1059D000002304213046FFF71FFD00283FF4C4AE2A
:1059E00000E700F00F020132032342F4202219469F
:1059F0003046FFF711FD00283FF4B6AEF2E6284628
:105A0000FFF780FE00F0F00200F00F0310320133C8
:105A100043EA023208E702AC3B46394600940E22C4
:105A20003046FFF703FB0F2200943B4639463046D1
:105A3000FFF724FBC1E700F0FC03B42B3FF4D2AE28
:105A400000F007020132012342F4002219463046D9
:105A5000FFF7E2FC00283FF487AEC3E610B5C26C46
:105A6000536884B04FF0030C08321C0208461B0E2A
:105A700001A9019402928DF80CC08DF80D30FFF74A
:105A80006DFE04B010BD00BF08B5FFF765FE806C69
:105A900008BD00BF08B5FFF75FFEC06CC37900EB1F
:105AA0008300083008BD00BF08B500F003F808B552
:105AB000FFF7FAFF08B5062001F066F90120FAF7B2
:105AC000E4FF002100F070BE0A22002100F0F2BEC7
:105AD0000A22002100F0EEBE38B5104B1D682A6B7B
:105AE0000446B2B9182001F0FFFD0246286320B930
:105AF0000B4B0C48462101F053FA0B490B4BC0E904
:105B000000130B4B83600B23838100210120C2E92A
:105B1000040100231461536138BD00BFC802002096
:105B2000AD3B0308C43B03080E33CDAB34126DE626
:105B3000ECDE0500164B10B51C68226BB2B91820BC
:105B400001F0D2FD0246206320B9124B12485221C7
:105B500001F026FA1149124BC0E90013114B836082
:105B60000B23838100210120C2E9040113690E483F
:105B700054690E49584301FB0400A3FB0131013372
:105B800040EB0100C2E9043020F0004010BD00BF2E
:105B9000C8020020AD3B0308C43B03080E33CDAB65
:105BA00034126DE6ECDE05002DF451582D7F954C36
:105BB00070B504460D4645EC104B164602F0D6F97A
:105BC00051EC100B7EB1C5F30A53C3F16B03002BEC
:105BD00009DD1B0503F17F55002405F5401522461C
:105BE0002B46FBF781FE41EC100B70BD000000005E
:105BF0002DE9F04F9DB00E461592002204901892A8
:105C00004FF000084FF0000917910A782B2A0D4633
:105C100001F101011DD00BD80D2A06D8082AF3D8AE
:105C20007AB100230B939A4683E0202AECD0F8E760
:105C30002D2A10D10122691C17910B926A78002A33
:105C400037D1159B1796002B40F0958542464B4661
:105C50002AE00022EFE700210B91302A40F09B80E0
:105C60006A7802F0DF02582A5AD102930B9B019303
:105C700018AB0093814A049819AB17A901F060FA98
:105C800010F00F06044605D0062E14D1013500236E
:105C900017950B93159B002B40F06F850B9B002BEA
:105CA000D4D0424609F1004343EC102B1DB0BDE8AF
:105CB000F08F0D46D1E7189A3AB135211AA802F0B3
:105CC0004FFA1899049801F015FE013E042E06D8EB
:105CD000DFE806F014031E211400DDE91A89E0054F
:105CE00048BF49F0004929F000431B0D1B05002B5C
:105CF000D0D101F009F922230360CBE7DDE91A8353
:105D0000199A23F4801302F2334243EA0259E6E778
:105D1000DFF87091E3E76FF000494FF0FF38DEE7FE
:105D2000013517952B78302BFAD0002BB2D04FF0DD
:105D3000010A00272B460E97BB460A21184613F886
:105D4000014BA4F13002092A28D94D49012200F063
:105D500071FF002834D00020CDE9060022465C46C1
:105D6000652A01D0452A14D124B95AEA00033FF428
:105D700068AF0024179E731C179372782B2A73D078
:105D80002D2A77D04FF0000CA2F13003092B7FD9D8
:105D9000179600239EE04FF0000ACAE7BBF1080FF8
:105DA000D8BF0E9A1793DBBF01FB0242303A01FBCA
:105DB00007420E92C8BFA2F130070BF1010BBDE7FD
:105DC000179B5A1C17925A78BBF1000F34D00690DB
:105DD0005C46A2F13003092B12D901230793BFE7D8
:105DE000179B5A1C17925A780130302AF8D0A2F12A
:105DF0003103082B00F2C6840690179D002004464C
:105E0000303A00F1010311D0069919440691234656
:105E100020440A21834203F101040FD1082B18DC2E
:105E20000E990A2303FB01230E930023179A511C9A
:105E3000179152781846CCE75846D6E7082B04DC71
:105E40000E9C4C430E940133E4E7102CD8BF4F4313
:105E5000F9E70F2BDCBF0A2303FB0727E5E7002147
:105E60000123CDE9061380E74FF0000CB31C179314
:105E7000B27889E74FF0010CF8E700BF3C41030816
:105E80001D3C03080000F07F179B5A1C17925A789C
:105E9000302AF9D0A2F13103082B3FF67AAF179BD5
:105EA0000593A2F1300E013317931A78A2F1300155
:105EB00009293CD905995B1A082B44F61F633CDC81
:105EC0009E457146A8BF19460591BCF1000F02D04E
:105ED000059B5B420593002C50D15AEA00007FF4E9
:105EE000D9AE079B002B7FF4ACAE692A29D026DC03
:105EF000492A26D04E2A7FF4A4AEA14917A801F062
:105F000041FB00283FF49DAE179B1B78282B2FD117
:105F10009C491AAA17A801F049FB052828D11B9B08
:105F2000DDF8688043F0FF4949F4E009B2E60A2150
:105F300001FB0E22A2F1300EB5E70593C5E76E2AEC
:105F4000D9E7914917A801F01DFB00283FF479AE6D
:105F5000179B8E49013B17A8179301F013FB10B94B
:105F6000179B01331793DFF834924FF0000891E646
:105F7000874801F00DF859EC108B8BE6DDE905320E
:105F80000E989B1ABBF1000F08BFA346102C0A9372
:105F9000A246A8BF4FF0100AFBF72CFC092C804644
:105FA000894613DC0A9B002B3FF474AE0A9B73DD19
:105FB000162B5ADC774901EBC301D1E900014246B7
:105FC0004B46FBF791FC8046894663E6714B03EB39
:105FD000CA0353E91223FBF787FC804638468946FB
:105FE000FBF708FC02460B4640464946FBF7C6FA5B
:105FF0000F2C80468946D5DD0A9BA4EB0A0A9A44F9
:10600000BAF1000F40F397802AF00F061AF00F0A3A
:1060100051D1B6F59A7F5EDC0023DFF87CA1361102
:10602000404649461F46012E79D10BB1804689462C
:106030005949A9F1547901EBC70142464B46D1E9D0
:106040000001FBF751FC554B0A460B4054498B426B
:10605000804640D8A1F580118B4286BFDFF844917D
:106060004FF0FF3802F1547932E00A9AC4F1250367
:106070009342C1DB474DC4F10F0405EBC401424616
:106080004B46D1E90001FBF72FFC0A9B1C1B05EBDB
:10609000C405D5E9002394E71633ADDBDDE905231C
:1060A0009A1A3C4B03EBC203D3E90023404649460E
:1060B000FBF744FD87E7374901EBCA0142464B46EF
:1060C000D1E90001FBF710FC80468946002EA0D1E3
:1060D00000230793A0E0002405940E940694049AEC
:1060E000DFF8B890222313604FF000080E9B002BBE
:1060F0003FF4D0AD1899049801F0FCFB0699049880
:1061000001F0F8FBDDE9040101F0F4FB0E990498BD
:1061100001F0F0FB0498214601F0ECFBBAE5F20730
:1061200004D5DAE90023FBF7DFFB01230137761002
:106130000AF1080A77E7CBD0CAF1000A4FEA2A161B
:106140001AF00F0A0DD11F2E2EDD002405940E9497
:106150000694049A22234FF000084FF000091360C0
:10616000C4E70C4B03EBCA0340464946D3E900237E
:10617000FBF7E4FC80468946002EA9D0E3E700BF88
:10618000283C0308284103081F3C0308223C03085D
:10619000C73C0308B0420308884203080000F07FB0
:1061A0000000A07CFFFFEF7F16F0100318BF6A23EA
:1061B000764F0793404649460023F20704D5D7E9B6
:1061C0000023FBF791FB0123761007F10807F4D1B8
:1061D0000BB180468946079BB3B1C9F30A52C2F19D
:1061E0006B03002B49460FDD1F2B57DD342BDEBF21
:1061F0004FF0FF33C2F14B0293404FF00008CCBF89
:106200004FF05C7903EA0109002200234046494629
:10621000FBF7D2FD002898D10E9B009304982346EB
:106220005A46294601F0CEFB0E9000283FF453AFAA
:10623000DDE905239B1A0A9A002AA8BF00231293BE
:10624000002422EAE273149305940E9B0498596883
:1062500001F012FB069000283FF441AF0E9B1A6933
:10626000023203F10C0192000C3000F082FE49EC86
:10627000108B04981AAA19A9CDE90C8901F0E6FE41
:10628000189000283FF42BAF0498012101F030FC56
:106290000590034648B90023059320E74FF0FF32ED
:1062A00002FA03F303EA0808AEE7199D1A9A002DD3
:1062B000ABBF129B149B149E129FACBFEF185E1BCA
:1062C000079BED1A1544324B013D9D42C2F1360247
:1062D0004FDA5B1B1F2BA2EB03024FF001013CDCEA
:1062E00001FA03FA4FF0000BBD18079BAF421644AA
:1062F0001E443B46A8BF2B46B342A8BF3346002BE3
:10630000C2BFED1AF61AFF1A129B002B16DDDDE94B
:1063100004011A4601F0ACFC05900028BBD00146F0
:10632000189A049801F0FAFB0F9000283FF4D7AEBA
:106330001899049801F0DEFA0F9B1893002D1BDCCE
:106340000A9B002B26DD149A0699049801F090FC14
:106350000690F8B900230693C1E6C5F17F4505F51F
:106360007F0505F57B45E23501FA05FB4FF0010A93
:10637000BAE74FF0000BF9E7189904982A4601F0A4
:10638000D3FC18900028DBD1A9E600BF50410308D8
:1063900002FCFFFF002E07DD06990498324601F04B
:1063A000C3FC06900028D5D0002F08DDDDE90401EC
:1063B0003A4601F0B9FC059000283FF490AE069AE9
:1063C0001899049801F03AFD044600283FF487AE7E
:1063D000C3680F9300230599C36001F013FD0028E3
:1063E0003CDA0F9B53EA08035ED1C9F313034D4611
:1063F000002B59D129F000431B0D1B05B3F1D66FBB
:1064000052D9636913B92369012B4DDD214601225D
:10641000049801F089FC0599044601F0F3FC00287A
:1064200042DDAD4B079A2B40002A5FD0B3F1D66F07
:106430005CD8B3F15C7F7FF68CAEA84B40464946F2
:106440000022FBF751FAA44B0B4080468946002BF3
:106450007FF450AE049A222313604BE64D4662D17E
:106460000F9AC9F3130342B39D4A934228D1079B65
:106470004146EBB1984B2B40B3F1D46F4FF0FF3254
:1064800019D81B0DC3F16B0302FA03F3994217D11C
:10649000944B9D4202D101313FF421AE8E4B2B40F3
:1064A00003F580194FF00008079B002BC5D121E6AA
:1064B0004FF0FF33EAE71346E8E753EA0803B0D0AA
:1064C000BBF1000F1BD01BEA050FEDD00F9B079A05
:1064D00040464946B3B1FFF76BFBDDE90C0153ECD5
:1064E000102BFBF74BF880468946DDE7A3F58013B8
:1064F0006FEA13596FEA09594FF0FF38D4E71AEAE7
:10650000080FE2E7FFF754FBDDE90C0153EC102B19
:10651000FBF732F80022002380468946FBF74CFC4B
:106520000028C1D015E60599204601F0E7FD57EC9B
:10653000106B00224FF0804330463946FBF750FC89
:10654000002870D00F9B002B7BD1B8F1000F56D1E3
:10655000C9F31303002B58D1634B00223046394650
:10656000FBF734FC002859D1604B002230463946F5
:10657000FBF7BAF982468B460BF10043CDF820A019
:106580000993554B544A2B401393594B2A409A4236
:10659000DDE9086740F0B080A5F1547949EC108B33
:1065A00001F0E4FCDDE9082351EC100BFBF79CF94A
:1065B00042464B46FAF7E2FF474D4E4A0D409542A0
:1065C000804645D90D9A474B9A4203D10C9B013323
:1065D0003FF485ADDFF80C914FF0FF38189904981F
:1065E00001F088F90699049801F084F9DDE90401C5
:1065F00001F080F90498214601F07CF925E6B8F114
:10660000010F02D1002D3FF4A4AD9FED2B7BDFF8ED
:10661000D8B08DED087B4FF0000AB2E7DFF8CCB0C0
:106620004FF0000AA8E7314B002230463946FBF70D
:106630005BF90F9B82468B46002B9DD0CDE908ABC2
:106640009FE79FED1F7B8DED087B5BEC17AB98E719
:1066500001F15479079B002BC0D129F00043139A14
:106660001B0D1B059A42B9D15046594602F01EFC3B
:10667000FBF70CF902460B4650465946FAF77CFFE9
:106680000F9AC9F3130343EA0803134306460F4660
:106690006BD00DA3D3E90023FBF798FB00287FF410
:1066A00029AD0BA3D3E9002330463946FBF7ACFBF9
:1066B000002893D01EE500BF000000000000F0BFDE
:1066C000000000000000F03F9535A094FFFFDF3F81
:1066D00035E5AF350000E03F0000F07F00005039A5
:1066E000FFFF0F00FFFFEF7F0000F03F0000E03FE3
:1066F0000000E07FFFFF9F7C079B13B3139BB3F168
:10670000D46F1ED824A3D3E9002350465946FBF783
:1067100067FB90B159465046FBF780FB012838BF14
:106720000120FBF767F80F9B82468B46D3B901F136
:10673000004310901193DDE91067139A07F1D663B7
:106740009F1A9DED0C0B01F011FC304653EC102B01
:106750003946FBF7C9F8DDE90C23FAF70FFF80464D
:10676000894677E7CDE910ABE5E70DA3D3E9002330
:10677000FBF72CFB9CE700230B93159A179B1360E8
:10678000FFF78CBA652A3FF46AAB452A3FF467AB42
:1067900001230793FFF7A1BB0000C0FFFFFFDF410C
:1067A0009535A094FFFFCF3F0A4601460248034BB0
:1067B0000068FFF71DBA00BFC80200205C0100207E
:1067C000242B2DE9F0478646904601D8012B06D1AF
:1067D00000F09AFB162303600020BDE8F0873448E0
:1067E0000D462A4615F8014B065D16F00806F8D14D
:1067F0002D2C10D12C780126951C33F0100215D1C8
:10680000302C0DD12A7802F0DF02582A08D16C789A
:10681000023510230AE02B2C04BF2C78951CECE7E2
:10682000002BF6D1302C14BF0A23082306F1004CAC
:106830000CF1FF3C0022BCFBF3F9104603FB19CA24
:10684000A4F13007092F0FD83C46A3421BDD571C8B
:1068500007D0814514D301D1A24511DB00FB0340D1
:10686000012215F8014BEBE7A4F14107192F01D8DC
:10687000373CEAE7A4F16107192F04D8573CE4E755
:106880004FF0FF32EDE7531C08D12223CEF8003041
:106890006046B8F1000FA0D0691E06E006B1404284
:1068A000B8F1000F99D0002AF6D1C8F8001094E78B
:1068B0007941030813460A46014602480068FFF77B
:1068C0007FBF00BFC802002010B50446044813462D
:1068D00020B10A4602202146AFF3008010BD00BF60
:1068E00000000000002310B50446C0E90033C0E9F1
:1068F0000433836081814366C28183611946082223
:106900005C3000F082F90D4B63620D4BA3620D4BBE
:10691000E3620D4B23630D4B24629C4206D003F1CE
:106920006802944202D0D0339C4205D104F1580051
:10693000BDE8104000F012BB10BD00BFD96A0208CC
:10694000FB6A0208336B0208596B0208548D012060
:10695000024A0349034800F06BB800BF5001002011
:10696000DD880208CC02002041680C4B994210B52A
:10697000044601D001F0B2FFA168094B994202D050
:10698000204601F0ABFFE168064B994204D0204657
:10699000BDE8104001F0A2BF10BD00BF548D012022
:1069A000BC8D0120248E01200C4B0D4A0D4810B5E2
:1069B00004211A600022FFF795FF0A4B01221C46B2
:1069C000092103F16800FFF78DFF04F1D0000222D6
:1069D000BDE810401221FFF785BF00BF8C8E01205B
:1069E00051690208548D0120014800F0B8BA00BF77
:1069F000958E0120014800F0B3BA00BF958E0120AA
:106A000010B50446FFF7F0FF236A1BB1BDE8104044
:106A1000FFF7F0BF044B2362044B1B68002BF5D13A
:106A2000FFF7C2FFF2E700BF696902088C8E012000
:106A30002DE9F8430746884614460026D4E9019517
:106A4000B9F1010905D52468002CF7D13046BDE81D
:106A5000F883AB89012B07D9B5F90E30013303D088
:106A600029463846C04706436835E9E70CB430B5D7
:106A7000184B0C1E1D689DB008DA8B232B604FF05D
:106A8000FF301DB0BDE8304002B070474FF40273D4
:106A9000ADF814304FF000031B9314BF04F1FF3323
:106AA0002346049307934FF6FF7302900690ADF8C8
:106AB0001630209A21AB02A92846019301F002FC6E
:106AC000431CBCBF8B232B60002CDAD0029B00221E
:106AD0001A70D6E7C802002010B50C46B1F90E10A6
:106AE00000F0DAF90028ABBF636DA3891B1823F40B
:106AF0008053ACBF6365A38110BD2DE9F0411F46F3
:106B00008B89DB0505460C46164605D5B1F90E10F6
:106B10000223002200F0AEF9A389B4F90E1023F489
:106B20008053A38132463B462846BDE8F04100F041
:106B3000D9B910B50C46B1F90E1000F09BF9B4F9B3
:106B40000C30421C0BBF23F4805343F48053A381C9
:106B5000A38118BF606510BDB1F90E1000F01CB91B
:106B600030B51446002C9BB005461A4605DA8B2337
:106B700003604FF0FF301BB030BD4FF40273ADF82F
:106B80000C304FF00003199314BF04F1FF33234678
:106B9000029305934FF6FF7300910491ADF80E3008
:106BA00069461E9B01F08EFB431CBCBF8B232B60F0
:106BB000002CE0D0009B00221A70DCE707B50093A0
:106BC00013460A46014603480068FFF7C9FF03B0B1
:106BD0005DF804FBC8020020884210B501EB0204F6
:106BE00002D98442234607D8431EA14207D011F898
:106BF000012B03F8012FF8E70244824200D110BDB7
:106C000013F8011D02F8011DF7E702440346934201
:106C100000D1704703F8011BF9E7C9B203461846D3
:106C200013F8012B12B18A42F9D17047002918BF1D
:106C30000020704710B56AB10139841810F8012B93
:106C400011F8013F9A4203D1A04201D0002AF5D1A8
:106C5000D01A10BD1046FCE710B50139034632B119
:106C600011F8014F03F8014B013A002CF7D11A44F7
:106C70000021934200D110BD03F8011BF9E7000089
:106C8000164B70B51E68726C04460D46F2B9502062
:106C900000F02AFD0246706420B9114B11485B21B7
:106CA00000F07EF90023C0E90033C0E90233C0E9F7
:106CB0000433C0E90A33C0E90C33C0E90E33C0E93C
:106CC0001033C0E9123383610377436229462046BB
:106CD0000123BDE8704000F007B800BFC8020020E3
:106CE000AD3B03082B3C0308F0B5044608B9146813
:106CF00044B1204614F8015B0F4617F8016B1EB92A
:106D000065B91560002005E0B542F6D1002BF0D141
:106D100014600370F0BD1C460CE01DB9274614F842
:106D2000013B0E4616F8015BAB42F6D1002BF2D0C8
:106D300000233B701460EDE71F2938B505460C466B
:106D400004D9162303604FF0FF3038BDC26B12B177
:106D500052F821304BB9284600F0C2F822460146CD
:106D60002846BDE8384000F0A9B8012B0AD0591CCC
:106D700003D1162303600120E7E7002142F8241025
:106D8000204698470020E0E7024B01461868FFF7CD
:106D9000D3BF00BFC802002038B5064D002304460B
:106DA00008462B60F9F793FE431C02D12B6803B110
:106DB000236038BD908E01202D4B1B68834270B537
:106DC000044653D0C3691BB3DB6863B10025E36994
:106DD000DB685959B1B90435802DF8D1E3692046F3
:106DE000D96800F0FBF8E369196811B1204600F09A
:106DF000F5F8E3699D685DB1294620462D6800F0ED
:106E0000EDF8F8E70E68204600F0E8F83146E1E7D3
:106E1000616911B1204600F0E1F8E16911B1204645
:106E200000F0DCF8216B11B1204600F0D7F8616B5F
:106E300011B1204600F0D2F8A16B11B1204600F04C
:106E4000CDF8A16C11B1204600F0C8F8616C11B109
:106E5000204600F0C3F8E16A11B1204600F0BEF808
:106E6000236A1BB12046BDE87040184770BD00BFC3
:106E7000C802002038B5074D0446084611460022D6
:106E80002A601A46F9F72DFE431C02D12B6803B184
:106E9000236038BD908E012038B5074D0446084662
:106EA000114600222A601A46F9F7F5FD431C02D16B
:106EB0002B6803B1236038BD908E012038B5074D93
:106EC00000230446084611462B60F9F7D6FD431C03
:106ED00002D12B6803B1236038BD00BF908E012022
:106EE000F9F7C9BD38B5074D0446084611460022DA
:106EF0002A601A46F9F7DDFD431C02D12B6803B165
:106F0000236038BD908E0120014B1868704700BF88
:106F1000C802002070B50D4B0D4D5B1B9C10002668
:106F2000A64209D101F0F8FF0A4D0B4B5B1B9C10E8
:106F30000026A64205D170BD55F8043B984701369E
:106F4000EEE755F8043B98470136F2E73858030856
:106F500038580308385803084C58030870477047DE
:106F60007047034611F8012B03F8012B002AF9D1D1
:106F700070470A44914200F1FF3300D1704710B5C9
:106F800011F8014B03F8014F9142F9D110BD0000F7
:106F90009FED010B704700BF000000000000F87F6C
:106FA0001FB514461A46094B1B680546D8684CB1F4
:106FB000074B0091CDE9013406492B4601F0B6FCA0
:106FC000FEF778FD044B1C46F3E700BFC802002023
:106FD0008C3C0308993C0308C73C030838B50546B8
:106FE000002941D051F8043C0C1F002BB8BFE41815
:106FF00000F036FC1D4A136833B9636014602846FC
:10700000BDE8384000F032BCA34208D920682118FE
:107010008B4201BF19685B6809182160EDE71A46C9
:107020005B680BB1A342FAD911685018A0420BD18A
:1070300020680144501883421160E0D118685B68F1
:10704000536008441060DAE702D90C232B60D6E7BE
:10705000206821188B4204BF19685B68636004BF15
:10706000091821605460CAE738BD00BF9C8E01201A
:107070000369B3EB611F2DE9F0434FEA611200F1A0
:10708000140445DD11F01F0104EB830604EB8205B7
:107090000CD100F110072946B14234D39B1A9B0052
:1070A000EA1E964238BF0023234415E054F82270AC
:1070B000C1F12008CF4005F1040EA1467645F44603
:1070C00015D89A1A9200043A0135AE4238BF002210
:1070D000A318A75007B104331A1BA3424FEAA20218
:1070E00008BF0023026108BF4361BDE8F083DCF8FC
:1070F00000C00CFA08FC4CEA070749F8047B5EF86C
:10710000047BCF40DAE751F804CB47F804CFC3E75C
:107110002346E1E7A0F13003092B02D82038C0B2A2
:107120007047A0F16103052B01D84738F7E7A0F1BC
:107130004103052B01D82738F1E7002070470000F4
:107140002DE9F04F85B08A4602930B680190904676
:107150009C1CA14614F8010B3028FAD0A9EB0303BC
:10716000A3F1020BFFF7D6FF0546002868D1A0491E
:1071700001224846FFF75EFD0746002867D199F8CF
:1071800001002646FFF7C6FF002862D02346187884
:107190003028994603F10103F9D0FFF7BBFFB0FA9D
:1071A00080F56D094FF0010B4A46164601323078E2
:1071B000FFF7B0FF0028F8D18D4901223046FFF7D4
:1071C00039FD00283FD144B9741C224616460132CD
:1071D0003078FFF79FFF0028F8D1A41BA700337871
:1071E00003F0DF03502B3ED173782B2B33D02D2BA4
:1071F00034D0711C00240878FFF78CFF431EDBB2EB
:10720000182B30D8A0F1100211F8010FFFF782FF00
:1072100000F1FF3C5FFA8CFCBCF1180F4FF00A0341
:107220001ED904B152421744CAF80010EDB1BBF1A7
:10723000000F0CBF06250025284605B0BDE8F08FDD
:1072400000252C46B0E7002CC7D12746C7E74E469D
:107250002F460125C3E70024B11CCCE70124FBE73E
:1072600003FB0200CEE73146DEE7A6EB0903013B54
:107270002946072B0ADC019800F0FEFA044640B9C3
:107280005C4B0246E4215C48FFF78AFE01315B104B
:10729000EFE700F1140A002355469B46B14537D36A
:1072A00045F804BBA5EB0A05AD102561584600F072
:1072B000D3FB6D01D8F800602D1AB54254DDAD1B2B
:1072C0002946204600F06FFF814678B16B1E5911A8
:1072D00003F01F025AF821104FF0010909FA02F2D7
:1072E0000A4203D04B4536DC4FF0020929462046BE
:1072F000FFF7BEFE2F44D8F80830BB4242DA0198AF
:10730000214600F0F7FA0E9A00231360A32593E7B5
:1073100016F8012D2E2A12D0202B04D145F804BBDB
:107320004FF0000B5B4630780393FFF7F3FE039BAF
:1073300000F00F0098404BEA000B0433AEE7B14574
:10734000EAD82B49039301223046FFF773FC039BD5
:107350000028E1D1A2E7A91E204600F024FF002862
:10736000C2D04FF00309C1E709DA751B2146019825
:107370002A4600F0D9FC7F1B044600F1140A4FF0A6
:107380000009B8E7D8F80450BD426FDDED1BAE42EE
:1073900034DCD8F80C30022B22D0032B24D0012B64
:1073A00015D1AE4213D1012E0BD1029AD8F8043078
:1073B000136001232361CAF800300E9B62251C6014
:1073C0003AE7711E204600F0EEFE0028EDD101984C
:1073D000214600F08FFA0E9A0023136050252BE708
:1073E0000F9B002BF3D1E0E70F9B002BDDD1EEE7E5
:1073F0001D3C0308C83C0308D93C03086F1EB9F1C3
:10740000000F30D127B13946204600F0CCFE81462E
:107410007A1101235AF8222007F01F07BB401342BC
:107420002946204618BF49F00209FFF721FED8F887
:107430000470761B0225B9F1000F47D0D8F80C3044
:10744000022B15D0032B17D0012B09D119F0020FF5
:1074500006D0DAF8003049EA030919F0010F0ED11D
:1074600045F0100532E04FF00109D1E70125E2E7D0
:107470000F9BC3F101030F930F9B002BF0D0D4F8A7
:1074800010B004F114034FEA8B0A03EB8B014FF0A9
:10749000000C184653F8042BB2F1FF3F1BD0013209
:1074A0000260022D04F114033CD1D8F80020013A07
:1074B000B24209D17111012253F8213006F01F06A2
:1074C00002FA06F61E423AD145F020050E9B1C60DA
:1074D000029B1F60B0E6994243F804CCD9D8A36858
:1074E0009B4517DB61680198013100F0C5F98146C1
:1074F00018B91A4B02468421C5E62269023204F10A
:107500000C0192000C30FFF734FD2146019800F089
:10751000F1F94C4623695A1C04EB830322610122D2
:107520005A61BEE722695A450BDD01212046FFF76B
:107530009FFDD8F808300137BB42FFF6E0AE0125C9
:10754000C2E716F01F06FAD05344C6F1200653F8DE
:10755000040C00F081FAB042E7DBF0E7C83C030816
:10756000C2F10802920070B5C2F1200643680468B7
:1075700003FA06F52C43D340046040F8043F8842E8
:10758000F4D370BD30B50368013311F8014B14B961
:107590000360012030BD13F8012BA2F14105192D24
:1075A00098BF2032A242F0D00020F3E72DE9F04F3F
:1075B0000B6801685E1102EB860613F01F0387B0AB
:1075C00018BF04360025371F82469046019346F8BF
:1075D000045CB9463C460295AB464A784B1C039383
:1075E00042B3104605910492FFF794FD002853D151
:1075F000049A0599202A18D8029B9B4513DD4C4517
:1076000006D2072D04DC2A4649462046FFF7A8FF8C
:10761000444554D90023A4F1040944F8043CCDF8AE
:1076200008B04C461D460399D7E7292A59D10231A3
:10763000CAF80010BBF1000F53D04C4506D2072DFD
:1076400004DC2A4649462046FFF78AFF444538D9DC
:10765000A8F10402234653F8041B42F8041F9F427A
:10766000F9D23B1B23F003030134033EB44288BF2D
:10767000002308F10402134400211A4604339F42F8
:107680001160FAD23B681BB9474528D101233B6002
:10769000052007B0BDE8F08F0135082D0BF1010B77
:1076A00006DD4445BFD9002344F8043C0125043CD1
:1076B000226800F00F0040EA02102060B3E70825BE
:1076C000B1E7019B002BDDD0C3F120034FF0FF3267
:1076D000DA4056F8043C134046F8043CD2E7043F35
:1076E000D0E70420D5E70000024B0146186800F0FF
:1076F00025B800BFC802002070B50F4E0C46316897
:10770000054611B901F024F930602146284601F000
:107710001FF9431C03D14FF0FF34204670BDC41C39
:1077200024F00304A042F8D0211A284601F010F9F1
:107730000130F2D1EFE700BF988E01202DE9F84328
:10774000CD1C25F0030508350C2D38BF0C25002D68
:10775000064601DBA94204D90C2333600020BDE8B2
:10776000F883DFF8D48000F07BF8D8F800301C46AE
:1077700044BB29463046FFF7BFFF431C044658D19F
:10778000D8F800402746002F43D1002C4BD0236867
:107790003946304604EB030901F0DAF8814542D15D
:1077A00021686D1A29463046FFF7A6FF01303AD00E
:1077B00023682B442360D8F800305A6862BBC8F8AD
:1077C00000700FE02268521B20D40B2A17D96119D0
:1077D000A342256018BF5960636808BFC8F800104D
:1077E00062514B60304600F041F804F10B00231D5C
:1077F00020F00700C21A1CBF1B1AA350AFE7626833
:10780000A3420CBFC8F800205A60EBE72346646827
:10781000AEE73C467F68B6E71A465B68A342FBD1F9
:1078200000235360DEE70C233360304600F01EF87F
:1078300094E70560D6E700BF9C8E012082B001B9B5
:1078400001A942B14BB113780B601278101E18BF1A
:10785000012002B070471046FBE76FF00100F8E727
:107860000148FFF77CBB00BF948E01200148FFF761
:1078700077BB00BF948E012070B5C46905460E46E3
:1078800084B91020FFF730FF0446E86128B90246AA
:10789000164B17486B21FFF783FB0023C0E9013328
:1078A0000360C360E36853B921220421284601F034
:1078B0005FF8EB69E060DB680BB9002070BD53F83E
:1078C000260030B1026843F826200023C0E90333C4
:1078D000F4E7012101FA06F4621D9200284601F046
:1078E00047F80028E9D0C0E90164EEE7AD3B0308A2
:1078F0003A3D030870B5C66905460C4676B91020B6
:10790000FFF7F2FE0246E86120B9094B09488F21D2
:10791000FFF746FBC0E901660660C6603CB1EB6953
:107920006268DB6853F82210216043F8224070BD82
:10793000AD3B03083A3D03082DE9F0410D690746C8
:107940000C461E4601F1140C0020DCF8003099B200
:1079500002FB01611E0C0B0C02FB063389B20130E5
:1079600001EB034185424CF8041B4FEA1346ECDC63
:107970000EB3A368AB4219DC616838460131FFF7EA
:107980007BFF804628B902460C4B0D48BA21FFF711
:1079900007FB2269023204F10C0192000C30FFF760
:1079A000E8FA21463846FFF7A5FF444604EB850375
:1079B00001355E6125612046BDE8F081C83C0308C1
:1079C0003A3D03082DE9F8430C4615461F460922A7
:1079D0000833064693FBF2F3002101229A4209DBA9
:1079E0003046FFF749FF40B90246194B1948D321E9
:1079F000FFF7D6FA52000131F0E7089B4361092DE9
:107A00004FF00103036116DD04F10908C1462C445F
:107A100019F8013B0146303B0A223046FFF78CFF44
:107A2000A145F5D1A844A8F108042D1B63199F4274
:107A300004DCBDE8F8830A340925F6E714F8013BB5
:107A40000146303B0A223046FFF776FFEEE700BFE3
:107A5000C83C03083A3D0308B0F5803F034636BFF3
:107A6000030400201020B3F1807F3CBF1B020830CC
:107A7000B3F1805F3CBF1B010430B3F1804F3CBFCA
:107A80009B000230002B05DB13F0804F00F101005A
:107A900008BF202070470368024613F007000BD090
:107AA000D90721D4980749BF5B089B0801201360C0
:107AB0005CBF13600220704799B209B91B0C1020FB
:107AC000D9B209B908301B0A190704BF1B090430D1
:107AD000990704BF9B080230D90703D45B0800F163
:107AE000010003D0136070470020704720207047CA
:107AF00010B50C460121FFF7BFFE024628B9054B21
:107B0000054840F24511FFF74BFA01234461036138
:107B100010BD00BFC83C03083A3D03082DE9F04FF3
:107B2000D1F81090D2F810A0D14585B088461446FF
:107B300004DB53460C46CA4690469946A3686168E2
:107B40000AEB0906B342B8BF0131FFF795FE30B921
:107B50000246454B45484FF4B171FFF721FA00F159
:107B6000140505EB86072B460022BB421FD304F108
:107B7000140C08F114010CEB8A0301EB8902029248
:107B80001A1B153A22F0030215349C4288BF0022CA
:107B90000192029A03918A420CD8002E03DD57F815
:107BA000043D002B5DD0066105B0BDE8F08F43F8C1
:107BB000042BDAE7B1F800A0BAF1000F24D0E046B8
:107BC000A9464FF0000E58F8042BD9F800401FFAD0
:107BD00082FBA4B20AFB0B444FEA124BD9F80020F7
:107BE00074444FEA124E0AFB0BE202EB1442A4B2B9
:107BF00044EA0244434549F8044B4FEA124EE2D8A6
:107C0000019AAA18C2F804E0039AB2F8028004317B
:107C1000B8F1000F23D02A68E6469146AA464FF0F5
:107C2000000BBEF8004008FB04B404EB194492B208
:107C300042EA04424AF8042B5EF8042BDAF800907A
:107C40004FEA124B1FFA89F208FB0B2202EB144297
:107C500073454FEA124BE4D8019C2C19626004353D
:107C600097E7013E99E700BFC83C03083A3D030887
:107C70002DE9F843174612F0030280460D4607D05F
:107C8000264C013A002354F82220FFF755FE054602
:107C9000BF103FD0D8F81C4094B91020FFF724FD46
:107CA0000446C8F81C0030B902461D4B1D4840F27E
:107CB000B311FFF775F90023C0E901330360C36016
:107CC000A66846B940F271214046FFF711FF002334
:107CD000A060064603602C464FF0000907F0010340
:107CE0007F1053B1294632464046FFF717FF214621
:107CF00005464046FFF7FEFD67B1306838B93246A9
:107D000031464046FFF70AFF3060C0F80090064653
:107D10002C46E3E72846BDE8F88300BF7C42030811
:107D2000AD3B03083A3D03082DE9F84F0C4649687E
:107D3000236903EB6218A368074615464FEA621AE7
:107D400008F101094B450BDB3846FFF795FD064668
:107D500048B90246294B2A484FF4EF71FFF720F942
:107D600001315B00EEE7002300F1140C00F110027A
:107D70001946534535DB22692AEAEA7A0CEB8A0C6C
:107D800004F1140315F01F0E614603EB82022CD0A0
:107D9000CEF1200A002518688B4600FA0EF0284321
:107DA000CBF8000053F8045B9A4201F1040125FA74
:107DB0000AF5F0D8131B153B23F0030304F115015A
:107DC0008A4238BF00239C44CCF8045005B9C14610
:107DD0003846C6F810902146FFF78CFD3046BDE8C6
:107DE000F88F42F8041F0133C3E753F8045B0D60BA
:107DF0009A4201F10401F8D8E9E700BFC83C030842
:107E00003A3D03080A6903460069801A30B50ED16D
:107E10001433143103EB820401EB820154F8045D46
:107E200051F8042D954203D005D24FF0FF3030BDFC
:107E3000A342F3D3FBE70120F9E700002DE9F74F58
:107E40008A460646114650461446FFF7DBFF051EDC
:107E500012D129463046FFF70FFD024628B9414BA3
:107E600040F237214048FFF79BF80123C0E9043571
:107E7000104603B0BDE8F08FBCBF5346A246304663
:107E8000DAF80410BABF1C4601250025FFF7F4FC00
:107E9000024618B9334B40F24521E3E7DAF8107097
:107EA0002669C5600AF1140904F1140E00F11405E5
:107EB0000AF1100309EB87080EEB86060193AB4627
:107EC0004FF0000C019B5EF8040B53F804AF0193D4
:107ED0001FFA8AF3194683B2CB1A000C6344C0EB35
:107EE0001A4000EB23409BB243EA004376454BF82F
:107EF000043B4FEA204CE5D8331B153B153423F0E7
:107F00000303A64238BF0023E8184B441C1D04306D
:107F10002646A5EB0905464506EB050E0ED308F1EE
:107F20000301091B21F003010133984538BF0021EB
:107F3000014451F8043D9BB1176199E756F8041BC1
:107F4000E2464FEA11491CFA81FC514409EB2C49E5
:107F500089B241EA09414FEA294CCEF80010DAE72C
:107F6000013FE6E7C83C03083A3D030882B08DEDC7
:107F7000000B019A0F4B1340A3F15073002B08DC48
:107F80005B42B3F1A07F4FEA235204DA4FF400239F
:107F90001341002208E0A2F114031E2BDABF4FF0B8
:107FA0000042DA40012200231946104641EC100B32
:107FB00002B070470000F07F2DE9F041066900F142
:107FC000140808EB8606371F56F8042C1046FFF7F6
:107FD00043FDC0F120030A280B601B4915DCC0F1EA
:107FE0000B0C22FA0CF3B84543EA010534BF56F8EE
:107FF000083C0023153002FA00F023FA0CF3034387
:108000001C4645EC104BBDE8F081B8453ABF56F828
:10801000083CA6F1080700230B3812D0C0F120015C
:1080200023FA01F482402243474542F07F558CBF3A
:1080300057F8042C00228340CA4045F440151343EE
:10804000DEE742EA0105DBE70000F03F2DE9F743F8
:108050000F46012159EC108B1646FFF70DFC044624
:1080600030B90246234B244840F20F31FEF798FF07
:10807000C9F30A55C9F313030DB143F480130193F7
:10808000B8F1000323D068460093FFF704FD009980
:10809000D8B1019AC0F1200302FA03F30B43C240A6
:1080A00063610192019BA361002B0CBF012202229C
:1080B0002261A5B1A5F2334505443D60C0F135000C
:1080C0003060204603B0BDE8F0836161EAE701A8B3
:1080D000FFF7E1FC019B636120300122E8E704EB3C
:1080E0008203A0F2324038601869FFF7B5FCC0EB9C
:1080F0004210E5E7C83C03083A3D03082DE9F04F7C
:1081000085B0CDE9001002A9FFF756FF009803A93A
:1081100055EC104BFFF750FF019B1969009B1B6941
:10812000C91ADDE902329B1A5BEC10AB03EB411379
:10813000002BCEBF2A46C3EB03335A462F46D946FF
:10814000CCBF02EB035702EB03594B465246204685
:108150003946F9F7F3FC41EC100B05B0BDE8F08FA0
:10816000013970B549111469013102F1140300EBB2
:10817000810103EB8404051FA3420CD3A31A113B16
:1081800023F003031132944238BF00231844002324
:10819000884205D370BD53F8046B45F8046FEBE7D4
:1081A00040F8043BF4E700F1140200694B119842D7
:1081B00010B511DB0ADD11F01F0107D052F8234082
:1081C00024FA01F000FA01F18C420BD102EB830397
:1081D000934203D8002010BD0346F7E753F8041D6F
:1081E0000029F5D00120F6E70346084641B1FF2AF1
:1081F00004D98A221A604FF0FF3070470A700120BC
:1082000070472DE9F0478E681F46BE4282460C46F5
:108210009046334653D8B1F90C0010F4906F2BD030
:1082200065692368096905EB4505A3EB010905EBC1
:10823000D5757B1C6D104B44AB422A4684BF1D464E
:108240002A46430527D511465046FFF777FA0646DA
:1082500058B321694A46FEF78CFEA38923F4906344
:1082600043F08003A381266165614E44A5EB0905B7
:108270002660A5603E463B461F4620683A4641467A
:10828000FEF7AAFCA3689B1BA36023683B44236002
:108290000020BDE8F087504600F07EFB064600282F
:1082A000E1D121695046FEF799FE0C23CAF800304F
:1082B000A38943F04003A3814FF0FF30E9E73E4636
:1082C000DBE700002DE9F04F98468B891B069DB037
:1082D00007460D46144610D50B6973B94021FFF7C8
:1082E0002DFA2860286130B90C233B604FF0FF3035
:1082F0001DB0BDE8F08F40236B610023099320235C
:108300008DF82930CDF80C803023DFF89C818DF872
:108310002A304FF0010923469A4613F8012B0AB17F
:10832000252AF9D1BAEB040B0BD05B46224629462D
:108330003846FFF766FF013000F0A780099A5A44DB
:1083400009929AF80030002B00F09F8000234FF034
:10835000FF32CDE905230AF1010A049307938DF852
:1083600053301A935446052214F8011B4E48F9F76E
:10837000C7FE049AD8B9D00644BF20238DF85330E5
:10838000110744BF2B238DF853309AF800302A2B65
:1083900015D0079A544600204FF00A0C214611F8D8
:1083A000013B303B092B4BD9B0B1079214E0A0EB55
:1083B000080309FA03F313430493A246D2E7039B8D
:1083C000191D1B680391002BBBBF5B4242F00202E8
:1083D00007930793B8BF049223782E2B0AD16378B2
:1083E0002A2B32D1039B1A1D1B68039243EAE373C5
:1083F00002340593DFF8C0A0217803225046F9F734
:108400007FFE38B1049BA0EB0A0040228240134358
:108410000134049314F8011B24488DF82810062217
:10842000F9F76EFE002836D0214B1BBB039B0733A8
:1084300023F0070308330393099B334409936AE746
:108440000CFB02320C460120A8E7002301340593FF
:1084500019464FF00A0C204610F8012B303A092A31
:1084600003D9002BC6D00591C4E70CFB01210446BB
:108470000123F0E703AB00932A460E4B04A93846CC
:10848000AFF30080421C0646D6D1AB895B063FF5B0
:108490002DAF09982CE703AB00932A46054B04A99E
:1084A000384600F079F8EDE7943D03089E3D030857
:1084B00000000000038202089A3D03082DE9F047FE
:1084C000164698468A680B69DDF820909342B8BF3B
:1084D0001346336091F8432007460C460AB1013336
:1084E00033602368990642BF3368023333602568DE
:1084F00015F0060506D104F1190AE36832689B1AE3
:10850000AB4226DC94F843302268003B18BF0123BD
:1085100092062BD404F1430241463846C847013045
:108520001ED02368226903F00603042B02BFE5680E
:108530003368ED1AA3680CBF25EAE5750025934260
:10854000C4BF9B1AED1800261A34B5421AD1002078
:1085500008E00123524641463846C847013003D15E
:108560004FF0FF30BDE8F0870135C6E7E1185A1C2F
:10857000302081F84300224494F8451082F84310DB
:108580000233C7E70123224641463846C847013037
:10859000E6D00136D9E700002DE9FF470F7E0C9E9B
:1085A000782F914680460C469A4601F1430207D83F
:1085B000622F0AD8002F00F0D280582F00F0B78029
:1085C00004F1420684F842703AE0A7F16303152BE8
:1085D000F6D801A151F823F0318602084586020839
:1085E000C1850208C1850208C1850208C18502084B
:1085F00045860208C1850208C1850208C1850208B6
:10860000C1850208458702086F860208FB860208BA
:10861000C1850208C185020867870208C185020872
:108620006F860208C1850208C18502080387020817
:1086300033681A1D1B68326004F1420684F8423028
:1086400001239DE033682068191D3160060601D5BD
:108650001D6803E04506FBD5B3F90050002D03DA91
:108660002D236D4284F8433059480A2310E02168D5
:108670003368080653F8045B02D4490648BFADB21C
:108680006F2F5348336059D10823002184F84310D9
:108690006668A660002E05DB21682E4321F00401E8
:1086A00021604DD01646B5FBF3F103FB1157C75DB2
:1086B00006F8017D2F46BB420D46F4D9082B0BD19D
:1086C0002368DF0708D5236961689942DEBF30233C
:1086D00006F8013C06F1FF36921B2261CDF800A09E
:1086E0004B4603AA21464046FFF7E8FE01304CD135
:1086F0004FF0FF3004B0BDE8F087236843F020035B
:1087000023603448782784F84570236831681F0651
:1087100051F8045B02D45F0648BFADB23160D9079F
:1087200044BF43F0200323601DB11023ADE7284868
:10873000E9E7236823F020032360F6E70A23A4E790
:108740001646BBE7336825686169181D30602E0640
:108750001B6801D5196002E06806FBD5198000236B
:1087600023611646BAE733681A1D32601E686268D4
:1087700000213046F9F7C4FC08B1801B60606368D3
:108780002361002384F84330A8E723693246494631
:108790004046D0470130ABD023689B0713D4E06834
:1087A000039B9842B8BF1846A4E7012332464946C6
:1087B0004046D04701309BD00135E36803995B1AEE
:1087C000AB42F2DCEBE7002504F11906F5E700BF48
:1087D000A53D0308B63D0308B1F90C202DE9F04191
:1087E000160705460C4651D44B68002B02DC0B6C77
:1087F000002B49DDE66A002E46D0002312F4805299
:108800002F682B6031D0626DA389590705D5636845
:10881000D21A636B0BB1236CD21A0023E66A216A69
:108820002846B047421CB4F90C3006D129681D29EE
:1088300046D8294ACA40D60742D500226260D904E8
:108840002269226004D5421C01D12B6803B96065FE
:10885000616B2F60C1B104F14403994202D02846F4
:10886000FEF7BCFB002363630EE0216A0123284668
:10887000B0470246501CC7D12B68002BC4D01D2B1B
:1088800001D0162B1AD12F6000201EE00F69002F97
:10889000FAD093070E6808BF4B690F6018BF00231A
:1088A000A6EB07088B60B8F1000FEDDD216AA66A20
:1088B00043463A462846B047002808DCB4F90C3055
:1088C00043F04003A3814FF0FF30BDE8F08107443F
:1088D000A8EB0008E7E700BF0100402038B50B69AE
:1088E00005460C4613B90025284638BD18B1036A61
:1088F0000BB9FEF785F8B4F90C30002BF3D0626E9B
:10890000D00704D4990502D4A06DFEF728FB2846B1
:108910002146FFF761FF636EDA070546E4D4A389B9
:108920009B05E1D4A06DFEF71BFBDDE70EB403B59C
:10893000014603AB054853F8042B0068019300F08F
:1089400083F802B05DF804EB03B07047C802002062
:1089500038B5064D0023044608462B60F8F7F8F8B2
:10896000431C02D12B6803B1236038BD908E0120D7
:1089700070B5A1FB025434B92946FEF7DFFE064666
:1089800028B9304670BD0C2202600026F9E72A465D
:108990002146FEF73AF9F4E72DE9F041074614467F
:1089A0000D4621B9BDE8F0411146FEF7C7BE2AB910
:1089B000FEF714FB25462846BDE8F08100F0EEF9ED
:1089C0008442064602D8B4EB500FF4D8214638460C
:1089D000FEF7B4FE804608B94546ECE7B4422246AD
:1089E000294628BF3246FEF7C4FA29463846FEF724
:1089F000F5FAF1E79368013B002B10B4936008DAB5
:108A00009469A34201DB0A2903D15DF8044B00F00D
:108A100033B91368581C1060197008465DF8044B90
:108A20007047F8B506460F461446D518AC4201D13A
:108A3000002007E014F8011B3A463046FFF7DAFF42
:108A4000431CF3D1F8BD00002DE9F04F0D469DB059
:108A500014469846064618B1036A0BB9FDF7D0FFD5
:108A60006B6ED90705D4AB899A0502D4A86DFEF7C1
:108A700076FAAB891B0701D52B699BB9294630468D
:108A800000F038F970B16B6EDC0704D54FF0FF30A1
:108A90001DB0BDE8F08FAB899805F7D4A86DFEF73F
:108AA0005FFAF3E70023099320238DF82930CDF8EE
:108AB0000C803023DFF8AC818DF82A304FF00109AB
:108AC00023469A4613F8012B0AB1252AF9D1BAEBAD
:108AD000040B0BD05B46224629463046FFF7A1FF28
:108AE000013000F0A780099A5A4409929AF80030A0
:108AF000002B00F09F8000234FF0FF32CDE90523CB
:108B00000AF1010A049307938DF853301A935446DF
:108B1000052214F8011B5348F9F7F2FA049AD8B960
:108B2000D10644BF20238DF85330130744BF2B23B5
:108B30008DF853309AF800302A2B15D0079A5446F6
:108B400000204FF00A0C214611F8013B303B092B65
:108B50004BD9B0B1079214E0A0EB080309FA03F374
:108B600013430493A246D2E7039B191D1B6803918C
:108B7000002BBBBF5B4242F0020207930793B8BFD2
:108B8000049223782E2B0AD163782A2B32D1039BAF
:108B90001A1D1B68039243EAE37302340593DFF85E
:108BA000D4A0217803225046F9F7AAFA38B1049BE1
:108BB000A0EB0A004022824013430134049314F8CE
:108BC000011B29488DF828100622F9F799FA002888
:108BD0003FD0264B1BBB039B073323F0070308330F
:108BE0000393099B3B4409936AE70CFB02320C4652
:108BF0000120A8E700230134059319464FF00A0C21
:108C0000204610F8012B303A092A03D9002BC6D090
:108C10000591C4E70CFB012104460123F0E703ABF7
:108C200000932A46124B04A93046AFF30080074652
:108C3000781CD6D16B6ED90705D4AB899A0502D4BE
:108C4000A86DFEF78DF9AB895B063FF51FAF09985C
:108C50001EE703AB00932A46054B04A93046FFF7F5
:108C60009BFCE4E7943D03089E3D030800000000E0
:108C7000238A02089A3D0308F8B50E4614460546B5
:108C800018B1036A0BB9FDF7BBFEA369A360A38902
:108C90001A0701D5236943B92146284600F02AF86E
:108CA00018B14FF0FF373846F8BD23682269981A8B
:108CB0006369F6B28342374605DC21462846FFF752
:108CC0000DFE0028EDD1A368013BA36023685A1C68
:108CD00022601E706269431C9A4204D0A389DB079C
:108CE000E1D50A2EDFD121462846FFF7F7FD0028FF
:108CF000D9D0D6E738B5284B054618680C4618B1C8
:108D0000036A0BB9FDF77CFEB4F90C301A0721D4C5
:108D1000D80607D409222A6043F04003A3814FF00C
:108D2000FF3030E0590712D5616B41B104F14403C3
:108D3000994202D02846FEF751F9002363630022CE
:108D4000B4F90C3062602269226023F0240343F0FE
:108D50000803A38122693AB99A0501D5180603D5FB
:108D60002146284600F046F8B4F90C3013F0010211
:108D70000AD00022A26062695242A261226942B90D
:108D800013F08000C8D138BD990758BF6269A2604E
:108D9000F4E70020F7E700BFC802002051F8043CC8
:108DA000181F002BBCBF0B58C018704770B50C467D
:108DB000B1F90E10002996B015461E460ADAA189AF
:108DC00011F0800113D14FF48062002031602A60DD
:108DD00016B070BD6A4600F047F80028EFDB019935
:108DE00001F47041A1F5005359425941EBE70021CC
:108DF0004022EAE78B8973B59E0705460C4607D5E6
:108E000004F14703236023610123636102B070BD55
:108E100001AB6A46FFF7CAFF009E28463146FEF7BF
:108E20008DFCB4F90C3038B99A05EFD423F0030364
:108E300043F00203A381E3E743F08003A381019B96
:108E40002060C4E90406002BE0D0B4F90E102846D7
:108E500000F01CF80028D9D0A38923F0030343F0C5
:108E60000103A381D2E7000038B5074D0023044673
:108E7000084611462B60F7F72DFE431C02D12B68E4
:108E800003B1236038BD00BF908E012038B5064D78
:108E90000023044608462B60F7F721FE431C02D14D
:108EA0002B6803B1236038BD908E012038B50022B5
:108EB000002304460D46F8F789FF28B920462946C5
:108EC000BDE8384000F00AB8204605F1004100F046
:108ED00005F8404261EB410138BD00BFD0B50C4BF5
:108EE000002206460F46F8F7FFFCF8F797FF044606
:108EF000F8F780FC074B0022F8F7F6FC02460B4619
:108F000030463946F8F738FBF8F788FF2146D0BDE0
:108F10000000F03D0000F041F8B500BFF8BC08BC0F
:108F20009E467047F8B500BFF8BC08BC9E46704727
:108F3000010000000A0000006400000000000000C2
:108F40000000000000000000000000000000000021
:108F50000000000000000000000000000000000011
:108F60000000000000000000000000000000000001
:108F7000A48F020881250208752D0208212E0208FF
:108F80001D0B000817040008050400081509000857
:108F90004125020831314170706C69636174696FF9
:108FA0006E000000EC400308948F0208D03D0308D7
:108FB000000000001890020891290208BD2902084B
:108FC00041BB0008BBBB0008DBBB00085FBB00085F
:108FD00079BB000861BC000857140008ED130008B5
:108FE000C1140008893002088F3002089530020849
:108FF0009B300208A1300208A7300208AD300208F9
:10900000B13002088DBB000831304461746157698A
:109010006E646F7700000000EC40030808900208BF
:10902000302C03080000000078900208F13002089C
:10903000BD3102086D1D00087D230008CF1900080E
:10904000B71A0008B5240008050000000A00000057
:10905000140000004D33205331303030300D004DBE
:10906000350D003136446972656374436F6E7472F6
:109070006F6C536372000000EC40030863900208B9
:109080000C3E03080000000030970208812502080A
:1090900095340208A9340208F52A00082F25020891
:1090A000352502083B250208B32C0008000000000B
:1090B00050970208BD340208D134020841BB0008B1
:1090C000BBBB0008DBBB00085FBB000879BB000826
:1090D00061BC0008979800080D980008052B00084F
:1090E000893002088F300208953002089B30020850
:1090F000A1300208A7300208AD300208B1300208E2
:109100008DBB0008D7D7FBFBFBFBFBFBFBFBFBFB93
:10911000FBFBFBFBFBFBFBFBFBFBFBFBFBFBD7D7E7
:10912000D7FBFB0000000000000000000000000072
:10913000000000000000000000FBFBD7FBFB00006C
:109140000000000031626868623100000000000029
:10915000000000000000FBFBFB00000000000668B0
:109160009393699393936837000000000000000018
:10917000000000FBFB0000000031936899C4CAC4E2
:10918000996869686200000000000000000000FBB0
:10919000FB000000319393CBFBCACACAFBFB996862
:1091A0006862376862683100000000FBFB00000065
:1091B0009399FBC49368939399CAFBC468686262ED
:1091C00093689962000000FBFB00003893FB9968EC
:1091D000939999999999C4FBC4686831999368994E
:1091E000310000FBFB000068CAC468939999999A02
:1091F000C4C499CAFB93686262996899930000FBA2
:10920000FB003193F56893999999C4C4C4CA9968CD
:10921000CACA626831999393993100FBFB00629945
:10922000C469939999C4C4CACA99939399FB9368E2
:109230003799C468C43700FBFB0062CA93939999BD
:10924000C4C4CACACA99C4C468FB9A626268C462C8
:10925000933700FBFB0068FB6893999999C4CACACD
:109260009993C49962CACA9993386838683100FBE7
:10927000FB0068FB689393999999C4CA99376899D8
:10928000CA9464646AC5C438623100FBFB0062F5AD
:109290006893939399C4CACACA31999B34343A3AB1
:1092A0003A3464CA620000FBFB0062CA939393994C
:1092B000C4CACACAFBCA9B343A3A3A3A3A643A3AFE
:1092C0009A0000FBFB00379999939999999999CA4B
:1092D000CBF53464F5F53B3B9BFB9534953100FBB6
:1092E000FB003193CA6993999999C4CACA9B3A3BC6
:1092F000F5FBF59BFBFB6A3A3A9300FBFB0000622F
:10930000CA9393939399C4CACA653B3B3BCBFBFB7F
:10931000FB6A353B35C400FBFB00003793CA6893FA
:109320009399C4C4CA653B110B9BFBFBFB0B0B3B26
:1093300035C400FBFB00000062C49992939999998F
:10934000CA6B3B0B71FBFBFBFBCB110B359A00FB94
:10935000FB0000003162C4996893999999CB0B3B4B
:10936000FBFB6A11CBFB9B0B656200FBFB00000063
:1093700000376299CA99939399FB3B0B6B6A111161
:10938000119B0A0BCB0000FBFB00000000003762C2
:109390006299CACACA99CB3B0B0B0B0B0B0B0B9BED
:1093A000310000FBFB000000000000316262373733
:1093B000373862CA9B3B0B0B0B6BCB31000000FBB9
:1093C000FBFB0000000000000006313131310600D7
:1093D0003199CACA9A6200000000FBFBD7FBFB0070
:1093E000000000000000000000000000000000007D
:1093F0000000000000FBFBD7D7D7FBFBFBFBFBFB10
:10940000FBFBFBFBFBFBFBFBFBFBFBFBFBFBFBFBAC
:10941000FBFBD7D7D7D7FBFBFBFBFBFBFBFBFBFB2C
:10942000FBFBFBFBFBFBFBFBFBFBFBFBFBFBD7D7D4
:10943000D7FBFB000000000000000000000000005F
:10944000000000000000000000FBFBD7FBFB000059
:109450000000000031626868623100000000000016
:10946000000000000000FBFBFB000000000006689D
:109470009393699393936837000000000000000005
:10948000000000FBFB0000000031936899C4CAC4CF
:10949000996869686200000000000000000000FB9D
:1094A000FB000000319393CBFBCACACAFBFB99684F
:1094B0006862376862683100000000FBFB00000052
:1094C0009399FBC49368939399CAFBC468686262DA
:1094D00093689962000000FBFB00003893FB9968D9
:1094E000939999999999C4FBC4686831999368993B
:1094F000310000FBFB000068CAC468939999999AEF
:10950000C4C499CAFB93686262996899930000FB8E
:10951000FB003193F56893999999C4C4C4CA9968BA
:10952000CACA626831999393993100FBFB00629932
:10953000C469939999C4C4CACA99939399FB9368CF
:109540003799C468C43700FBFB0062CA93939999AA
:10955000C4C4CACACA99C4C468FB9A626268C462B5
:10956000933700FBFB0068FB6893999999C4CACABA
:109570009993C49962CACA6262316838683100FB43
:10958000FB0068FB689393999999C4CA99376862FC
:109590003199FB6262316237623100FBFB0062F598
:1095A0006893939399C4CACACA3131313193FB622B
:1095B00062316231620000FBFB0062CA93939399AF
:1095C000C4CACACAFB9931313193FB626231383166
:1095D000310000FBFB00379999939999999999CAA1
:1095E000CBF5CA696899F56262313131000000FB40
:1095F000FB003193CA6993999999C4CACACACACA65
:10960000CACAC46237310600000000FBFB000062DA
:10961000CA9393939399C4CACACACACA99FB93625C
:1096200031000000000000FBFB00003793CA689384
:109630009399C4C4C4C4C4C4C4F5626200000000E9
:10964000000000FBFB00000062C499929399999975
:1096500099C49999F593623100000000000000FB65
:10966000FB0000003162C49968939999999999CA4D
:109670009937370000000000000000FBFB000000ED
:1096800000376299CA99939399C4F5993737310095
:1096900000000000000000FBFB000000000037623B
:1096A0006299CACACA9962373731000000000000C7
:1096B000000000FBFB000000000000316262373751
:1096C000373837310600000000000000000000FBC2
:1096D000FBFB0000000000000006313131310000CA
:1096E00000000000000000000000FBFBD7FBFB00B7
:1096F000000000000000000000000000000000006A
:109700000000000000FBFBD7D7D7FBFBFBFBFBFBFC
:10971000FBFBFBFBFBFBFBFBFBFBFBFBFBFBFBFB99
:10972000FBFBD7D739477261706844656D6F0000E5
:10973000EC40030824970208D03D03083135536FED
:10974000756E64436F6E74726F6C426F78000000C8
:10975000EC4003083C970208F01B030800000000DF
:109760008C9902088125020821350208413502083A
:109770009530000879400008DB3000083B250208DE
:1097800041250208580059005A0041004200430098
:109790002A000000952F0308E2380308B52E0308BD
:1097A000E7380308B02E0308EB380308F138030844
:1097B0002C320308F7380308FC3803080139030882
:1097C000EE370308F3370308FE37030809380308A8
:1097D00015380308283803083B3803084D380308B8
:1097E0005E3803086B380308673503082135030822
:1097F00012350308803803088E38030896380308AA
:10980000B93803086D350308C9380308D53803088B
:109810005E31030861310308793103088B31030895
:109820009D310308AC310308BC310308D331030870
:10983000E5310308F0310308FF31030884370308DA
:109840001032030826320308313203084632030877
:10985000563203086A320308473803088132030886
:1098600094320308AE320308CA320308E432030814
:109870000433030820330308343303084833030850
:10988000623303087B33030897330308B5330308B7
:10989000CC330308E8330308FD330308143403080A
:1098A0002E340308413403085E3403087D34030872
:1098B00096340308B0340308CA340308DE340308BE
:1098C000FB3403081235030821350308313503083A
:1098D0004235030856350308673503086D3503081C
:1098E0007935030894350308A5350308C435030802
:1098F000E1350308C73C0308C73C0308C73C03081D
:10990000FB3503080A360308183603082B3603080C
:109910003B360308C73C0308C73C0308C73C0308A1
:10992000C73C0308C73C03084936030857360308F9
:109930006C36030886360308A7360308C3360308C7
:10994000DB360308F53603080D3703081B37030819
:109950003637030857370308713703088D37030874
:10996000A8370308BA370308CF370308DA370308E4
:10997000E4370308E803000010270000E8030000B4
:10998000384772626C436F6D6D000000EC40030855
:1099900080990208D03D0308030403000739030837
:1099A0000E39030819390308C42F030821390308A5
:1099B0002639030800000000149A02082D2C020822
:1099C000B52C020841BB0008374A0008B74A000816
:1099D0005FBB000879BB000861BC0008354A00087D
:1099E000354A0008F94B0008893002088F30020818
:1099F000953002089B300208A1300208A730020807
:109A0000AD300208B13002088DBB000836486561F0
:109A100064657200EC4003080C9A0208302C0308BD
:109A2000C7C7C7C7C7C7C7C7C7C7C7FFFFFFF6F6C0
:109A3000F6F6FFFFFFFFC7C7C7C7C7C7C7C7C7C778
:109A4000C7C7C7C7C7C7C7C7C7C7C7C7C7C7C7C7A6
:109A5000FFAD5B5B52A4A4A4A4A4A4A45BA4A4F63D
:109A6000FFC7C7C7C7C7C7C7C7C7C7C7C7C7C7C74E
:109A7000C7C7C7C7C7C7FFA45BADF6FFFFF6ADAD4D
:109A8000ADADADF6FFFFF6A45BA4FFC7C7C7C7C760
:109A9000C7C7C7C7C7C7C7C7C7C7C7C7C7F600F6BF
:109AA000FFF6ADADADF6FFFFFFFFF6ADA45BA4F68C
:109AB000AD09ADADFFC7C7C7C7C7C7C7C7C7C7C70A
:109AC000C7C7C7F6520909A45BADFFF6A4A4A4A4B6
:109AD000A4A4A4A4ADF6AD525B00A4A45BFFC7C7C9
:109AE000C7C7C7C7C7C7C7C7C7C7F65BFFAD0909A1
:109AF00052A45BA4F6FFFFF6F6FFFFFFAD095B5B28
:109B0000A4A4A4FFF65BFFC7C7C7C7C7C7C7C7C71B
:109B1000C7FF52FFFFA4FFAD520952A45B5B005286
:109B2000A45B0952A45B5B5BF6FFADA4FFADA4C7C9
:109B3000C7C7C7C7C7C7C7C7FF5BF6FFADFFFF5B98
:109B4000ADAD5209525BF65209F6095B5B09FFFFA6
:109B5000A4F6FF5BF6FF52FFC7C7C7C7C7C7C7C793
:109B6000FF52FFFFADFFF6A4FFA4F6A40900A4ADC9
:109B7000A4000009F6F6A4FFFF5BFFF6A4FFADAD5D
:109B8000C7C7C7C7C7C7C7C7F652FFF6FFFFA4F6C8
:109B9000FFA4FFFF5B5B0009090000ADADFF5BFFA9
:109BA000FF5BFFFFA4FFF65BFFC7C7C7C7C7C7C7F9
:109BB000F652FFF6F6FFA4FFFFADFFFF52F60900D5
:109BC0000000A45BF6FF5BFFFF5BFFF6A4FFAD5B4D
:109BD000FFC7C7C7C7C7C7C7F609FFFFADFFF6F680
:109BE000FFA4ADA45252ADF6ADA40952A45BF6FF9A
:109BF000A4F6FFA4F6FFA452FFC7C7C7C7C7C7C7CD
:109C0000F652ADFFF6F6FFA4ADA45B525BF6F6ADDF
:109C1000ADF6AD095252ADA4A4FFADA4FFF65B5260
:109C2000FFC7C7C7C7C7C7C7F65BA4F6FFF6ADAD8A
:109C30005B5B5BADADADADA4A4A4A4ADAD5B525B6D
:109C4000ADAD5BFFFF52F6005BF6FFC7C7C7C7C7E6
:109C5000F652FF5BADF6A45B09A4A4ADADFFFFFF18
:109C6000FFFFF6A45BA4AD5B5252ADF652F6F6AD23
:109C7000FF5B5BFFC7C7C7C7F600FFFF0952095B61
:109C8000ADADF6FFF6ADADA4A4A4ADF6FFF6ADA460
:109C9000A4525209A4FF5BFFFFFFF65BA4FFC7C7F6
:109CA000F65B5BFF00AD00A4FFFFF6ADF6ADADAD1A
:109CB000ADADADADADF6FFFFAD00A45BA4ADA4FFAF
:109CC000FFFFFFAD00FFC7C7F6A4ADA4F6ADA4AD7E
:109CD000A4A4A4F6FFFFFF5200FFFFFFF6AD5B5206
:109CE000A45BA4A4AD52FFFFFFF6ADF65BFFC7C7B0
:109CF000F6A4FFADA4F6ADF6FFFFF6ADA4A4A45BF9
:109D0000A4A4ADA4ADF6FFFFFFA4ADAD52FFFFFFCD
:109D1000ADADADFF5BFFC7C7F65BFFFFF652ADF61B
:109D2000FFFFFFFFFFFFFFFFFFFFFFFFFFFFFFFF43
:109D3000FFAD52A4FFFFADADFFA4A4FFA4FFC7C7B2
:109D4000F609FFFFFF525B5B5BF6F6FFFFFFFFFFCD
:109D5000FFFFFFFFFFFFF6AD5B5BF6FFF6ADF6FF23
:109D6000FFFFFFFFA4FFC7C7F600F6FFA45209FFDD
:109D7000F6ADA45BA4F6ADF6F6ADF6ADA4A4A4AD25
:109D8000FFFFFFADF6FFFFFFFFFFFFFFA4FFC7C709
:109D9000F65B52F6F65BA4FFFFFFFFFFF6ADA400F3
:109DA0005BA4ADF6FFFFFFFFFFADADFFFFFFFFFFC1
:109DB000FFF652FF52F6C7C7F652AD5BF6FFFFFF44
:109DC000FFFFFFFFFFF652F6FFFFFFFFFFFFFFF66B
:109DD000A4F6FFFFFFFFFFFFFFF6A4ADA452F6C7F6
:109DE000FF52F6A4095BFFFFFFFFF6ADF652A4FF9A
:109DF000FFFFFFFFFFFFADADFFFFFFFFFFFFFFFF17
:109E0000F6A45BF6F6A45BFFC7F652FF520009AD5D
:109E1000F652000000095252ADFFFFFFADADFF52F8
:109E2000ADFFFFFFFFFFFFADADF65BA4F6FF5BFFED
:109E3000C7C7AD5BF6A4ADA400F6AD5B5BA4A4A45C
:109E4000095BAD5BF6FFFFF6FFFFFFFFFFF6ADFF1F
:109E5000FFADADFFFFAD5BFFC7C7FFAD52F6FFF62D
:109E6000A4A4A4FFAD5B5200AD09F6ADFFFFFFFF58
:109E7000FFFFFFF6ADF6FFF6ADF6FFF652A4FFC703
:109E8000C7C7C7C7F6525BADADA4F6A45BA4090073
:109E900052AD52FFFFFFFFADADFFADADFFFFADF621
:109EA000FFFF5B52F6FFC7C7C7C7C7C7C7FFF6525A
:109EB000A4A4AD5B5209000900AD52FFFFFFFF5B98
:109EC000AD5BF6FFF6ADFFFFAD09ADFFC7C7C7C776
:109ED000C7C7C7C7C7C7C7FF5BADA4005209525267
:109EE00000A452FFFFFFF6ADF65B5BADF6FFF65B3D
:109EF000A4FFC7C7C7C7C7C7C7C7C7C7C7C7C7FFA5
:109F0000A4AD5B5B00525BAD005209F6FFAD5BF6A2
:109F1000FFADF6FFFFA45BF6C7C7C7C7C7C7C7C774
:109F2000C7C7C7C7C7C7C7C7F65BADA4ADA4F6A46C
:109F30000900A45252F6FFAD5BFFFFAD52ADFFC763
:109F4000C7C7C7C7C7C7C7C7C7C7C7C7C7C7C7C7A1
:109F5000C7A4A4AD5BAD5BA40009F6F6AD5BADFF95
:109F6000ADF652A4FFC7C7C7C7C7C7C7C7C7C7C7CC
:109F7000C7C7C7C7C7C7C7C7C7FF5BA4A40952AD38
:109F800000ADC7C7C7FFAD5B0952F6C7C7C7C7C794
:109F9000C7C7C7C7C7C7C7C7C7C7C7C7C7C7C7C751
:109FA000FFAD5252ADFFF600A4FFC7C7C7C7C7FF3A
:109FB000F6FFC7C7C7C7C7C7C7C7C7C7C7C7C7C7CA
:109FC000C7C7C7C7C7C7C7C7F60000ADFFF652F679
:109FD000C7C7C7C7C7C7C7C7C7C7C7C7C7C7C7C711
:109FE000C7C7C7C7C7C7C7C7C7C7C7C7C7C7C7C701
:109FF000FF000009A45BFFC7C7C7C7C7C7C7C7C75C
:10A00000C7C7C7C7C7C7C7C7C7C7C7C7C7C7C7C7E0
:10A01000C7C7C7C7C7C7C7C7FFA40000ADFFC7C72B
:10A02000C7C7C7C7C7C7C7C7C7C7C7C7C7C7C7C7C0
:10A03000C7C7C7C7C7C7C7C7C7C7C7C7C7C7C7C7B0
:10A04000C7C7C7C7C7C7C7C7C7C7C7C7C7C7C7C7A0
:10A05000C7C7C7C7C7C7C7C7C7C7C7C7C7C7C7C790
:10A06000C7C7C7C7C7C7C7C7C7C7C7C7C7C7FFA46B
:10A07000A4A4ADAD5BADA4A45BFFC7C7C7C7C7C7EA
:10A08000C7C7C7C7C7C7C7C7C7C7C7C7C7C7C7C760
:10A09000C7C7C7C75BA4FFFFFFFFFFFFADFFFFFF01
:10A0A000FFFF5BA4C7C7C7C7C7C7C7C7C7C7C7C75F
:10A0B000C7C7C7C7C7C7C7C7C7C7A4ADFFFFF65B3A
:10A0C00052520000000052525BFFFFFFA4A4C7C71A
:10A0D000C7C7C7C7C7C7C7C7C7C7C7C7C7C7C7C710
:10A0E000FFA4FFF6AD0000095BA4A45B5BA4A4A4DD
:10A0F000090052ADF6FFA4FFC7C7C7C7C7C7C7C788
:10A10000C7C7C7C7C7C7C7ADADFFF609005BADADD1
:10A11000FFFFFFA4ADFFFFFFA4AD520052F6FFAD5D
:10A12000ADC7C7C7C7C7C7C7C7C7C7C7C7C7A4FFC4
:10A13000FF5B0052FFFFFFFFFFFFFF09A4FFFFFFD0
:10A14000FFFFFFFF0900A4FFFFA4C7C7C7C7C7C71A
:10A15000C7C7C7C7C7A4FFFF5B00A4FFFFFFFFFF80
:10A16000FFFFFFADA4FFFFFFFFFFFFFFFF5B005BF3
:10A17000FFFFADC7C7C7C7C7C7C7C7C7F6ADFF5B38
:10A1800000F6FF0000FFFF5B000000000000000081
:10A190005BFFFF0000FFF600A4FFADFFC7C7C7C706
:10A1A000C7C7C7C75BFF5B00FFFFFF000952000086
:10A1B000525BADFFFFAD52520000A40000FFFFF65E
:10A1C00000A4FFA4C7C7C7C7C7C7C75BFFF6005B2C
:10A1D000FFFFFFFF000052FFFFFFFFFFFFFFFFFF3A
:10A1E000FF090000FFFFFFFF5B00F6FF5BC7C7C76B
:10A1F000C7C7C7ADF65252FFFFFFFF0000ADFFFF1C
:10A20000FFFFFFFFFFFFFFFFFFFFA40000FFFFFFB7
:10A21000FF5252FFA4C7C7C7C7C75BFF5B00FFFF62
:10A22000FFFF0000FFFFFFFFFFFFFFFFFFFFFFFF3C
:10A23000FFFFFFF60900FFFFFFFF00ADFF52C7C79A
:10A24000C7C7A4FF0052FFFFFF5B00ADFFFFFFFF8A
:10A25000FFFFFFFFFFFFFFFFFFFFFFFFA400A4FFC3
:10A26000FFFF5B09FF5BC7C7C7A4FFF600FFF6FF50
:10A27000FF0009FFFFFFFFFFFFFFFFFFFFFFFFFFE3
:10A28000FFFFFFFFFF0900FFFFFFAD00FFFFF6C765
:10A29000C7A4FF0909AD00005200FFFFFFFFFFFF49
:10A2A000FFFFFFFFFFFFFFFFFFFFFFFFFFFF00526A
:10A2B0000000F6095BFF5BC7C75BFF525BFF520004
:10A2C0000052FFFFFFFFFFFFFFFFFFFFFFFFFFFF4A
:10A2D000FFFFFFFFFFFF09005209FFA452FFA4C7C1
:10A2E000C7A4FF00ADFFFFFF005BFFFFFFFFFFFF05
:10A2F000FFFFFFFFFFFFFFFFFFFFFFFFFFFF5B0011
:10A30000FFFFFFA45BF6ADC7C7ADF65BADFFFFFF78
:10A3100000F6FFFFFFFFFFFFFFFFFFFFFFFFFFFF55
:10A32000FFFFFFFFFFFFAD00FFFFFFA400FF09C716
:10A33000C7A4AD00F6FFFFAD00FFFFFFFFFFFFFF6B
:10A34000FFFFFFFFFFFFFFFFFFFFFFFFFFFFAD006E
:10A35000F6FFFF5BA4FFA4C7C7ADAD09FFFFFFA4D5
:10A3600000FFFFFFFFFFFFFFFFFFFFFFFFFFFFFFFC
:10A37000FFFFFFFFFFFFAD00ADFFFFADF6FF5BC7C7
:10A38000C7ADF609A4FFFFFF00ADFFFFFFFFFFFF12
:10A39000FFFFFFFFFFFFFFFFFFFFFFFFFFFFAD001E
:10A3A000FFFFFFA400FF52C7C7A4FF00ADFFFFFFE0
:10A3B000005BFFFFFFFFFFFFFFFFFFFFFFFFFFFF50
:10A3C000FFFFFFFFFFFF5B00FFFFFFA452FFADC7D2
:10A3D000C75BFF09A4FF00520052FFFFFFFFFFFF12
:10A3E000FFFFFFFFFFFFFFFFFFFFFFFFFFFF090072
:10A3F000F600FFA452FFA4C7C7A4FF0952AD000096
:10A400005B00FFFFFFFFFFFFFFFFFFFFFFFFFFFFFF
:10A41000FFFFFFFFFFF600A40000F6095BFF5BC72C
:10A42000C7ADFFF600F6FFFFFF0052FFFFFFFFFF83
:10A43000FFFFFFFFFFFFFFFFFFFFFFFFFF0900FF21
:10A44000FFFFF600FFFFFFC7C7C75BF6525BFFFFCA
:10A45000FF5200ADFFFFFFFFFFFFFFFFFFFFFFFF0A
:10A46000FFFFFFFFA40052FFFFFF5209FF5BC7C7BA
:10A47000C7C7A4FFA400FFFFFFFF0000F6FFFFFF18
:10A48000FFFF00000000FFFFFFFFFFAD0000FFFF28
:10A49000FFFF00ADFF5BC7C7C7C7C7A4F6525BFF8E
:10A4A000FFFFFF0009A4FFFFFFAD00FFFF00FFFF5C
:10A4B000FFFFA40000FFFFFFFF005BF6A4C7C7C7B4
:10A4C000C7C7C7A4FFAD00A4FFFFFFFF000009FF3F
:10A4D000FF5200FFFF00ADFFF6520000FFFFFFFF3D
:10A4E0005B00ADFFA4C7C7C7C7C7C7C75BFFA40052
:10A4F000F6FFFF0052A40000095200000000525273
:10A5000000005B0000FFFFF600ADFF5BC7C7C7C7D9
:10A51000C7C7C7C7FFF6FF5200ADFF0900FFFFA482
:10A520000000000000000000A4FFFF0009FFAD00D4
:10A530005BFFADFFC7C7C7C7C7C7C7C7C7ADFFFF6B
:10A540005B005BFFFFFFFFFFFFFFFF5B5BFFFFFFAA
:10A55000FFFFFFFFFFA4005BFFF6F6C7C7C7C7C733
:10A56000C7C7C7C7C7C7A4FFFFA40000FFFFFFFFFF
:10A57000FFFFFF0000FFFFFFFFFFFFFF0000ADFF39
:10A58000F6ADC7C7C7C7C7C7C7C7C7C7C7C7C7AD60
:10A59000ADFFF65B005BADADFFFFFFA4A4FFFFFFC7
:10A5A000ADAD090052ADFFADADC7C7C7C7C7C7C77F
:10A5B000C7C7C7C7C7C7C7C7FF5BFFF6A409000067
:10A5C0005B5BF6A4A4F65B5B090009ADFFFF5BFFD4
:10A5D000C7C7C7C7C7C7C7C7C7C7C7C7C7C7C7C70B
:10A5E000C7C7A4A4FFF6FF5B5B090900005B095223
:10A5F0005BFFFFFFA4A4C7C7C7C7C7C7C7C7C7C7F5
:10A60000C7C7C7C7C7C7C7C7C7C7C7C7A45BF6FF02
:10A61000FFFFF6FFFFF6FFFFFFF6A4A4C7C7C7C7FB
:10A62000C7C7C7C7C7C7C7C7C7C7C7C7C7C7C7C7BA
:10A63000C7C7C7C7C7C7C7ADA45BF65252AD52A4C0
:10A64000A4C7C7C7C7C7C7C7C7C7C7C7C7C7C7C7BD
:10A65000C7C7C7C7C7C7C7C7C7C7C7C7C7C7C7C78A
:10A66000C7C7C7C7C7C7C7C7C7C7C7C7C7C7C7C77A
:10A67000C7C7C7C7C7C7C7C70000000000A70208F1
:10A680008125020895350208A9350208F14F000816
:10A690002F250208352502083B250208255200080F
:10A6A0000000024002000000000000000000024024
:10A6B000040000000000000000040240000400004C
:10A6C0000000000000040240020000000000000042
:10A6D00000040240001000000000000000040240DE
:10A6E0000020000000000000000002400100000007
:10A6F0000000000038496E707574447276000000E6
:10A70000EC400308F4A60208D03D03080000000056
:10A71000963007772C610EEEBA51099919C46D076E
:10A720008FF46A7035A563E9A395649E3288DB0EC9
:10A73000A4B8DC791EE9D5E088D9D2972B4CB609AC
:10A74000BD7CB17E072DB8E7911DBF906410B71D89
:10A75000F220B06A4871B9F3DE41BE847DD4DA1AC2
:10A76000EBE4DD6D51B5D4F4C785D38356986C13F3
:10A77000C0A86B647AF962FDECC9658A4F5C01146C
:10A78000D96C0663633D0FFAF50D088DC8206E3B4A
:10A790005E10694CE44160D5727167A2D1E4033C5C
:10A7A00047D4044BFD850DD26BB50AA5FAA8B53583
:10A7B0006C98B242D6C9BBDB40F9BCACE36CD83272
:10A7C000755CDF45CF0DD6DC593DD1ABAC30D92619
:10A7D0003A00DE518051D7C81661D0BFB5F4B4211C
:10A7E00023C4B3569995BACF0FA5BDB89EB8022819
:10A7F0000888055FB2D90CC624E90BB1877C6F2F9E
:10A80000114C6858AB1D61C13D2D66B69041DC7698
:10A810000671DB01BC20D2982A10D5EF8985B17171
:10A820001FB5B606A5E4BF9F33D4B8E8A2C9077820
:10A8300034F9000F8EA8099618980EE1BB0D6A7FB7
:10A840002D3D6D08976C6491015C63E6F4516B6B70
:10A8500062616C1CD83065854E0062F2ED95066C25
:10A860007BA5011BC1F4088257C40FF5C6D9B0659A
:10A8700050E9B712EAB8BE8B7C88B9FCDF1DDD62F7
:10A88000492DDA15F37CD38C654CD4FB5861B24D5D
:10A89000CE51B53A7400BCA3E230BBD441A5DF4A27
:10A8A000D795D83D6DC4D1A4FBF4D6D36AE96943EA
:10A8B000FCD96E34468867ADD0B860DA732D044495
:10A8C000E51D03335F4C0AAAC97C0DDD3C710550C0
:10A8D000AA41022710100BBE86200CC925B5685767
:10A8E000B3856F2009D466B99FE461CE0EF9DE5EB0
:10A8F00098C9D9292298D0B0B4A8D7C7173DB35961
:10A90000810DB42E3B5CBDB7AD6CBAC02083B8EDF1
:10A91000B6B3BF9A0CE2B6039AD2B1743947D5EAFE
:10A92000AF77D29D1526DB048316DC73120B63E32D
:10A93000843B64943E6A6D0DA85A6A7A0BCF0EE48C
:10A940009DFF099327AE000AB19E077D44930FF047
:10A95000D2A3088768F2011EFEC206695D5762F73E
:10A96000CB67658071366C19E7066B6E761BD4FE7B
:10A97000E02BD3895A7ADA10CC4ADD676FDFB9F958
:10A98000F9EFBE8E43BEB717D58EB060E8A3D6D61A
:10A990007E93D1A1C4C2D83852F2DF4FF167BBD148
:10A9A0006757BCA6DD06B53F4B36B248DA2B0DD84B
:10A9B0004C1B0AAFF64A0336607A0441C3EF60DFEE
:10A9C00055DF67A8EF8E6E3179BE69468CB361CBD7
:10A9D0001A8366BCA0D26F2536E2685295770CCCFC
:10A9E00003470BBBB91602222F260555BE3BBAC53D
:10A9F000280BBDB2925AB42B046AB35CA7FFD7C22E
:10AA000031CFD0B58B9ED92C1DAEDE5BB0C2649B1E
:10AA100026F263EC9CA36A750A936D02A906099C51
:10AA20003F360EEB8567077213570005824ABF95C4
:10AA3000147AB8E2AE2BB17B381BB60C9B8ED29247
:10AA40000DBED5E5B7EFDC7C21DFDB0BD4D2D3869E
:10AA500042E2D4F1F8B3DD686E83DA1FCD16BE8111
:10AA60005B26B9F6E177B06F7747B718E65A0888E2
:10AA7000706A0FFFCA3B06665C0B0111FF9E658F73
:10AA800069AE62F8D3FF6B6145CF6C1678E20AA01D
:10AA9000EED20DD75483044EC2B30339612667A7A3
:10AAA000F71660D04D476949DB776E3E4A6AD1AEF2
:10AAB000DC5AD6D9660BDF40F03BD83753AEBCA981
:10AAC000C59EBBDE7FCFB247E9FFB5301CF2BDBDEE
:10AAD0008AC2BACA3093B353A6A3B4240536D0BAF7
:10AAE0009306D7CD2957DE54BF67D9232E7A66B394
:10AAF000B84A61C4021B685D942B6F2A37BE0BB441
:10AB0000A18E0CC31BDF055A8DEF022D0000000043
:10AB10000200000000000000010000000000000032
:10AB200001000000050000000A00000064000000B1
:10AB300001000000020000000500000032000000DB
:10AB4000B400000068010000D0020000100E0000F8
:10AB5000C8000000320000000A000000D00700001A
:10AB600000000000020000000000000001000000E2
:10AB70000000000001000000050000000A000000C5
:10AB80006400000001000000020000000500000059
:10AB900032000000B400000068010000D002000094
:10ABA000100E0000C8000000320000000A00000083
:10ABB000D0070000000000004D332053313030300A
:10ABC000300D004D350D00000000000000AC020803
:10ABD000C535020855360208556000085165000861
:10ABE000B95B0008975C0008D95E000831354F76E4
:10ABF0006572726964654374726C5363720000001D
:10AC0000EC400308ECAB02080C3E03080000000017
:10AC100094AC02080538020865380208BD6C0008CB
:10AC2000E96E00082568000805680008BD6F000887
:10AC3000EB390308F3390308FF390308113A030815
:10AC4000253A0308383A0308463A0308543A0308F9
:10AC5000623A0308703A0308803A0308903A0308FE
:10AC6000A03A0308B03A0308BE3A0308CC3A0308F6
:10AC7000DA3A0308E83A0308F53A0308003B030808
:10AC8000133B0308313153657474696E6773536302
:10AC900072000000EC40030884AC02080C3E03087C
:10ACA0000000000000AD0208F53302087D34020800
:10ACB00041BB0008BF750008DD7500085FBB0008D8
:10ACC00079BB000861BC0008BD750008BD750008AF
:10ACD000F5750008893002088F30020895300208A7
:10ACE0009B300208A1300208A7300208AD300208EC
:10ACF000B13002088DBB000834546162730000005B
:10AD0000EC400308F8AC0208302C030800000000F7
:10AD1000FF00000000FF00000000FF00FF00FF0038
:10AD2000FFFF000000FFFF00404040000000000067
:10AD300050B30208812502088138020895380208BC
:10AD4000F57B00082F250208352502083B2502085F
:10AD50002D800008000000006CB30208A93802082A
:10AD6000BD38020841BB0008BBBB0008DBBB0008C4
:10AD70005FBB000879BB000861BC00087B38020893
:10AD8000797B00088BBB0008893002088F300208ED
:10AD9000953002089B300208A1300208A730020853
:10ADA000AD300208B13002080B7C00080000000042
:10ADB00088B30208D1380208E538020841BB000810
:10ADC000BBBB0008DBBB00085FBB000879BB000809
:10ADD00061BC00087D3802082D7C00088BBB000890
:10ADE000893002088F300208953002089B30020833
:10ADF000A1300208A7300208AD300208B1300208C5
:10AE00008DBB0008000102030405060708090A0BB0
:10AE10000C0D0E0F03070B0F02060A0E0105090D9C
:10AE20000004080C0F0E0D0C0B0A09080706050498
:10AE3000030201000C0804000D0905010E0A0602B8
:10AE40000F0B0703000100000001010000010000DA
:10AE500000000000000100000001000000010100EE
:10AE600000000000000001000000010000010100DE
:10AE700000000000000100000001000000010000CF
:10AE800000010000000000000001010000010100BD
:10AE900000000000000001000001010000010000AE
:10AEA000000000000001000000010100000001009E
:10AEB00000000000510A710FA1148118510A710F8E
:10AEC000A1148118510A710FA1148118510A710F30
:10AED000A1148118510A6110A114811B510A61103B
:10AEE000A114811B510A6110A114811B510A611028
:10AEF000A114811B510AC10D61122117510AC10D04
:10AF000061122117510AC10D61122117510AC10D99
:10AF100061122117510A710FA1148118510A710F82
:10AF2000A1148118510A710FA1148118510A710FCF
:10AF3000A1148118310961102117811B3109611099
:10AF40002117811B310961102117811B3109611003
:10AF50002117811B410C710F6112E11E410C710F11
:10AF60006112E11E410C710F6112E11E410C710F63
:10AF70006112E11E3108410CA114E11E3108410C9F
:10AF8000A114E11E3108910BA114811B3108910B12
:10AF9000A114811BB107410CA114E11EB107410CA2
:10AFA000A114E11EB107C10D61107113B107C10DEC
:10AFB000710F7113510A410C710FA114510A410C08
:10AFC000710FA114510A710FA1148118510A710F48
:10AFD000A1148118310961128118811B3109611294
:10AFE0008118811B310961102117811B3109611002
:10AFF0002117811B410C710F61128118410C710FD7
:10B0000061128118410C61128118E11E410C61121C
:10B010008118E11E910B2117E11EA122910B21172E
:10B02000E11EA122910BA114211DA122910BA114BB
:10B03000211DA122710F61122117B124710F61121C
:10B040002117B124C10DE11EB124412EC10DE11E15
:10B05000B124412E010DE11EB124C13D010DE11EBF
:10B06000B124C13D410C2117E11EB124410CE11571
:10B07000E11EB124910B2117E11EA122910B211792
:10B08000E11EA122910BE11EA122412E910BE11E96
:10B09000A122412E910B2117211DA122910B2117D5
:10B0A000211DA122910B211DA122412E910B211DB9
:10B0B000A122412E710FC13D412EB124E11E412E2E
:10B0C000B124E11E2117C13DE11E2117611261105B
:10B0D000710FC10D410CC13D412EB124E11E412E25
:10B0E000B124E11E2117B124E11E21176112511173
:10B0F000710F410C910B412EA122E11E2117A122BB
:10B10000E11E2117A114E11E211D21175111710FFC
:10B11000910E910B3109611221176112710FE11E1D
:10B120002117710FC109E11E21177113710F811BC6
:10B130002117710FA1146152C13D01313129C13D67
:10B1400001313129E11E01313129E11E8118211718
:10B15000A114611261106152C13D01313129C13D1B
:10B1600001313129E11E01313129E11E81182117F8
:10B17000A1146110710FC13D412E3129E11E412EF4
:10B180003129E11E811B3129E126E11E2117A1147D
:10B190007113710FB107710F71132117E11EE126B1
:10B1A000412EC13D01313129E11E81182117711352
:10B1B000710FC109510A710FA1148118510A710F41
:10B1C000A1148118510A710FA1148118510A710F2D
:10B1D000A1148118510A6110A114811B510A611038
:10B1E000A114811B510A6110A114811B510A611025
:10B1F000A114811B510AC10D61122117510AC10D01
:10B2000061122117510AC10D61122117510AC10D96
:10B2100061122117510A710FA1148118510A710F7F
:10B22000A1148118510A710FA1148118510A710FCC
:10B23000A1148118310961102117811B3109611096
:10B240002117811B310961102117811B3109611000
:10B250002117811B410C710F6112E11E410C710F0E
:10B260006112E11E410C710F6112E11E410C710F60
:10B270006112E11E3108410CA114E11E3108410C9C
:10B28000A114E11E3108910BA114811B3108910B0F
:10B29000A114811B3108710FA11481183108710F9D
:10B2A000A11481183108C10DA11421173108C10D55
:10B2B000A11421173108410CA114E11E3108410CE1
:10B2C000A114E11E3108910BA114811B3108910BCF
:10B2D000A114811BB107710FA1148118B107710F5F
:10B2E000A1148118B107C10D71132117B107C10D48
:10B2F00071132117510A6152C13D01313129E11EFB
:10B300008118A114710FC13D01313129E11E81184D
:10B31000A114710F410C013131290131412EC13D80
:10B32000C14D815CD1A4C13D01313129E11E81189B
:10B33000A114710F5F0A0F0047414D45204F56453C
:10B3400052000000000000003654657472697300FA
:10B35000EC40030848B30208D03D0308313154657E
:10B36000747269735368617065000000EC400308F3
:10B370005CB30208302C030831325465747269736F
:10B380004275636B65740000EC40030878B30208F3
:10B39000302C030800000000CCB30208812502080D
:10B3A000FD38020849390208F58C00082F250208EB
:10B3B000352502083B250208B18700083130446971
:10B3C00073706C617944727600000000EC400308F1
:10B3D000BCB30208D03D030836465436323336003B
:10B3E000EC400308D8B30208243E03080000000024
:10B3F000E0B3020845220208D72202088B8E00081B
:10B40000178F00089B8D00084D8D00082F22020821
:10B41000CF3B020800000000000000000000000018
:10B42000000000000000000000000000000000001C
:10B430000000000000000000000000007800840010
:10B440000201020102014A01020102014A01320124
:10B4500002010201840078000000000000000000EA
:10B460007800FC00FE01FE01FE01B601FE01FE01B6
:10B47000B601CE01FE01FE01FC00780000000000D4
:10B4800000000000CC00FE01FE01FE01FE01FE01F5
:10B49000FE01FC00FC00FC00780078003000300069
:10B4A000000000000000000030003000780078004C
:10B4B000FC00FC00FE01FE01FC00FC0078007800AE
:10B4C0003000300000000000000000003000780074
:10B4D000780078003000CC00FE01FE01CC00300086
:10B4E000300078007800FC00000000000000000040
:10B4F0003000300078007800FC00FE01FE01FE0103
:10B50000FE01B400300078007800FC00000000006C
:10B5100000000000000000000000000000003000FB
:10B5200078007800300000000000000000000000FB
:10B5300000000000FF03FF03FF03FF03FF03FF03FF
:10B54000FF03CF0387038703CF03FF03FF03FF033B
:10B55000FF03FF03FF03FF030000000000000000E3
:10B560000000000000007800CC0084008400CC00C3
:10B57000780000000000000000000000FF03FF034F
:10B58000FF03FF03FF03FF03870333037B037B03F7
:10B5900033038703FF03FF03FF03FF03FF03FF03DF
:10B5A000000000000000C00300038003C00260022E
:10B5B0007800CC00860186018601CC00780000006E
:10B5C00000000000000000007800CC008601860129
:10B5D0008601CC00780030003000FC0030003000E4
:10B5E00030000000000000000000000020002000EB
:10B5F000E000E000E000E001200120012001200047
:10B600003000380038001800000000000000000082
:10B6100000018001E00138019801C801680138018A
:10B620008801C801CC01CE000E0006000000000019
:10B6300000000000000000000000000020002401C5
:10B64000F800880004018800F800240120000000B0
:10B6500000000000000000000000000000000600E4
:10B660001E007E00FE017E001E000600000000009D
:10B6700000000000000000000000000000000000CA
:10B6800000008001E001F801FE01F801E001800105
:10B6900000000000000000000000000000000000AA
:10B6A00030007800FC00B400300030003000300082
:10B6B00030003000B400FC007800300000000000D2
:10B6C00000000000CC00CC00CC00CC00CC00CC00B2
:10B6D000CC00CC00CC00CC0000000000CC00CC00A2
:10B6E0000000000000000000FC019E019E019E0180
:10B6F0009E019E019E019C0198019801980198016C
:10B70000980198010000000000000000FC00860184
:10B710008E011C0038006C00CC00D8007000E000E6
:10B72000C00186018601FC0000000000000000004E
:10B730000000000000000000000000000000000009
:10B7400000000000FE01FE01FE01FE0100000000FD
:10B750000000000030007800FC00FC0030003000E9
:10B760003000300030003000FC00FC007800300079
:10B77000000000000000000030007800FC00FC0029
:10B780003000300030003000300030003000300039
:10B7900030003000000000000000000030003000E9
:10B7A0003000300030003000300030003000300019
:10B7B000FC00FC00780030000000000000000000E9
:10B7C00000000000000000006000E000FE01FE013B
:10B7D000E000600000000000000000000000000029
:10B7E0000000000000000000000000000000180041
:10B7F0001C00FE01FE011C001800000000000000FB
:10B800000000000000000000000000000000000038
:10B810000000000000000000000006000600FE001E
:10B820000000000000000000000000000000000018
:10B830000000000000004800CC00FE01FE01CC002A
:10B8400048000000000000000000000000000000B0
:10B85000000000003000300078007800FC00FC00A0
:10B86000FE01FE01000000000000000000000000DA
:10B870000000000000000000FE01FE01FC00FC00D2
:10B880007800780030003000000000000000000068
:10B8900000000000000000000000000000000000A8
:10B8A0000000000000000000000000000000000098
:10B8B00000000000000000000000000030007800E0
:10B8C00078007800780078003000300030003000D8
:10B8D0000000000030003000000000000000000008
:10B8E000CC00CC00CC0000000000000000000000F4
:10B8F0000000000000000000000000000000000048
:10B90000000000000000CC00CC00CC00CC00FE0108
:10B91000CC00CC00FE01CC00CC00CC00CC00000060
:10B92000000000000000000030003000FC00B60104
:10B93000B6013E0038007000F001B601B601FC000F
:10B9400030003000000000000000000084018E0084
:10B95000CA004A006E002400300010009800C801A0
:10B960004C014401C60182000000000000000000FC
:10B970003C0066004200420066003C0018003C01AA
:10B98000E601C2004200C200E6013C0100000000E6
:10B990000000000030003000200010000000000017
:10B9A0000000000000000000000000000000000097
:10B9B000000000000000600030003000300018007F
:10B9C000180018001800180018001800180030009F
:10B9D000300030006000000000001800300030002F
:10B9E0003000600060006000600060006000600087
:10B9F000600030003000300018000000000000003F
:10BA000000000000000000000000CC007800FE01F3
:10BA10007800CC00000000000000000000000000E2
:10BA200000000000000000000000000000003000E6
:10BA30003000FE0130003000000000000000000077
:10BA400000000000000000000000000000000000F6
:10BA500000000000000000000000000000000000E6
:10BA60003000300020001000000000000000000046
:10BA700000000000000000000000FE0100000000C7
:10BA800000000000000000000000000000000000B6
:10BA900000000000000000000000000000000000A6
:10BAA0000000000000000000300030000000000036
:10BAB0000000000080018001C000C0006000600044
:10BAC00030003000180018000C000C0006000600C2
:10BAD00000000000000000007800CC008601C601D4
:10BAE000C601A601A601960196018E018E0186016E
:10BAF000CC0078000000000000000000300038009A
:10BB00003E003000300030003000300030003000A7
:10BB1000300030003000FE01000000000000000096
:10BB20007800CC008601860180018001C0006000A1
:10BB3000300018000C0006000600FE0100000000A6
:10BB4000000000007800CC008601860180018001A1
:10BB5000F80080018001800186018601CC00780018
:10BB60000000000000000000300030001800180045
:10BB700018000C000C006C00660066006600FE01F8
:10BB8000600060000000000000000000FE010600F0
:10BB90000600060006007E00C000800180018001D2
:10BBA00086018601CC007800000000000000000043
:10BBB000E001300018000C000C0006007E00C600FA
:10BBC0008601860186018601CC0078000000000015
:10BBD00000000000FE01800180018001C000C00063
:10BBE000C0006000600060003000300030003000B5
:10BBF00000000000000000007800CC0086018601F3
:10BC00008601CC007800CC00860186018601860181
:10BC1000CC00780000000000000000007800CC009C
:10BC200086018601860186018C01F8018001C00031
:10BC3000C000600030001E00000000000000000096
:10BC40000000000000000000000030003000000094
:10BC50000000000000000000300030000000000084
:10BC600000000000000000000000000000003000A4
:10BC70003000000000000000000000003000300034
:10BC8000200010000000000000000000C000600064
:10BC9000300018000C0006000C0018003000600096
:10BCA000C0000000000000000000000000000000D4
:10BCB000000000000000FE0100000000FE01000086
:10BCC0000000000000000000000000000000000074
:10BCD0000000000006000C00180030006000C000EA
:10BCE0006000300018000C0006000000000000009A
:10BCF00000000000FC00CE0186018001C001C000F0
:10BD000060006000300030000000000030003000B3
:10BD100000000000000000007C00C60083018301D9
:10BD2000F3019B019B019B01DB01B30103000300B5
:10BD30008601FC0000000000000000007800CC003C
:10BD4000860186018601860186018601FE01860143
:10BD500086018601860186010000000000000000C7
:10BD60007E00C600860186018601C6007E00C600F0
:10BD70008601860186018601C6007E000000000063
:10BD8000000000007800CC00860186010600060055
:10BD9000060006000600060086018601CC00780039
:10BDA00000000000000000007E00C600C600860102
:10BDB0008601860186018601860186018601C6000C
:10BDC000C6007E000000000000000000FE0106002A
:10BDD0000600060006000600FE000600060006003B
:10BDE000060006000600FE01000000000000000042
:10BDF000FE01060006000600060006000600FE0022
:10BE0000060006000600060006000600000000000E
:10BE1000000000007800CC008601860106000600C4
:10BE20000600E6018601860186018601CC007800C5
:10BE300000000000000000008601860186018601E6
:10BE400086018601FE018601860186018601860142
:10BE5000860186010000000000000000FE013000A5
:10BE60003000300030003000300030003000300052
:10BE7000300030003000FE01000000000000000033
:10BE800080018001800180018001800180018001AA
:10BE90008001800186018601CC007800000000004E
:10BEA0000000000086018601C600E600660036003C
:10BEB0001E001E0036006600E600C60086018601F0
:10BEC000000000000000000006000600060006005A
:10BED0000600060006000600060006000600060032
:10BEE0000600FE010000000000000000860186013F
:10BEF0008601CE01CE01CE01FE01B601B601B6012A
:10BF00008601860186018601000000000000000015
:10BF1000860186018E018E019E019601B601A60161
:10BF2000E601C601C6018601860186010000000007
:10BF3000000000007800CC008601860186018601A1
:10BF4000860186018601860186018601CC00780083
:10BF500000000000000000007E00C600860186018F
:10BF600086018601C6007E00060006000600060067
:10BF70000600060000000000000000007800CC0071
:10BF80008601860186018601860186018601860179
:10BF900086018601CC0078006000C000000000002F
:10BFA0007E00C6008601860186018601C6007E00ED
:10BFB0006600C600C600C600C6008601000000007C
:10BFC000000000007800CC008601860106001E00FB
:10BFD0003C00F000E001800186018601CC00780081
:10BFE0000000000000000000FE01300030003000C2
:10BFF00030003000300030003000300030003000C1
:10C0000030003000000000000000000086018601C2
:10C0100086018601860186018601860186018601E8
:10C0200086018601CC0078000000000000000000BE
:10C03000860186018601860186018601CC00CC003E
:10C04000CC0048007800780030003000000000008C
:10C0500000000000860186018601860186018601B6
:10C06000B601B601B601CC00CC00CC00CC00CC00AF
:10C0700000000000000000008601860186018601A4
:10C08000CC00CC0078007800CC00CC008601860182
:10C090008601860100000000000000008601860184
:10C0A0008601860186018601CC00FC007800300004
:10C0B00030003000300030000000000000000000C0
:10C0C000FE0180018001C000C00060003000180047
:10C0D00018000C000C0006000600FE010000000025
:10C0E0000000000078001800180018001800180060
:10C0F0001800180018001800180018001800780020
:10C100000000000000000000060006000C000C000B
:10C11000180018003000300060006000C000C0004F
:10C120008001800100000000000000007800600035
:10C1300060006000600060006000600060006000FF
:10C140006000600060007800000000000000000057
:10C150003000F800CE0100000000000000000000E8
:10C1600000000000000000000000000000000000CF
:10C1700000000000000000000000000000000000BF
:10C1800000000000000000000000000000000000AF
:10C190000000FF030000000030003000100020000D
:10C1A000000000000000000000000000000000008F
:10C1B000000000000000000000000000000000007F
:10C1C000000000000000F80084018001FC018601ED
:10C1D00086018601C601BC010000000000000000CD
:10C1E000060006000600060006007600CE00860166
:10C1F0008601860186018601CE00760000000000DF
:10C200000000000000000000000000000000F80036
:10C210008C01060006000600060006008C01F800EE
:10C22000000000000000000080018001800180010A
:10C230008001B801CC018601860186018601860154
:10C24000CC01B80100000000000000000000000068
:10C250000000000000007800CC0086018601FE018D
:10C26000060006008C01F80000000000000000003D
:10C27000F0009801180018001800FE0018001800BF
:10C28000180018001800180018001800000000001E
:10C290000000000000000000000000000000B801E5
:10C2A000CC018601860186018601CC01B80180019E
:10C2B000CE00780000000000060006000600060020
:10C2C00006007600CE008601860186018601860181
:10C2D00086018601000000000000000030003000F0
:10C2E0000000000000003C00300030003000300052
:10C2F000300030003000FC000000000000000000B2
:10C300006000600000000000000078006000600035
:10C310006000600060006000600060006C00380039
:10C320000000000006000600060006000600860168
:10C33000C600660036001E003E006600C60086018C
:10C3400000000000000000003C0030003000300021
:10C35000300030003000300030003000300030005D
:10C360003000FC00000000000000000000000000A1
:10C37000000000000000CE00FE01B601B601B601CB
:10C38000B601B601B6018601000000000000000001
:10C39000000000000000000000007600CE008601D2
:10C3A0008601860186018601860186010000000063
:10C3B0000000000000000000000000000000780005
:10C3C000CC0086018601860186018601CC007800BA
:10C3D000000000000000000000000000000000005D
:10C3E00000007600CE008601860186018601860166
:10C3F000CE007600060006000000000000000000ED
:10C40000000000000000B801C40186018601860119
:10C4100086018601C401B80180018001000000008E
:10C4200000000000000000000000E600FE010E0019
:10C4300006000600060006000600060000000000D8
:10C440000000000000000000000000000000FC00F0
:10C45000860106001C003000E00080018601FC001F
:10C46000000000000000000000003000300030003C
:10C470003000FC0030003000300030003000300070
:10C480003000E0000000000000000000000000009C
:10C4900000000000000086018601860186018601F9
:10C4A00086018601C601BC010000000000000000FA
:10C4B00000000000000000000000860186018601E7
:10C4C00086018601CC0048007800300000000000A2
:10C4D00000000000000000000000000000008601D5
:10C4E000B601B601B601B601B601CC00CC00CC0055
:10C4F000000000000000000000000000000000003C
:10C50000000086018601CC00FC003000FC00CC005D
:10C51000860186010000000000000000000000000D
:10C520000000000000008601860186018601860168
:10C53000CC00CC007800300018000E000000000095
:10C5400000000000000000000000FE018001C000AB
:10C550006000300018000C000600FE010000000022
:10C5600000000000E00030003000300030003000FB
:10C570003000180030003000300030003000300053
:10C58000E00000000000000030003000300030000B
:10C59000300030003000000030003000300030004B
:10C5A0003000300030003000000000001C0030007F
:10C5B00030003000300030003000600030003000CB
:10C5C00030003000300030001C000000000000008F
:10C5D000980166000000000000000000000000005C
:10C5E000000000000000000000000000000000004B
:10C5F00000000000300030007800CC00CC00860144
:10C60000860186018601860186018601FE01FE0102
:10C610000000000000000000FC00CE018601800147
:10C62000C001C00060006000300030000000000069
:10C63000300030000000000000000000FC00CE01CF
:10C6400086018001C001C000600060003000300041
:10C65000000000003000300000000000000000007A
:10C66000300030002000100000000000000000003A
:10C6700000000000000000000000000000000000BA
:10C6800000000000FC00CE0186018001C001C00056
:10C69000600060003000300000000000300030001A
:10C6A0000000000000000000CC00CC00CC00000026
:10C6B000000000000000000000000000000000007A
:10C6C000000000000000000000000000000000006A
:10C6D00000000000000030003000000000000000FA
:10C6E00000000000300030000000000020002000AA
:10C6F000200020002000200020002000FF03200058
:10C700002000200020002000200020002000200029
:10C710002000200020002000200020002000FF0337
:10C720000000FF0320002000200020002000200047
:10C730002000200000000000FC00CE0186018001E6
:10C74000C001C00060006000300030000000000048
:10C7500030003000000000000000000084018E0066
:10C76000CA004A006E002400300010009800C80182
:10C770004C014401C60182000000000000000000DE
:10C78000FC00CE0186018001C001C0006000600095
:10C7900030003000000000003000300000000000D9
:10C7A0000000000000000000C00060003000180021
:10C7B0000C0006000C00180030006000C0000000F3
:10C7C0000000000000000000FC00CE018601800196
:10C7D000C001C000600060003000300000000000B8
:10C7E000300030000000000000000000FC00CE011E
:10C7F00086018001C001C000600060003000300090
:10C8000000000000300030000000000000000000C8
:10C81000FC00CE0186018001C001C0006000600004
:10C820003000300000000000300030000000000048
:10C8300000000000FC00CE0186018001C001C000A4
:10C840006000600030003000000000003000300068
:10C850000000000000000000FC00CE018601800105
:10C86000C001C00060006000300030000000000027
:10C8700030003000000000000000000030003000F8
:10C880002000100000000000000000000000000078
:10C890000000000000000000000000000000000098
:10C8A00030003000200010000000000000000000F8
:10C8B0000000000000000000000000000000000078
:10C8C00000000000CC00CC00CC0000000000000004
:10C8D0000000000000000000000000000000000058
:10C8E0000000000000000000CC00CC00CC000000E4
:10C8F0000000000000000000000000000000000038
:10C900000000000000000000000000000000000027
:10C9100000000000000030007800780030000000C7
:10C920000000000000000000000000000000000007
:10C930000000000000000000000000000000FE01F8
:10C9400000000000000000000000000000000000E7
:10C9500000000000000000000000000000000000D7
:10C960000000FE01000000000000000000000000C8
:10C970000000000000000000FC00CE0186018001E4
:10C98000C001C00060006000300030000000000006
:10C99000300030000000000000000000FE01300008
:10C9A0003000300030003000300030003000300007
:10C9B00030003000300030000000000000000000B7
:10C9C000FC00CE0186018001C001C0006000600053
:10C9D0003000300000000000300030000000000097
:10C9E000000000000000000006000C0018003000ED
:10C9F0006000C0006000300018000C00060000005D
:10CA00000000000000000000FC00CE018601800153
:10CA1000C001C00060006000300030000000000075
:10CA2000300030000000000000000000FC00CE01DB
:10CA300086018001C001C00060006000300030004D
:10CA40000000000030003000000000000000000086
:10CA5000FC00CE0186018001C001C00060006000C2
:10CA60003000300000000000300030000000000006
:10CA700000000000FC00CE0186018001C001C00062
:10CA80006000600030003000000000003000300026
:10CA90000000000000000000000000000000000096
:10CAA0000000000000000000000000000000000086
:10CAB0000000000000000000CC003000860186016C
:10CAC00086018601860186018601FC0180018001C4
:10CAD000800186018601FC000000000000000000CB
:10CAE00000004800480030000000860186018601F1
:10CAF000860186018601FC01800182018601FC001D
:10CB000000000000FC00CE0186018001C001C000D1
:10CB10006000600030003000000000003000300095
:10CB2000000000000000000000007A01CE01840037
:10CB3000860186018601860186018400CE017A0184
:10CB4000000000000000000000000000FC00CE011A
:10CB500086018001C001C00060006000300030002C
:10CB60000000000030003000000000002000200025
:10CB700020002000200020002000200020002000B5
:10CB800020002000200020002000200020002000A5
:10CB900000000000FC0086018E011C0038006C00C3
:10CBA000CC00D8007000E000C00186018601FC00C6
:10CBB00000000000CC00CC00FE01060006000600CC
:10CBC00006000600FE00060006000600060006003D
:10CBD0000600FE0100000000000000000000000050
:10CBE000000000000000F8008C01060006000600AE
:10CBF000060006008C01F8000000000000000000A4
:10CC00007800CC0086018601060006007E00060042
:10CC10000600060086018601CC00780000000000B6
:10CC20000000000000000000C0006000300018009C
:10CC30000C0006000C00180030006000C00000006E
:10CC400000000000000000000000000000000000E4
:10CC5000000000003F0020002000200020002000F5
:10CC60002000200020002000000000000000000044
:10CC700000000000000000000000FE0100000000B5
:10CC800000000000000000000000000000000000A4
:10CC90007E00C6008601860186018601C6007E00F0
:10CCA0006600C600C600C600C6008601000000007F
:10CCB0008601860130003000300030003000300046
:10CCC0003000300030003000300030003000FE0115
:10CCD00000000000000038006C00C600C6006C00B8
:10CCE000380000000000000000000000000000000C
:10CCF0000000000000000000000000000000000034
:10CD000000000000000030003000FE013000300064
:10CD10000000000000000000000000000000000013
:10CD2000FC00CE0186018001C001C00060006000EF
:10CD30003000300000000000300030000000000033
:10CD400000000000FC00CE0186018001C001C0008F
:10CD50006000600030003000000000003000300053
:10CD60000000000000000000FC00CE0186018001F0
:10CD7000C001C00060006000300030000000000012
:10CD80003000300000000000000000000000000043
:10CD90000000000000008601860186018601FC017A
:10CDA000800180018001800100000000000000007F
:10CDB000FC019E019E019E019E019E019E019C011F
:10CDC00098019801980198019801980100000000CD
:10CDD0000000000000000000000000000000000053
:10CDE00000003000300000000000000000000000E3
:10CDF0000000000000000000CC00CC00000000009B
:10CE000000007800CC0086018601FE0106000600C5
:10CE10008C01F8000000000000000000B301730264
:10CE20007302B301370037003700FF033B003B00BC
:10CE30003B0033003300330000000000000000001E
:10CE400000000000000000000000F8008C01060057
:10CE500006007E00060006008C01F80000000000BD
:10CE6000000000000000000006000C001800300068
:10CE70006000C0006000300018000C0006000000D8
:10CE80000000000000000000FC00CE0186018001CF
:10CE9000C001C000600060003000300000000000F1
:10CEA000300030000000000000000000FC00CE0157
:10CEB00086018001C001C0006000600030003000C9
:10CEC0000000000030003000000000000000000002
:10CED000FC00CE0186018001C001C000600060003E
:10CEE0003000300000000000300030000000000082
:10CEF00000000000CC00CC000000000000003C005E
:10CF00003000300030003000300030003000FC00D5
:10CF10000000000000000000F8018C01860186017D
:10CF20008601860186018601FE0186018601860151
:10CF3000860186010000000000000000FE010600DE
:10CF400006000600060006007E00C6008601860177
:10CF500086018601C6007E0000000000000000007F
:10CF60007E00C600860186018601C6007E00C600DE
:10CF70008601860186018601C6007E000000000051
:10CF800000000000FE010600060006000600060084
:10CF90000600060006000600060006000600060061
:10CFA0000000000000000000F8018C0186018601ED
:10CFB0008601860186018601860186018601860139
:10CFC0008601FF030303030300000000FE010600C7
:10CFD0000600060006000600FE0006000600060029
:10CFE000060006000600FE01000000000000000030
:10CFF000330333033201B601B601B400FC00FC0078
:10D00000B400B601B601320133033303000000005F
:10D01000000000007C00C600820180018001C00089
:10D02000F000C0008001800180018201C6007C0008
:10D0300000000000000000008601860186018601D4
:10D04000C601C601E601A601B60196019E018E0148
:10D050008E0186010000000020003000960186014C
:10D0600086018601C601C601E601A601B601960148
:10D070009E018E018E01860100000000000000006C
:10D0800086018601C600E600660036001E001E000E
:10D0900036006600E600C60086018601000000003A
:10D0A00000000000F00198018C01860186018601D4
:10D0B0008601860186018601860186018601860138
:10D0C0000000000000000000860186018601CE01FC
:10D0D000CE01CE01FE01B601B601B6018601860180
:10D0E0008601860100000000000000008601860124
:10D0F0008601860186018601FE0186018601860180
:10D100008601860186018601000000000000000003
:10D110007800CC00860186018601860186018601A1
:10D120008601860186018601CC007800000000009F
:10D1300000000000FE01860186018601860186014D
:10D1400086018601860186018601860186018601A7
:10D1500000000000000000007E00C600860186017D
:10D1600086018601C6007E00060006000600060055
:10D170000600060000000000000000007800CC005F
:10D18000860186010600060006000600060006006D
:10D1900086018601CC00780000000000000000003D
:10D1A000FE01300030003000300030003000300030
:10D1B000300030003000300030003000000000004F
:10D1C0000000000086018601860186018601860135
:10D1D0008601FC0180018001800186018601FC003E
:10D1E000000000000000000030003000FE013303AA
:10D1F00033033303330333033303FE0130003000C2
:10D2000030003000000000000000000086018601B0
:10D2100086018601CC00CC0078007800CC00CC00E0
:10D2200086018601860186010000000000000000E2
:10D2300086018601860186018601860186018601B6
:10D2400086018601860186018601FE030003000334
:10D2500000000000860186018601860186018601A4
:10D260008601FC0180018001800180018001800134
:10D270000000000000000000B601B601B601B601D2
:10D28000B601B601B601B601B601B601B601B601E6
:10D29000B601FE010000000000000000B601B6016A
:10D2A000B601B601B601B601B601B601B601B601C6
:10D2B000B601B601B601FE03000300030000000042
:10D2C0001F001B001B00180018001800F800980130
:10D2D00018031803180318039801F8000000000051
:10D2E0000000000086018601860186018601860114
:10D2F0009E01B601E601E601E601E601B6019E01E6
:10D300000000000000000000060006000600060005
:10D31000060006007E00C6008601860186018601A1
:10D32000C6007E0000000000000000007800CC0075
:10D330008601860180018001F80180018001800161
:10D3400086018601CC00780000000000000000008B
:10D35000E300B3011B031B031B031B031F031B037E
:10D360001B031B031B031B03B301E30000000000AE
:10D3700000000000F8018C0186018601860186010B
:10D380008C01F80198018C018C018C018C018601C3
:10D39000000000000000000000000000000000008D
:10D3A0000000F80084018001FC01860186018601ED
:10D3B000C601BC01000000000000000000000000E9
:10D3C0008001FC00060006007600CE008601860182
:10D3D00086018601CC0078000000000000000000FB
:10D3E00000000000000000000000FE008601860131
:10D3F0008601FE00860186018601FE000000000015
:10D400000000000000000000000000000000FE001E
:10D41000C60006000600060006000600060006001C
:10D4200000000000000000000000000000000000FC
:10D430000000F800DC00C600C600C600C600C6003A
:10D44000C600FF018301830100000000000000000E
:10D450000000000000007800CC0086018601FE017B
:10D46000060006008C01F80000000000000000002B
:10D470000000000000000000000033033303B60189
:10D48000FC00FC00FC00B601330333030000000085
:10D4900000000000000000000000000000007C0010
:10D4A000C6008201C0007000C0008201C6007C007E
:10D4B000000000000000000000000000000000006C
:10D4C0000000860186018601C601E601B6019E01C3
:10D4D0008E01860100000000000000000000000036
:10D4E000400060002000860186018601C601E60139
:10D4F000B6019E018E0186010000000000000000C0
:10D50000000000000000000000008601C600660068
:10D5100036001E003E006600C600860100000000C6
:10D520000000000000000000000000000000F80102
:10D530008C018601860186018601860186018601AD
:10D5400000000000000000000000000000000000DB
:10D5500000008601CE01CE01FE01B601B6018601B2
:10D5600086018601000000000000000000000000AD
:10D570000000000000008601860186018601FE0190
:10D58000860186018601860100000000000000007F
:10D59000000000000000000000007800CC008601C0
:10D5A0008601860186018601CC007800000000001B
:10D5B0000000000000000000000000000000FE016C
:10D5C0008601860186018601860186018601860123
:10D5D000000000000000000000000000000000004B
:10D5E00000007600CE008601860186018601860154
:10D5F000CE007600060006000000000000000000DB
:10D60000000000000000F8008C0106000600060083
:10D61000060006008C01F800000000000000000079
:10D6200000000000000000000000FE01300030009B
:10D6300030003000300030003000300000000000CA
:10D640000000000000000000000000000000860153
:10D6500086018601860186018601FC018001820126
:10D660008601FC0000000000000000000000000037
:10D6700000003000FC00B60132013201B601FC00AE
:10D68000300030000000000000000000000000003A
:10D6900000000000000086018601CC00FC00300084
:10D6A000FC00CC00860186010000000000000000A4
:10D6B00000000000000000000000C600C600C60018
:10D6C000C600C600C600C600C600FE01800180017B
:10D6D00000000000000000000000000000008601C3
:10D6E000860186018601FC018001800180018001A4
:10D6F000000000000000000000000000000000002A
:10D700000000B601B601B601B601B601B601B60118
:10D71000B601FE0100000000000000000000000053
:10D72000000000000000B601B601B601B601B60166
:10D73000B601B601B601FE030003000300000000BD
:10D74000000000000000000000000F000D000D00B0
:10D75000FC008C018C018C018C01FC00000000009D
:10D760000000000000000000000000000000860132
:10D7700086018601BE01E601E601E601E601BE0181
:10D780000000000000000000000000000000000099
:10D790000000060006000600FE00860186018601E4
:10D7A0008601FE00000000000000000000000000F4
:10D7B0000000000000007C00C60080018001F8012C
:10D7C00080018001C6007C00000000000000000015
:10D7D00000000000000000000000E600B601160195
:10D7E00016011E0116011601B601E6000000000038
:10D7F0000000000000000000000000000000F80130
:10D800008C0184018C01F801B00198018C01860122
:10D810000000000000000000000000000000000008
:10D8200000000000000000000000000000000000F8
:10D8300000000000E000180304040404B209B20967
:10D84000020802081209E208040404041803E000B4
:10D8500000000000E000F803FC07FC074E0E4E0E2F
:10D86000FE0FFE0FEE0E1E0FFC07FC07F803E00094
:10D87000000000000000000000001803BC07FC07C7
:10D88000FC07FC07F803F001E00040000000000086
:10D89000000000000000000000004000E000F00177
:10D8A000F803FC07F803F001E0004000000000006E
:10D8B0000000000000000000E000F001F001F001B5
:10D8C000EC06FE0FFE0FFE0F4C06E000F00100001C
:10D8D000000000000000000040004000E000F001F7
:10D8E000F803FC07FC07FC075803E000F001000008
:10D8F0000000000000000000000000000000000028
:10D900006000F000F0006000000000000000000077
:10D9100000000000FF0FFF0FFF0FFF0FFF0FFF0FB3
:10D920009F0F0F0F0F0F9F0FFF0FFF0FFF0FFF0F27
:10D93000FF0FFF0F000000000000000060009000DB
:10D9400008010801080108019000600000000000C3
:10D9500000000000FF0FFF0FFF0FFF0F9F0F6F0F63
:10D96000F70EF70EF70EF70E6F0F9F0FFF0FFF0F5B
:10D97000FF0FFF0F00000000000080070006780581
:10D98000CC04860186018601CC00780000000000EE
:10D990000000000000000000E00130031806180637
:10D9A00018063003E001C000C000F003C000C00052
:10D9B000000000004000C000C001C003400340035D
:10D9C0004001400040007000780078003000000006
:10D9D0000000000030007000D000900130037002A1
:10D9E000D00290031C031E021E028C03C003C0035E
:10D9F00080010000000040004000E404F803180328
:10DA00000C060E0E0C061803F803E4044000400058
:10DA10000000000000000000080018003800780036
:10DA2000F800F801F800780038001800080000003D
:10DA3000000000000000000000018001C001E001C2
:10DA4000F001F801F001E001C001800100010000D7
:10DA50000000000000004000E000F001F80340007A
:10DA60004000400040004000F803F001E0004000AA
:10DA700000000000000098019801980198019801A9
:10DA80009801980198019801980100009801980167
:10DA9000000000000000F8076C03660366036603DD
:10DAA0006C0378036003600360036003600360033A
:10DAB000000000000000F8010C030C000C00F8014D
:10DAC0000C030C03F801000300030C03F801000031
:10DAD0000000000000000000000000000000000046
:10DAE00000000000000000000000F807F807F80739
:10DAF000000000004000E000F001F803400040009A
:10DB00004000400040004000F803F001E000400009
:10DB1000F803000000004000E000F001F8034000BE
:10DB200040004000400040004000400040004000F5
:10DB300000000000000040004000400040004000A5
:10DB40004000400040004000F803F001E0004000C9
:10DB500000000000000000000000000080008001C4
:10DB60008003FC07800380018000000000000000AB
:10DB70000000000000000000000000002000300055
:10DB80003800FC07380030002000000000000000D2
:10DB90000000000000000000000000000000000085
:10DBA0000000000002000200020002000200FE0766
:10DBB0000000000000000000000000001001180339
:10DBC0001C07FE0F1C0718031001000000000000D6
:10DBD0000000000000000000000000000000400005
:10DBE000E000F001F803FC07FE0F00000000000059
:10DBF0000000000000000000000000000000FE0F18
:10DC0000FC07F803F001E000400000000000000005
:10DC10000000000000000000000000000000000004
:10DC200000000000000000000000000000000000F4
:10DC30000000000060006000F000F000F000F00064
:10DC4000F000600060006000000000006000600004
:10DC50000000000000000000980198019801980160
:10DC600000000000000000000000000000000000B4
:10DC7000000000000000600660066006FC0F300334
:10DC8000300398019801FE03CC00CC00CC000000CA
:10DC90000000000060006000F801FC036C006C00F4
:10DCA000FC01F80360036003FC03F80160006000FE
:10DCB000000000000000000000081C0C1C0E1C07E7
:10DCC0008003C001E000700038001C070E07060743
:10DCD000000000000000E000B00198019801D800A9
:10DCE000700078007C00CC06CC038C01DC03780645
:10DCF00000000000700070007000600060003000E4
:10DD00000000000000000000000000000000000013
:10DD100000000000C00160007000300038003800D2
:10DD20003800380038003800300070006000C00152
:10DD30000000000038006000E000C000C001C00129
:10DD4000C001C001C001C001C000E0006000380097
:10DD5000000000000000000000006C036C03F801EC
:10DD6000F000FC03F000F8016C036C0300000000FD
:10DD700000000000000000000000000060006000E3
:10DD80006000FC03FC036000600060000000000015
:10DD90000000000000000000000000000000000083
:10DDA0000000000000000000000070007000700023
:10DDB00060003000000000000000000000000000D3
:10DDC0000000FC03FC030000000000000000000055
:10DDD0000000000000000000000000000000000043
:10DDE00000000000000000000000700070007000E3
:10DDF0000000000000000008000C000E0007800377
:10DE0000C001E000700038001C000E000600000099
:10DE100000000000F001FC070C06060C060C060CC6
:10DE2000060C060C060C060C060C0C06FC07F00192
:10DE300000000000C000E000F800F800C000C000D2
:10DE4000C000C000C000C000C000C000F807F80754
:10DE500000000000F803FC070E0E060C060E00077B
:10DE60008003C001E000700038001C00FE0FFE0FB0
:10DE700000000000F803FC070E0E060C000C000E5C
:10DE8000F007F0030006000C060C0E0EFC07F8036A
:10DE9000000000008003C003E003700338031C038C
:10DEA0000E030603FE0FFE0F000300030003000332
:10DEB00000000000FE0FFE0F060006000600FE0335
:10DEC000FC07000E000C000C060C0E0EFC07F803FD
:10DED00000000000C003E003700038001C000C00CC
:10DEE000FE03FE070E0E060C060C0E0EFC07F803D2
:10DEF00000000000FE0FFE0F0006000600030003F6
:10DF000080018001C000C00060006000300030006F
:10DF100000000000F001F8031C070C060C061C07AB
:10DF2000F803FC070E0E060C060C0E0EFC07F80399
:10DF300000000000F803FC070E0E060C060C0E0E87
:10DF4000FC0FF80F000600078003C001F8007800FE
:10DF500000000000000000000000000070007000E1
:10DF600070000000000000007000700070000000F1
:10DF700000000000000000000000000070007000C1
:10DF80007000000000000000700070007000600071
:10DF90006000300000038003C001E0007000380022
:10DFA0001C001C0038007000E000C001800300036A
:10DFB0000000000000000000000000000000FC075E
:10DFC000FC0700000000FC07FC0700000000000048
:10DFD000000000000C001C0038007000E000C001D0
:10DFE00080038003C001E000700038001C000C00BA
:10DFF00000000000F801FC030E0706060607800378
:10E00000C001E0006000600060000000600060008F
:10E0100000000000F803FC070C06E60DF60DB60D37
:10E02000B60DB60DB60DF607E6030E00FC03F003C1
:10E030000000000060006000F000F000F0009801B7
:10E04000980198010C03FC03FC030606060606066D
:10E0500000000000FE00FE0186030603060386039F
:10E06000FE01FE030607060606060607FE03FE017E
:10E0700000000000F001F8031C070C060600060073
:10E0800006000600060006000C061C07F803F00157
:10E0900000000000FE00FE018603060306060606D9
:10E0A000060606060606060606038603FE01FE00B1
:10E0B00000000000FE07FE0706000600060006003E
:10E0C000FE01FE010600060006000600FE07FE0730
:10E0D00000000000FE07FE0706000600060006001E
:10E0E000FE01FE010600060006000600060006000E
:10E0F00000000000F003F8071C060C0006000600F4
:10E10000C607C607060606060C061C06F807F00733
:10E1100000000000060606060606060606060606B7
:10E12000FE07FE070606060606060606060606069D
:10E1300000000000F801F80160006000600060006D
:10E14000600060006000600060006000F801F8019D
:10E15000000000000006000600060006000600069B
:10E16000000600060006060606060E03FC03F8017C
:10E1700000000000060606078603C601E6007600DA
:10E180003E003E007600E600C6018603060706064E
:10E19000000000000600060006000600060006005B
:10E1A000060006000600060006000600FE07FE0741
:10E1B0000000000006060E070E079E079E07F606E3
:10E1C000F60666066606060606060606060606063F
:10E1D0000000000006060E060E061E06360636066F
:10E1E00066066606C606C60686070607060706060C
:10E1F00000000000F000F8019C030C030606060670
:10E2000006060606060606060C039C03F801F00047
:10E2100000000000FE01FE030607060606060606CD
:10E220000607FE03FE0106000600060006000600C3
:10E2300000000000F000F8019C030C03060606062F
:10E24000060606060606C606CC039C03F807F0067B
:10E2500000000000FE01FE0306070606060606068D
:10E260000607FE03FE01E600C60186030607060652
:10E2700000000000F801FC030E07060606000E0071
:10E28000FC01F8030007000606060E07FC03F80170
:10E2900000000000FC03FC03600060006000600000
:10E2A000600060006000600060006000600060006E
:10E2B0000000000006060606060606060606060616
:10E2C000060606060606060606060C03FC03F8010B
:10E2D000000000000606060606060C030C030C03ED
:10E2E000980198019801F000F000F00060006000D3
:10E2F00000000000060606060606060606060606D6
:10E30000060666066606F6069E070E070E07060652
:10E3100000000000060606060C030C039801F0003E
:10E3200060006000F00098010C030C03060606066E
:10E3300000000000060606060C030C039801980175
:10E34000F000F000600060006000600060006000AD
:10E3500000000000FE07FE07000300038001C0006C
:10E3600060006000300018000C000C00FE07FE0783
:10E3700000000000F801F80118001800180018004B
:10E38000180018001800180018001800F801F8010B
:10E39000000000000000020006000E001C00380013
:10E3A0007000E000C00180030007000E000C0000B8
:10E3B00000000000F801F801800180018001800167
:10E3C000800180018001800180018001F801F80155
:10E3D000000000004000E000F001B8031C070E0E32
:10E3E000060C00000000000000000000000000001B
:10E3F000000000000000000000000000000000001D
:10E40000000000000000000000000000000000000C
:10E41000FE0FFE0F0000E000E000E0006000600082
:10E42000C00000000000000000000000000000002C
:10E430000000000000000000000000000000F803E1
:10E44000FC070006F807FC0706060606FE07FC07A1
:10E450000000000006000600060006000600F601A7
:10E46000FE030E070606060606060607FE03FE0165
:10E470000000000000000000000000000000F801A3
:10E48000FC030E060600060006000E06FC03F8015B
:10E490000000000000060006000600060006F80660
:10E4A000FC078E070606060606060E06FC07F8079A
:10E4B0000000000000000000000000000000F80163
:10E4C000FC030E06FE07FE0306000E00FC03F80127
:10E4D00000000000E001F0013800180018001800EA
:10E4E000FE00FE00180018001800180018001800A0
:10E4F0000000000000000000000000000000F8071D
:10E50000FC070E0606060E07FC07F80600060007C5
:10E51000FC03FC0106000600060006000600F600EB
:10E52000FE018E0306030603060306030603060325
:10E5300000000000000000006000600000007000AB
:10E54000700060006000600060006000F801F80189
:10E550000000000000000000800180010000C001F8
:10E56000C00180018001800180018001800198014B
:10E57000F801F0000C000C000C000C000C008C01E9
:10E58000CC01EC007C007C00EC00CC018C030C0383
:10E59000000000007000700060006000600060001B
:10E5A000600060006000600060006000F801F80139
:10E5B00000000000000000000000000000009A01C0
:10E5C000FE03FE07660666066606660666066606BD
:10E5D0000000000000000000000000000000FC013E
:10E5E000FC030C070C060C060C060C060C060C06AD
:10E5F0000000000000000000000000000000F80122
:10E60000FC030E070606060606060E07FC03F801C5
:10E610000000000000000000000000000000FE01FB
:10E62000FE030607060606060E07FE03F6010600B1
:10E630000600060000000000000000000000F807CF
:10E64000FC070E06060606060E07FC07F80600067F
:10E650000006000600000000000000000000EC03BF
:10E66000FC071C060C000C000C000C000C000C003D
:10E670000000000000000000000000000000FC009E
:10E68000FE010600FE00FC0180018001FE01FC008D
:10E690000000000000001800180018001800FE001C
:10E6A000FE0018001800180018001800F801F0010A
:10E6B000000000000000000000000000000006064E
:10E6C000060606060606060606060E07FC07F806F8
:10E6D000000000000000000000000000000006062E
:10E6E00006060C030C0398019801F000F00060008E
:10E6F00000000000000000000000000000006606AE
:10E700006606660666066606F606FC039C030801B6
:10E7100000000000000000000000000000000603F0
:10E720008E03DC01F8007000F800DC018E030603A4
:10E7300000000000000000000000000000000C03CA
:10E740000C0398019801F000F000600060003000B8
:10E750003000180000000000000000000000FE0370
:10E76000FE01C0006000300018000C00FE03FE0334
:10E7700000000000C003E0037000300030003000F3
:10E7800038001C0038003000300030007000E0031A
:10E79000C003000060006000600060006000600076
:10E7A0006000600060006000600060006000600069
:10E7B000000000003C007C00E000C000C000C00081
:10E7C000C0018003C001C000C000C000E0007C00A8
:10E7D0003C0000000000000038066C03C601000089
:10E7E0000000000000000000000000000000000029
:10E7F0000000000000000000000000006000F000C9
:10E8000098010C0306060606FE07FE07000000003E
:10E8100000000000110144041101440411014404EA
:10E820001101440411014404110144041101440480
:10E8300011014404AA0A5505AA0A5505AA0A550554
:10E84000AA0A5505AA0A5505AA0A5505AA0A550590
:10E85000AA0A5505EE0EBB0BEE0EBB0BEE0EBB0B64
:10E86000EE0EBB0BEE0EBB0BEE0EBB0BEE0EBB0BA0
:10E87000EE0EBB0B60006000600060006000600096
:10E880006000600060006000600060006000600088
:10E890006000600060006000600060006000600078
:10E8A00060007F007F00600060006000600060002A
:10E8B0006000600060006000600060006000600058
:10E8C0007F007F0060007F007F00600060006000CC
:10E8D000600060006C006C006C006C006C006C00F0
:10E8E0006C006F006F006C006C006C006C006C00C2
:10E8F0006C006C0000000000000000000000000040
:10E9000000007F007F006C006C006C006C006C00ED
:10E910006C006C000000000000000000000000001F
:10E920007F007F0060007F007F006000600060006B
:10E93000600060006C006C006C006C006C006C008F
:10E940006F006F0060006F006F006C006C006C0067
:10E950006C006C006C006C006C006C006C006C0057
:10E960006C006C006C006C006C006C006C006C0047
:10E970006C006C00000000000000000000000000BF
:10E980007F007F0060006F006F006C006C006C0007
:10E990006C006C006C006C006C006C006C006C0017
:10E9A0006F006F0060007F007F000000000000002B
:10E9B000000000006C006C006C006C006C006C00CF
:10E9C0006C007F007F0000000000000000000000DD
:10E9D00000000000600060006000600060006000F7
:10E9E0007F007F0060007F007F00000000000000CB
:10E9F0000000000000000000000000000000000017
:10EA000000007F007F006000600060006000600028
:10EA100060006000600060006000600060006000F6
:10EA20006000E00FE00F00000000000000000000A8
:10EA30000000000060006000600060006000600096
:10EA40006000FF0FFF0F000000000000000000004A
:10EA500000000000000000000000000000000000B6
:10EA60000000FF0FFF0F60006000600060006000AA
:10EA70006000600060006000600060006000600096
:10EA80006000E00FE00F6000600060006000600068
:10EA900060006000000000000000000000000000B6
:10EAA0000000FF0FFF0F000000000000000000004A
:10EAB0000000000060006000600060006000600016
:10EAC0006000FF0FFF0F60006000600060006000EA
:10EAD0006000600060006000600060006000600036
:10EAE000E00FE00F6000E00FE00F600060006000EA
:10EAF000600060006C006C006C006C006C006C00CE
:10EB00006C00EC0FEC0F6C006C006C006C006C0087
:10EB10006C006C006C006C006C006C006C006C0095
:10EB2000EC0FEC0F0C00FC0FFC0F000000000000CD
:10EB300000000000000000000000000000000000D5
:10EB4000FC0FFC0F0C00EC0FEC0F6C006C006C0069
:10EB50006C006C006C006C006C006C006C006C0055
:10EB6000EF0FEF0F0000FF0FFF0F0000000000008D
:10EB70000000000000000000000000000000000095
:10EB8000FF0FFF0F0000EF0FEF0F6C006C006C0029
:10EB90006C006C006C006C006C006C006C006C0015
:10EBA000EC0FEC0F0C00EC0FEC0F6C006C006C0029
:10EBB0006C006C000000000000000000000000007D
:10EBC000FF0FFF0F0000FF0FFF0F0000000000000D
:10EBD000000000006C006C006C006C006C006C00AD
:10EBE000EF0FEF0F0000EF0FEF0F6C006C006C00E9
:10EBF0006C006C00600060006000600060006000FD
:10EC0000FF0FFF0F0000FF0FFF0F000000000000CC
:10EC1000000000006C006C006C006C006C006C006C
:10EC20006C00FF0FFF0F000000000000000000005C
:10EC300000000000000000000000000000000000D4
:10EC4000FF0FFF0F0000FF0FFF0F6000600060006C
:10EC500060006000000000000000000000000000F4
:10EC60000000FF0FFF0F6C006C006C006C006C006C
:10EC70006C006C006C006C006C006C006C006C0034
:10EC80006C00FC0FFC0F0000000000000000000002
:10EC90000000000060006000600060006000600034
:10ECA000E00FE00F6000E00FE00F00000000000048
:10ECB0000000000000000000000000000000000054
:10ECC000E00FE00F6000E00FE00F60006000600008
:10ECD0006000600000000000000000000000000074
:10ECE0000000FC0FFC0F6C006C006C006C006C00F2
:10ECF0006C006C006C006C006C006C006C006C00B4
:10ED00006C00EF0FEF0F6C006C006C006C006C007F
:10ED10006C006C00980198010000FE07FE070600D9
:10ED20000600FE01FE01060006000600FE07FE07C3
:10ED30000000000060006000600060006000600093
:10ED4000FF0FFF0F0000FF0FFF0F6000600060006B
:10ED500060006000600060006000600060006000B3
:10ED600060007F007F000000000000000000000045
:10ED70000000000000000000000000000000000093
:10ED80000000E00FE00F60006000600060006000C5
:10ED900060006000FF0FFF0FFF0FFF0FFF0FFF0F5F
:10EDA000FF0FFF0FFF0FFF0FFF0FFF0FFF0FFF0FF3
:10EDB000FF0FFF0F00000000000000000000000037
:10EDC00000000000FF0FFF0FFF0FFF0FFF0FFF0FEF
:10EDD000FF0FFF0F3F003F003F003F003F003F009D
:10EDE0003F003F003F003F003F003F003F003F002B
:10EDF0003F003F00C00FC00FC00FC00FC00FC00FBB
:10EE0000C00FC00FC00FC00FC00FC00FC00FC00F8A
:10EE1000C00FC00FFF0FFF0FFF0FFF0FFF0FFF0F00
:10EE2000FF0FFF0F000000000000000000000000C6
:10EE3000000000000000000000001803A4044404C7
:10EE40000404040408021001A000400000000000B7
:10EE50000000000000000000C00320041C08FE0F9A
:10EE6000FE0FFE0FFE0FFC07F8030000000000007D
:10EE70000000000000000000C00320041C08FE0F7A
:10EE80000208020802080404F80300000000000061
:10EE900000000000000000000000C000A000A00072
:10EEA000A000900000000000000000000000000032
:10EEB000000000000000C000A000A000A000900022
:10EEC0000000FE07000090009000E000800080003D
:10EED00000000000000000000000980160000C032A
:10EEE0000C0398019801F000F00060006000300011
:10EEF00030001800F000F80198019801F801F000C6
:10EF00000000000000000000000000000000000001
:10EF10000000000000000000980198010000F801C6
:10EF2000FC030E06FE07FE0706000600FC03F801C0
:10EF30000000000000000000000000000000F000E1
:10EF4000F801F801F801F801F000000000000000ED
:10EF500000000000000000000000000000000000B1
:10EF60004000E000E0004000000000000000000061
:10EF7000000000000000C00FC00FC000C000C000B3
:10EF8000C000C000C400CC00D800F000E000C00009
:10EF900000000000C300C706C70FC709CF0FCB068C
:10EFA000CB00DB00D30FF30FE300E300E300C3006B
:10EFB0000000000000000606F606FC030E07060629
:10EFC0000606060606060E07FC03F6060606000001
:10EFD000000000000000000000000000F000F00051
:10EFE000F000F000F000F000000000000000000061
:10EFF0000000000000000000000000000000000011
:10F000000000000000000000000000000000000000
:10F0100000000000F007F8071C060C0606060606AE
:10F0200006060606FE07FE0706060606060606068E
:10F0300000000000FE07FE070600060006000600AE
:10F04000FE01FE030607060606060607FE03FE018E
:10F0500000000000FE00FE0186030603060386038F
:10F06000FE01FE030607060606060607FE03FE016E
:10F0700000000000FE07FE0706000600060006006E
:10F080000600060006000600060006000600060050
:10F0900000000000F007F8071C060C06060606062E
:10F0A000060606060606060606060606FF0FFF0FFC
:10F0B000030C030CFE07FE07060006000600060010
:10F0C000FE01FE010600060006000600FE07FE0720
:10F0D000000000006108630C630C670666066E039F
:10F0E000FC03FC036E076606670E630C630C610885
:10F0F00000000000F803FC070E0E060C000C000ECA
:10F10000F007F0030006000C060C0E0EFC07F803D7
:10F11000000000000606060706078607C606C606A4
:10F1200066066606360636061E060E060E06060637
:10F13000000000004606660726078607C606C606C4
:10F1400066066606360636061E060E060E06060617
:10F1500000000000060606078603C601E6007600EA
:10F160003E003E007600E600C6018603060706065E
:10F1700000000000F007F8071C060C06060606064D
:10F18000060606060606060606060606060606061F
:10F190000000000006060E070E079E079E07F606F3
:10F1A000F60666066606060606060606060606064F
:10F1B0000000000006060606060606060606060607
:10F1C000FE07FE07060606060606060606060606ED
:10F1D00000000000F000F8019C030C030606060680
:10F1E00006060606060606060C039C03F801F00058
:10F1F00000000000FE07FE070606060606060606D5
:10F20000060606060606060606060606060606069E
:10F2100000000000FE01FE030607060606060606BD
:10F220000607FE03FE0106000600060006000600B3
:10F2300000000000F001F8031C070C0606000600A1
:10F2400006000600060006000C061C07F803F00185
:10F2500000000000FC03FC03600060006000600030
:10F26000600060006000600060006000600060009E
:10F270000000000006060606060606060606060646
:10F28000FE07FC070006000600060603FE03FC015D
:10F290000000000060006000FC03FE0766066606D2
:10F2A000660666066606FE07FC03600060006000F6
:10F2B00000000000060606060C030C039801F0008F
:10F2C00060006000F00098010C030C0306060606BF
:10F2D00000000000060306030603060306030603F8
:10F2E000060306030603060306030603FE07FE07DE
:10F2F00000060006060606060606060606060606BA
:10F30000FE07FC07000600060006000600060006D1
:10F310000000000066066606660666066606660665
:10F32000660666066606660666066606FE07FE074B
:10F330000000000066066606660666066606660645
:10F34000660666066606660666066606FE0FFE0F1B
:10F35000000C000C1F001F001B001B001800F80110
:10F36000F80318071806180618061807F803F80116
:10F3700000000000060606060606060606063E060D
:10F380007E06E606C606C606C606E6067E063E06F5
:10F390000000000006000600060006000600FE0150
:10F3A000FE0306070606060606060607FE03FE011E
:10F3B00000000000F800FC018E03060300060006B2
:10F3C000F007F0070006000606038E03FC01F800B4
:10F3D00000000000C301E303730733061B0C1B0C82
:10F3E0001F0C1F0C1B0C1B0C33067307E303C3011C
:10F3F00000000000F807FC070E06060606060606D3
:10F400000E06FC07F807700638061C060E060606F0
:10F410000000000000000000000000000000F803F1
:10F42000FC070006F807FC0706060606FE07FC07B1
:10F4300000000000000000000002FC03FE010600C6
:10F44000F601FE030E07060606060607FE03FC018C
:10F450000000000000000000000000000000FC01AF
:10F46000FC030C030C03FC010C030C03FC03FC0168
:10F470000000000000000000000000000000FC038D
:10F48000FC030C000C000C000C000C000C000C0029
:10F490000000000000000000000000000000F00379
:10F4A000F8030C030C030C030C030C03FE07FE070C
:10F4B0000606060600000000000000000000F8013B
:10F4C000FC030E06FE07FE0306000E00FC03F80117
:10F4D0000000000000000000000000000000630CBD
:10F4E000670E6E07FC03FC036C036606670E630C75
:10F4F0000000000000000000000000000000F0001C
:10F50000F8010C030003E00100030C03F801F00014
:10F5100000000000000000000000000000000C06D9
:10F520000C060C078C07CC066C063C061C060C0669
:10F5300000000000000000008000C00040000C0639
:10F540000C060C078C07CC066C063C061C060C0649
:10F5500000000000000000000000000000008C011E
:10F56000CC01EC007C007C00EC00CC018C030C0393
:10F570000000000000000000000000000000F00398
:10F58000F8030C030C030C030C030C030C030C0317
:10F5900000000000000000000000000000000E0756
:10F5A0009E079E07F6066606060606060606060679
:10F5B00000000000000000000000000000000C0639
:10F5C0000C060C060C06FC07FC070C060C060C06C9
:10F5D0000000000000000000000000000000F80132
:10F5E000FC030E070606060606060E07FC03F801D6
:10F5F0000000000000000000000000000000FC0708
:10F60000FC070C060C060C060C060C060C060C0679
:10F610000000000000000000000000000000FE01EB
:10F62000FE030607060606060E07FE03F6010600A1
:10F630000600060000000000000000000000F801C5
:10F64000FC030E060600060006000E06FC03F80189
:10F650000000000000000000000000000000FC03AB
:10F66000FC036000600060006000600060006000FB
:10F6700000000000000000000000000000000C037B
:10F680000C0398019801F000F00060006000300069
:10F6900030001800000000000000000000006000C2
:10F6A000FC03FE076606660666066606FE07FC03A2
:10F6B0006000600000000000000000000000060381
:10F6C0008E03DC01F8007000F800DC018E030603F5
:10F6D00000000000000000000000000000000C031B
:10F6E0000C030C030C030C030C030C03FC07FC07BA
:10F6F00000060006000000000000000000000C03EF
:10F700000C030C030C03FC03F803000300030003C9
:10F71000000000000000000000000000000066067D
:10F72000660666066606660666066606FE07FE0747
:10F73000000000000000000000000000000066065D
:10F74000660666066606660666066606FE0FFE0F17
:10F75000000C000C000000000000000000003E0053
:10F760003E003600F003F00730063006F007F003E5
:10F77000000000000000000000000000000006067D
:10F78000060606067E06FE06C606C606FE067E06B9
:10F7900000000000000000000000000000000C005D
:10F7A0000C000C00FC01FC030C030C03FC03FC012B
:10F7B0000000000000000000000000000000F80051
:10F7C000FC010603E003E00300038603FC01F800EC
:10F7D0000000000000000000000000000000C60162
:10F7E000E60376073E063E0636067607E603C601C2
:10F7F0000000000000000000000000000000F8030E
:10F80000FC030C030C03F803700338031C030C0304
:10F8100000000000000000000000040A0E0A0400BE
:10F82000040E0A0E0400000A0E0E040000040E0E60
:10F830000400040E0E040E0004040E040E0000006A
:10F84000040000000F0F0B0F0F0F0000000000005E
:10F85000000000000000000C08060600040A040E68
:10F860000400000000000000040C0A080400040E5C
:10F870000A0E040002060E060200080C0E0C080018
:10F88000040E040E04000A0A0A000A000E0B0B0AFA
:10F890000A000C060A0C0600000006060000040E12
:10F8A000040E040E040E040404000404040E0400F8
:10F8B00000040F04000000020F0200000000020E0E
:10F8C0000000000A0E0A000000040E0E0000000EE8
:10F8D0000E04000000000000000004040400040006
:10F8E0000A0A000000000A0E0A0E0A00040C060CA8
:10F8F0000604020804020800040A0C0A0E000602AC
:10F9000000000000040202020400020404040200D9
:10F910000A040E040A0000040E04000000000000A7
:10F92000060200000E0000000000000004000808AD
:10F93000040202000C0A0A0A0600040604040E006F
:10F94000060804020E00060804080600080A0E084D
:10F9500008000E02060806000402060A04000E084B
:10F960000C040400040A040A0400040A0C0804003D
:10F970000000040004000000040006020804020461
:10F98000080000000E000E00020408040200060831
:10F99000040004000E0A0A020E00040A0E0A0A00FD
:10F9A000060A060A06000C0202020C00060A0A0AEF
:10F9B00006000E0206020E000E02060202000C02F3
:10F9C0000A0A0C000A0A0E0A0A000E0404040E00B9
:10F9D0000808080A04000A0A060A0A0002020202CB
:10F9E0000E000A0E0E0A0A000A0E0A0A0A00040A8B
:10F9F0000A0A0400060A06020200040A0A0E0C00A3
:10FA0000060A060A0A000C020E0806000E04040488
:10FA100004000A0A0A0A0E000A0A0A0A04000A0A6C
:10FA20000E0E0A000A0A040A0A000A0A0404040064
:10FA30000E0804020E00060202020600020204087A
:10FA40000800060404040600040A00000000000088
:10FA50000000000F06040000000000000C0A0E0069
:10FA60000202060A060000000C020C0008080C0A3C
:10FA70000C0000000E060C0008040E040400000038
:10FA80000E0A080E0202060A0A000400040404001A
:10FA900004000404040602020A060A000404040422
:10FAA000040000000E0E0A000000060A0A00000012
:10FAB000040A04000000060A060200000C0A0C08F2
:10FAC00000000602020000000C04060000040E0400
:10FAD0000C0000000A0A0E0000000A0A04000000E0
:10FAE0000A0E0E0000000A040A0000000A0A0402BE
:10FAF000000006040C000C0406040C0004040404BA
:10FB0000040006040C0406000A05000000000004BE
:10FB10000A0E0000000000000000000000000000CD
:10FB20000602000000000000000000000A0A0000B9
:10FB3000000000000400040004040F040404040F87
:10FB4000000F040400000000000002080402080086
:10FB5000000000000000080402040800000000008B
:10FB60000000000000000000000000000000000095
:10FB7000000000000000000000000602000000007D
:10FB80000602000000000A0A000000000A0A000045
:10FB9000000000000400000000000E000000000053
:10FBA0000E0000000000000000000E040404040029
:10FBB0000000000000000204080402000000000031
:10FBC0000000000000000000000000000000000035
:10FBD000000000000000000000000705070403000B
:10FBE00000020505020100000000000000070505F5
:10FBF00007000000000000000404040404040C06D4
:10FC00000A0C060007010301070000000C020C00AB
:10FC100006010701060008040204080000000704AA
:10FC2000040400000E000000060A060A0A0005028D
:10FC300002020200040A0400000000040E04000096
:10FC400000000000000000000000000000000000B4
:10FC500000000000050704000E0B0B0A0A0000005C
:10FC6000040000000500070306000507070705005C
:10FC70000000060306000204080402000000000061
:10FC80000000000000000000000000000000000074
:10FC90000502020002050705050007010305030030
:10FCA0000305030503000701010101000202020729
:10FCB0000500070103010700050702070500070407
:10FCC00006040700050507070500070507070500E7
:10FCD00005030305050006050505050005070505DF
:10FCE00005000505070505000205050502000705D5
:10FCF00005050500030503010100060101010600D9
:10FD000007020202020005050704030002070507B7
:10FD10000200050502050500050505050F08050596
:10FD200007040400050507070700050507070F0876
:10FD30000302060606000505070507000101030585
:10FD40000300030406040300050F0B0F050006055E
:10FD50000605050000000605060000000703070071
:10FD60000000030707000000070101000000020770
:10FD7000050000000703060000000702070000005E
:10FD8000070607000000050705000200050705003B
:10FD9000000005030500000006050500000005073A
:10FDA0000700000005070500000002050200000032
:10FDB0000705050000000305030100000601060019
:10FDC000000007020200000005050201000007050F
:10FDD0000702000005020500000005050F080000ED
:10FDE00005070400000005070700000005070F08CD
:10FDF00000000306060000000507070000000107D9
:10FE000007000000030603000000050F05000000C6
:10FE10000706050000000000000000001C2236223A
:10FE20002A221C001C3E2A3E223E1C0000143E3E9C
:10FE30003E1C080000081C3E3E1C0800081C1C0854
:10FE40003E3E080000081C3E3E081C000000000C5E
:10FE50000C0000003F3F3F33333F3F3F00000000B6
:10FE60000000000000000000000000000038302CFE
:10FE700012120C001C22221C081C080000000000AA
:10FE800000000000302C342C34360600002A1C36CA
:10FE90001C2A0000040C1C3C1C0C040010181C1E26
:10FEA0001C181000081C3E083E1C080014141414F2
:10FEB000140014003C2A2A2C282828001C220C1488
:10FEC00018221C0000001E1E1E1E0000081C3E08FA
:10FED0003E1C081C081C3E08080808000808080802
:10FEE0003E1C08000008183E1808000000080C3EE0
:10FEF0000C0800000000000202023E000014143E44
:10FF00001414000008081C1C3E3E00003E3E1C1C51
:10FF1000080800000000000000000000081C1C0889
:10FF200008000800363612000000000000143E14DD
:10FF3000143E1400041C020C100E080026261008A3
:10FF400004323200040A0A042A122C000C0C0400A9
:10FF50000000000008040404040408000408080861
:10FF60000808040000141C3E1C1400000008083E91
:10FF70000808000000000000000C0C040000003E17
:10FF80000000000000000000000C0C000020100821
:10FF9000040200001C22322A26221C00080C080839
:10FFA00008081C001C22201804023E001C22201CF1
:10FFB00020221C00101814123E1010003E02021ED7
:10FFC00020221C001804021E22221C003E201008C1
:10FFD000040404001C22221C22221C001C22223C9D
:10FFE00020100C0000000C0C000C0C0000000C0C8D
:10FFF000000C0C04100804020408100000003E006D
:020000040803EF
:10000000003E000004081020100804001C222018E4
:10001000080008001C223A2A3A021C001C22222254
:100020003E2222001E22221E22221E001C2202022A
:1000300002221C001E22222222221E003E02021E3A
:1000400002023E003E02021E020202001C22023A8E
:1000500022223C002222223E222222001C080808E2
:1000600008081C002020202022221C0022120A0640
:100070000A1222000202020202023E0022362A2254
:100080002222220022262A32222222001C2222227E
:1000900022221C001E22221E020202001C222222F8
:1000A0002A122C001E22221E122222001C22021CB6
:1000B00020221C003E0808080808080022222222EC
:1000C00022221C00222222222214080022222A2A72
:1000D0002A2A140022221408142222002222221486
:1000E000080808001E10080402021E001C04040474
:1000F00004041C0000020408102000001C10101052
:1001000010101C0008142200000000000000000075
:1001100000003F000C0C08000000000000001C2044
:100120003C223C0002021E2222221E0000001C2251
:1001300002221C0020203C2222223C0000001C2223
:100140001E021C001804041E0404040000003C22CB
:10015000223C201C02020E12121212000800080893
:1001600008081800100018101010120C0202120AD1
:10017000060A120008080808080818000000162AD5
:100180002A22220000000E121212120000001C226D
:1001900022221C0000001E2222221E0200003C22FD
:1001A00022223C2000001A2404040E0000001C023D
:1001B0001C201C0000041E0404140800000012127D
:1001C000121A140000002222221408000000222229
:1001D0002A3E1400000012120C121200000012122B
:1001E000121C080600001E100C021E001804040653
:1001F0000404180008080800080808000C10103053
:1002000010100C00140A000000000000081C362228
:10021000223E00000000000000000000000000007E
:10022000000000000C0C04000000000000000000B2
:1002300000000000363612000000000000000C0C28
:10024000000C0C000808083F08080808083F083F91
:10025000080808080000000000000000262610081A
:100260000432320000000000000000001008040208
:100270000408100000000000000000000000000062
:10028000000000000000000000000000000000006E
:100290000000000000000000000000000C0C040042
:1002A000000000000C0C04000000000036361200B4
:1002B0000000000036361200000000000000000CB4
:1002C0000C0000000000003E000000000000003EA6
:1002D0000000000000000000000000003E080808C8
:1002E00008080800000000000000000004081020BA
:1002F00010080400000000000000000000000000E2
:1003000000000000000000000000000000000000ED
:100310000000000000000000000000002A2A223C2B
:1003200020221C000C001212121C08060000000003
:100330000000000000331E331E33000000000000E8
:100340000000000008080808080808081C220C140F
:1003500018221C00143E021E02023E0000001C2255
:1003600002221C001C22020E02221C0010080402A1
:10037000040810000000000F080808080000003EF4
:10038000000000001E22221E12222200220808085D
:1003900008081C000C12120C000000000008083EA7
:1003A000080800000000000000000000000000003D
:1003B00000000000000000000000000000002222F9
:1003C0003C2020003C2A2A2C282828000000000479
:1003D0000000000014001C221E021C00393B0B0D03
:1003E0003D09090000001C220E221C0004081020F8
:1003F00010080400000000000000000000000000E1
:1004000000000000000000000000000014000808C8
:10041000080818001C2222223E2222003E02021E50
:1004200022221E001E22221E22221E003E02020244
:10043000020202001C121212123F21003E02021E92
:1004400002023E002A2A2A1C2A2A2A000E11100E15
:1004500010110E00222222322A2622002A2A2232BB
:100460002A26220022120A060A12220038242424F4
:100470002424260022362A22222222002222223E60
:10048000222222001C22222222221C003E22222280
:10049000222222001E22221E020202001C2202022E
:1004A00002221C003E080808080808002222223CFC
:1004B00020221C001C2A2A2A1C08080022221408B8
:1004C000142222001212121212123E202222223C68
:1004D000202020002A2A2A2A2A2A3E002A2A2A2ADA
:1004E0002A2A3E200705041C24241C002222222E36
:1004F00032322E000202021E22221E001C2220384E
:1005000020221C00122A2A2E2A2A12003C22223CD7
:100510002422220000001C203C223C00201C021E41
:1005200022221C0000001E221E221E0000001E129D
:100530000202020000001C12123F210000001C22D7
:100540001E021C0000002A2A1C2A2A0000001C226D
:1005500018221C00000022322A2622000018223213
:100560002A2622000000120A060A120000001C12AD
:1005700012121100000022362A222200000022223C
:100580003E22220000001C2222221C0000003E22EB
:100590002222220000001E2222221E0200001C2213
:1005A00002221C0000003E08080808000000121289
:1005B000121C080600001C2A2A1C08000000121247
:1005C0000C1212000000121212123E200000222211
:1005D0003C20200000002A2A2A2A3E0000002A2A65
:1005E0002A2A3E20000007051C241C0000002222AD
:1005F0002E322E00000002021E221E0000001C22CD
:1006000038221C000000122A2E2A120000003C2270
:100610003C24220000000000000000000000000058
:10062000007EC381A581BD99C37E0000007EFFFFCF
:10063000DBFFC3E7FF7E0000000022777F7F7F3E65
:100640001C08000000081C3E7F7F3E1C08000000C4
:1006500000183C3CFFE7E718187E000000183C7EBD
:10066000FFFF7E18187E0000000000003C7E7E3CEC
:1006700000000000FFFFFFFFC38181C3FFFFFFFFFA
:10068000000000000000000000000000000000006A
:100690000000000000000000007C705C4E1F33333F
:1006A000331E0000003C6666663C187E1818000089
:1006B00000000000000000000000000000FEC6FE78
:1006C000C6C6C6E6E7670300000018DB7EE7E77EE4
:1006D000DB180000000103071F7F1F070301000054
:1006E000004060707C7F7C706040000000183C7EA1
:1006F0001818187E3C1800000066666666660000E2
:100700006666000000FEDBDBDBDED8D8D8D8000050
:10071000007EC60C3C66663C30637E0000003C3CBC
:100720003C3C3C3C3C3C000000183C7E1818187EC9
:100730003C187E0000183C7E181818181818000085
:10074000001818181818187E3C180000000000182F
:10075000307F3018000000000000000C067F060CFF
:1007600000000000000000000303037F0000000001
:100770000000002466FF6624000000000000080856
:100780001C1C3E3E7F7F000000007F7F3E3E1C1C05
:100790000808000000000000000000000000000049
:1007A000000C1E1E1E0C0C000C0C00000066666681
:1007B00024000000000000000036367F3636367F09
:1007C000363600000C0C3E03031E30301F0C0C00AC
:1007D0000000002333180C0633310000000E1B1BF1
:1007E0000E5F7B333B6E0000000C0C0C060000001B
:1007F000000000000030180C0606060C183000003F
:1008000000060C18303030180C060000000000669E
:100810003CFF3C660000000000000018187E18181D
:100820000000000000000000000000001C1C06008A
:1008300000000000007F0000000000000000000039
:10084000000000001C1C00000000406030180C0676
:1008500003010000003E636B6B6B6B6B633E00003B
:1008600000080C0F0C0C0C0C0C3F0000001E333366
:1008700030180C06333F0000001E3330301C30307F
:10088000331E00000030383C36337F3030780000B3
:10089000003F0303031F3030331E0000001C06031B
:1008A000031F3333331E0000007F63636030180C76
:1008B0000C0C0000001E3333371E3B33331E000088
:1008C000001E3333333E18180C0E00000000001CCD
:1008D0001C00001C1C0000000000001C1C00001C70
:1008E0001C180C000030180C0603060C1830000011
:1008F000000000007E007E000000000000060C18D2
:10090000306030180C060000001E3330180C0C004C
:100910000C0C0000003E63637B7B7B03033E000006
:10092000000C1E3333333F3333330000003F666621
:10093000663E6666663F0000003C66630303036331
:10094000663C0000001F366666666666361F00005D
:10095000007F4606263E2606467F0000007F66464C
:10096000263E2606060F0000003C66630303736301
:10097000667C000000333333333F333333330000BE
:10098000001E0C0C0C0C0C0C0C1E000000783030FF
:1009900030303333331E000000676636361E36367D
:1009A00066670000000F060606064666667F0000C2
:1009B0000063777F7F6B636363630000006363673B
:1009C0006F7F7B7363630000001C36636363636344
:1009D000361C0000003F6666663E0606060F0000F5
:1009E000001C36636363737B3E307800003F6666AD
:1009F000663E366666670000001E3333030E18330A
:100A0000331E0000003F2D0C0C0C0C0C0C1E0000C3
:100A10000033333333333333331E00000033333387
:100A2000333333331E0C000000636363636B6B3638
:100A300036360000003333331E0C1E3333330000D0
:100A400000333333331E0C0C0C1E0000007F73196F
:100A5000180C0646637F0000003C0C0C0C0C0C0CC0
:100A60000C3C000000000103060C18306040000040
:100A7000003C303030303030303C0000081C3663F1
:100A80000000000000000000000000000000000066
:100A90000000FF000C0C1800000000000000000027
:100AA000000000001E303E33336E000000070606D3
:100AB0003E666666663B0000000000001E330303CE
:100AC000331E0000003830303E333333336E0000C5
:100AD000000000001E333F03331E0000001C3606DA
:100AE000061F0606060F0000000000006E333333B9
:100AF0003E30331E00070606366E666666670000E7
:100B0000001818001E181818187E00000030300059
:100B10003C3030303033331E0007060666361E3652
:100B200066670000001E181818181818187E0000B4
:100B3000000000003F6B6B6B6B6300000000000067
:100B40001F33333333330000000000001E333333D0
:100B5000331E0000000000003B666666663E060F1E
:100B6000000000006E333333333E30780000000065
:100B700037766E06060F0000000000001E330618D0
:100B8000331E0000000004063F060606361C000067
:100B90000000000033333333336E000000000000E8
:100BA000333333331E0C00000000000063636B6BB3
:100BB000363600000000000063361C1C366300005F
:100BC00000000000666666663C30180F00000000FA
:100BD0003F311806233F000000380C0C0603060CBA
:100BE0000C38000000181818180018181818000001
:100BF00000070C0C1830180C0C07000000CE5B73BB
:100C00000000000000000000000000081C366363C4
:100C10007F00000000000000000000000000000055
:100C2000000000000000000000000000000C0C0CA0
:100C300006000000000000000000000000000000AE
:100C4000000000000066666624000000000000004E
:100C50000000001C1C00001C1C00000018181818C4
:100C600018FF18181818181818181818FF0000FF7F
:100C70001818181800000000000000000000000014
:100C80000000002333180C06333100000000000080
:100C900000000000000000000030180C0603060CE5
:100CA00018300000000000000000000000000000FC
:100CB0000000000000000000000000000000000034
:100CC0000000000000000000000000000000000024
:100CD0000000000000000000000000000000000014
:100CE000000C0C0C0600000000000000000C0C0CB6
:100CF0000600000000000000006666662400000098
:100D0000000000000066666624000000000000008D
:100D1000000000003C7E7E3C00000000000000005F
:100D2000007F00000000000000000000007F0000C5
:100D300000000000000000000000000000000000B3
:100D4000003F2D0C0C0C0C0C0C1E000000000000D1
:100D5000000000000000000000060C183060301891
:100D60000C06000000000000000000000000000071
:100D70000000000000000000000000000000000073
:100D80000000000000000000000000000000000063
:100D90000000000000000000000000000000000053
:100DA0001800666666667C60663C000000001800FD
:100DB000666666663C30180F000000000000000008
:100DC000000000000000663C243C660000000000BB
:100DD00000000000000000000000000018181818B3
:100DE0001818181818181818007EC60C3C66663CAF
:100DF00030637E00367F4606263E2606467F00008C
:100E0000000000001E330303331E0000003C666335
:100E1000030F0363663C00000030180C0603060C49
:100E20001830000000000000001F181818181818CB
:100E300000000000007F000000000000003F666628
:100E4000663E36666667000033330C0C0C0C0C0CE7
:100E50000C1E0000003C6666663C000000000000BE
:100E600000000018187E18180000000000000000A4
:100E70000000000000000000000000000000000072
:100E80000000000000000000000000000000000062
:100E9000000000003333333E3030000000FEDBDB67
:100EA000DBDED8D8D8D80000000000000018000011
:100EB00000000000001212001E333F03331E00002A
:100EC00000737333377F7B3333330000000000003F
:100ED0001E330F03331E000000060C18306030185C
:100EE0000C060000000000000000000000000000F0
:100EF00000000000000000000000000000000000F2
:100F000000000000000000000066660018181818B5
:100F1000183C0000000C1E3333333F3333330000E2
:100F2000007F46063E666666663F0000003F6666D6
:100F3000663E6666663F0000007F46460606060679
:100F4000060F0000007C66666666666666FFC30084
:100F5000007F4606263E2606467F00000099DB5AA3
:100F60007E3C7E5ADB990000003C6662603860621D
:100F7000663C0000006363737B7F6F676363000000
:100F8000186B6F737B7F6F67636300000067663663
:100F9000361E36366667000000787C6666666666D2
:100FA000666300000063777F7F6B636363630000A9
:100FB00000636363637F636363630000001C3663E5
:100FC00063636363361C0000007F63636363636372
:100FD00063630000003F6666663E0606060F00007B
:100FE000003C666303030363663C0000007E5A18FE
:100FF00018181818183C00000066666666667C6063
:10100000663C000000187EDBDBDBDB7E181800008E
:10101000003333331E0C1E333333000000333333BD
:1010200033333333337F60000063636363637E6015
:1010300060600000006B6B6B6B6B6B6B6B7F000019
:10104000006B6B6B6B6B6B6B6BFFC0000007070675
:10105000063E6666663E000000636363636F7B7BEB
:101060007B6F000000000303033F6363633F0000E6
:10107000001E336360786063331E00000073DBDBA7
:10108000DFDFDBDBDB73000000FC6666667C6C6622
:1010900066E70000000000001E303E33336E0000A3
:1010A000000000203E031F33331E0000000000003C
:1010B0001F331F33331F0000000000003F030303F2
:1010C00003030000000000003E363636367F630022
:1010D000000000001E333F03331E0000000000002C
:1010E000496B3E3E6B490000000000001E311C3081
:1010F000311E00000000000033333B3F3733000057
:101100000010180833333B3F373300000000000065
:10111000331B0F1B1333000000000000383C343633
:10112000323300000000000063776B6B63630000E4
:101130000000000033333F33333300000000000071
:101140001E333333331E0000000000003F333333BF
:1011500033330000000000001F333333331F030319
:10116000000000001E330303331E000000000000D7
:101170003F0C0C0C0C0C000000000000666666665C
:101180007C60663C000000083E6B6B6B3E0808000C
:101190000000000063361C1C3663000000000000E5
:1011A00033333333337F6000000000003333333E8A
:1011B00030300000000000006B6B6B6B6B7F000039
:1011C000000000006B6B6B6B6BFFC0000000000049
:1011D00007073E66663E00000000000063636F7B09
:1011E0007B6F00000000000003031F33331F00006B
:1011F000000000001E333C30331E000000000000E1
:101200003B6F6F6F6F3B0000000000003E33333ECA
:101210003633000000000000000000007E81A58140
:10122000BD99817E7EFFDBFFC3E7FF7E367F7F7F38
:101230003E1C0800081C3E7F3E1C08001C3E1C7F14
:101240007F6B081C08081C3E7F3E081C0000183CF1
:101250003C180000FFFFE7C3C3E7FFFF00000000EA
:10126000000000000000000000000000F0E0F0BE00
:101270003333331E3C6666663C187E18000000005F
:1012800000000000FEC6FEC6C6E66703995A3CE7AA
:10129000E73C5A9901071F7F1F07010040707C7FC0
:1012A0007C704000183C7E18187E3C1866666666A6
:1012B00066006600FEDBDBDED8D8D8007EC31E33B6
:1012C000331E311F00003C3C3C3C0000183C7E18A3
:1012D0007E3C18FF183C7E181818180018181818AB
:1012E0007E3C18000018307F30180000000C067F8C
:1012F000060C000000000303037F0000002466FFCB
:101300006624000000183C7EFFFF000000FFFF7E07
:101310003C18000000000000000000000C1E1E0C25
:101320000C000C00363636000000000036367F36E2
:101330007F3636000C3E031E301F0C00006333184E
:101340000C6663001C361C6E3B336E000606030001
:1013500000000000180C0606060C1800060C1818F1
:10136000180C060000663CFF3C660000000C0C3FB9
:101370000C0C000000000000000E0C060000003FF6
:101380000000000000000000000C0C006030180C91
:10139000060301001E333B3F37331E000C0F0C0CBD
:1013A0000C0C3F001E33301C06333F001E33301C34
:1013B00030331E00383C36337F3030003F031F305F
:1013C00030331E001C06031F33331E003F3330181A
:1013D0000C0606001E33331E33331E001E33333E0D
:1013E00030180E0000000C0C000C0C0000000C0C5F
:1013F000000E0C06180C0603060C180000003F0037
:101400003F000000060C1830180C06001E33301880
:101410000C000C003E637B7B7B031E000C1E3333F1
:101420003F3333003F66663E66663F003C6603031B
:1014300003663C003F36666666363F007F46161EF2
:1014400016467F007F46161E16060F003C660303F5
:1014500073667C003333333F333333001E0C0C0C84
:101460000C0C1E007830303033331E006766361E99
:10147000366667000F06060646667F0063777F6B59
:101480006363630063676F7B736363001C3663632E
:1014900063361C003F66663E06060F001E3333337C
:1014A0003B1E38003F66663E1E3667001E33071C33
:1014B00038331E003F2D0C0C0C0C1E00333333331D
:1014C00033333F0033333333331E0C006363636BBA
:1014D0007F7763006363361C366363003333331EE8
:1014E0000C0C1E007F33190C46637F001E06060697
:1014F00006061E0003060C18306040001E1818185F
:1015000018181E00081C36630000000000000000D0
:101510000000FF000C0C18000000000000001E304E
:101520003E336E0007063E6666663D0000001E33D1
:1015300003331E003830303E33336E0000001E335C
:101540003F031E001C36060F06060F0000006E3318
:10155000333E301F0706366E666667000C000E0CC1
:101560000C0C1E0018001E1818181B0E07066636F5
:101570001E3667000E0C0C0C0C0C1E000000377F92
:101580006B63630000001F333333330000001E33EE
:1015900033331E0000003B66663E060F00006E33CC
:1015A000333E307800001B3636060F0000003E0345
:1015B0001E301F00080C3E0C0C2C180000003333AA
:1015C00033336E0000003333331E0C0000006363BE
:1015D0006B7F3600000063361C3663000000333337
:1015E000333E301F00003F190C263F00FF818181F0
:1015F000818181FFFF81BDBDBDBD81FFFF20707C6A
:10160000FEFE7C0007000040FF40000000E1FDFFFF
:10161000FD31100000C1E3FF3F000000F0080402AC
:10162000E1C1E1C10F1021719F8F8F87C1E1FDF1F1
:10163000DA0C08F0878F8F8F4F20100F00000C0CF2
:10164000000C0C0018181818FF1818181818FF1894
:10165000FF18181800000000000000000063331895
:101660000C6663000000000000000000180C060378
:10167000060C180000000000000000000000000040
:10168000000000000000000000000000000000005A
:10169000000000000000000000000000060603003B
:1016A0000000000006060300000000003636360089
:1016B0000000000036363600000000000000183C34
:1016C0003C1800000000003F000000000000003F48
:1016D0000000000000000000000000003F2D0C0C86
:1016E0000C0C1E000000000000000000060C18306A
:1016F000180C0600000000000000000000000000C0
:1017000000000000000000000000000000000000D9
:101710000000000000000000000000000863637E7D
:1017200060633E006B6B6363637E603E000000009D
:101730000000000000633E63633E630000000000A1
:101740000000000018181818181818187EC31E3347
:10175000331E311F367F461E06467F0000001E33B3
:1017600003331E003C66031F03663C00180C06038F
:10177000060C1800000000001F1818180000003F99
:10178000000000003F66663E1E366700330C0C0CFE
:101790000C0C1E001C36361C00000000000C0C3F18
:1017A0000C0C000000000000000000000000000021
:1017B0000000000000000000000000000000636363
:1017C0007E606000FEDBDBDED8D8D80000000000C1
:1017D0001800000033001E333F031E007133377FB3
:1017E0003B33330000003E630F633E00060C1830AD
:1017F000180C0600000000000000000000000000BF
:1018000000000000000000000000000033000E0C8B
:101810000C0C1E007C6663637F6363007F66063E7C
:1018200066663F003F66663E66663F007F66060668
:1018300006060F00786C66666666FFC37F46161E56
:1018400016467F006B6B3E1C3E6B6B001E33301CDC
:1018500030331E006363737B6F6763006B63737B5E
:101860006F6763006766361E36666700786E666669
:101870006666630063777F6B636363006363637FA4
:10188000636363001C36636363361C007F636363BA
:10189000636363003F66663E06060F003C66030313
:1018A00003663C003F2D0C0C0C0C1E006363637E32
:1018B00060633E003E6B6B6B3E081C006363361C2E
:1018C000366363003333333333337F606363637E64
:1018D000606060006B6B6B6B6B6B7F006B6B6B6B3B
:1018E0006B6BFFC00F0F0D3C6C6C3C006363636F50
:1018F0007B7B6F000F06063E66663E001E33607CF3
:1019000060331E003B6B6B6F6B6B3B007E63637ED3
:101910007C66630000001E303E336E00603E033E76
:1019200063633E0000003F663E663F0000007F6646
:1019300006060F0000003C3636367F6300001E337B
:101940003F031E0000006B3E1C3E6B0000003E6328
:1019500038633E00000063737B6F67000863637346
:101960007B6F6700000067361E36670000007C66EC
:10197000666667000000637F7F6B6300000063633F
:101980007F63630000001E3333331E0000007F635B
:101990006363630000003F66663E060F00001E336F
:1019A00003331E0000007E5A18183C0000006363D9
:1019B000637E603E00003E6B6B3E081C0000633699
:1019C0001C3663000000333333337F6000006363F1
:1019D0007E60600000006B6B6B6B7F0000006B6BC8
:1019E0006B6BFFC000000F0D3C6C3C00000063639C
:1019F0006F7B6F0000000F063E663E0000003E63F6
:101A000078633E0000003B6B6F6B3B0000007E6321
:101A10007E66630037494C4939343838000000008D
:101A2000EC400308141A0308B83F03080000000044
:101A3000201A030843220208C9220208259400083C
:101A40007D910008A79200081F9200088592000867
:101A500061960008D996000831970008279200087F
:101A6000CB92000835930008993C02089B9300082C
:101A700021970008D73C0208B53C0208A79100084E
:101A8000F39100085F97000800000000441C030861
:101A90002D3D0208413D020841BB0008BBBB0008C8
:101AA000DBBB00085FBB000879BB000861BC000815
:101AB00097980008499900088BBB000889300208F4
:101AC0008F300208953002089B300208A1300208CE
:101AD000A7300208AD300208B13002088DBB000803
:101AE00000000000281C0308553D0208693D02085B
:101AF00041BB0008BBBB0008DBBB00085FBB0008A4
:101B000079BB000861BC000897980008F7980008A6
:101B10008BBB0008893002088F300208953002081C
:101B20009B300208A1300208A7300208AD3002083D
:101B3000B13002088DBB0008000000000C1C030837
:101B40007D3D0208913D020841BB0008BBBB000877
:101B5000DBBB00085FBB000879BB000861BC000864
:101B600097980008999800088BBB000889300208F4
:101B70008F300208953002089B300208A13002081D
:101B8000A7300208AD300208B13002088DBB000852
:101B900000000000F01B0308A53D0208B93D020843
:101BA00041BB0008BBBB0008DBBB00085FBB0008F3
:101BB00079BB000861BC0008979800080D980008E0
:101BC0008BBB0008893002088F300208953002086C
:101BD0009B300208A1300208A7300208AD3002088D
:101BE000B13002088DBB000835496D6167650000A2
:101BF000EC400308E81B0308302C03083132496D20
:101C000061676550616C657474650000EC400308A1
:101C1000FC1B0308302C03083131496D61676542B4
:101C200069746D6170000000EC400308181C030823
:101C3000302C03083131496D61676542696E61720C
:101C400079000000EC400308341C0308302C030822
:101C50000000000033000000660000009900000052
:101C6000CC000000FF000000002A0000332A000022
:101C7000662A0000992A0000CC2A0000FF2A0000F2
:101C800000550000335500006655000099550000CE
:101C9000CC550000FF550000007F0000337F00009E
:101CA000667F0000997F0000CC7F0000FF7F00006E
:101CB00000AA000033AA000066AA000099AA00004A
:101CC000CCAA0000FFAA000000D4000033D400001A
:101CD00066D4000099D40000CCD40000FFD40000EA
:101CE00000FF000033FF000066FF000099FF0000C6
:101CF000CCFF0000FFFF0000000033003300330082
:101D00006600330099003300CC003300FF0033003D
:101D1000002A3300332A3300662A3300992A33001D
:101D2000CC2A3300FF2A33000055330033553300EB
:101D30006655330099553300CC553300FF553300B9
:101D4000007F3300337F3300667F3300997F330099
:101D5000CC7F3300FF7F330000AA330033AA330067
:101D600066AA330099AA3300CCAA3300FFAA330035
:101D700000D4330033D4330066D4330099D4330015
:101D8000CCD43300FFD4330000FF330033FF3300E3
:101D900066FF330099FF3300CCFF3300FFFF3300B1
:101DA0000000660033006600660066009900660069
:101DB000CC006600FF006600002A6600332A660039
:101DC000662A6600992A6600CC2A6600FF2A660009
:101DD00000556600335566006655660099556600E5
:101DE000CC556600FF556600007F6600337F6600B5
:101DF000667F6600997F6600CC7F6600FF7F660085
:101E000000AA660033AA660066AA660099AA660060
:101E1000CCAA6600FFAA660000D4660033D4660030
:101E200066D4660099D46600CCD46600FFD4660000
:101E300000FF660033FF660066FF660099FF6600DC
:101E4000CCFF6600FFFF6600000099003300990098
:101E50006600990099009900CC009900FF00990054
:101E6000002A9900332A9900662A9900992A990034
:101E7000CC2A9900FF2A9900005599003355990002
:101E80006655990099559900CC559900FF559900D0
:101E9000007F9900337F9900667F9900997F9900B0
:101EA000CC7F9900FF7F990000AA990033AA99007E
:101EB00066AA990099AA9900CCAA9900FFAA99004C
:101EC00000D4990033D4990066D4990099D499002C
:101ED000CCD49900FFD4990000FF990033FF9900FA
:101EE00066FF990099FF9900CCFF9900FFFF9900C8
:101EF0000000CC003300CC006600CC009900CC0080
:101F0000CC00CC00FF00CC00002ACC00332ACC004F
:101F1000662ACC00992ACC00CC2ACC00FF2ACC001F
:101F20000055CC003355CC006655CC009955CC00FB
:101F3000CC55CC00FF55CC00007FCC00337FCC00CB
:101F4000667FCC00997FCC00CC7FCC00FF7FCC009B
:101F500000AACC0033AACC0066AACC0099AACC0077
:101F6000CCAACC00FFAACC0000D4CC0033D4CC0047
:101F700066D4CC0099D4CC00CCD4CC00FFD4CC0017
:101F800000FFCC0033FFCC0066FFCC0099FFCC00F3
:101F9000CCFFCC00FFFFCC000000FF003300FF00AF
:101FA0006600FF009900FF00CC00FF00FF00FF006B
:101FB000002AFF00332AFF00662AFF00992AFF004B
:101FC000CC2AFF00FF2AFF000055FF003355FF0019
:101FD0006655FF009955FF00CC55FF00FF55FF00E7
:101FE000007FFF00337FFF00667FFF00997FFF00C7
:101FF000CC7FFF00FF7FFF0000AAFF0033AAFF0095
:1020000066AAFF0099AAFF00CCAAFF00FFAAFF0062
:1020100000D4FF0033D4FF0066D4FF0099D4FF0042
:10202000CCD4FF00FFD4FF0000FFFF0033FFFF0010
:1020300066FFFF0099FFFF00CCFFFF00FFFFFF00DE
:10204000000000003300000066000000990000005E
:10205000000000002A000000550000007F00000082
:10206000AA000000D4000000FF000000002A0000C9
:102070002A2A0000552A00007F2A0000AA2A000010
:10208000D42A0000FF2A0000005500002A55000055
:10209000555500007F550000AA550000D45500009A
:1020A000FF550000007F00002A7F0000557F0000E0
:1020B0007F7F0000AA7F0000D47F0000FF7F000028
:1020C00000AA00002AAA000055AA00007FAA00006A
:1020D000AAAA0000D4AA0000FFAA000000D40000B1
:1020E0002AD4000055D400007FD40000AAD40000F8
:1020F000D4D40000FFD4000000FF00002AFF00003D
:1021000055FF00007FFF0000AAFF0000D4FF000081
:10211000FFFF000000003F002A003F0055003F0085
:102120007F003F00AA003F00D4003F00FF003F00B7
:10213000002A3F002A2A3F00552A3F007F2A3F00FD
:10214000AA2A3F00D42A3F00FF2A3F0000553F0043
:102150002A553F0055553F007F553F00AA553F0087
:10216000D4553F00FF553F00007F3F002A7F3F00CE
:10217000557F3F007F7F3F00AA7F3F00D47F3F0015
:10218000FF7F3F0000AA3F002AAA3F0055AA3F0058
:102190007FAA3F00AAAA3F00D4AA3F00FFAA3F009F
:1021A00000D43F002AD43F0055D43F007FD43F00E5
:1021B000AAD43F00D4D43F00FFD43F0000FF3F002B
:1021C0002AFF3F0055FF3F007FFF3F00AAFF3F006F
:1021D000D4FF3F00FFFF3F0000007F002A007F0088
:1021E00055007F007F007F00AA007F00D4007F00A1
:1021F000FF007F00002A7F002A2A7F00552A7F00E7
:102200007F2A7F00AA2A7F00D42A7F00FF2A7F002E
:1022100000557F002A557F0055557F007F557F0070
:10222000AA557F00D4557F00FF557F00007F7F00B7
:102230002A7F7F00557F7F007F7F7F00AA7F7F00FE
:10224000D47F7F00FF7F7F0000AA7F002AAA7F0043
:1022500055AA7F007FAA7F00AAAA7F00D4AA7F0088
:10226000FFAA7F0000D47F002AD47F0055D47F00CE
:102270007FD47F00AAD47F00D4D47F00FFD47F0016
:1022800000FF7F002AFF7F0055FF7F007FFF7F0058
:10229000AAFF7F00D4FF7F00FFFF7F000000BF0088
:1022A0002A00BF005500BF007F00BF00AA00BF008A
:1022B000D400BF00FF00BF00002ABF002A2ABF00D1
:1022C000552ABF007F2ABF00AA2ABF00D42ABF0018
:1022D000FF2ABF000055BF002A55BF005555BF005B
:1022E0007F55BF00AA55BF00D455BF00FF55BF00A2
:1022F000007FBF002A7FBF00557FBF007F7FBF00E8
:10230000AA7FBF00D47FBF00FF7FBF0000AABF002D
:102310002AAABF0055AABF007FAABF00AAAABF0071
:10232000D4AABF00FFAABF0000D4BF002AD4BF00B8
:1023300055D4BF007FD4BF00AAD4BF00D4D4BF00FF
:10234000FFD4BF0000FFBF002AFFBF0055FFBF0042
:102350007FFFBF00AAFFBF00D4FFBF00FFFFBF0089
:102360000000FF002A00FF005500FF007F00FF0073
:10237000AA00FF00D400FF00FF00FF00002AFF00BA
:102380002A2AFF00552AFF007F2AFF00AA2AFF0001
:10239000D42AFF00FF2AFF000055FF002A55FF0046
:1023A0005555FF007F55FF00AA55FF00D455FF008B
:1023B000FF55FF00007FFF002A7FFF00557FFF00D1
:1023C0007F7FFF00AA7FFF00D47FFF00FF7FFF0019
:1023D00000AAFF002AAAFF0055AAFF007FAAFF005B
:1023E000AAAAFF00D4AAFF00FFAAFF0000D4FF00A2
:1023F0002AD4FF0055D4FF007FD4FF00AAD4FF00E9
:10240000D4D4FF00FFD4FF0000FFFF002AFFFF002D
:1024100055FFFF007FFFFF00AAFFFF00D4FFFF0072
:10242000FFFFFF00000000002A0000005500000030
:102430007F000000AA000000D4000000FF000000A0
:10244000002A00002A2A0000552A00007F2A0000E6
:102450000000000024000000480000006D000000A3
:1024600091000000B6000000DA000000FF0000004C
:102470000024000024240000482400006D240000F3
:1024800091240000B6240000DA240000FF2400009C
:102490000048000024480000484800006D48000043
:1024A00091480000B6480000DA480000FF480000EC
:1024B000006D0000246D0000486D00006D6D00008F
:1024C000916D0000B66D0000DA6D0000FF6D000038
:1024D0000091000024910000489100006D910000DF
:1024E00091910000B6910000DA910000FF91000088
:1024F00000B6000024B6000048B600006DB600002B
:1025000091B60000B6B60000DAB60000FFB60000D3
:1025100000DA000024DA000048DA00006DDA00007A
:1025200091DA0000B6DA0000DADA0000FFDA000023
:1025300000FF000024FF000048FF00006DFF0000C6
:1025400091FF0000B6FF0000DAFF0000FFFF00006F
:102550000000550024005500480055006D0055004E
:1025600091005500B6005500DA005500FF005500F7
:102570000024550024245500482455006D2455009E
:1025800091245500B6245500DA245500FF24550047
:102590000048550024485500484855006D485500EE
:1025A00091485500B6485500DA485500FF48550097
:1025B000006D5500246D5500486D55006D6D55003A
:1025C000916D5500B66D5500DA6D5500FF6D5500E3
:1025D0000091550024915500489155006D9155008A
:1025E00091915500B6915500DA915500FF91550033
:1025F00000B6550024B6550048B655006DB65500D6
:1026000091B65500B6B65500DAB65500FFB655007E
:1026100000DA550024DA550048DA55006DDA550025
:1026200091DA5500B6DA5500DADA5500FFDA5500CE
:1026300000FF550024FF550048FF55006DFF550071
:1026400091FF5500B6FF5500DAFF5500FFFF55001A
:102650000000AA002400AA004800AA006D00AA00F9
:102660009100AA00B600AA00DA00AA00FF00AA00A2
:102670000024AA002424AA004824AA006D24AA0049
:102680009124AA00B624AA00DA24AA00FF24AA00F2
:102690000048AA002448AA004848AA006D48AA0099
:1026A0009148AA00B648AA00DA48AA00FF48AA0042
:1026B000006DAA00246DAA00486DAA006D6DAA00E5
:1026C000916DAA00B66DAA00DA6DAA00FF6DAA008E
:1026D0000091AA002491AA004891AA006D91AA0035
:1026E0009191AA00B691AA00DA91AA00FF91AA00DE
:1026F00000B6AA0024B6AA0048B6AA006DB6AA0081
:1027000091B6AA00B6B6AA00DAB6AA00FFB6AA0029
:1027100000DAAA0024DAAA0048DAAA006DDAAA00D0
:1027200091DAAA00B6DAAA00DADAAA00FFDAAA0079
:1027300000FFAA0024FFAA0048FFAA006DFFAA001C
:1027400091FFAA00B6FFAA00DAFFAA00FFFFAA00C5
:102750000000FF002400FF004800FF006D00FF00A4
:102760009100FF00B600FF00DA00FF00FF00FF004D
:102770000024FF002424FF004824FF006D24FF00F4
:102780009124FF00B624FF00DA24FF00FF24FF009D
:102790000048FF002448FF004848FF006D48FF0044
:1027A0009148FF00B648FF00DA48FF00FF48FF00ED
:1027B000006DFF00246DFF00486DFF006D6DFF0090
:1027C000916DFF00B66DFF00DA6DFF00FF6DFF0039
:1027D0000091FF002491FF004891FF006D91FF00E0
:1027E0009191FF00B691FF00DA91FF00FF91FF0089
:1027F00000B6FF0024B6FF0048B6FF006DB6FF002C
:1028000091B6FF00B6B6FF00DAB6FF00FFB6FF00D4
:1028100000DAFF0024DAFF0048DAFF006DDAFF007B
:1028200091DAFF00B6DAFF00DADAFF00FFDAFF0024
:1028300000FFFF0024FFFF0048FFFF006DFFFF00C7
:1028400091FFFF00B6FFFF00DAFFFF00FFFFFF0070
:1028500000000000BC2803081126020825260208F3
:1028600041BB0008BBBB0008DBBB00085FBB000826
:1028700079BB000861BC0008D59D0008D59E000802
:102880008BBB0008893002088F300208953002089F
:102890009B300208A1300208A7300208AD300208C0
:1028A000B13002088DBB000831354D756C74694C30
:1028B000696E65537472696E67000000EC4003082E
:1028C000A8280308302C030800000000E02A0308B1
:1028D000CD3D0208093E020841BB0008BBBB000811
:1028E000DBBB00085FBB000879BB000861BC0008C7
:1028F00005A8000847A800088BBB0008893002081B
:102900008F300208953002089B300208A13002087F
:10291000A7300208AD300208B13002088DBB0008B4
:1029200000000000C82A0308E13D02081D3E02081D
:1029300041BB0008BBBB0008DBBB00085FBB000855
:1029400079BB000861BC000807A800080FAE0008AA
:102950008BBB0008893002088F30020895300208CE
:102960009B300208A1300208A7300208AD300208EF
:10297000B13002088DBB000800000000B42A030833
:10298000F53D0208313E020841BB0008BBBB000810
:10299000DBBB00085FBB000879BB000861BC000816
:1029A00047A700087DA600088BBB000889300208F5
:1029B0008F300208953002089B300208A1300208CF
:1029C000A7300208AD300208B13002088DBB000804
:1029D00000000000A02A0308B9270208CD2702083A
:1029E00041BB0008BBBB0008DBBB00085FBB0008A5
:1029F00079BB000861BC000883A90008E3A90008AE
:102A00008BBB0008893002088F300208953002081D
:102A10009B300208A1300208A7300208AD3002083E
:102A2000B13002088DBB000800000000882A0308AE
:102A3000852602089926020841BB0008BBBB000896
:102A4000DBBB00085FBB000879BB000861BC000865
:102A50000FA6000865A500088BBB00088930020896
:102A60008F300208953002089B300208A13002081E
:102A7000A7300208AD300208B13002088DBB000853
:102A800033426F7800000000EC400308802A0308FE
:102A9000302C030839536861646F77426F78000007
:102AA000EC400308942A0308302C0308344C696E68
:102AB00065000000EC400308AC2A0308302C030832
:102AC00036436972636C6500EC400308C02A030852
:102AD000302C030838547269616E676C6500000021
:102AE000EC400308D42A0308302C0308000000003F
:102AF0004C2B0308AD260208C126020841BB000882
:102B0000BBBB0008DBBB00085FBB000879BB00084B
:102B100061BC000837B0000803B100088BBB000897
:102B2000893002088F300208953002089B30020875
:102B3000A1300208A7300208AD300208B130020807
:102B40008DBB000836537472696E6700EC40030851
:102B5000442B0308302C030800000000C02B03089E
:102B6000453E0208593E0208C9B90008BBBB00082F
:102B7000DBBB000827BB000879BB000861BC00086C
:102B800013B90008B5B80008ADB5000889300208CF
:102B90008F300208953002089B300208A1300208ED
:102BA000A7300208AD300208B13002088DBB000822
:102BB000E7B70008375669734C697374000000006A
:102BC000EC400308B42B0308302C0308000000007D
:102BD000302C0308000000000000000041BB00088A
:102BE000BBBB0008DBBB00085FBB000879BB00086B
:102BF00061BC000800000000000000008BBB000862
:102C0000893002088F300208953002089B30020894
:102C1000A1300208A7300208AD300208B130020826
:102C20008DBB0008395669734F626A656374000092
:102C300038400308242C030839537448616C4770EA
:102C4000696F0000EC400308382C0308C83F0308F4
:102C500000000000442C03083F220208AD220208B5
:102C60006D3E0208733E0208EDBC0008FFBC000880
:102C700000000000D42C0308592202087F22020819
:102C8000873E0208793E020809BD00081BBD000806
:102C90002FBD000889BD0008BFBD000865BE000843
:102CA000B1BE0008FDBE000857BF000821BD0008E6
:102CB0007F3E0208833E02080027282931385374DA
:102CC00048616C4969635468726561645361666503
:102CD00000000000EC400308BC2C0308D83F0308A8
:102CE000002B2C2D38537448616C53706900000020
:102CF000EC400308E42C0308E83F03080000000050
:102D0000F02C03082D22020871220208953E0208C9
:102D10009B3E0208F5C000081BC100083BC100082B
:102D200059C100087BC1000897C10008B1BF000865
:102D3000B3C1000807C000087BC00008BFBF00087F
:102D4000E9BF00088D3E0208913E020839537448DD
:102D5000616C556172740000EC4003084C2D03084F
:102D6000F83F030800000000582D03084122020824
:102D7000BB220208ADC2000823C20008B1C200088D
:102D8000C9C10008A13E020837C2000811C20008EC
:102D900000000000C82D030881250208CD3E02086E
:102DA000F13E02083DCE00082F2502083525020815
:102DB0003B25020893D000082DCE000838536F75CC
:102DC0006E64447276000000EC400308BC2D0308DA
:102DD000D03D030800000000382E030881270208B8
:102DE000A527020841BB0008BBBB0008DBBB0008ED
:102DF0005FBB000879BB000861BC000845D1000832
:102E00004BD1000849D70008893002088F300208EA
:102E1000953002089B300208A1300208A730020852
:102E2000AD300208B13002088DBB00083855694248
:102E30007574746F6E000000EC4003082C2E0308BC
:102E4000302C030800061016000610165F3B03081E
:102E5000C1010208000000000000000000010000A5
:102E600000000000000000000A0000000200000056
:102E700000000000000000002D0602080D060208F8
:102E8000AD0502084B050208D50402080000000049
:102E9000000000000102030406070809000000000A
:102EA000010203044170706C69636174696F6E00A4
:102EB000486F6C640052756E00556E6C6F636B00EA
:102EC000417661696C61626C65206D656D6F7279C8
:102ED0003A202564620024580D004A5042204C617B
:102EE000736572004F56455252494445005345544C
:102EF00054494E4753004D504700416C6C2070615F
:102F000072616D6574657273207365740A746F20E5
:102F100064656661756C742073746174650A0A5027
:102F20006C6561736520636865636B2070617261B5
:102F30006D65746572730A6265666F72652075737C
:102F40006521004E564D204552524F52000A2573BE
:102F5000004F6B0043616E63656C002525256C7521
:102F60006C642E252530256C756C75002525256C27
:102F7000756C6400484F4C440052554E0052455306
:102F8000455400554E4C4F434B0053544F50003C5A
:102F9000303E003C002D2D2D2D2D00564143005379
:102FA00050494E444C4500477261706844656D6FEE
:102FB0000048656C6C6F20576F726C64210047721B
:102FC000626C436F6D6D002573256C752E25303452
:102FD0006C75002573256C752E2530336C750025B6
:102FE00073256C752E2530326C75002573256C7534
:102FF0002E2530316C75002573256C7500257325E1
:1030000073006F6B007C0057506F733A004D506F28
:10301000733A0046533A0057434F3A00506E3A0015
:10302000413A004F763A004D50473A005052423AEA
:1030300000544C4F3A004158533A006572726F7217
:103040003A00414C41524D3A0024490D0024240DD0
:10305000003F0047323100473230004739300047E7
:10306000393100244A3D2573257325732573462580
:10307000730D00244A3D2573473533473930257396
:10308000257346256C750D00244A3D25732573254F
:1030900073257325732573257325734625730D00DA
:1030A00047303200473033002573473137257325C9
:1030B0007325732573257325735225734625730D68
:1030C000004739304731304C323050302573300DA5
:1030D0000025734739304731304C3230503025733A
:1030E00025730D00257325734731257325734625F8
:1030F000730D00257325734730257325730D004725
:10310000393025734733382E322573257346256CA5
:10311000750D0047393025734733382E3325732515
:103120007346256C750D0047393025734733382EAB
:10313000342573257346256C750D0025734734338C
:103140002E315A25730D004734390D004D34004D92
:103150003300257353256C750D004D350D004F4B15
:1031600000457870656374656420436F6D6D616EB2
:1031700064204C657474657200426164204E756D04
:1031800062657220466F726D617400496E76616C83
:1031900069642053746174656D656E74004E656773
:1031A00061746976652056616C756500486F6D695C
:1031B0006E672044697361626C6564005365747462
:1031C000696E6720537465702050756C7365204D6F
:1031D000696E0053657474696E672052656164207E
:1031E0004661696C0049646C65204572726F7200BB
:1031F00053797374656D204720436C6F636B005384
:103200006F6674204C696D6974204572726F72002C
:103210004D61785374657020526174652045786300
:10322000656564656400436865636B20446F6F7215
:10323000004C696E65204C656E6774682045786344
:1032400065656465640054726176656C20457863D9
:10325000656564656400496E76616C6964204A6FD7
:103260006720436F6D6D616E640053657474696EA1
:10327000672044697361626C6564204C6173657298
:10328000004E6F6E20506F736974697665205661C9
:103290006C75650047636F646520556E737570705B
:1032A0006F7274656420436F6D6D616E6400476377
:1032B0006F6465204D6F64616C2047726F7570207C
:1032C00056696F6C6174696F6E0047636F64652047
:1032D000556E646566696E65642046656564205256
:1032E0006174650047636F646520436F6D6D616E47
:1032F000642056616C7565204E6F7420496E74654C
:103300006765720047636F64652041786973204385
:103310006F6D6D616E6420436F6E666C69637400DF
:1033200047636F646520576F7264205265706561F2
:103330007465640047636F6465204E6F204178694F
:103340007320576F7264730047636F646520496E22
:1033500076616C6964204C696E65204E756D62659E
:10336000720047636F64652056616C756520576F06
:103370007264204D697373696E670047636F64659B
:1033800020556E737570706F7274656420436F6F33
:103390007264205379730047636F64652047353347
:1033A00020496E76616C6964204D6F74696F6E2080
:1033B0004D6F64650047636F6465204178697320D1
:1033C000576F7264732045786973740047636F6444
:1033D00065204E6F2041786973576F72647320497E
:1033E0006E20506C616E650047636F646520496EA6
:1033F00076616C6964205461726765740047636F1D
:10340000646520417263205261646975732045725E
:10341000726F720047636F6465204E6F204F66665F
:103420007365747320496E20506C616E650047634C
:103430006F646520556E7573656420576F72647391
:103440000047636F6465204734332044796E616DB3
:1034500069632041786973204572726F7200476317
:103460006F646520496C6C6567616C20546F6F6C8C
:10347000205461626C6520456E7472790047636FF9
:1034800064652056616C7565204F7574204F662009
:1034900052616E67650047636F646520546F6F6C9F
:1034A000204368616E67652050656E64696E6700D1
:1034B00047636F6465205370696E646C65204E6F5E
:1034C000742052756E6E696E670047636F64652085
:1034D000496C6C6567616C20506C616E6500476378
:1034E0006F6465204D617820466565642052617483
:1034F000652045786365656465640047636F64654E
:103500002052504D204F7574204F662052616E67D7
:1035100065004C696D69747320456E676167656409
:1035200000486F6D696E67205265717569726564D8
:103530000047436F646520546F6F6C204572726F53
:10354000720056616C756520576F726420436F6E10
:10355000666C6963740053656C66205465737420EF
:103560004661696C6564004553746F70004D6F74FB
:103570006F72204661756C740053657474696E6770
:103580002056616C7565204F7574204F662052611E
:103590006E67650053657474696E67204469736172
:1035A000626C65640047636F646520496E76616C88
:1035B0006964205265747261637420506F7369741A
:1035C000696F6E00496C6C6567616C20486F6D694E
:1035D0006E6720436F6E66696775726174696F6E9E
:1035E0000047436F646520436F6F726420537973A3
:1035F00074656D204C6F636B6564005344204D6FA0
:10360000756E74204572726F72005344205265616A
:1036100064204572726F72005344204661696C6584
:1036200064204F70656E20446972005344204469E1
:1036300072204E6F74466F756E6400534420466965
:103640006C6520456D70747900425420496E697430
:10365000204572726F720045787072657373696F7E
:103660006E20556B6E6F776E204F700045787072CC
:10367000657373696F6E2044697669646520427969
:10368000205A65726F0045787072657373696F6E4A
:1036900020417267756D656E74204F7574204F669A
:1036A0002052616E67650045787072657373696F4B
:1036B0006E20496E76616C696420417267756D6534
:1036C0006E740045787072657373696F6E205379FC
:1036D0006E746178204572726F7200457870726501
:1036E0007373696F6E20496E76616C6964205265F0
:1036F00073756C740041757468656E746963617488
:10370000696F6E205265717569726564004163630B
:103710006573732044656E696564004E6F74204163
:103720006C6C6F77656420437269746963616C20A7
:103730004576656E7400466C6F7720436F6E7472C9
:103740006F6C204E6F7420457865637574696E6781
:10375000204D6163726F00466C6F7720436F6E740B
:10376000726F6C2053796E746178204572726F723B
:1037700000466C6F7720436F6E74726F6C205374C9
:1037800061636B204F766572666C6F7700466C6F75
:103790007720436F6E74726F6C204F7574204F6684
:1037A000204D656D6F7279004E65787420436D64AD
:1037B00020457865637574656400436D64204E6FC1
:1037C0007420457865637574656420596574004399
:1037D0006F6D6D204572726F7200556E68616E6418
:1037E0006C656400537461747573436E74004E6F3E
:1037F0006E650048617264204C696D697400536F96
:103800006674204C696D69740041626F7274204364
:1038100079636C650050726F6265204661696C2047
:10382000496E697469616C0050726F62652046610F
:10383000696C20436F6E7461637400486F6D696ECC
:1038400067204661696C20526573657400486F6D2E
:10385000696E67204661696C20446F6F7200466133
:10386000696C2050756C6C6F666600486F6D696E90
:1038700067204661696C20417070726F61636800F7
:1038800050726F62652050726F746563740053707C
:10389000696E646C6500486F6D696E67204661698A
:1038A0006C204175746F205371756172696E672069
:1038B000417070726F6163680053656C6674657304
:1038C00074204661696C656400486F6D696E67209D
:1038D0004661696C00416C61726D436F6465436E53
:1038E000740049646C65004A6F6700416C61726DD9
:1038F00000436865636B00546F6F6C00486F6D65C3
:1039000000536C656570006D6D2F6D696E00696E9A
:10391000636865732F6D696E006465672F6D696EEE
:1039200000696E63680064656700496E7075744471
:103930007276002525732525256C64730025257373
:103940000053656C65637400436F6E74696E7565D2
:103950000053504545443A00313030250046454536
:10396000443A00737720636F6D6D616E6400646527
:10397000646963617465642070696E0066756C6C5F
:1039800020636F6E74726F6C0070696E20262073F6
:103990007720636D6400696E766572746564006E8D
:1039A0006F726D616C00656E61626C656400646964
:1039B0007361626C65640047454E4552414C00504E
:1039C000524F4245004D390D004D36342050300DD8
:1039D000004D36352050300D005341464520544FA0
:1039E000205348555420444F574E00566572736912
:1039F0006F6E004D50472072657175657374004499
:103A00006973706C617920496E76657273696F6E47
:103A1000004175746F204D5047206F6E20737461A4
:103A20007274757000536176652073637269707487
:103A300020726573756C74004D65747269632046FD
:103A40006565642031004D65747269632046656563
:103A5000642032004D657472696320466565642098
:103A600033004D65747269632046656564203400D7
:103A7000496D70657269616C20466565642031002E
:103A8000496D70657269616C20466565642032001D
:103A9000496D70657269616C20466565642033000C
:103AA000496D70657269616C2046656564203400FB
:103AB000526F746172792046656564203100526FDF
:103AC000746172792046656564203200526F7461BA
:103AD00072792046656564203300526F7461727993
:103AE0002046656564203400536561726368207305
:103AF00070656564004C6F636B207370656564006E
:103B0000506F736974696F6E20646576696174695A
:103B10006F6E0042616C6C20746970005465747241
:103B200069730050415553450053636F72653A20E5
:103B3000256C7500446973706C617944727600433A
:103B400074726C00536F756E644472760049444C15
:103B50004500546D725100546D72205376630064B9
:103B6000656661756C745461736B0053544D696381
:103B7000726F656C656374726F6E69637300535422
:103B80004D3332205669727475616C20436F6D50ED
:103B90006F72740043444320436F6E66696700434D
:103BA000444320496E746572666163650052454501
:103BB0004E54206D616C6C6F632073756363656533
:103BC000646564002F646174612F6A656E6B696E51
:103BD000732F776F726B73706163652F474E552D2E
:103BE000746F6F6C636861696E2F61726D2D313413
:103BF0002F7372632F6E65776C69622D63796777B7
:103C0000696E2F6E65776C69622F6C6962632F73C2
:103C100074646C69622F72616E642E63002E006E94
:103C20006600696E69747900616E002F6461746169
:103C30002F6A656E6B696E732F776F726B7370612D
:103C400063652F474E552D746F6F6C636861696EA5
:103C50002F61726D2D31342F7372632F6E65776C07
:103C600069622D63796777696E2F6E65776C69621B
:103C70002F6C6962632F737472696E672F7374722D
:103C8000746F6B2E6300504F534958002C2066759B
:103C90006E6374696F6E3A20006173736572746944
:103CA0006F6E2022257322206661696C65643A205C
:103CB00066696C6520222573222C206C696E652054
:103CC0002564257325730A0042616C6C6F63207351
:103CD0007563636565646564002F646174612F6A50
:103CE000656E6B696E732F776F726B73706163654E
:103CF0002F474E552D746F6F6C636861696E2F612D
:103D0000726D2D31342F7372632F6E65776C69621B
:103D10002D63796777696E2F6E65776C69622F6C9A
:103D20006962632F7374646C69622F6764746F6176
:103D30002D6765746865782E63002F646174612F48
:103D40006A656E6B696E732F776F726B73706163E8
:103D5000652F474E552D746F6F6C636861696E2FC8
:103D600061726D2D31342F7372632F6E65776C69BC
:103D7000622D63796777696E2F6E65776C69622F44
:103D80006C6962632F7374646C69622F6D70726505
:103D9000632E6300232D302B2000686C4C00656679
:103DA000674546470030313233343536373839418C
:103DB00042434445460030313233343536373839A2
:103DC00061626364656600374170705461736B00B3
:103DD00038400308C73D030800000000D03D030839
:103DE00081250208492502086D25020829250208B7
:103DF0002F250208352502083B2502084125020827
:103E0000374953637265656E00000000384003084F
:103E1000003E0308313249546F75636873637265FD
:103E2000656E000038400308143E030834466F6E88
:103E300074000000384003082C3E03083130466F00
:103E40006E745F313078313800000000EC400308B8
:103E50003C3E0308343E0308000000004C3E0308CB
:103E6000F53B0208F73B0208D53B0208D93B0208A4
:103E7000DD3B0208E53B0208E13B02083130466FBA
:103E80006E745F313278313600000000EC40030878
:103E90007C3E0308343E0308000000008C3E03080B
:103EA000113C0208133C0208D53B0208D93B02082A
:103EB000DD3B0208053C0208E13B020838466F6E14
:103EC000745F347836000000EC400308BC3E030801
:103ED000343E030800000000C83E0308313C0208DD
:103EE000333C0208D53B0208D93B0208DD3B0208FF
:103EF000213C0208E13B020838466F6E745F367859
:103F000038000000EC400308F83E0308343E030884
:103F100000000000043F03084D3C02084F3C02082B
:103F2000D53B0208D93B0208DD3B0208413C0208B0
:103F3000E13B020839466F6E745F38783132000019
:103F4000EC400308343F0308343E0308000000003F
:103F5000403F03086D3C02086F3C0208D53B020855
:103F6000D93B0208DD3B02085D3C0208E13B020848
:103F700038466F6E745F387838000000EC400308F4
:103F8000703F0308343E0308000000007C3F030834
:103F9000893C02088B3C0208D53B0208D93B020849
:103FA000DD3B02087D3C0208E13B020838494469D8
:103FB00073706C617900000038400308AC3F03085F
:103FC00035494770696F000038400308C03F030857
:103FD000344949696300000038400308D03F0308B2
:103FE000344953706900000038400308E03F03087B
:103FF000354955617274000038400308F03F0308EA
:104000004E31305F5F637878616269763131375F56
:104010005F636C6173735F747970655F696E666FFF
:1040200045000000EC40030800400308204103085D
:104030000000000024400308E13F0208F53F0208A9
:104040005D4802085D4802085F400208A13F02087F
:104050004740020809400208D33F02084E31305F52
:104060005F637878616269763131355F5F666F7260
:104070006365645F756E77696E6445003840030858
:104080005C4003084E31305F5F6378786162697627
:104090003131395F5F666F726569676E5F6578633E
:1040A000657074696F6E45003840030884400308EA
:1040B0004E31305F5F637878616269763132305FAC
:1040C0005F73695F636C6173735F747970655F6957
:1040D0006E666F4500000000EC400308B040030826
:1040E0002440030800000000D84003085947020894
:1040F0006D4702085D4802085D4802085F400208FB
:10410000A13F020831480208BD4702088147020862
:10411000537439747970655F696E666F00000000D2
:10412000384003081041030834000000CEFBFFFFB5
:10413000CB0300000100000000000000350000007B
:10414000CEFBFFFFCB0300000100000000000000D9
:10415000BC89D897B2D29C3C33A7A8D523F649395D
:104160003DA7F444FD0FA5329D978CCF08BA5B257F
:10417000436FAC64280668110020202020202020F6
:104180002020282828282820202020202020202007
:104190002020202020202020208810101010101017
:1041A0001010101010101010100404040404040463
:1041B00004040410101010101010414141414141FD
:1041C00001010101010101010101010101010101DF
:1041D00001010101101010101010424242424242EF
:1041E00002020202020202020202020202020202AF
:1041F0000202020210101010200000000000000057
:1042000000000000000000000000000000000000AE
:10421000000000000000000000000000000000009E
:10422000000000000000000000000000000000008E
:10423000000000000000000000000000000000007E
:10424000000000000000000000000000000000006E
:10425000000000000000000000000000000000005E
:10426000000000000000000000000000000000004E
:104270000000000000000000000000000500000039
:10428000190000007D0000000080E03779C3414341
:10429000176E05B5B5B89346F5F93FE9034F384DAC
:1042A000321D30F94877825A3CBF737FDD4F157558
:1042B000000000000000F03F00000000000024406B
:1042C00000000000000059400000000000408F4046
:1042D000000000000088C34000000000006AF840B1
:1042E0000000000080842E4100000000D0126341D5
:1042F0000000000084D797410000000065CDCD414B
:10430000000000205FA00242000000E8764837422B
:10431000000000A2941A6D42000040E59C30A242C9
:104320000000901EC4BCD64200003426F56B0C433E
:104330000080E03779C3414300A0D88557347643E5
:1043400000C84E676DC1AB43003D9160E458E14346
:10435000408CB5781DAF154450EFE2D6E41A4B44BB
:1043600092D54D06CFF08044F64AE1C7022DB54400
:08437000B49DD9794378EA44B9
:104378002900FF7F8408B101B0B0B000FFFF010839
:1043880016042E003404000008B10181B0B0008486
:10439800000000000500FF7FA908B100FFFF011021
:1043A80004040000240442002C0432003E040000EF
:1043B800E9FFFE7FAB08B100FFFF011C0404000009
:1043C80040049C01004A049A0100540498010076B4
:1043D800047C009401040000C1FFFE7FB0AF02001E
:1043E800FFFF013B080400002C04E001005604FA1A
:1043F80001006C049202007E04E80200960104E6C3
:104408000200A20104E40200AC0104E20200B601C9
:1044180004E00200DA0104AA02008E03040000008E
:1044280079FFFE7FB0AF0400FFFF013F24040000C6
:104438003004B602003C04B402004A04B20200543C
:1044480004B002005E0464008801048E01009A0131
:1044580004E20100CE0104AE0200D80104AC02005F
:10446800DC0104E80100A802040000002DFFFE7F23
:10447800AF08B100FFFF012B1C04000022049E01BD
:10448800002C049C01003A049A010044049801009D
:104498004E0496010058049401005C0462009001E7
:1044A80004000000F5FEFE7FB0AF0A00FFFF0166C2
:1044B8001C0400002C047E007804A004008401047D
:1044C80000009001049E04009C01049C0400A801C3
:1044D800049A0400B40104980400C001049604007E
:1044E800CE0104EE0200E601048A0300F80104D2BA
:1044F8000300860204D00300940204CE0300A20243
:1045080004CC0300B00204CA0300BE0204C80300BE
:10451800CC0220A20300000081FEFE7FB0AF0C0099
:10452800FFFF0187013804E4040052048005009469
:104538000104B80200AE0104B60200B80104B402D6
:1045480000DA0104FA0100F40104820500C802043B
:10455800880600D40204860600E00204E602008E03
:104568000304940300A003049A0500C4030484060A
:1045780000D20304820600E00304800600EE030470
:10458800FE0500FC0304FC0500880404FA050096F7
:104598000404F80500AE0404F60500BC0404F405A0
:1045A80000C004229E0500B206040000EDFDFE7F57
:1045B8008408B101B0B0B000FFFF010816042E0056
:1045C80034040000D5FDFE7FB0AF0400FFFF013FBB
:1045D800080400003404C603003E04440068046E66
:1045E800007A04A40200920104A80200BC0104C2DB
:1045F8000200DE0104D402008802048E0300920245
:10460800048C03009E0204EE0200C20304000000B2
:1046180008B10181B0B00084000000007DFDFE7F7C
:10462800B0B0AA00FFFF01142C04A001003A0488CE
:1046380001006C0498010094010400005DFDFE7FF8
:10464800AD16B200FFFF01D301140400004A2A8806
:104658000700781C86070098011A840700B601181D
:10466800820700D2011C800700F2011AFE060090A2
:10467800021CFC0600B00222FA0600D6021AF8064E
:1046880000F4021CF6060094031EF40600B6030AA2
:10469800F20600C40304DA0500CE0304F20600D6CD
:1046A8000304DE0600E00304F20600E80304E00663
:1046B80000F20304F20600FA0304E206008404048C
:1046C800F206008C0404E40600960404F206009E38
:1046D8000404E60600A80404F20600B00404E80690
:1046E80000BA0404F20600C20404EA0600CC04047A
:1046F800F20600D40404EC0600DE0404F20600E628
:104708000404EE0600F00404F20600F80404F006BF
:1047180000900532F20600DA060400007DFCFE7FF8
:10472800A908B100FFFF010C080400001A042000CA
:104738002A04000008B10181B0B000840000000024
:1047480059FCFE7FB0B0AA00FFFF01152E04BC0281
:10475800003C04BA0100B40104B40200C60104001C
:104768000000000035FCFE7FB0B0AA00FFFF010F7B
:104778002A04AE010038049E0100AA0104000000CA
:1047880019FCFE7FAB08B100FFFF01272A90020049
:1047980000CE0204A40400D4021E0000B80304AA38
:1047A8000400CC0304A804008C0404AC0400A40492
:1047B80004000000E5FBFE7FB0B0A800FFFF010881
:1047C8001804300036040000D1FBFE7FB0AF0A00A9
:1047D800FFFF0161120400001E04EC02002A04EA33
:1047E80002003604E802004204E602004E04E40235
:1047F800006004E202006C04E002007804DE0200BB
:104808008A0104DC0200960104DA0200A00104D83F
:104818000200AA0104D60200B40104D40200C401B3
:1048280004D20200CE0104D00200DE010CEC01002B
:10483800CC0204000000000008B10181B0B000847F
:104848000000000055FBFE7FB0AF0400FFFF014DE4
:104858001E0400002A04CC03003604CA03004004E6
:10486800C803006604FA0200920104AA0300A40126
:1048780004C40200B40104C20200BE0104C0020064
:10488800C201049202008C0204A80300D20204A60A
:104898000300D60222920300C403040000000000B3
:1048A800F9FAFE7FB0B0A800FFFF01081804300035
:1048B80036040000E5FAFE7FB0B0AA00FFFF011A37
:1048C8002A04B601003804820100760AAE01008E7F
:1048D80001040000940104AE01000000BDFAFE7F4F
:1048E800AF2CB200FFFF01310E0400001404B2081F
:1048F800001A04B008003418AE08005A4AAC080080
:10490800A801D801AA0800860318EC0700F403F6EA
:1049180003AA0800A6080400000000007DFAFE7F34
:10492800B0B0AC00FFFF01291604000024046800A1
:1049380062048E02006E040000BE01048C0200CAEC
:1049480001048A0200D60104880200DE0104E401A1
:104958000000000045FAFE7F8408B101B0B0B00045
:10496800FFFF010816042E00340400002DFAFE7F14
:10497800B0AB2200FFFF0114260400003C04BC0376
:10498800004EC002A40300B80304000008B101816E
:10499800B0B000840000000001FAFE7FB0AB020056
:1049A800FFFF010C0A040000420448004E04000006
:1049B800E9F9FE7FB0AB0400FFFF010C0C04000016
:1049C80048044E0054040000AC020181B0B008B1A4
:1049D80000000000C5F9FE7FB0AB0400FFFF010C2A
:1049E8000C04000036043C0042040000ADF9FE7FD0
:1049F800B0AB0200FFFF010C0A0400001E042400F3
:104A08002A04000095F9FE7FB0AB0200FFFF010CFD
:104A18000A04000026042C00320400007DF9FE7F01
:104A2800B0AB0400FFFF010C0C0400003204380096
:104A38003E04000065F9FE7FB0AB0600FFFF010CE5
:104A48000C04000046044C00520400004DF9FE7F9F
:104A5800B0AB0200FFFF010C0A04000036043C0062
:104A68004204000035F9FE7FB0AB0400FFFF010CE3
:104A78000C0400003C04420048040000AC02018120
:104A8800B0B008B10000000011F9FE7FB0B0A80076
:104A9800FFFF010008B10181B0B0008400000000F0
:104AA80008B10181B0B000840000000008B10181A4
:104AB800B0B000840000000008B10181B0B00084EB
:104AC80000000000D5F8FE7FB0B0A800FFFF01008D
:104AD800C9F8FE7FB0B0A800FFFF010008B101814E
:104AE800B0B0008400000000B1F8FE7FB0B0A800AC
:104AF800FFFF0100A5F8FE7FB0B0A800FFFF01008E
:104B080008B10181B0B00084000000008DF8FE7F7C
:104B1800B0A80100FFFF010008B10181B0B0008416
:104B28000000000075F8FE7FB0B0AA00FFFF011B6F
:104B38002A04C6010038048A0100840104B0010077
:104B480096010400009C0104A20100004DF8FE7FBC
:104B5800B0AE0300FFFF01190C0400002C04BA01D9
:104B6800005804B801009801049E0100B401040033
:104B78000000000008B10181B0B00084000000000E
:104B880008B10181B0B000840000000008B10181C3
:084B9800B0B000840000000031
:104BA00000B6FC7FA908B18048B6FC7F0100000078
:104BB0009CB6FC7F0084068000B7FC7FB0B0AA8062
:104BC0004CB7FC7FB0A80180A8B7FC7FB0B0A8802C
:104BD0002CB8FC7F010000003EB8FC7FAB08B18020
:104BE00028B9FC7F94F7FF7F68B9FC7FB0AF0480E1
:104BF00070BAFC7F0100000014BBFC7FB0B0AA803B
:104C000058BBFC7FB0AA0980C0BBFC7FB0B0A880B5
:104C100068BCFC7FA908B180C4BCFC7FB0B0AA808E
:104C2000F4BCFC7FB0A90280DCBDFC7F0100000069
:104C300002BEFC7FB0AD0280E4BEFC7FB0AF0A8054
:104C4000F0C1FC7FA908B18022C2FC7F01000000F6
:104C500022C2FC7FB0B0A88056C2FC7F01000000D9
:104C600064C2FC7FB0A90280D4C2FC7FB0AF0A80CE
:104C70000CC6FC7FB0AB04808CC6FC7FB0B0A880B3
:104C8000C6C6FC7FAB08B18064C7FC7FB0AC0180B6
:104C900030C8FC7FB0B0A8806CC8FC7F0100000069
:104CA0006EC8FC7FB0AE038098C9FC7FB0B0A8800E
:104CB000E0C9FC7FA908B180F2C9FC7FB0AA0180DD
:104CC00068CAFC7F010000006ACAFC7FB0A90280AC
:104CD000A8CAFC7FB0B0AC803CCCFC7FB0B0AA804E
:104CE00094CCFC7FB0B0A880BECCFC7F010000005B
:104CF000DECCFC7FB0B0AC80BECDFC7FB0AE01801E
:104D00006CD0FC7FB0AF108070D5FC7FA908B1805B
:104D10008ED5FC7FB0AF088064D6FC7FB0AF028038
:104D200094D7FC7FB0AF0A8018DAFC7FF4F7FF7FDE
:104D30007CDDFC7F80F8FF7FBCDDFC7FDCF8FF7F43
:104D4000C4DDFC7F01000000E0DDFC7FD8F8FF7FC0
:104D5000A4DEFC7FA908B180D8DEFC7FB0B0AC80B7
:104D600052DFFC7FE0F8FF7FE8E2FC7FB8F9FF7FCD
:104D700024E3FC7FB0A8018050E3FC7FC0F9FF7FF3
:104D80005AE3FC7FAB08B1805CE4FC7FBCF9FF7F99
:104D9000C8E5FC7F010000001AE6FC7FAC80C980FA
:104DA000C6E7FC7F0100000006E8FC7F008422804B
:104DB0001CE8FC7FA908B18040E9FC7F01000000ED
:104DC000C4EDFC7FAB08B1808CF1FC7FB0AB0280FE
:104DD0002CF2FC7FB0B0AA8050F2FC7FB0AA2180F8
:104DE00098F2FC7FB0A80180E0F3FC7FB0AC2D808E
:104DF000A0F4FC7FB0AC298038F5FC7FB0AD3A80E0
:104E000058F7FC7FB0A92280ACF7FC7FB0AB2880BC
:104E100034F8FC7FB0AD2E8020F9FC7FB0AD2A8045
:104E2000CCF9FC7FB0AC298064FAFC7FB0AA278063
:104E3000DCFAFC7FB0A8218018FBFC7FB0AA23809D
:104E40006CFBFC7FA908B180A8FBFC7FB0A8218087
:104E5000E4FBFC7F01000000DEFBFC7FB0B0AE8015
:104E600056FCFC7FAB08B180C0FCFC7FB0B0AC80CE
:104E700046FDFC7FB0B0AA80EAFDFC7F0100000087
:104E8000ECFDFC7FB0AF0480B2FEFC7FB0AF0680CB
:104E900084FFFC7F010000007EFFFC7FB0B0A88093
:104EA000A0FFFC7FB0AF0480F000FD7F0100000098
:104EB000F000FD7FB0AD02803801FD7FB0B0A8806A
:104EC0004A01FD7FA8F8FF7F1802FD7F0100000066
:104ED0001802FD7FB0B0A8804A02FD7F01000000EB
:104EE0004403FD7FB0B0AC800004FD7FB0A8038018
:104EF0004804FD7FAB08B180DE04FD7F01000000A7
:104F0000E204FD7FB0AB06804C05FD7FA908B180AF
:104F10006205FD7FB0AF0480A806FD7FB0A90280C6
:104F2000BA06FD7FA908B1801207FD7FB0AA0380F1
:104F30007807FD7FB0AB04803C08FD7F01000000D6
:104F40003C08FD7FB0AE0380240AFD7FB0A902803B
:104F5000940AFD7FB0B0A880CE0AFD7FAB08B18077
:104F6000400BFD7F01000000A80BFD7FB0AB168059
:104F7000EC0BFD7FA908B180140CFD7F010000003F
:104F8000380CFD7FB0B0AC800E0DFD7FFCF7FF7FCD
:104F9000480FFD7FB0AA0180BC10FD7FB0AF088034
:104FA000B015FD7FB0AF0A801018FD7F10F8FF7FAD
:104FB0005418FD7F8CF8FF7F6C18FD7FB0B0A8807F
:104FC000B418FD7FB0AF0880201FFD7FB0B0AA806D
:104FD000EC1FFD7FB0AA0180D021FD7FB0AB048023
:104FE0004C23FD7FAB08B1808A23FD7F60F8FF7FF3
:104FF0008025FD7FB4F8FF7FC425FD7F0100000000
:10500000BE25FD7FA908B180D425FD7FB0B0A88062
:10501000E425FD7FB0A803804226FD7FB0AF0E805F
:10502000FE28FD7FB0B0AC806229FD7FB0AF048068
:10503000F42AFD7F01000000F02AFD7FB0A8038064
:105040002E2BFD7F01000000AC2BFD7FB0B0A880AF
:10505000BA2BFD7F010000003C2CFD7F60F8FF7F34
:10506000102DFD7F01000000582DFD7FB0B0AC80F9
:10507000902DFD7F010000003C2EFD7FB0B0A88088
:10508000602EFD7F01000000F82EFD7FB0B0A880EB
:10509000202FFD7F01000000942FFD7F48F8FF7F47
:1050A000D033FD7F01000000E433FD7FB0F8FF7FC7
:1050B0002434FD7F010000003634FD7FA908B18053
:1050C0005234FD7FB0B0AA808434FD7FA908B1803E
:1050D0009234FD7FB0B0AC80E434FD7FA908B1808C
:1050E0000E35FD7F90F8FF7FC836FD7FB0AF0C8096
:1050F000F839FD7FAD08B180163BFD7FB0AA018075
:10510000F43BFD7FB0A80180443CFD7FB0B0AA8095
:105110008A3CFD7FB0AD0880383DFD7FB0A801809E
:105120004C3DFD7FB0A80380623DFD7FB0A90280A9
:10513000243EFD7F01000000EE40FD7FB0AB028009
:105140002641FD7FB0B0A8805E41FD7FB0B0AA804F
:105150007A41FD7FB0AA03804242FD7FB0AB04805C
:10516000C442FD7FB0B0A880F844FD7FB0B0AC80F1
:105170006845FD7FB0B0A880A845FD7F18F8FF7F87
:10518000B045FD7FA908B180D645FD7FAB08B18051
:105190001E46FD7FA908B1803046FD7FB0A9028080
:1051A0006C46FD7F010000002C48FD7FAB08B180FC
:1051B0007048FD7FA908B180E648FD7FB0B0AC80A3
:1051C0002049FD7FA908B1808E49FD7FB0B0AC8039
:1051D0002C4AFD7FA908B1808E4AFD7FAB08B180C3
:1051E000DE4AFD7FB0B0AC80244BFD7FA908B180C2
:1051F0008A4BFD7FAB08B180DC4BFD7F01000000D6
:10520000544CFD7FA908B180B64CFD7F0100000021
:10521000C44CFD7FB0AF0280704EFD7F01000000E6
:105220009A4EFD7FAD08B180464FFD7F74F7FF7F3A
:105230009C4FFD7FB0B0AE804450FD7F7CF7FF7F78
:10524000A050FD7FB0B0AA806A52FD7F84F7FF7F37
:105250001453FD7F01000000EA57FD7FB0B0AE801F
:105260004258FD7F78F7FF7F8C58FD7FA908B180F9
:105270003A59FD7FB0B0AC807C59FD7F78F7FF7F55
:10528000AC59FD7FAD08B180185AFD7F80F7FF7FD4
:10529000505AFD7FB0B0AE80B05AFD7F88F7FF7FD7
:1052A000F45AFD7FA908B180145BFD7F0100000066
:1052B000365CFD7FB0AF0280005DFD7F80F7FF7F31
:1052C000585DFD7F010000006E5DFD7FB0AF028084
:1052D000185FFD7FAD08B180A45FFD7F78F7FF7F89
:1052E000EC5FFD7FB0B0AE807860FD7F80F7FF7F20
:1052F000C860FD7F01000000F060FD7FB0B0AA80B3
:105300006261FD7FA908B180D061FD7FB0B0AA8045
:105310002662FD7F70F7FF7F9462FD7FB0AF04804F
:10532000C664FD7FB0B0AC808C65FD7FB0AE0180FF
:10533000E265FD7FB0AD02802066FD7FA908B180E7
:105340003C66FD7FB0B0A8805C66FD7FA908B18097
:10535000A266FD7FB0B0AC80E466FD7FB0B0AA80ED
:10536000C667FD7F01000000D867FD7FA908B180F6
:10537000EE67FD7FB0B0A8800068FD7F01000000EF
:105380000C68FD7FB0A902803268FD7FB0B0A880B4
:105390006268FD7F010000008068FD7FF4F6FF7FFA
:1053A0008C68FD7F01000000B868FD7FB0B0AC8064
:1053B0003C69FD7FE8F6FF7F4669FD7F0100000044
:1053C0006E69FD7FA908B180AA69FD7F0100000018
:1053D000B869FD7FAB08B180E669FD7FB0AF04809E
:1053E000846AFD7FB0AC0180146BFD7FB0B0AC80EF
:1053F000C06BFD7F010000000E6CFD7FA908B1802D
:10540000D86CFD7F01000000EC6CFD7FB0A801802E
:105410000A6DFD7FB0B0A880406DFD7FA908B18006
:105420005A6DFD7FB0B0A880A06DFD7FB0AC01804B
:10543000E06DFD7F01000000EA6DFD7F6CF6FF7FEF
:10544000F66DFD7F70F6FF7F106EFD7F010000009E
:105450002E6EFD7FB0B0A880546EFD7F010000006D
:10546000506EFD7FB0B0AA80A46EFD7FB0AA01800F
:10547000186FFD7FB0AA03807C6FFD7F44F6FF7F2D
:105480008A6FFD7FB0AB04802670FD7FB0A80380DB
:105490004A70FD7FA908B180F070FD7FB0AA03803B
:1054A0001471FD7F010000001871FD7FB0B0A8806D
:1054B0002471FD7F18F6FF7F2C71FD7FB0A902805B
:1054C0006E71FD7FB0A80180AE71FD7FB0B0A88085
:1054D000BC71FD7F01000000C471FD7FFCF5FF7F02
:1054E000CC71FD7F01000000CA71FD7FB0B0A880C3
:1054F000EC71FD7FF0F5FF7FFC71FD7FB0B0A880FF
:105500004C72FD7FA908B1806C72FD7FB0AB028048
:10551000C472FD7FB0AA01808873FD7FB0B0AA80FD
:10552000BE73FD7FB0B0A880CC73FD7FC4F5FF7F54
:10553000D473FD7FB0B0AA80EE73FD7FA908B1805F
:105540000474FD7FB0B0A8801474FD7FB0F5FF7FB8
:105550001C74FD7FB0A902805E74FD7FB0A801803D
:10556000AA74FD7FA4F5FF7FBA74FD7F01000000DF
:10557000BE74FD7FA908B180D274FD7F01000000D8
:10558000E874FD7FB0B0A880F874FD7F88F5FF7FD8
:105590000E75FD7FB0A902804075FD7F00840280FA
:1055A0005E75FD7F7CF5FF7F6875FD7FB0AB048085
:1055B000D075FD7FB0AA03802A76FD7FB0AB048052
:1055C0009876FD7FAB08B180C276FD7FB0AB0480DA
:1055D0002C77FD7FB0B0A8804A77FD7FB0A803800C
:1055E0007677FD7FB0B0AE804478FD7F010000008B
:1055F0004C78FD7FB0B0A8805478FD7F30F5FF7FF8
:105600004079FD7FA908B1807679FD7F0100000017
:105610007879FD7FA908B180B479FD7FB0B0AC8006
:10562000EE79FD7FA908B180167AFD7FAD08B180C3
:10563000627AFD7FAB08B180FC7AFD7F010000003B
:105640000A7BFD7FB0AF0680447CFD7FB0AF028057
:10565000E87CFD7F00F5FF7FAC7DFD7FB0AF028071
:10566000467EFD7FAB08B180C47EFD7FB0B0A880D0
:10567000E27EFD7FB0B0AC801880FD7FB0B0AA8024
:105680004680FD7FB0B0A8807880FD7F01000000DB
:10569000B880FD7FB0B0AA800881FD7F01000000C6
:1056A000F2CBFE7FB0B0A88004CCFE7F01000000EA
:1056B000D4CEFE7FDCECFF7FDCCEFE7FB0B0A880D6
:1056C00050CFFE7F0100000070CFFE7FD0ECFF7F47
:1056D000B4CFFE7F01000000FCCFFE7FDCECFF7F3B
:1056E000A0D0FE7F01000000F8D0FE7FF4ECFF7F29
:1056F000A0D2FE7F01000000DCD2FE7F2CEDFF7FF8
:1057000058D4FE7F70EDFF7F24D5FE7F010000009E
:1057100028D7FE7F98EDFF7F70D9FE7F0100000043
:1057200094D9FE7FB0B0A880C8D9FE7F01000000E8
:10573000A4DAFE7F98EEFF7F8CDCFE7F0100000084
:105740002CDFFE7F8CF0FF7FBCE0FE7F01000000BD
:1057500010E2FE7FD0F1FF7F3CE3FE7F01000000FE
:1057600038E5FE7FB0A801804CE5FE7F0100000017
:105770006AE5FE7FB0A8018088E5FE7FA908B180B8
:10578000ACE5FE7F01000000ACF5FE7FB0A9028011
:105790003CF6FE7FB0B0A8808CF6FE7F01000000D2
:1057A00094F6FE7FB0B0AA80C8F6FE7FAF76B280D6
:1057B0009CF7FE7FAB3F3A8000F8FE7F01000000BF
:1057C00008F8FE7FB0B0AA8044F8FE7FB0F3FF7FF8
:1057D00058F8FE7F01000000F0F8FE7FAC0FB280A9
:1057E00078F9FE7FB0AF088018FCFE7F0100000052
:1057F00028FCFE7FAC3F03800CFFFE7F0100000011
:105800003CFFFE7F0084048050FFFE7F010000000B
:105810004CFFFE7FB0AD04804402FF7FB0A8038040
:105820006802FF7F64F3FF7F6C02FF7F68F3FF7FF6
:085830007802FF7F0100000077
:1058380009220208E5220208E53402087D3502083B
:04584800A93E02086B
:04584C00E12102084C
:10585000280028002000000038A002085024030877
:10586000000000002800270020000000209A020805
:1058700050240308000000000000000101000101A5
:1058800002000201030003010400040105000501F8
:105890000600060101000000100000000A060002D8
:1058A000000000400100000009024300020100C0A6
:1058B0003209040000010202010005240010010564
:1058C00024010001042402020524060001070582C8
:1058D0000308001009040100020A00000007050186
:1058E000024000000705810240000000CDBE010813
:1058F0006DBE01087DBD0108000000000DBC01085F
:1059000019BD0108E1BC0108000000000000000012
:10591000000000009BBC010851BC010899BC0108B3
:1059200045BC0108AAAAAAAA010000000024F400AC
:105930006D110208491102084D11020855110208A3
:105940005111020812010002020200408304405774
:105950000002010203010000040309041A0300000D
:105960000000000000000000000000000000000037
:10597000000000000000000095140208A1140208B5
:105980001115020829150208D7140208411502084A
:10599000591502080000000005470208B55A020820
:1059A0000000000003000000548D012043000000AF
:1059B00000000000000000000000000000000000E7
:1059C0000000000000000000000000004300000094
:1059D00000000000000000000000000000000000C7
:1059E0000000000000000000000000004300000074
:1059F00000000000000000000000000000000000A7
:105A00000000000000000000000000004300000053
:105A10000000000000000000000000000000000086
:105A20000000000000000000000000004300000033
:105A30000000000000000000000000000000000066
:105A40000000000000000000000000004300000013
:105A50000000000000000000000000000000000046
:105A600000000000000000000000000043000000F3
:105A70000000000000000000000000000000000026
:105A8000000000000000000000000000E9810208A2
:105A90003D78020800000000784103081D3C03081F
:105AA000C73C0308C73C0308C73C0308C73C0308BE
:105AB000C73C0308C73C0308C73C0308C73C0308AE
:105AC000C73C0308FFFFFFFFFFFFFFFFFFFFFFFFD4
:105AD000FFFF00000100415343494900000000005E
:105AE00000000000000000000000000000000000B6
:105AF000000000000000415343494900000000003D
:105B00000000000000000000000000000000000095
:105B10000000000000000000CC0200200000000097
:105B2000548D0120BC8D0120248E01200000000036
:105B30000000000000000000000000000000000065
:105B40000000000000000000000000000000000055
:105B50000000000000000000000000000000000045
:085B600000000000000000003D
:0400000508023F4569
:00000001FF
