:020000040800F2
:100000000000022059E6020845A5020847A502089B
:1000100049A502084BA502084DA5020800000000F2
:100020000000000000000000000000002D68020831
:100030004FA5020800000000E968020851A5020867
:10004000A9E60208A9E60208A9E60208A9E602084C
:10005000A9E60208A9E60208A9E60208A9E602083C
:10006000A9E60208A9E60208A9E60208A9E602082C
:10007000A9E60208A9E60208A9E60208A9E602081C
:10008000A9E60208A9E60208A9E6020800000000A5
:10009000000000000000000000000000A9E60208C7
:1000A000A9E60208A9E60208A9E60208A9E60208EC
:1000B000A9E60208A9E60208A9E60208A9E60208DC
:1000C000A9E60208A9E60208A9E60208A9E60208CC
:1000D000A9E6020867A50208A9E6020800000000D8
:1000E000A9E60208A9E60208A9E602080000000045
:1000F000000000000000000000000000A9E6020867
:100100000000000075A50208A9E60208A9E6020899
:1001100000000000000000000000000000000000DF
:10012000A9E60208A9E6020885A5020895A5020825
:10013000A9E6020800000000000000000000000026
:10014000000000000000000000000000A5A502085B
:10015000B5A50208A9E60208C5A50208A9E6020895
:10016000A9E60208A9E6020800000000000000005D
:10017000000000000000000000000000000000007F
:1001800000000000A9E602080000000000000000D6
:08019000A9E60208A9E6020835
:1001A0002DE9F84F914CDFF89892C4F800904FF089
:1001B000010A84F804A000256571DFF88882C4F87C
:1001C0000080DFF884B2C4F808B01023E360884EE2
:1001D000884F3246394620462EF067FAC4F8109010
:1001E00084F814A06575C4F81080834BA361C4F82B
:1001F0001CA03246394604F110002EF056FAC4F81D
:10020000209084F824A084F82550C4F82080C4F8F5
:1002100028B00823E3623246394604F120002EF06C
:1002200044FAC4F8309084F8345084F83550C4F857
:100230003080714BA3634FF48063E36332463946E9
:1002400004F130002EF031FAC4F8409084F84450A4
:1002500084F84550C4F84080674BA3640223E364EC
:100260003246394604F140002EF01FFAC4F850908F
:1002700084F8545084F85550C4F85080C4F858B0ED
:10028000C4F85CA03246394604F150002EF00DFA55
:10029000C4F8609084F864A084F86550C4F8608065
:1002A000C4F868B04FF48073E3663246394604F10F
:1002B00060002EF0FAF9514B23676423A4F87430E0
:1002C000A4F876304E4B23674E4BA36704F1700BB6
:1002D00032464D4958462EF0E8F904F17C074B4967
:1002E00038462BF0EBFE3246494938462EF0DDF910
:1002F000484BC4F88C30484BC4F88C30474BC4F89A
:100300001031A4F814513246454904F18C002EF006
:10031000CCF9444BC4F818310323C4F81C314FF412
:10032000F078C4F820814FF4A079C4F82491C4F87F
:100330002881C4F82C9184F830513B4BC4F8183113
:10034000C4F834B1C4F8384104F11003C4F83C31A6
:100350001033C4F840313246344904F58C702EF025
:10036000A4F9334BC4F8443184F8485184F8495116
:10037000A4F84A51A4F84C512E4BC4F84431C4F8A7
:10038000507184F85451C4F85651C4F85A51C4F805
:100390005E5184F848A1A4F84A91A4F84C814FF02A
:1003A000030384F849313246234904F5A2702EF044
:1003B0007CF94FF40043C4F864314023C4F8683139
:1003C00084F86C51C4F87051C4F87471C4F8785151
:1003D000422009F056FFC4F870013246174904F56F
:1003E000B2702EF062F9BDE8F88F00BF180300204C
:1003F0004401002019C002080004024020DB030869
:1004000094D403081086012021BF0208D48401205F
:100410007DC00208B8DB0308FCD40308A4870120D0
:100420002DC0020804DC0308CCC1030841C0020847
:1004300054DC0308905B030855C0020869C0020839
:10044000E4DB0308F0D303080000024070B5144C4D
:10045000236800255D62294620461BF011FD2946D0
:10046000204619F0EBFE0E4B1B681B6913F0020FC0
:10047000F9D000210A4819F0E1FE0446084B1B6838
:100480001B6913F0020FF9D0054E0021304619F018
:10049000D5FE0546002130461BF078FD281B70BDB7
:1004A00014870120174B1B6813F4003FFAD0154A3C
:1004B000936823F0030343F001039360124B00227F
:1004C0001A66104B1B6813F0007FFAD10D4A53686F
:1004D00023F4800318435060536823F03F0319430B
:1004E0005160094B01221A66064B1B6813F0007F0E
:1004F000FAD0044A936823F0030343F002039360A5
:10050000704700BF003802400000474200B587B086
:1005100010210020FFF7C6FFFFF798FF144B1B6860
:1005200003EB4303134AA2FB0323B0EBD34F07D8DB
:1005300019214FF48000FFF7B5FF07B05DF804FB09
:100540006846002300930193029303930493059359
:1005500002230093084B049315F0B4FE28B9074B0F
:100560000122C3F83C2E0821E3E729F09DFCF6E7C1
:10057000DC00002083DE1B4300030800000047422C
:1005800010B510210020FFF78DFF002423460CE05A
:1005900081421ED91E2B1CD801330F490A6822F054
:1005A000F80242EAC3020A6001341E2C11D8FFF798
:1005B0004DFF094B1B68C3F3C403084A126808497E
:1005C000A1FB0212910CB0EB924FE1D90BB1013BB0
:1005D000E3E7184610BD00BF00380240DC000020F1
:1005E00083DE1B4310B582B0FFF7CAFF044615F047
:1005F000E3FF0FF091FA114A136823F0F80343EA7E
:10060000C40313604FF0E02300221A615A619A611B
:100610000B4B0193019B596862B60A4B1A6822F092
:1006200003021A601A6842F001021A60019B1B68FB
:1006300083F30888884702B010BD00BF003802402D
:100640000000FF1F0038014038B5FFF75FFF254C61
:10065000236D1B6904F15000984794F85530003B16
:1006600018BF0123984234D005F096FF1D4C04F5C5
:10067000B27105F0B1FF09F091FF04F5A27204F523
:100680008C7109F011FE0EF0D6FD03681D6A04F1AD
:10069000600300221449A84705F0CDF90022134950
:1006A00005F0F4F9236B1B6904F13000984794F8C6
:1006B0003530003B18BF012398420DD003F0CAF932
:1006C0000B4903F0F1F900F0F8F803681B6898474C
:1006D00038BDFFF787FFC7E708F038FF03681B68DE
:1006E0009847F5E7180300205C870120CC8601209D
:1006F000A403002000BEFEE7704708B5FFF750FDD9
:1007000008BD00BF00F5005090F86C3113B94FF0F0
:10071000000070474FF00400704770B5064600F5C2
:100720000054D4F8640190F8701303F0DFF9014627
:10073000002206F628500CF049FFD4F8640190F826
:10074000F11303F0DCF90146002206F556600CF0C7
:100750003DFFD4F8641191F8E923134623F04003D8
:1007600081F8E933C2F3801201F2F23106F69850B3
:100770000CF02CFF002511E005EBC504640104F525
:100780005D64344406F50053E9B2D3F8640103F024
:100790000BFA0146204601F0F6F90135052DEBD99B
:1007A00006F50053D3F8643193F852336BB306F671
:1007B0003844012120460FF05BF906F50053D3F8C9
:1007C000643193F8E333F3B14FF47F4120460FF0E7
:1007D00070F806F50055D5F86431002483F80F440D
:1007E000D6F89030123306EB8306706803685B69B5
:1007F00014219847D5F85C0100F5C15004300EF083
:100800007EFA204670BDFF21E0E706F6384400215D
:1008100020460FF02DF906F50053D3F8643193F814
:10082000E33323B1FF2120460FF043F8D1E76FF007
:100830007F41F8E703464FF00200002B3CD0F0B5B3
:1008400083B01E460B88ADF804309DF80450E5B91E
:1008500006F5B154183423685B6920469847B0B157
:1008600023685B6C2046984788B19DF8057039462F
:1008700020460FF0FDF857B923685B6C2046984777
:1008800028B120460FF004F901E0012D05D0062D16
:1008900007D04FF0000003B0F0BD06F5BD5418348A
:1008A000D9E79DF80530002BF3D033689B6906F635
:1008B000384130469847ECE7704708B50F4B1B6846
:1008C000BFF35B8F13F0010F01D00D4808BD0B483B
:1008D0002EF0B9FA0028F8D009482CF0AFF9094AEF
:1008E000094907482DF0E1FE04482EF0BBFAECE779
:1008F00002482EF0B4FA2DF053FF00BF94040020FC
:10090000980400204401002045CB02082DE9F04165
:1009100084B004460F46002960D000F50053D3F898
:100920005C31D3F88830083B424D85FB0325A5EBAD
:10093000E37504F5B156183604F50053D3F85C316D
:10094000D3F88C800AF006FB0368DB68984700EB5D
:100950004000A8EB00080AF0FDFA0368DB6898473E
:1009600000EB4000012302930190009543460022D2
:10097000314930460EF064FE2BF03CFC014600236A
:100980001A4630460FF080F830460FF03DF887BB2E
:1009900004F5BD56183604F50053D3F85C31D3F88E
:1009A000882004F58054B4F9463601210291019360
:1009B0000095B4F93E36521B1F4930460EF040FEFA
:1009C0002BF018FC014600231A4630460FF05CF865
:1009D00030460FF019F804B0BDE8F08100F500537F
:1009E000D3F85C31D3F8885005EBD5756D10043D14
:1009F0009FE704F5B756183604F58053B3F940263F
:100A0000B3F946160120029001910095B3F93E36E4
:100A10000532094930460EF013FE2BF0EBFB014680
:100A200000231A4630460FF02FF830460EF0ECFF48
:100A3000AEE700BF5655555590DF030808B500F5E1
:100A40000053D3F8643193F87033022B06D0074972
:100A500000F5B15018300EF0E8FE08BD044900F56D
:100A6000B15018300EF0E1FEF7E700BF8CDC030850
:100A700084DC030808B500F50053D3F8643193F81B
:100A80007033012B00D033B929B100F5B1501830C3
:100A90000EF0CBFE01E0FFF7D1FF08BD08B500F571
:100AA0000053D3F8642192F87033052B09D00BB1B1
:100AB000092B18D10F4900F5BD5018300EF0B5FEC6
:100AC00008BD92F8F1334F2B06D00B4900F5BD500D
:100AD00018300EF0AAFEF3E7064900F5BD501830B5
:100AE0000EF0A3FEECE7054900F5BD5018300EF0FE
:100AF0009CFEE5E710E7030890DC030898DC030898
:100B000008B500F50053D3F8643193F87033012B26
:100B100006D129B100F5BD5018300EF086FE01E077
:100B2000FFF7BCFF08BD38B5054600240F2C21D8BF
:100B300004F1120305EB83035B688B4201D001349F
:100B4000F4E7D5F89030123305EB83035868036857
:100B50001B699847C5F89040214605F1940004F0C0
:100B600060FED5F89030123305EB830568680368A2
:100B7000DB68984738BD70B58AB0044603A826F0F4
:100B8000E8F804F5B0551835049B154A202128468D
:100B900030F0FEFA04F5AF560122294630460CF03B
:100BA00015FD04F50053D3F85C31D3F8882002EB2F
:100BB000D27204F58054B4F9EC3503EBD3735C10B6
:100BC000C4EB62040AF088F901906FF07F43009350
:100BD0001E232246294630460CF071FB0AB070BD38
:100BE000A0DC030810B50446943004F031FC04F690
:100BF000F8400DF08AF804F628500DF086F804F558
:100C000056600DF082F804F698500DF07EF804F668
:100C100038400DF07AF804F5B15018300DF075F841
:100C200004F5BD5018300DF070F810BD10B5044635
:100C30004FF4FA61943004F0B3FB4FF47A7104F688
:100C4000F8400DF053F840F2E93104F628500DF069
:100C50004DF840F2EA3104F556600DF047F840F2E5
:100C6000EB3104F698500DF041F84FF47A7104F628
:100C700038400DF03BF8662104F5B15018300DF006
:100C800035F8662104F5BD5018300DF02FF810BD71
:100C900038B504460D46D0F89030123300EB83038C
:100CA000586803681B699847C4F89050294604F1B6
:100CB000940004F0B6FDD4F89030123304EB8304B2
:100CC00060680368DB68984738BD70B504460D4618
:100CD0004FF0000600F638438B4214D004F1940321
:100CE000AB4221D0D4F89030123304EB8303586820
:100CF00003689B69294698470646F6B2092E19D023
:100D00004FF0000070BD90F8483C002BE6D000F595
:100D10000053D3F8640190F8523313B903F067F825
:100D2000EBE703F0AFF8E8E794F8C0102046FFF7D0
:100D3000AFFFE2E704F5B1531833AB421CD004F522
:100D4000BD531833AB42DBD104F50054D4F8640131
:100D500090F87033052B1FD00BB1092B30D1002335
:100D600080F8F13380F85533D0F86833C0F86C332D
:100D7000182103F02DF8C3E704F50054D4F86401FA
:100D800090F87033022B03D0812103F021F8B7E7EC
:100D9000822103F01DF8B3E790F8F1334F2B02D016
:100DA0002BF066FCACE7002380F8F13380F8553374
:100DB000D0F86833C0F86C33182103F009F89FE7C6
:100DC000002380F85533D0F86833C0F86C3319210C
:100DD00002F0FEFF94E708B5D0F890100131D0F88A
:100DE0008C30B1FBF3F203FB1211C9B2FFF750FFD5
:100DF00008BD08B5D0F89010D0F88C3019440139EE
:100E0000B1FBF3F203FB1211C9B2FFF741FF08BDBA
:100E10002DE9F04383B0044600F19405284604F020
:100E200017FB04F50058D8F85C31D3F88830082255
:100E300001922827009700221146284604F005FD5C
:100E40000026C4F88C6009F0CBFF0346334A3146D4
:100E5000284604F06EFC02F0FCF9D4F88C3003F163
:100E60000109C4F88C90123304EB8303586009F035
:100E7000B7FF03462A4A4946284604F05AFC06F0C2
:100E80009FF8D4F88C3003F10109C4F88C90123328
:100E900004EB8303586009F0A3FF0346214A494647
:100EA000284604F046FC07F049F9D4F88C3003F1E9
:100EB0000109C4F88C90123304EB8303586009F0E5
:100EC0008FFF0346184A4946284604F032FC07F0D3
:100ED0001BFFD4F88C305A1CC4F88C20123304EB5E
:100EE00083035860D8F85C31D3F8883001920097BA
:100EF00032463146284604F0A8FC284604F056FD48
:100F0000334632462146284604F04CFD4FF4FA6140
:100F1000284604F045FA03B0BDE8F083B8DC0308C6
:100F2000C4DC0308D0DC0308E0DC03082DE9F04F43
:100F300089B0044605F030FB05F052FB8DF81F0028
:100F400004F50056D6F85C5105F026FBC16800395F
:100F500018BF0121284609F0C8F996F85811D6F8AB
:100F60005C0109F055FDD6F85C31B94AC3F8802020
:100F7000D6F85C31D3F88C7009F0ECFF0368DB68BD
:100F8000984700EB40003F1A09F02AFF0368DB682E
:100F90009847A7EB4007023FD6F85C31D3F888505A
:100FA00009F01EFF03689B68984700EB4000A5EB23
:100FB000400809F015FF0368DB689847400004F615
:100FC000F84900250295A34B0193009043463A4609
:100FD000294648460BF083FD4FF47A7148460CF0E1
:100FE00085FE04F5C35909F118099B4F02233A46BF
:100FF0003946484605F004F92B462A46214648461C
:1010000005F0FAF8D6F8640102F03CFF04F6384A1D
:10101000D6F85C31D3F8888009F0E2FE03689B685B
:10102000984700EB4000A8EB400808F1FF38B4F9FE
:10103000FEBC09F0D5FE03689B68984700EB4000B2
:101040004000B4F9063D01220292019300905B46F4
:101050004246824950460EF0F3FA2B462A46214674
:1010600050460EF011FD294650460EF001FD4FF49A
:101070007A7150460CF03AFEB4F9FE8CB4F9063D94
:1010800003EBD37308EB630809F0AAFE0368DB687F
:101090009847A8EB500809F0A3FE04F6285B0190DE
:1010A0006FF07F43009343460422394658460CF0C4
:1010B00006F9B4F92CAD09F093FE03689B689847D4
:1010C00000EB8000824409F045FF03689B68984765
:1010D0000AEB00020592B4F9028D09F03BFF0368A8
:1010E000DB689847A8EB0008A8F1020809F032FF76
:1010F00004F5566A01906FF07F4300934346059ACA
:10110000394650460CF0DBF8B4F93C8C09F05EFF30
:1011100003689B68984700EB800300EB4300A8EB53
:1011200000030593B4F9FE1C069109F04FFF04F685
:1011300098580190FF23009306990B1D059A394694
:1011400040460CF0BCF840F2E93158460CF0CEFDB8
:1011500040F2EA3150460CF0C9FD40F2EB31404616
:101160000CF0C4FD04F5055334330193432300937D
:1011700023463B4A2146D6F8600104F0B1FC2946DB
:101180002046FFF7C3FB2046FFF742FE09E005EBD0
:10119000C500400100F55D600021204400F0F3FC33
:1011A0000135052DF3D904F5B055183509F094FE35
:1011B00001906FF07F43009300231A46294604F5FF
:1011C000AF500CF07CF800250CE005F1120304EBA5
:1011D00083035868B4F9FE2C03689B68283A2821D9
:1011E00098470135D4F88C30AB42EED80023C4F8D0
:1011F00090309DF81F30CBB9D4F8901004F19400D2
:1012000004F00FFBD4F89030123304EB83035868DA
:101210000368DB68984704F50054D4F8640102F0D1
:10122000E6FD4FF0000009B0BDE8F08F02230D4A43
:101230000D49484604F0E4FF42F21071484605F0BB
:10124000E5F8D4F88C30013BC4F89030D4E700BF07
:10125000404040008080800090DF0308ECDC030801
:1012600035080008F0DC03083CDD030838B5034608
:101270004FF00200B3B11C4691B103F1D405D3F88D
:101280002031626901FB0231284600F07CFCA36931
:1012900033B1D4F8202153F82210284600F0C1FCC5
:1012A0004FF0000038BD016042608360704710B5A8
:1012B00004464169012914BF0021012100F5FA709B
:1012C0000EF0D6FB61690A2914BF0021012104F543
:1012D0002D700EF0CDFB6169642914BF002101213E
:1012E00004F55D700EF0C4FB10BD94463AB90120C0
:1012F000704701FB00F001336345FAD3704708469D
:101300000123F9E72DE9F04F89B004460F46069214
:101310001E4600238361D44B1B68BFF35B8F13F021
:10132000010F6CD004F19C0509F05AFD01906FF09B
:101330007F43009300231A46394628460BF0BFFF2F
:101340009DF8541028460CF004F9C74F7968B4F999
:10135000A830C91A00230822490828460CF01EFDAF
:1013600004F1200B594628460CF080FC0121284648
:101370000CF0BCFC04F1D405B4F9A6807F68103FE2
:1013800009F0E8FD0368DB68984700EB8000149BD8
:1013900002930D23019300903B4608F108020821B7
:1013A000284600F017FB4FF47F420421284600F046
:1013B000DEFB09F0CFFD01460222284600F031FD98
:1013C000139A1299284600F025FC3146284600F071
:1013D000DAFB09F0BFFD034605220699284600F016
:1013E00035FD002684F8E460594628460CF03EFCA2
:1013F000012128460CF07AFCCDF81CB07DE09A481B
:101400002DF021FD00288DD0D4F8F035D3F88830A8
:10141000954843602DF026FD84E7B4F9E070083F5D
:10142000924BA3FB07377F0802F014FB054606F139
:10143000440804EB081806F5867304EB8303D3F81D
:101440000490149A0A212046FFF74FFF00904B4664
:1014500010224146284602F082FD40462AF092FCC6
:10146000069B834AC0F1100140442FF091FE4FEAE1
:10147000460B06EB4605AD0105F5F8752544043528
:10148000B4F9D8303A1D06FB02330593B4F9DEA057
:1014900009F060FD0368DB68984700EB80004FF0BF
:1014A0000109CDF80890019000970AF10803059A08
:1014B000414628460EF0C4F82AF09CFE0146234619
:1014C0006C4A28460EF0E0FA002128460EF0D0FAC9
:1014D000032128460EF065FA0BEB060704EB87178D
:1014E000D7F8F4319B68079928469847D7F8F43124
:1014F000DB684946284698474E44022E8DD9DDF8D0
:101500001CB0149B022B01D902231493149A0A21B4
:101510002046FFF7EAFE6061149B03EB4300800165
:1015200000F5F8702044012104300EF0A1FA04F116
:101530004C084D4FD7F80490D4F8F4319B6B04F568
:10154000FA70984701260296002501950830009010
:101550004B462A46294640460BF0C1FA0421404634
:101560000BF01CFB4FF6FF7140460BF047FB294682
:1015700040460BF059FB594640460CF077FB294694
:1015800040460CF0B3FBD4F8F035D3F88C20B4F916
:101590005A30D21A02EBD27200937B68324129464C
:1015A00058460CF0B0FAD4F8F025D2F88830D2F8CA
:1015B0008C2000922A46294604F17C000BF047FB60
:1015C00084F88C6004F58E68D4F8F035D3F88C700C
:1015D00009F0C0FC0368DB68984700EB40003F1A45
:1015E000D4F8F035D3F8882002EBD27242FA06F92B
:1015F00009F0B0FC0368DB68984700EB40000296F6
:101600000190A9F1040200923B462A461A4940463D
:101610000EF016F82AF0EEFD0146DFF8589023464A
:101620004A4640460EF030FA04F5A667D4F8F03585
:10163000D3F88810B4F97C24B4F97E34029601936F
:101640000092B4F976348A1A0C4938460DF0F8FF46
:101650002AF0D0FD014623464A4638460EF014FAD9
:10166000284609B0BDE8F08F24260020ABAAAAAA1C
:1016700048DD0308DB1700084CDD030850DD0308D4
:101680002DE9F04184B0054616461F46DDF8288056
:101690009DF82C300393002402947B1E0193009448
:1016A00043461E4AFFF72EFEAE61EF6156F8281042
:1016B00005F1D40000F0B5FA0FE004EB440080011E
:1016C00000F5F870284404EB440305EB8313D3F8CA
:1016D000F4311B69043098470134022CEDD905F12F
:1016E0004C06B5F9DE300122029200240194083341
:1016F0000093B5F958302246214630460BF0EFF9F9
:10170000042130460BF04AFA4FF6FF7130460BF0D9
:1017100075FA204604B0BDE8F08100BF90DF0308F1
:1017200030B583B004460D467C300CF0DFFA691CFE
:1017300004F120000CF0DAFAA91C04F58E600CF01C
:10174000D5FAE91C04F5A6600CF0D0FA04F073F9A0
:1017500005462AF04FFD014604F2F4530093234658
:101760000B4A284604F0F4F904F065F905462AF01E
:1017700041FD014604F20C6301937F23009323464D
:10178000044A284604F0ACF94FF0000003B030BD25
:101790006D120008DB17000810B5044604F04BF981
:1017A00004F2F45104F0F1F904F045F904F20C618B
:1017B00004F0B6F904F120000CF0A7FA04F17C0063
:1017C0000CF0A3FA04F58E600CF09FFA04F5A66005
:1017D0000CF09BFA4FF0000010BD03464FF00200E2
:1017E000002B5ED070B582B01C4603F58E658D422D
:1017F00024D003F5A6668E4220D003F5FA738B42FF
:1018000039D004F52D738B4238D004F55D738B42CB
:1018100037D00B88ADF804309DF80430002B33D05E
:10182000012B1AD19DF80550294630460EF020F9BB
:101830009DB931462046FFF7D0FF0EE08D4214BF20
:101840000021012121742046FFF7A6FF206858B12E
:101850002346A26861680CF019FF2046FFF727FDB8
:101860004FF0000002B070BD6368002BF5D0214638
:10187000A0689847F1E701236361EEE70A236361FB
:10188000EBE764236361E8E79DF80560314628468D
:101890000EF0EEF8002EE0D129462046FFF79DFF1E
:1018A000DBE770472DE9F04182B004460E4617464B
:1018B0001D46DDF82080B0F90630B0F90400A8EB31
:1018C00000000090EB1A04F150000AF06BFEB4F92E
:1018D0000630B4F90420A8EB02020092EB1A3A4653
:1018E000314604F1B8000BF015FC94F8183113B927
:1018F00002B0BDE8F081B4F90630B4F90420A8EBD9
:1019000002020092EB1A3A46314604F180000BF0D5
:1019100001FCEDE72DE9F04182B004460E46174682
:101920001D46DDF82080B0F90430B0F90600A8EBC0
:1019300000000090EB1A04F150000AF08CFEB4F99C
:101940000430B4F90620A8EB02020092EB1A3A46E2
:10195000314604F1B8000BF052FC94F8183113B979
:1019600002B0BDE8F081B4F90430B4F90620A8EB68
:1019700002020092EB1A3A46314604F180000BF065
:101980003EFCEDE710B5044605290DD8DFE801F06F
:10199000030D0C0C03140E4950300BF045F923686D
:1019A000DB6C00212046984710BD006A20B1234619
:1019B000A26A616A0CF06AFE002104F150000BF08B
:1019C00033F92368DB6C002120469847ECE700BF21
:1019D000808080002DE9F04184B004461F460A9EB5
:1019E0000B9DDDF830804FF0FF33C3648180C280EF
:1019F000CB199BB2013B038193199BB2013B4381FD
:101A00008781C681A5EB08038363C0F83C8001226F
:101A10000264002105E0226C02EB82025200226483
:101A200001318845F7DCB8F1000F14D0CDF8008003
:101A3000394A102104F584702FF0AAFBB8F1000F89
:101A400000D0013504F1F00840462AF09BF9A84285
:101A500013D000220BE0314A102104F584702FF0DE
:101A600097FBEBE70021A31883F8F0100132172A47
:101A700003D89542F6D92021F5E7012302930025EA
:101A8000019500963B462A46294604F150000BF08A
:101A900026F804F1B80709F05DFA01906FF07F4372
:101AA00000932B462A46414638460BF008FC94F832
:101AB0003850E36B73B30122154453FA85F5EDB248
:101AC0000135EDB2B4F90C8038462BF013FA00FB67
:101AD0001581B4F9C630F61A06EBD67600237210DB
:101AE000490804F1B8000CF059F909F033FA0190F3
:101AF0006FF07F43009300231A46094904F18000E8
:101B00000BF0DDFB2368DB6C00212046984704B016
:101B1000BDE8F0810022CFE758DD03086CDD030843
:101B200090DF0308C36F994200D1704710B5044697
:101B300050300BF033F82368DB6C002120469847C7
:101B400010BD10B5044601634263036F90F82C008A
:101B500000B11146994200D110BD04F150000BF0C4
:101B60004DF82368DB6C002120469847F4E738B530
:101B700004461546FFF7D6FF4FF47F42294620461C
:101B8000FFF7DFFF38BD10B582B00446426C8A42D1
:101B900000DC0A46A36C934200DB1346E26C9A42D7
:101BA00036D0E364E26B8AB9009304F5847318229B
:101BB00004F1F00104F1B8000BF03BFD2368DB6C8D
:101BC000002120469847012002B010BD216C93FBF4
:101BD000F1F201FB1233002BB8BF5B42019300927C
:101BE00004F58473182204F1F00104F1B8000BF03D
:101BF00020FDE36C002BE1DA226C93FBF2F3002B67
:101C0000DCD1A36B023B23442D2283F8F020D5E7DF
:101C10000020D9E708B541648264C16CFFF7B3FFC7
:101C200008BD30B583B0044600F1B80500910D4BF6
:101C3000182200F1F00128460BF0FBFCB4F90C105F
:101C4000B4F9C430C91AB4F90E20B4F9C630D21AA6
:101C500002EBD27200235210490828460CF09EF87D
:101C600003B030BD74DD0308F8B50446836BC56B63
:101C70006DB101210B441D4494F81831013B042B34
:101C800000F2B480DFE803F0383205638B000021F6
:101C9000F0E7B4F90C6004F1B80738462BF02AF9E4
:101CA00094F8E43000FB03F303FB1561B4F98C30C6
:101CB000C91A0239B4F90E20B4F9C630D21A02EBAF
:101CC000D27200235210490838460CF067F8B4F974
:101CD000C060B4F9C27004F1800528462BF013F9F6
:101CE00000233A1AB11C28460CF058F82368DB6C24
:101CF000002120469847F8BDB4F90C10B4F98C3097
:101D0000C91AB4F90E20B4F9C630D21AB4F98E301B
:101D1000D21A02EBD27200235210490804F180005B
:101D20000CF03CF8B4F90C6004F1B80738462BF01D
:101D3000E1F894F8E43000FB03F303FB15610023A2
:101D4000B4F98A20490838460CF028F8CEE7B4F9EF
:101D50000C6004F1B80738462BF0CCF894F8E43066
:101D600000FB03F303FB1561B4F90E20B4F9C63090
:101D7000D21A02EBD27200235210490838460CF0F6
:101D80000DF8B4F90C10B4F98C30C91A0023B4F969
:101D9000C220490804F180000CF000F8A6E7B4F96D
:101DA0000C6004F1B80738462BF0A4F894F8E4303E
:101DB00000FB03F303FB1561B4F90E20B4F9C63040
:101DC000D21A02EBD27200235210490838460BF0A7
:101DD000E5FFB4F9C000B4F98C100023B4F9C220B7
:101DE000411A04F180000BF0D9FF7FE7B4F90C60D1
:101DF00004F1B80738462BF07DF894F8E43000FB86
:101E000003F303FB1561B4F90E20B4F9C630D21AFE
:101E100002EBD27200235210490838460BF0BEFF85
:101E200064E770B50446154600F1B80630460BF07D
:101E300050FBE9B230460BF08CFB2046FFF714FF55
:101E40002368DB6C00212046984770BD70B50446BE
:101E50000D4680F8182100F18006194630460BF037
:101E600038FB0022294630460BF0B0FB2046FFF736
:101E7000FBFE2368DB6C00212046984770BD90F87C
:101E80002C308B4210D010B5044680F82C10503006
:101E900041B1616B0AF0B2FE2368DB6C0021204681
:101EA000984710BD216BF5E770470162426283627B
:101EB000704700BF02464FF00200134652B192F83D
:101EC0003420052A04D803EB82035A681144596070
:101ED0004FF00000704770B5054603F0ACFD05F506
:101EE000BC51043103F051FE05F58053D3F8780757
:101EF000FFF752FC05F5885004300BF006FF05F59E
:101F00008E5004300BF001FF05F5945004300BF0B7
:101F1000FCFE05F595501C300BF0F7FE002427E081
:101F200004EBC400400100F5C470284404EBC40372
:101F300005EB4313D3F88C311B6904309847661CBA
:101F4000C6EBC60005EBC00043681B690430984728
:101F500004EB4400800100F64800284404EB4404EC
:101F600005EB8414D4F84C381B6904309847344688
:101F7000052CD5D900240FE004EB4400800100F5C6
:101F80005C60284404EB440305EB8313D3F8C43DA1
:101F90001B69043098470134032CEDD905F6CC4079
:101FA0000BF0B3FE05F68C500BF0AFFE05F5975025
:101FB00014300BF0AAFE05F59D5014300BF0A5FE71
:101FC00005F5A35014300BF0A0FE05F5A950143010
:101FD0000BF09BFE05F5AF5018300BF096FE05F5A3
:101FE000B55018300BF091FEFEF767FCFEF71EFEB1
:101FF0004FF0000070BD2DE9F04F83B0064600257C
:102000002F4600F58058D8F8800790F8701301F03B
:102010006DFD014606F5945B0BF1040B2A4658460C
:102020000BF0D4FAD8F8800790F8F11301F067FDAF
:10203000014606F5955A0AF11C0A2A4650460BF04D
:10204000C5FAB8F90C9109F10409B8F9C841043C82
:10205000A4EB0904B8F99012611A01EBD1712B4677
:10206000B8F98A2209EB610158460BF097FEB8F9DE
:10207000C832E41A04EBD4742B46B8F9C22209EB37
:10208000640150460BF08AFE10E09D4218D205EB29
:10209000C504640104F5C47434440434E9B201F0A5
:1020A00083FD01462046FFF76EFD013506F580539E
:1020B000D3F88007D0F81034052BE6D90623E4E7DF
:1020C0000024052C51D806EB84035D680DB901345A
:1020D000F7E7B26B02FB05F596F8341001F0F4FC5B
:1020E000F0B1954BA21D06EB82025268002A1ADB62
:1020F000002A1EDD06EB84025268002A19DD03F077
:102100009AFC026F132A00D81422B36B02FB03F36C
:10211000C3EB03139B00894AA2FB0323DB0813E0F4
:102120004EF66023DEE706EB840149680029DFDA1A
:10213000E5E706EB84025268002A40F39280012111
:10214000A21D06EB8202516006F580504FF0000898
:10215000CDF800802A46E1B2D0F8800702F0C8FC32
:10216000074606EB8404C4F8048006F5975808F186
:10217000140806F58053D3F8803793F80C34002BFD
:1021800072D04FF47F4140460DF093FB06F59D550C
:10219000143506F58053D3F8803793F80D34002BAF
:1021A00065D04FF47F4128460DF083FB06F5A35020
:1021B000143006F5805393F8F435002B5AD0FF21E4
:1021C0000DF077FB06F58053D3F8803793F8522350
:1021D000002A54D006F5A950143093F8E333002BAD
:1021E0004BD04FF47F410DF064FB06F58053D3F8DC
:1021F000803793F87033022B4ED0514906F5AF501B
:1022000018300DF012FB06F58053D3F8802792F8B2
:102210007033052B47D00BB1092B56D1494906F530
:10222000B55018300DF001FB06F58053D3F8800748
:102230002AF082FE48B106F58053D3F8803793F830
:102240007033012B48D0032B46D006F58053D3F8CA
:102250007807FFF7A1FA06F6CC400DF0EEFB00245C
:102260005DE04FF0FF316BE76FF07F418BE76FF080
:102270007F4198E76FF07F41A2E7FF21B3E706F5C2
:10228000A950143093F8E3331BB1FF210DF011FB7B
:10229000ABE76FF07F41F9E72B4906F5AF501830F7
:1022A0000DF0C3FAAFE792F8F1334F2B06D0274970
:1022B00006F5B55018300DF0B8FAB5E7214906F526
:1022C000B55018300DF0B1FAAEE7214906F5B5501A
:1022D00018300DF0AAFAA7E706F6CC400DF094FBF3
:1022E000002409E004EB4400800100F6480030447B
:1022F00004300DF089FB0134052CF3D940460DF074
:1023000083FB28460DF080FB11E004EB44008001C4
:1023100000F64800304404300DF08FFB0134052CEA
:10232000F3D940460DF089FB28460DF086FB384670
:1023300003B0BDE8F08F00BF80F52000CDCCCCCC41
:102340008CDC030810E7030884DC030890DC030836
:1023500098DC03082DE9F04F8DB0824600F58053DC
:10236000D3F87C37D3F888200692D3F88C4008F055
:10237000F1FD0368DB68984700EB80020592C2EB31
:10238000C2032433E31A03EBD37359100B9102EB0E
:1023900063030A930C3309934FF0000BE7E09B456E
:1023A00080F0F080059B043309990BFB0311079122
:1023B0004FEACB050BEBCB04640104F5C474544421
:1023C0000434069FA7F10806B6005FFA8BF9494668
:1023D0002AF0A2FD9F4981FB062381FB0721029081
:1023E00008220192059A0092A3EBE673079A0697DA
:1023F000A1EBE7712046FFF7EDFAFF22042120460A
:10240000FFF7B5FB08F0A6FD014602222046FFF7C4
:1024100008FD00212046FFF7B6FB0AF58058494623
:10242000D8F880072AF0A6FD064608F093FD03467B
:10243000032231462046FFF709FD29F0DBFE014665
:1024400000231A462046FFF730FD5D440AEB451590
:10245000D5F88C319B6C0121204698470BF1010681
:10246000F0000490C6EBC6070AEBC70704374946DD
:10247000D8F8800701F01DFB804608F0B1FC019000
:102480006FF07F43009300231A46414638460AF016
:1024900016FF022138460BF05CF80498871B0AEB04
:1024A000C7070437831B0AEBC3035B68DB69089328
:1024B000D5F88C31DB6A2046984700EBD0704FEAA4
:1024C00060090498831B0AEBC3035B68DB6B384627
:1024D000984700EBD070A9EB6009D5F88C311B6BE5
:1024E000204698478046D5F88C311B6C204698478B
:1024F00000EBD07008EB60080498831B0AEBC30361
:102500005B681B6C3846984700EBD0700023A8EB43
:10251000600249463846089FB8470BEB4B07BF019E
:1025200007F6480757440437D5F88C315B6B2046D3
:1025300098478046D5F88C315B6B204698470699C2
:10254000081A012302930599019108380090079B0E
:1025500008F10402404938460DF072F829F04AFEAD
:10256000014600231A4638460DF08EFAB3460AF5A6
:102570008053D3F88007D0F81034052B7FF60FAFC7
:1025800006230CE70AF6CC450AF5C678DAF88C3152
:102590001B6B404698470646DAF88C31DB6A4046AA
:1025A00098470446DAF88C311B6C404698472B4F0D
:1025B000012302930190083C0094334604223946DB
:1025C00028460DF03DF829F015FE014600231A4675
:1025D00028460DF059FADAF88C31DB6A4046984704
:1025E0000446DAF88C311B6B40469847054608F0E4
:1025F000B1FC01906FF07F43009305F1080304F1F3
:10260000080239460AF68C500AF059FE069BA3F1DF
:102610001406B6080AF58053D3F88037D3F810347F
:10262000052B00D90623013B03EBC300400100F555
:10263000C470504403EBC3030AEB4313D3F88C314B
:102640009B6B0430984700F108070025B946059FA9
:1026500031E000BFABAAAA2A78DD030890DF0308A7
:1026600005EB4504A40104F55C645444043405EB13
:102670004501890001F586515144321D05FB02F2E6
:1026800001230293019700964B4604320431204601
:102690000CF0D6FF29F0AEFD014600231A46204675
:1026A0000DF0F2F9032120460DF07BF900212046C0
:1026B0000DF0DEF90135032DD2D901210AF5805044
:1026C00004300DF0D5F9DAF88C315B6B4046984751
:1026D000069B1F1AA7F108081C1FA4EB08040AF5A3
:1026E000885909F1040901250295059B0193CDF84C
:1026F0000080DDF82CB05B460422794948460CF096
:102700009FFF29F077FD014600231A4648460DF049
:10271000BBF90AF58E5909F104090295059A01924F
:10272000CDF800805B4622466E4948460CF088FF93
:1027300029F060FD014600231A4648460DF0A4F931
:1027400008F04EFB0368DB689847059A141A0BEBF8
:10275000540408F045FB01906FF07F48CDF80080ED
:1027600023463A1D60490AF5945004300AF0A7FD4B
:1027700008F036FB03689B68984700EB80003C1824
:1027800008F0E8FB03689B6898470444043408F0A9
:10279000E1FB0368DB6898470A990B1A9F1E08F053
:1027A000D9FB0190CDF800803B4622464F490AF5FF
:1027B00095501C300AF083FDDAF8C43D9B6B0AF695
:1027C000C4509847041D0AF5975714370295059A87
:1027D0000192009623460422454938460CF030FF0A
:1027E00029F008FD014600231A4638460DF04CF941
:1027F0000AF59D5714370295059A019200962346D3
:1028000006F108023B4938460CF01AFF29F0F2FCA9
:10281000014600231A4638460DF036F90AF5A3574B
:102820001437B21D0295059B019300962346AA40DA
:10283000314938460CF004FF29F0DCFC0146002346
:102840001A4638460DF020F90AF5A9571437321DFB
:1028500002EB42020295059B019300962346043247
:10286000264938460CF0ECFE29F0C4FC0146002352
:102870001A4638460DF008F90236AE40059B1C4456
:10288000271D0AF5AF5418340295019300963B4674
:1028900004221B4920460CF0D3FE29F0ABFC014674
:1028A00000231A4620460DF0EFF80AF5B554183407
:1028B0000295059B019300963B4606F108021149DB
:1028C00020460CF0BDFE29F095FC014600231A4677
:1028D00020460DF0D9F84FF000000DB0BDE8F08FA4
:1028E0007CDD030880DD030884DD030890DF030836
:1028F0008CDD030890DD030898DD0308ECDC030899
:102900008CDC030898DC030870B50646002510E04F
:1029100005EB4504A40104F55C643444043400214F
:1029200020460DF0A5F86FF07F4120460CF0C1FF66
:102930000135032DECD970BD2DE9F04F85B0064669
:1029400000251BE005EB450306EB83030B440A213E
:10295000995405EB4500800100F55C60304405EBBF
:10296000450406EB8414D4F8C43DDB6864210430CC
:10297000984794F8F83D002B40D10135032D4FD8EE
:1029800005EB45039B0003F58653334403F104082C
:1029900000245C609C60DC60234B03EB8503D3F870
:1029A000249005F23C4306EB8303C3F8049006F53C
:1029B000805BDBF880A7214650462AF0CBFA074619
:1029C0002146DBF880072AF0D5FA0294019000979F
:1029D0004B460C224146504601F030FB21460B2964
:1029E000B7D805EB450306EB83030B4441F2C40261
:1029F0009B5C202BA6D00131C9B2F0E705EB450066
:102A0000800100F55C6030444FF47F4104300CF0ED
:102A100050FF05F23C4306EB83035B68B363ACE70E
:102A200005B0BDE8F08F00BF3C37030870B582B039
:102A30000546FDF742FFFEF7D5F8642105F58850FD
:102A400004300BF053F9642105F58E5004300BF07F
:102A50004DF9652105F5945004300BF047F96521D7
:102A600005F595501C300BF041F92846FFF764FF3F
:102A700000242CE09C4234D204EBC400400100F559
:102A8000C470284404EBC40305EB4313D3F88C3122
:102A9000DB68642104309847661CC6EBC60005EB72
:102AA000C0004368DB6864210430984704EB4400AD
:102AB000800100F64800284404EB440405EB84142C
:102AC000D4F84C38DB68642104309847344605F567
:102AD0008053D3F88037D3F81034052BCAD9062396
:102AE000C8E7062385F8343000240AE004EBC4006C
:102AF000400100F5C470284400210430FFF7BFF9FD
:102B00000134052CF2D9642105F5975014300BF0EF
:102B1000EDF8642105F59D5014300BF0E7F805F54C
:102B2000A35414341A4920460CF07FFE6FF07F4105
:102B300020460CF0BEFE05F58053002683F8F465B0
:102B4000642120460BF0D2F8642105F5A950143019
:102B50000BF0CCF8642105F5AF5018300BF0C6F837
:102B6000642105F5B55018300BF0C0F802F063FF92
:102B7000044629F03FFB014605F5BC53043300939E
:102B80002B46044A204602F0E3FF304602B070BDF7
:102B900098DD0308B51E00082DE9F04F89B000F557
:102BA000885304338B423ED004460D4600F58E53C5
:102BB00004338B4240D000F5A95314338B4240D0EC
:102BC00000F5AF5318338B4248D000F5B553183396
:102BD0008B4253D000F5A35314338B4200F0858011
:102BE00000F58053D3F878378B4200F0D28000F59F
:102BF000975314338B4200F0DA8000F59D53143361
:102C00008B4200F0DC800027032F00F2F28007EBFC
:102C10004706B60106F55C6626440436AE4200F06F
:102C2000D6800137F0E7FDF748FEFEF7E2F84FF0F7
:102C3000000009B0BDE8F08FFDF73FFEFEF7CBF8CE
:102C4000F5E700F58054D4F8800790F8523313B1BB
:102C500001F018F9EBE701F0CAF8E8E700F5805455
:102C6000D4F8800790F87033022B03D0812101F053
:102C7000AFF8DCE7822101F0ABF8D8E700F580542B
:102C8000D4F8800790F87033052B0FD00BB1092BC7
:102C900020D1002380F8F13380F85533D0F8683321
:102CA000C0F86C33182101F093F8C0E790F8F133C5
:102CB0004F2B02D029F0DCFCB9E7002380F8F13378
:102CC00080F85533D0F86833C0F86C33182101F020
:102CD0007FF8ACE7002380F85533D0F86833C0F8AC
:102CE0006C33192101F074F8A1E700F58053D3F893
:102CF000800790F8526366B30023079304F580536E
:102D000093F8F43543BB04F58055A021D5F880072E
:102D100001F05EF8A121D5F8800701F059F807AF5E
:102D20003A467549D5F8800701F00FFE3A467349D7
:102D3000D5F8800701F009FE012385F8F435002E4F
:102D40007FF475AF04F58054D4F8800701F09AF849
:102D50006DE701F04CF8CFE704F5805507AF3A4630
:102D60006749D5F8800701F0F0FD3A466549D5F886
:102D7000800701F0EAFDA021D5F8800701F028F8CE
:102D8000A121D5F8800701F023F8002385F8F43558
:102D9000D5E71A7C002A3FF44AAF00F58054D3F8F7
:102DA0002021197BD4F8800702F0A8F83FE700F54E
:102DB0008054A021D4F8800701F00AF837E700F525
:102DC0008054A121D4F8800701F002F82FE72046B3
:102DD000FFF79AFD012130460CF04AFE4FF47F4187
:102DE00030460CF066FD07F23C4304EB83035B685E
:102DF000A363042F7FF41BAF00260BE0AF425AD031
:102E000006EB46039B0103F6480323440433AB421D
:102E10006AD00136052E3FF60AAF06EBC6077F01E2
:102E200007F5C47727440437AF42E7D106EBC60362
:102E300004EB431393F8B831002BDFD004F580572F
:102E4000D7F878975FFA86F84146D7F8800700F000
:102E500030FE0590D7F8800790F81C242A4B53F8D1
:102E600022A006EBC60304EB4313D3F8D8B14146C6
:102E70002AF052F8022303930290244B0193244B2F
:102E800000935B46524605994846FEF73BFAD7F851
:102E9000788729F0AFF9014600231A464046FEF72D
:102EA00002FAD7F87837DE6042F21071D7F8780767
:102EB000FEF736FCADE70025052D0BD805EBC50068
:102EC000400100F5C470204400210430FEF7D7FF14
:102ED0000135F1E701213846FEF7D1FF84F834606F
:102EE0002046FFF729FDA2E604F58053F1B2D3F89E
:102EF000800701F0D5FF8CE7A0DD0308A8DD0308FB
:102F0000B0DD0308B4DD0308B440030880969800E0
:102F1000806967FF2DE9F04F87B00446BF4B03601F
:102F20000246BF4B42F8043B00234360536093606A
:102F3000D36013615361C361036243628362C362FE
:102F40000363062380F834300123836300F13C03DC
:102F500000931E46052501E0013D3836002D03DBB8
:102F6000304629F08BF9F7E704F5C67301931E4646
:102F7000052502E0013D06F59076002D03DB304685
:102F800029F0DEF9F6E704F64C0302931E46052508
:102F900001E0013DC036002D03DB304629F0A2F9E7
:102FA000F7E704F6CC430493184629F09BF904F69E
:102FB0008C5029F063F904F6C45303931E4603258D
:102FC00001E0013DC036002D03DB304629F08AF9CF
:102FD000F7E704F580553022002105F1C4002EF0FA
:102FE0008DF90023C5F8F430C5F8F830C5F8FC3089
:102FF000C5F8003104F5885304330593184629F0C9
:1030000071F904F58E550435284629F06BF904F55D
:103010009450043029F032F904F595501C3029F011
:103020002DF904F597561436304629F05BF904F56E
:103030009D571437384629F055F904F5A35808F17F
:103040001408404629F04EF904F5A95909F114096C
:10305000484629F047F904F58053002283F8F42507
:1030600004F5AF5A0AF1180A504629F03BF904F565
:10307000B55B0BF1180B584629F034F9FDF71DFC30
:1030800000F5D950143004F58053C3F8780707F0E1
:1030900085FA04F58053C3F87C0700F0DBFCC3E03D
:1030A000009B002B00F0B680C5F105053823009A7F
:1030B00003FB0525009B9D4200F0AC80594B45F871
:1030C000383D28460AF042FEF4E7019B002B00F051
:1030D0009580C5F105054FF49073019A03FB052512
:1030E000019B9D4200F08A80A5F59075284629F045
:1030F000D5FAF5E7029B002B75D0C5F10505C02375
:10310000029A03FB0525029B9D426CD0C03D2846D8
:1031100029F086F9F7E7039B002B4ED0C5F1030594
:10312000C023039A03FB0525039B9D4245D0C03D68
:10313000284629F075F9F7E7584629F071F9504605
:1031400029F06EF9484629F06BF9404629F068F9F4
:10315000384629F065F9304629F062F904F58053C4
:10316000304AC3F8BC2204F595501C300AF0EEFD3D
:1031700004F580532B4AC3F8842204F5945004309C
:103180000AF0E4FD284629F04BF9059829F048F9A2
:1031900004F586550435039B9D420ED0C03D28465C
:1031A00029F03EF9F7E7CAE7CCE7CEE7D0E7D2E768
:1031B000D4E7DDE7E6E7E8E7EAE71A4BC4F88C3D39
:1031C00004F68C500AF0C2FD049829F029F904F69F
:1031D000CC45029B9D4206D0C03D284629F020F9EF
:1031E000F7E7F1E7F3E704F64C05019B9D4205D0B4
:1031F000A5F59075284629F051FAF6E704F5C6754D
:10320000009B9D4206D0074B45F8383D28460AF002
:103210009DFDF5E7014B23602BF0C2FA44EC030857
:1032200044370308A4D2030804F58053C3F8800789
:103230000022C3F88427C3F88827C3F88C2783F8B3
:103240009027C3F89427C3F89827204607B0BDE815
:10325000F08F08B50F4B1B68BFF35B8F13F0010FA6
:1032600001D00D4808BD0B482BF0EDFD0028F8D02B
:103270000948FFF74FFE094A094907482BF015FA9C
:1032800004482BF0EFFDECE702482BF0E8FD2BF0B3
:1032900087FA00BF2C2600203026002044010020A1
:1032A00095CF020810B40D4B1C21198059804FF0A6
:1032B000080C83F804C00A4A9A600A48D860D0F81B
:1032C0005C431C619982D98283F818C002F544726C
:1032D000DA6118625C625DF8044B7047CC3D0020F7
:1032E0009037030800C4030808B50321C06C07F039
:1032F0008FFB4FF0000008BD79B908B590F8313068
:1033000083F0010380F831301BB1044908F068FBF9
:1033100008BD034908F064FBFAE77047CC3D002084
:10332000E03D0020114B9B6ABFF35B8F13F0010F50
:1033300001D00F48704710B50E482BF084FD08B936
:103340000B4810BD0A482AF0DFF8084C0A4A0B491E
:1033500004F12C002BF0A9F904F128002BF082FDD8
:10336000EEE704482BF07BFD2BF01AFACC3D002051
:10337000F83D0020F43D00204401002099D40208CB
:1033800038B505460160002303714371837107F06E
:1033900005F9A8602CF058FF0D4C84FB0023A3EB2B
:1033A000E07303EB4303A0EB430301332B712CF0D9
:1033B0004BFF84FB0023A3EBE07303EB4303A0EB81
:1033C000430301336B710123AB71284638BD00BF45
:1033D000ABAAAA2A70B50646006803685B6B9847DB
:1033E000054630680368DB6A9847284400EBD070D4
:1033F0004510306803689B6B984704463068036843
:103400001B6B9847231803EBD3735B1096F90420CA
:10341000551905D41146B068D0F88800854203DB01
:10342000D2B252423271002196F905000246C31809
:1034300004D4B468D4F88C40A34203DBC0B2404249
:103440007071002230680368DC690123A04770BDF9
:1034500038B504461D460D4B08F090FA0C4B23601E
:10346000002384F8313084F831501DB101232374D6
:10347000204638BD0549204608F0B2FAF6E7054B6C
:10348000236020460AF062FC2BF08AF9CC3D002034
:10349000E03D030848C3030830B5ADF5177D054688
:1034A00089AC0123002211462046FFF7D1FFEB6CC7
:1034B000D3F88810BDF93022891AD3F88C20BDF9D1
:1034C0003232D21A02EBD27201EBD17100235210C8
:1034D000491020460AF062FC4FF4004120460AF0F1
:1034E00005FC00230293012301934FF0FF13009387
:1034F0001E23962278217FA809F073FC28217FA83B
:103500000AF0F4FB0023029301934FF47F0300932E
:103510001E237822962175A809F063FC322175A834
:103520000AF0E4FB4FF47F43019378230093602378
:1035300022222E216CA809F003FC1E216CA80AF09F
:10354000D5FBBF4B01934C2300936E2322222E21E7
:1035500063A809F0F5FB1E2163A80AF0C7FB07F07A
:103560007DFC01904FF0FF1300930A230022B54920
:1035700055A809F0F4FE462155A80AF0B7FB07F05C
:10358000ABFC0190AE4B009314230022AD4947A839
:1035900009F0E5FE502147A80AF0A8FB07F016FD48
:1035A00001904FF6FF7300931E230022A54939A80E
:1035B00009F0D5FE5A2139A80AF098FB07F08CFCD7
:1035C00002904FF0FF1301934FF47F430093322397
:1035D00000229C492BA809F03BFF64212BA80AF08C
:1035E00085FB07F0BFFB0190FF23009346230022D9
:1035F00094491DA809F0B3FE6E211DA80AF076FBC0
:1036000001230293FF2301930A23009364230022E2
:10361000114611A809F09AFA0A2111A80AF066FBCE
:10362000012302934FF6FF7301930A23009314239F
:10363000462264210DEB030009F088FA14210DEBFA
:1036400001000AF053FB0C2006F017FE04467FA988
:10365000FFF796FE7C4BDC670C2006F00EFE04465E
:1036600075A9FFF78DFE784BC3F880400C2006F05B
:1036700004FE04466CA9FFF783FE734BC3F8844035
:103680000C2006F0FAFD044663A9FFF779FE6E4BA5
:10369000C3F888400C2006F0F0FD044655A9FFF75A
:1036A0006FFE694BC3F88C400C2006F0E6FD044623
:1036B00047A9FFF765FE644BC3F890400C2006F065
:1036C000DCFD044639A9FFF75BFE5F4BC3F894406D
:1036D0000C2006F0D2FD04462BA9FFF751FE5A4BF1
:1036E000C3F898400C2006F0C8FD04461DA9FFF75A
:1036F00047FE554BC3F89C400C2006F0BEFD044627
:1037000011A9FFF73DFE504BC3F8A0400C2006F076
:10371000B4FD044605A9FFF733FE4B4BC3F8A440A4
:1037200001E0C0B290B1E86C4FF0FF3100F5C3503A
:1037300014300BF082FAF4E701340A2C08D8424B1B
:1037400003EB8403D86FFFF745FEF5E70024F4E7A9
:10375000E86C00F5C35014300BF082FAE86C00F509
:10376000C15004300BF0CBFA01200BF015FBDAE767
:103770000C2120462BF012F805A8344B03600AF008
:10378000E5FA11A8314B03600AF0E0FA1DA8304BAE
:1037900003600AF0DBFA2BA82D4B03600AF0D6FA7F
:1037A00039A82B4B03600AF0D1FA47A8284B0360D5
:1037B0000AF0CCFA55A8264B03600AF0C7FA254B4D
:1037C000639363A80AF0C2FA224B6C936CA80AF0C8
:1037D000BDFA214B759375A80AF0B8FA1E4B7F937A
:1037E0007FA80AF0B3FA1D4B89931D4B899389A8D2
:1037F0000AF0ACFA2AF0D4FF0C2120462AF0CEFFC2
:10380000BAE70C2120462AF0C9FFB5E70C21204673
:103810002AF0C4FFB0E70C2120462AF0BFFFABE737
:103820000C2120462AF0BAFFA6E70C2120462AF0F8
:10383000B5FFA1E70C2120462AF0B0FF9CE700BFAE
:1038400000FFFF00C8DD0308CC3D0020E0D10308E5
:10385000A4D2030830D10308D8D00308E03D030800
:1038600048C303080C2120462AF098FF84E70C2166
:1038700020462AF093FF7FE70C2120462AF08EFF96
:103880007AE779E77DE781E785E789E78DE791E7E3
:1038900095E799E79DE7A1E7A5E708B5FFF702FDE2
:1038A00008BD00BF10B582B0044641F2883024F054
:1038B00057FFE06C03689B68984700238DF807303A
:1038C000E06C03681B690DF107019847C0B200283E
:1038D000F6D04FF0000002B010BD70B504464FF0B6
:1038E0000705C06C03681B6A984740B3D4F82434BA
:1038F000002B48D194F850303F2B29D03F2B2ED0AD
:1039000004F150054FF4807204F5856128462DF0CE
:103910001CFDE66C284628F035FA02463368DB6960
:10392000294630469847054604F15006304628F0AF
:1039300029FA0246314646481EF05AF9F8B1EDB26E
:10394000072D6AD0242D68D04FF00005284670BDA1
:1039500094F85423002AD1D14FF00005E4E70BF08E
:1039600035FAC4F85803002384F85433E06C036834
:10397000DB69012204F1500198470546D4E7344839
:103980001EF050F9DBE7204629F0D6FA0028D6D001
:1039900094F85533002BD2D194F8F13333B1D4F8E5
:1039A0002434C4F86C334FF00005C8E704F595657E
:1039B0004FF0FF3128460AF07BFF0BF007FAC4F8FE
:1039C0006003012384F85533D4F82434C4F86C33ED
:1039D00028460AF095FF04F150064FF4807204F572
:1039E000856130462DF0B1FCE56C304628F0CAF90F
:1039F00002462B68DB693146284698470546304623
:103A000028F0C0F90246314611481EF0F1F80028AE
:103A100095D10F481EF006F991E7D4F8243453B13C
:103A2000204629F089FA30B9D4F82434C4F86C332C
:103A30004FF000058AE70023012204F224412046CA
:103A40000AF057FE054601200BF0AFF97EE700BFF4
:103A5000AC880120104B1B68BFF35B8F13F0010F84
:103A600001D00E48704710B50B482BF0ECF908B99F
:103A70000A4810BD094829F085FD074C084A094944
:103A8000201D2AF012FE20462BF0ECF9F0E7024848
:103A90002BF0E5F92AF084FE383F00203C3F00205F
:103AA000440100204DD5020808B5C1640AF05AFD52
:103AB00008BDD0F81034994200DB062101F51571DC
:103AC00000EB41000430704702290BD9D0F81034C4
:103AD000994209DA0339C9B290F81404C84000F0D9
:103AE0000100704700207047002070470A2900D964
:103AF000002101F5977100EB81004068704757295C
:103B000000D9582101F5A77150F82100704770B510
:103B10002DED028BD0F81034994204DB00242046AE
:103B2000BDEC028B70BD04460D4600F595664FF066
:103B3000FF3130460AF0BCFE94F8E033FBB105F1EA
:103B4000DC0304EB830393ED018A05F1E20304EB4C
:103B50008303D3ED017A38EE278A2946204629F0DF
:103B6000F9F907EE900AF8EEE77A67EE887AFDEE4B
:103B7000E77A17EE904A30460AF0C2FECFE705F129
:103B8000DC0304EB830393ED018A2946204629F0E8
:103B9000E1F907EE900AF8EEE77A67EE887AFDEE33
:103BA000E77A17EE904AE6E770B52DED028BD0F874
:103BB0001034994204DB00242046BDEC028B70BD1A
:103BC00004460D4600F595664FF0FF3130460AF089
:103BD0006FFE94F8E033BBB105F1DC0304EB830323
:103BE00093ED018A2946204629F0B4F907EE900AA0
:103BF000F8EEE77A67EE887AFDEEE77A17EE904AFC
:103C000030460AF07DFED7E705F1DC0304EB8303C1
:103C100093ED018A05F1E20304EB8303D3ED017A0E
:103C200038EE678A2946204629F094F907EE900A73
:103C3000F8EEE77A67EE887AFDEEE77A17EE904ABB
:103C4000DEE770B52DED028BD0F81034994204DB1D
:103C500000242046BDEC028B70BD04460D4600F5E5
:103C600095664FF0FF3130460AF022FE94F8E033BB
:103C7000FBB105F1E80304EB830393ED018A05F141
:103C8000E20304EB8303D3ED017A38EE278A294659
:103C9000204629F05FF907EE900AF8EEE77A67EE22
:103CA000887AFDEEE77A17EE904A30460AF028FE51
:103CB000CFE705F1E80304EB830393ED018A29467E
:103CC000204629F047F907EE900AF8EEE77A67EE0A
:103CD000887AFDEEE77A17EE904AE6E770B52DEDAB
:103CE000028BD0F81034994204DB00242046BDEC4E
:103CF000028B70BD04460D4600F595664FF0FF310E
:103D000030460AF0D5FD94F8E033BBB105F1E80385
:103D100004EB830393ED018A2946204629F01AF922
:103D200007EE900AF8EEE77A67EE887AFDEEE77A1A
:103D300017EE904A30460AF0E3FDD7E705F1E803B5
:103D400004EB830393ED018A05F1E20304EB8303A3
:103D5000D3ED017A38EE678A2946204629F0FAF831
:103D600007EE900AF8EEE77A67EE887AFDEEE77ADA
:103D700017EE904ADEE790F855331BB9D0F86C3354
:103D80008B4205D0D0F86C338B4204D85520704755
:103D900090F8F10370475420704710B50446FFF7C0
:103DA000EAFF38B9D4F86423D4F85C339A4204D2D9
:103DB000012002E0542801D0002010BDD4F8602377
:103DC000D4F85C339A4201D30020F6E70120F4E7EF
:103DD00000B5A3B0002301938DF808108DF80930C9
:103DE000012201A90AF085FC23B05DF804FB10B59F
:103DF000044602F0D1FB037A93B900224FF400513C
:103E00001F480CF068FE94F8EC3323F0010384F8AB
:103E1000EC33012384F85233872384F8533310BDE5
:103E200002F0BAFB037A012B0FD194F85233002B26
:103E3000E9D18B212046FFF7CBFF0AF0C7FFC4F87A
:103E40005803002384F85433DDE702F0A5FB037A1E
:103E5000022BD8D100224FF4005109480CF03BFE50
:103E600094F85233002BCED18B212046FFF7B0FFC0
:103E70000AF0ACFFC4F85803002384F85433C2E7B7
:103E80000008024010B5044602F086FB037AD3B95D
:103E900001224FF4005124480CF01DFE002384F849
:103EA000523394F852336BB984F85533D4F86823FD
:103EB000C4F86C2384F8F13394F8EC2363F3000224
:103EC00084F8EC2310BD02F067FB037A012B0ED1BE
:103ED00094F8523313B194F8E3331BB9002384F8F8
:103EE0005233DEE78B212046FFF772FFF6E702F040
:103EF00053FB037A022B02D002F04EFBD1E70122E2
:103F00004FF4005108480CF0E6FD94F8523313B119
:103F100094F8E3331BB9002384F85233C1E78B21B3
:103F20002046FFF755FFF6E70008024038B5044683
:103F300002E001200AF039FF94F85433002BF8D046
:103F4000D4F85C533F212046FFF742FF02E00120F6
:103F50000AF02BFFD4F85C33AB42F8D038BD30B553
:103F600083B00D461146069C83EAE370A0EBE37034
:103F700042F2107C64450FD0B4F57A7F1ED0642CD9
:103F80002CD00A2C3AD0002B48DB254B0090254A38
:103F900028462DF0FDF80CE0002B0DDB204B90FBAC
:103FA000F4F204FB1204019400921F4A28462DF0FB
:103FB000EFF8284603B030BD1C4BF0E7002B0BDBBD
:103FC000174B90FBF4F204FB120401940092184A80
:103FD00028462DF0DDF8ECE7144BF2E7002B0BDB65
:103FE0000F4B90FBF4F204FB120401940092114A6F
:103FF00028462DF0CDF8DCE70C4BF2E7002B0BDB6D
:10400000074B90FBF4F204FB1204019400920A4A5D
:1040100028462DF0BDF8CCE7044BF2E7034BB5E79B
:1040200090DF030814DE0308E4DD030888DD0308DD
:10403000F0DD0308FCDD030808DE03082DE9F0418C
:1040400082B00C461546089F099E9DF8288000976F
:10405000FFF785FFB8F1000F12D0012F10DD2046C9
:1040600027F090FE431E03E000208CF80000013B87
:1040700033B104EB030CE05C3028F5D02E28F3D0EC
:104080004EB1204627F07EFE0096054B054A291AC0
:1040900020442DF07DF8204602B0BDE8F08100BF3D
:1040A0001CDE030820DE0308F8B505460E463A215B
:1040B00030462DF02BF930B3002300F8013B2CF0F3
:1040C0008DF8C7B2002401E00134E4B20A2C09D80B
:1040D00004F5977305EB83035968304627F048FED3
:1040E0000028F1D10A2C00D9002495F87033A3429E
:1040F0000BD013B9012385F80E3485F8704385F889
:1041000071730120F8BD0027DCE795F87123BA42EE
:10411000EFD10020F6E710B50C4610462CF05BF806
:1041200051EC100B27F0E4FC07EE900A94ED007AB6
:10413000B4EE677AF1EE10FA14BF0120002001D02E
:10414000C4ED007A10BD10B50C4610462CF046F8B0
:1041500003462268824214BF0120002000D0236061
:1041600010BD70B506460C463D2120462DF0CEF818
:1041700030B30546002305F8013B601C2CF02EF8F7
:10418000202813DC0A281BDBA0F10A03162B17D802
:10419000DFE803F01716162716161616161616164B
:1041A000371616161616161647576700B0F5BC7F59
:1041B00006D196F8144428462CF010F8844260D1B9
:1041C00070BDD6F8184428462CF00CF88442F7D07D
:1041D00028462CF007F8C6F81804012386F80F3497
:1041E000EEE796F81C4428462BF0F8FF8442E7D00F
:1041F00028462BF0F3FF86F81C04012386F80F34C1
:10420000DEE7B6F81E4428462BF0E8FF8442D7D0FC
:1042100028462BF0E3FFA6F81E04012386F80F348E
:10422000CEE7B6F8204428462BF0DCFF8442C7D006
:1042300028462BF0D7FFA6F82004012386F80F3478
:10424000BEE7B6F8224428462BF0CCFF8442B7D014
:1042500028462BF0C7FFA6F82204012386F80F3466
:10426000AEE796F81D4428462BF0B8FF8442A7D04D
:1042700028462BF0B3FF86F81D04012386F80F347F
:104280009EE728462BF0AAFF86F81404012386F83F
:104290000F3495E72DE9F04106460C4617460025F8
:1042A000A84607E02C2120462DF030F8044678B1CE
:1042B00001340135D6F81034AB4209DD224607EB54
:1042C00085013046FFF727FF0028EBD08046E9E75D
:1042D0004046BDE8F08110B5044600F56372FFF773
:1042E000D9FF94F8E83360F3C30384F8E83394F813
:1042F000E123DBB262F3451384F8E83310BD70B5F7
:1043000004460E462C2130462DF000F805460023C9
:1043100005F8013B324604F575712046FFF713FF9F
:1043200028B194F8EA3343F0010384F8EA332C21EE
:1043300028462CF0EBFF0646002306F8013B2A46F0
:1043400004F576712046FFF7FEFE28B194F8EA33B3
:1043500043F0020384F8EA33324604F581612046D3
:10436000FFF7F1FE28B194F8EA3343F0040384F830
:10437000EA3370BD70B504460E462C2130462CF051
:10438000C5FF0546002305F8013B324604F5777169
:104390002046FFF7C0FE28B194F8E93343F002034A
:1043A00084F8E9332C2128462CF0B0FF0646F0B102
:1043B000002306F8013B2A4604F57F712046FFF7EB
:1043C000AAFE28B194F8E93343F0040384F8E933F2
:1043D00066B1324604F580612046FFF79CFE28B1A5
:1043E00094F8E93343F0040384F8E93370BD04F52D
:1043F000806300221A60DEE770B5044600F5A875F8
:10440000C549284627F0B4FC20B394F850313C2B22
:104410002AD05B2B00F0B781242B00F00882062203
:10442000BE4928462CF07FFF002800F005820622B6
:10443000BB4928462CF077FFA8B904F5AB702BF0E8
:10444000CDFE84F8F00394F8E93343F0080384F8D0
:10445000E93308E00AF0BAFCC4F86403002384F8E6
:10446000553384F8F13370BD012384F854330AF0D6
:10447000ADFCC4F85C03AB4904F251102CF078FF9A
:104480000546F8B101462046FFF70EFE28B194F824
:10449000E83343F0020384F8E83394F8F03363B16F
:1044A00094F87033052B08D0002284F8F02394F898
:1044B000E93362F3C30384F8E9339A4900202CF00E
:1044C00057FF0546002610E004F55D72691D204681
:1044D000FFF7E0FE94F8E83360F3820384F8E833F2
:1044E000904900202CF044FF0546002D00F0338158
:1044F00005228D4928462CF016FF68B994F8E03360
:10450000002BE1D1012384F8E03394F8E83343F041
:10451000080384F8E833D7E70522844928462CF0BD
:1045200002FFC0B994F8E03343B1002384F8E033CC
:1045300094F8E83343F0080384F8E83304F55D7237
:10454000691D2046FFF7A6FE94F8E83360F3820366
:1045500084F8E833C4E70322754928462CF0E3FECB
:1045600008B30422734928462CF0DDFE00B3032271
:10457000714928462CF0D7FE002841D002226F490D
:1045800028462CF0D0FE002844D1AB78312B14BF44
:104590000023012384F8E43394F8E93343F0200343
:1045A00084F8E9339CE7E91C2046FFF7E3FE97E730
:1045B000291D2046FFF78FFE92E701260133092BC4
:1045C00021D8E21892F8F203DA1CA918AA5C9042EA
:1045D00005D094F8E92342F0400284F8E923E21878
:1045E000002082F8F2030A786AB13E2A0BD0E11863
:1045F00081F8F223502AE0D0702ADFD10126DDE7CE
:1046000000231E46DBE7002384F8FB3384F8E563D0
:10461000012665E702224A4928462CF084FE48B369
:104620000322484928462CF07EFE002800F08E80A8
:104630000422454928462CF076FE00287FF450AF2E
:1046400094F8E3232B79312B14BF002301239A42E2
:1046500009D082F0010284F8E32394F8E83343F0B0
:10466000010384F8E83394F8EC3343F0010384F851
:10467000EC3335E70235002384F80D3484F80C342C
:1046800084F8043494F8E83343F0400384F8E833C2
:1046900015F8013B002B3FF423AF433B102BF7D819
:1046A00001A252F823F000BF0B4700089146000812
:1046B00091460008F546000891460008914600081A
:1046C000914600089146000891460008914600086E
:1046D000ED46000891460008914600089146000802
:1046E0009146000891460008FD460008012384F821
:1046F0000D34CDE7012384F80C34C9E7002384F896
:104700000534012384F80434C2E7012384F8053416
:1047100084F80434BCE700BF28DE03087CDE03080D
:1047200084DE03082CDE030830DE030838DE0308CD
:1047300040DE030844DE03084CDE030850DE0308B5
:1047400054DE030858DE03085CDE0308E91C20463B
:10475000FFF7D5FDC4E67EB994F8F233002B14BF01
:104760000122002294F8E93362F3861384F8E933D6
:1047700002D0002384F8F233002E7FF474AE0023BD
:1047800084F8E5336FE604F25115042232492846D5
:104790002CF0C9FD10B30422304928462CF0C3FD8B
:1047A00050B304222E4928462CF0BDFD05460028B2
:1047B0007FF459AE04F25516324604F58261204664
:1047C000FFF7C1FCD4F81034052B02DD0523C4F833
:1047D00010343A2130462CF099FD23E004F569723B
:1047E00004F255112046FFF755FD94F8EA3360F3C3
:1047F000C30384F8EA33D4E704F56F7204F2551169
:104800002046FFF747FD94F8EA3360F3041384F879
:10481000EA33C6E743195A7805F5157304EB4303E9
:104820001A710135D4F81034AB42F3DC1BE629468B
:104830002046FFF796FC16E604F5AB702BF0CEFC95
:1048400084F8F10394F8E93343F0100384F8E93372
:10485000002384F8553306E664DE03086CDE0308A3
:1048600074DE030870B582B0044600258DF8075049
:1048700004E00023A4F850331F2D32D9E06C036804
:104880001B690DF107019847C0B298BB9DF807302E
:10489000182BEED0B4F85023B2F5FE7FE9D80A2BDE
:1048A00008D00D2B06D0511CA4F85013224482F8D6
:1048B0005031E1E71AB90023A4F85033DCE7224471
:1048C000002382F8503104F595664FF0FF313046F1
:1048D00009F0EEFF2046FFF78FFD30460AF010F892
:1048E000E9E76A1C0A4B2B449DF8071083F8A016D1
:1048F00095B2C3E70DB902B070BD2A460549064816
:104900001DF076F90028F6D103481DF08BF9F2E787
:10491000383F0020D8450020AC88012070B50446FF
:1049200000F595664FF0FF31304609F0C1FFD4F82D
:1049300068536B1CC4F8683313B9AB1CC4F86833F4
:10494000304609F0DDFF284670BD2DE9F041A2B0E8
:1049500006460D4690464FF00D0728F0EDFA10B1CF
:1049600096F870331BB9384622B0BDE8F081304666
:10497000FFF7D4FF019000237F2B0BD8EC5C03F1F1
:1049800088020DEB020101F8804C0CB10133F3E712
:104990004FF00007FBB2002BE5D11A4601A93046C3
:1049A00009F0A7FE0746019BC8F80030DBE710B509
:1049B0000446FFF757FF0AF009FAD4F85C33C01A2F
:1049C000B0F5967F05D9002384F87033012384F86D
:1049D0005433204628F0B0FA10B194F8703363B91C
:1049E00094F855334BB1002384F85533D4F8683329
:1049F000C4F86C33562384F8F13301F0CDFD037A0B
:104A0000012B13D194F85233B3B9204628F094FA0D
:104A100010B194F80E349BBB204628F08DFA10B1EB
:104A200094F85433B3BB4FF0000010BD01F0B4FD57
:104A3000037A022BE9D1E5E7204628F07DFA002829
:104A4000E3D194F8EC3313F0010F07D10AF0BEF96B
:104A5000D4F85833C01AB0F5967FD6D98B212046AA
:104A6000FFF7B6F90AF0B2F9C4F85803002284F847
:104A7000542394F8EC3362F3000384F8EC33C4E776
:104A8000204628F003FE204628F00EFE002384F87E
:104A90000E34C1E70AF09AF9D4F85833C01A6428E2
:104AA000C1D9E06C03681B6A98470028BBD00AF0A4
:104AB0008DF9C4F85803002384F85433E06C03687C
:104AC000DB69012204F2533198473F2384F85333C2
:104AD0000122054905481DF08BF80028A3D10348A1
:104AE0001DF0A0F89FE700BF8CDE0308AC88012012
:104AF0002DE9F041AEB004460D469DF8D0804FF050
:104B00000300D4F810148D4202DB2EB0BDE8F08112
:104B100017461E46204628F00FFA28B194F8703345
:104B2000012B04D0032B02D04FF00D00EDE72046FF
:104B3000FFF7F4FE0D902946204628F00BFA00906E
:104B40003B46102205A92046FFF709FA642300938B
:104B50003346102209A92046FFF701FA94F81C34C5
:104B6000DBB9104BB8F1000F19D00F4A05F51575D8
:104B700004EB4505043509A9039105A902910195A6
:104B800000920A4A80210EA82CF002FB00231A464C
:104B90000DA9204609F0ADFDB7E7054BE2E7054A50
:104BA000E4E700BF90DE030898DE0308A0DE0308F8
:104BB00094DE03089CDE0308F0B5ABB004460D4656
:104BC0004FF00300D4F810148D4201DB2BB0F0BD80
:104BD00017461E46204628F0AFF928B194F87033E6
:104BE000012B04D0032B02D04FF00D00EEE720463E
:104BF000FFF794FE09902946204628F0ABF9009073
:104C00003B46102205A92046FFF7A9F994F81C3469
:104C1000ABB90C4B05F5157504EB4505043502964B
:104C200005AA01920095084A80210AA82CF0B0FA42
:104C300000231A4609A9204609F05BFDC6E7034B8D
:104C4000E8E700BF90DE0308B0DE030894DE030847
:104C50002DE9F043BBB004460F4616461D469DF8AD
:104C60000C9128F069F928B194F87033012B06D023
:104C7000032B04D04FF00D003BB0BDE8F08320467D
:104C8000FFF74CFE199094F81C34DFF8C48008EB51
:104C90008303D3F8183200933B46102209A920461B
:104CA000FFF75DF994F81C3408EB8303D3F818324E
:104CB0000093334610220DA92046FFF750F994F8CF
:104CC0001C3408EB8308D8F8183200932B461022C6
:104CD00011A92046FFF743F964230093429B102259
:104CE00015A92046FFF73BF994F81C3413BB134B6E
:104CF000B9F1000F20D0124A04F2AC4104F2AE40E8
:104D000004F5966515AE079611AE069605950DADA0
:104D10000495039009A8029001910092094A80210C
:104D20001AA82CF035FA00231A4619A9204609F0D2
:104D3000E0FCA1E7044BDBE7044ADDE790DE030873
:104D400098DE0308C8DE030894DE03089CDE03082F
:104D5000683E03082DE9F047BAB004460D461646F2
:104D60001F469DF80C819DF81091444BD3F8C03636
:104D70008B4215D0414BC3F8C056C3F8C4662046D9
:104D800028F0DAF838B194F87033012B13D0032BE4
:104D900011D0022B0FD04FF00D003AB0BDE8F087D4
:104DA000364BD3F8C4369342E4D1344BC3F8C01623
:104DB000C3F8C426DEE72046FFF7B0FD199094F84B
:104DC0001C34DFF8D8A00AEB8303D3F81832009321
:104DD0002B46102209A92046FFF7C1F894F81C348D
:104DE0000AEB8303D3F818320093334610220DA93F
:104DF0002046FFF7B4F894F81C340AEB830ADAF87B
:104E0000183200933B46102211A92046FFF7A7F85D
:104E100064230093429B102215A92046FFF79FF8B8
:104E200094F81C3423BB164BB9F1000F22D0154A5D
:104E3000B8F1000F20D0144904F2AC4004F2AE45A2
:104E400015AE079611AE06960DAE0596049509AD02
:104E500003950290019100920C4A80211AA82CF02F
:104E600097F900231A4619A9204609F042FC94E755
:104E7000074BD9E7074ADBE70749DDE7383F002062
:104E800090DE030898DE0308E0DE0308E8DE03088E
:104E900094DE03089CDE0308E4DE0308683E030892
:104EA00030B5A3B004464FF00300D4F81034994253
:104EB00001DB23B030BD0D46204628F03DF818B187
:104EC00094F87033012B02D04FF00D00F1E720462B
:104ED000FFF724FD019005F5157304EB430304333C
:104EE000054A802102A82CF053F900231A4601A993
:104EF000204609F0FEFBDCE704DF030870B5A8B02C
:104F000004460D464FF00300D4F810148D4201DB27
:104F100028B070BD1646204628F00EF818B194F857
:104F20007033012B02D04FF00D00F1E72046FFF760
:104F3000F5FC07902946204628F00CF800903346EF
:104F4000102203A92046FFF70AF894F81C34A3B9ED
:104F50000B4B05F5157204EB4202043203A90191D3
:104F60000092084A802108A82CF012F900231A4662
:104F700007A9204609F0BDFBCAE7034BE9E700BFDC
:104F800090DE030814DF030894DE03082DE9F041E6
:104F9000AEB004460D469DF8D4804FF00300D4F81F
:104FA00010148D4202DB2EB0BDE8F08117461E467C
:104FB000204627F0C1FF18B194F87033012B02D0BE
:104FC0004FF00D00EFE72046FFF7A8FC0D902946B3
:104FD000204627F0BFFF00903B46102205A920463F
:104FE000FEF7BDFF642300933346102209A9204633
:104FF000FEF7B5FFBEB9B8F1000F3AD01F4B94F8D9
:105000001C24002A37D11E4905F5157204EB420213
:10501000043205A80290019200911A4A80210EA83C
:105020002CF0B6F817E0B8F1000F1ED0134B94F82F
:105030001C24E2B9124905F5157204EB4202043250
:1050400009A8039005A80290019200910E4A8021C0
:105050000EA82CF09DF800231A460DA9204609F051
:1050600048FB0D9A349B1A609DE7084BDFE708491F
:10507000E1E7064BC3E70649C6E700BF98DE030831
:1050800090DE030838DF030828DF03089CDE0308EE
:1050900094DE03082DE9F041AAB004460D469DF8C0
:1050A000C4804FF00300D4F810148D4202DB2AB004
:1050B000BDE8F08117461E46204627F03DFF18B197
:1050C00094F87033012B02D04FF00D00EFE720462B
:1050D000FFF724FC09902946204627F03BFF00906B
:1050E0003B46102205A92046FEF739FFB8F1000F14
:1050F00013D194F81C34002B2DD1184B05F51572E3
:1051000004EB42020432029605A901910092144A6E
:1051100080210AA82CF03CF811E094F81C34C3B9A3
:105120000E4B05F5157204EB42020432029605A9F6
:10513000019100920B4A80210AA82CF029F8002343
:105140001A4609A9204609F0D4FA099A309B1A6038
:10515000ADE7054BE5E7044BD0E700BF90DE030861
:1051600058DF030844DF030894DE0308F0B5ABB052
:1051700004460D464FF00300D4F810148D4201DBB5
:105180002BB0F0BD17461E46204627F0D5FE18B1BD
:1051900094F87033012B02D04FF00D00F0E7204659
:1051A000FFF7BCFB09902946204627F0D3FE00906C
:1051B0003B46102205A92046FEF7D1FE94F81C3488
:1051C000C3B90D4B05F5157204EB42020432029689
:1051D00005A901910092094A80210AA82BF0D8FF65
:1051E00000231A4609A9204609F083FA099A309B40
:1051F0001A60C5E7024BE5E790DE03086CDF0308A1
:1052000094DE030830B5A9B004460D4627F094FE9D
:1052100018B194F87033012B03D04FF00D0029B072
:1052200030BD2046FFF77AFB079094F81C24104B02
:1052300003EB8203D3F8183200932B46102203A904
:105240002046FEF78CFE94F81C3473B9094B03AA70
:105250000092094A802108A82BF09AFF00231A46E1
:1052600007A9204609F045FAD9E7044BEFE700BF4C
:10527000683E030890DE030880DF030894DE03081D
:1052800010B5A2B0044627F057FE18B194F8703359
:10529000012B03D04FF00D0022B010BD2046FFF7C8
:1052A0003DFB0190064B93E8030002908DF80C1033
:1052B00000231A4601A9204609F01BFAECE700BFBB
:1052C0008CDF030870B5A4B006460C46154627F0DF
:1052D00033FE18B196F87033012B03D04FF00D0058
:1052E00024B070BD3046FFF719FB03906DB1084B39
:1052F0000094084A802104A82BF04AFF00231A4694
:1053000003A9304609F0F5F9EAE7034BF0E700BFDF
:1053100094DF03089CDF030898DF030870B5044698
:105320000D4627F009FE28B14FF0030694F87033BC
:10533000012B03D04FF00D06304670BD94F80434B5
:1053400013B984F80554F7E7D4EDFF7AFCEEE77A59
:105350002A4617EE903A99B22046FFF7B3FF064669
:10536000EAE710B5A2B0044627F0E6FD18B194F8BC
:105370007033012B03D04FF00D0022B010BD20463A
:10538000FFF7CCFA0190044B029300231A4601A9BF
:10539000204609F0AEF9F0E74D350D007047704733
:1053A000F8B505460E4608F0A1FC0746314605F65D
:1053B000941008F09BFC741C214605F6B81008F008
:1053C00095FC214605F6782008F090FC00241CE0AE
:1053D000342304FB03F303F1300028442B445B6BBC
:1053E000DB68314604309847C4EBC400C00000F5C8
:1053F000E8702844C4EBC40305EBC303D3F8D431ED
:10540000DB6831460430984701342B6BA3421DD929
:10541000EB6AA342DCD0342304FB03F303F1300036
:1054200028442B445B6B1B6904309847C4EBC400D1
:10543000C00000F5E8702844C4EBC40305EBC303C7
:10544000D3F8D4311B6904309847DDE73846F8BDFE
:1054500070B5054608F059FC064605F6941008F0AC
:1054600054FC05F6B81008F050FC05F6782008F05A
:105470004CFCEB6A342202FB03F303F130002844B6
:105480002B445B6B1B6904309847EB6AC3EBC3008A
:10549000C00000F5E8702844C3EBC30305EBC30369
:1054A000D3F8D4311B690430984705F6383008F03A
:1054B0002CFC00240FE004EB4400800100F5647034
:1054C000284404EB440305EB8313D3F894331B699E
:1054D0000430984701342B6BA342ECD8304670BDA2
:1054E000012900D0704738B50446B0F90430B0F94E
:1054F0000E100B44934204DAB0F908305B1A934261
:1055000000DC38BD00F63835284608F0C1FB48B14C
:1055100023681B69204698472368DB68618A204618
:105520009847EEE7618A284608F0E0FB002511E085
:1055300005EB4500800100F564702044618A05EBAD
:10554000450304EB8313D3F89433DB680131043053
:1055500098470135236BAB42EAD8D2E7F8B503464A
:105560004FF002004BB30E461C46DF6A03F6B81339
:105570008B4205D004F678238B421FD000252AE009
:105580000FB17B1EE36204F6383008F081FB18B1DE
:1055900023681B69204698472368DB68618A204698
:1055A0009847E36ABB4206D0206A20B12346A26A2C
:1055B000616A09F06BF84FF00000F8BD236B013B06
:1055C000BB42E0D97B1CE362DDE7E56223681B692F
:1055D000204698470135236BAB42D4D905EB4503F0
:1055E0009B0103F5647323440433B342F2D1ECE727
:1055F00003464FF002003BB370B582B01C460B88E7
:10560000ADF804309DF80430022B05D0042B18D0DF
:105610004FF0000002B070BD04F6B81504F6683013
:1056200008F036FB0028F3D19DF805603146284686
:105630000AF01EFA002EEBD129462046FFF78EFF16
:10564000E6E704F67825E9E77047072900D97047AF
:105650002DE9F04F85B005460C464FF0340808FBA5
:1056600001F808F1300707443B1D1E461146184655
:1056700006F0B6F9A844D8F83430DA690292B5F9E0
:105680000EB0B5F90C20A2EB4B010F46DB6B019677
:10569000304698478146E3000393C4EBC406F60006
:1056A00006F5E8762E440436C4EBC40A05EBCA0AB4
:1056B000DAF8D431DB6B304698478144304627F026
:1056C00019FC8144A7EB09000BEB500BB5F90E90C8
:1056D000D8F834301B6C019F38469847A9EB000975
:1056E00009EBD97900234FEA69025946BB4638468F
:1056F000029FB847DAF8D431D3F81C90D8F8343088
:105700005B6B584698470746304627F0F3FB074443
:10571000039B1B1B05EBC305D5F8D4311B6B30462F
:1057200098470246002339463046C84705B0BDE8D1
:10573000F08F072970D82DE9F04F87B005460C4649
:105740001646002A65D04FEAC10AC1EBC1084FEAEC
:10575000C80808F5E878804408F104080593019327
:105760006FF07F43009300231A463146404607F00E
:10577000A6FDAAEB040A05EBCA0ADAF8D431DA6905
:105780001746B5F90EB0B5F90C90A9EB4B09DB6BD8
:1057900040469847A9EB000909EBD9790BEB690B57
:1057A000B5F90E90DAF8D4311B6C40469847A9EB56
:1057B000000909EBD97900234FEA690259464046AE
:1057C000B84704EB44084FEA881808F56478A84401
:1057D00008F10408B5F90E2004FB0223B5F90C10FA
:1057E000A1EB4201A2F10800012402940190009172
:1057F00004333146404609F023FF059940460AF03C
:105800006AF826F0F7FC01462B46044A40460AF0A7
:105810003BF907B0BDE8F08F704700BF5D55000849
:105820007047C36A8B420FD010B50446036B8B429E
:1058300009D9C16203685B69984720B12368DB68B6
:10584000618A2046984710BD70472DE9F04F87B018
:1058500004460E4690461D46DDF84090119F0368B1
:105860009B6C012198470596BDF91410A180A4F8FE
:1058700006806B1E1BB2238109F1FF3212B26281D6
:10588000A581A4F80E906FF07F400190009204F67D
:10589000941007F01FFA04F6B81AB4F90E305A1E25
:1058A0000126029601920093B4F90630B4F904205F
:1058B0003749504609F0C4FE05F092FA01465046B9
:1058C0000AF009F826F096FC0146DFF8D4B023462A
:1058D0005A4650460AF0D8F804F6782AB4F9081067
:1058E000B4F90E20531E029601930092B4F90630CB
:1058F0008A1A2849504609F0A3FE05F071FA0146BC
:10590000504609F0E8FF26F075FC014623465A464A
:1059100050460AF0B9F800F08EF8824626F06AFC8C
:10592000014604F6883301931423009323461A4A50
:10593000504600F0D5F8B4F90A20D4F8A03BD3F8CB
:105940008C30B4F90E100296144801905B1A009343
:10595000B4F90C303244B4F9041004F6383007F0CE
:10596000BEF8CDF800902B464246059904F6683003
:1059700007F06DF984F8786B082F00D908272763A2
:1059800000212046FFF74DFF07B0BDE8F08F00BFB4
:105990007CDD030880DD0308F1550008404040002D
:1059A0005D5500080162426283627047F0B583B0C2
:1059B0000546B0F9466B036BB6FBF3F6002417E01F
:1059C000B5F90E10B5F93E2B04FB0622B5F90C30E3
:1059D00004EB4400800100F564702844A6F1080738
:1059E0000097A3EB41030432043009F0C9FE0134EF
:1059F0002B6BA342E4D803B0F0BD00BF034BD3F838
:105A00001C23034B1A615A62704700BF00CC030885
:105A10000000002008B5FFF7F1FF08BD10B50446EF
:105A2000C06C10B1216D16F0AFFE09F096F9E0657B
:105A30004FF0000010BD114B1B68BFF35B8F13F0DC
:105A4000010F01D00E48704710B50C4829F0FBF942
:105A500008B90B4810BD0A4827F04CFE074C094A0C
:105A60000949201D28F021FE204629F0FBF9F0E726
:105A7000024829F0F4F928F093FE00BF0046002008
:105A80000446002044010020C5D6020808B5C164C0
:105A9000026508F067FD08BD10B50C4689882068CE
:105AA0000BF012F8A379834214BF00200120237A5F
:105AB000834213D0637A834205D0834209D0607257
:105AC0000020E07110BDE279082AF6D12072012091
:105AD000F8E7E3790133E3710020F3E70020F1E711
:105AE00010B4029C21606260A3609DF804302373AF
:105AF000426D2AB1134643B1A34206D01B69FAE7AF
:105B0000002323616361446507E0A34205D054612B
:105B1000436D23610023636144655DF8044B704766
:105B2000436D8B4204D043B18B4206D01B69FAE728
:105B30000B69436500225A6170478B4200D0704761
:105B40004A690B691361002BF9D04A695A61F6E77B
:105B500010B4019C21606260A360826D2AB113467B
:105B600043B1A34206D01B69FAE7002323616361B6
:105B7000846507E0A34205D05461836D236100234F
:105B8000636184655DF8044B7047836D8B4204D07C
:105B900043B18B4206D01B69FAE70B69836500228B
:105BA0005A6170478B4200D070474A690B69136194
:105BB000002BF9D04A695A61F6E701EB410100EB8D
:105BC000810090F87C00704701EB410100EB8100FF
:105BD00090F87C3011788B4202D01370012070470E
:105BE0000020704708B501F160020244FFF7ECFFA6
:105BF00008BDC36C1B68586A00EBD07042100B687C
:105C00000A60C3EB600070472DE9F04106460025AD
:105C100011E0206830B305EB450306EB830393F8EE
:105C20007C3003EB4503324A02EB4303A268616810
:105C300008F02CFD0135062D23D805EB4501890020
:105C40007031314404313046FFF726FF0028F1D08F
:105C5000746D002CEED0237BEB4013F0010FD8D1F4
:105C60002469F6E705EB450306EB830393F87C30E4
:105C700003EB450362681E4901EB4301A0689047AE
:105C8000D8E706F168013046FFF7B3FF054640B993
:105C9000012106F15C0009F08EF84FF00000BDE82C
:105CA000F08109F093F8F36EC41A85EAE577A7EB63
:105CB000E577B4FBF7F809F089F8F066BC4201D249
:105CC0004FF001084FF47A73B3FBF8F33367B46D08
:105CD000002CDDD0206828B12B46A268616808F04E
:105CE000D5FCD5E763682946A0689847D0E700BF90
:105CF0002800002003464FF0020093B300B585B0A2
:105D00009C465B6F0B44CCF87430002B25DBDCF831
:105D10007420DCF840309A4202DB013BCCF874304E
:105D2000DCF83C30DCF8742003EB8213B3F90C1080
:105D3000B3F90E20B3F91630012002904FF47F0022
:105D400001900093BCF91C300CF1440006F0C7FE32
:105D50004FF0000005B05DF804FB0023CCF8743070
:105D6000D5E7704703464FF00200002B69D070B5AD
:105D700082B01C4603F178058D420FD003F59C7666
:105D80008E421CD00B88ADF804309DF804303BB334
:105D9000012B3ED04FF0000002B070BD5B6F002BB6
:105DA000F8DB206820B16268A16808F06FFCF1E7B9
:105DB000A268002AEED0194660689047EAE75B6F58
:105DC000002BE7DB206820B16268E16808F05EFC28
:105DD000E0E7E268002ADDD0194660689047D9E71D
:105DE0009DF805603146284609F042FE36B14FF471
:105DF0007F4104F1440006F001FFCBE74FF47F013F
:105E000004F1440006F0FAFE29462046FFF7AAFFF7
:105E1000C0E79DF805502946304609F029FE2DB10E
:105E2000FF2104F1440006F0E9FEB3E74FF47F01DF
:105E300004F1440006F0E2FE31462046FFF792FFEF
:105E4000A8E77047016042608360009BC3607047B1
:105E5000F0B587B00E4615461F4600220292039207
:105E600004920592B0F91C4004F07CFF03689B6823
:105E70009847B4FBF0F4284625F084FF231A002B42
:105E800014DD0D4A102102A82BF082F9304650F89B
:105E9000081B7268944200D2621C0197009502AB05
:105EA00007F0C7FB4FF0000007B0F0BD034A102118
:105EB00002A82BF06DF9E9E730E803083CE8030895
:105EC00084464FF0040000290DDB10B5DCF840409B
:105ED0008C4200DC10BDDCF83C0000EB8111604618
:105EE000FFF7B6FFF6E770472DE9F04784B00546A7
:105EF000984600F110070C980090384607F003FE12
:105F0000EB6B0BB1002424E04FF002063DE0E86BA0
:105F1000A60100EB84103946083007F0A7FEEB6BB2
:105F200003EB060953F806A004F01CFF0368DB68C6
:105F3000984700FB04F604F015FF01906FF07F43D3
:105F4000009333460022514609F1080007F0B7F9E3
:105F500001342B6CA342DADC05F1440439462046B7
:105F600007F084FEEB6BB3F90C10B3F90E20B3F914
:105F70001630012002904FF47F00019000934346B9
:105F8000204606F0ACFD4FF00006D5F8F831D3F806
:105F9000884004EBD4746410043C05F17807D3F80E
:105FA0008C8004F0D7FF0368DB68984700EB400063
:105FB000A8EB000804F0CEFF0368DB68984700EB0D
:105FC00040004FF00109CDF808900190009443463D
:105FD00000221649384609F033FB26F00BF901463A
:105FE000DFF850802B464246384609F04DFD05F556
:105FF0009C77D5F8F831D3F88820B5F98630CDF8FC
:10600000089001930094B5F97E30121B0849384678
:1060100009F016FB26F0EEF801462B4642463846BC
:1060200009F032FD304604B0BDE8F08740E80308CF
:1060300050DD0308655D000810B582B00C461946B6
:10604000C4630264069B0093059B049AFFF74CFF10
:1060500002B010BD38B505464FF00200EB6B53B3EC
:10606000FFF7E9FC05F5FE71FFF78FFDFFF7E3FC95
:1060700005F50571FFF754FD05F1440007F045FEF5
:10608000002407E0EB6B03EB841303F1080007F037
:106090003CFE01342B6CA342F4DC05F1100007F048
:1060A00034FE05F1780007F030FE05F59C7007F02E
:1060B0002CFE4FF0000038BD70B584B004460E468B
:1060C0000D4606E0E06B00EB8510083007F01DFE82
:1060D0000135236CAB42F5DC2664636FB34201DA11
:1060E00000251DE000236367E36BB3F90C10B3F9DF
:1060F0000E20B3F91630012002904FF47F0001907A
:106100000093B4F91C3004F1440006F0E8FCE7E722
:10611000E06B00EB85100121083007F0E7FD013549
:10612000236CAB42F4DC04B070BD70B584B004469F
:106130004FF00200E36B002B57D00E46002104F114
:10614000440007F0D3FD002507E0E06B00EB85106D
:106150000121083007F0CAFD0135236CAB42F4DCA5
:10616000314604F1100007F0C1FDE36B626F03EBF1
:106170008213B3F90C10B3F90E20B3F916300120D5
:1061800002904FF47F0001900093B4F91C3004F1A9
:10619000440006F0A4FC314604F1780007F0A6FDA7
:1061A000314604F59C7007F0A1FDFFF744FC05465D
:1061B00026F020F8014604F5FE73009323460C4AAE
:1061C0002846FFF7C5FCFFF736FC054626F012F817
:1061D000014604F505730193032300932346054A02
:1061E0002846FFF77DFC4FF0000004B070BD00BFF3
:1061F000F55C0008655D00080160426083607047DF
:106200002DE9F04385B00446884616461F467B4B71
:106210001B68BFF35B8F13F0010F00F0DF8004F108
:106220008C0504F0DDFD01906FF07F49CDF8009002
:1062300000231A464146284607F041F839462846C9
:1062400007F087F9DFF8B481D8F80410B4F9983072
:10625000C91A002308224908284607F09FFD04F1C7
:1062600010073946284607F001FD0121284607F0AE
:106270003DFD04F077FD04F1C4050190CDF80090D8
:1062800000231A463146284605F01DFFB4F9962032
:10629000002308320821284607F080FD39462846A9
:1062A00007F0E4FC0121284607F020FD04F13C0939
:1062B000B4F9CE30012602960025019508330093EB
:1062C000D8F804302A462946484606F008FC04213E
:1062D000484606F063FC4FF6FF71484606F08EFC18
:1062E0002946484606F0A0FC3946484607F0BEFC61
:1062F0002946484607F0FAFCD4F88832D3F88C20B7
:10630000B4F94A30D21A02EBD2720093D8F80430B2
:1063100032412946384607F0F6FBD4F88822D2F8F5
:106320008830D2F88C2000922A46294604F16C006D
:1063300006F08DFC84F87C6004F58478D4F888320B
:10634000D3F88C7004F006FE0368DB68984700EB16
:1063500040003F1AD4F88832D3F8882002EBD2727A
:1063600042FA06F904F0F6FD0368DB68984700EB93
:10637000400002960190A9F1040200923B462A4691
:106380001F49404609F05CF925F034FF0146DFF86B
:10639000789023464A46404609F076FB04F5E477B8
:1063A000D4F88832D3F88810B4F91421B4F916312E
:1063B000029601930092B4F90E318A1A11493846B7
:1063C00009F03EF925F016FF014623464A463846B5
:1063D00009F05AFB284605B0BDE8F083074828F0CD
:1063E00032FD00283FF41BAFD4F88832D3F8883050
:1063F0000248436028F036FD11E700BFCC4600207C
:1064000048E8030850DD0308C764000830B583B0CE
:1064100004460D466C3007F069FC691C04F110005D
:1064200007F064FCA91C04F5847007F05FFCE91C0C
:1064300004F5E47007F05AFCFFF7FDFA054625F075
:10644000D9FE014604F52373009323460B4A2846E0
:10645000FFF77EFBFFF7EFFA054625F0CBFE01467E
:1064600004F5297301937F2300932346044A2846A9
:10647000FFF736FB4FF0000003B030BD49D70208EC
:10648000C764000810B50446FFF7D5FA04F5237178
:10649000FFF77BFBFFF7CFFA04F52971FFF740FB0D
:1064A00004F1100007F031FC04F16C0007F02DFC42
:1064B00004F5847007F029FC04F5E47007F025FC6E
:1064C0004FF0000010BD03464FF00200002B47D0F4
:1064D00070B582B01C4603F584758D4217D003F564
:1064E000E4768E4213D00B88ADF804309DF804306A
:1064F0004BB3012B19D19DF805502946304609F0C0
:10650000B7FA95B931462046FFF7DDFF0DE08D4221
:106510000FD0012323732046FFF7B4FF206858B142
:106520002346A268616808F0B1F84FF0000002B09D
:1065300070BD00232373EEE76368002BF5D021467E
:10654000A0689847F1E79DF805603146284609F0B4
:106550008FFA002EE9D129462046FFF7B4FFE4E781
:10656000704700BF00B54FF0FF3C0BE010F8013B57
:1065700083EA0C03DBB2074A02EB83035B6D83EA19
:106580001C2C714601F1FF3E0029EFD16FEA0C008F
:106590005DF804FB184E030838B50D4B1B68BFF3BC
:1065A0005B8F13F0010F01D00A4838BD084828F06E
:1065B0004AFC0028F8D0064C0025204640F8045F2D
:1065C000043027F0C5F82566204628F04BFCEBE7A1
:1065D000D4460020D846002001604FF000007047EC
:1065E0002DE9F04196B00646044654F8040B5823B2
:1065F0002246002108F07DFDC7B20546D6F8588036
:10660000C6F85C8054212046FFF7ACFF0FB98045E7
:106610000ED04FF058084246074968462BF019F84B
:1066200042466946301D2BF014F80FB94FF00605AD
:10663000284616B0BDE8F0816C52030870B50446D8
:106640004FF00005061D54213046FFF78BFFA06573
:10665000E36D984201D1284670BD5823324600218F
:10666000206808F064FD0546C3B2002BF3D1A36D8A
:10667000E365F0E702464FF0020013468AB192F854
:10668000682022B1D3F81C220A44C3F81C2293F8D4
:10669000842222B1D3F838241144C3F838144FF0BF
:1066A0000000704770B50646FFF7C5F906F2CC51F9
:1066B000FFF76BFA00241FE0FAF7FFF8E50004EBA0
:1066C000C4035B0103F55D6304EBC40200EB4212FB
:1066D000D2F8D02D126918449047FAF7EEF82B1B28
:1066E00041F2904202EBC3032D1B00EBC505AA58F3
:1066F0001269184490470134052CDDD906F13C009D
:1067000007F003FB301D07F000FB06F5AE7007F045
:10671000FCFA06F5167007F0F8FA06F5087007F0AF
:10672000F4FA06F55E7007F0F0FA06F23C4007F066
:10673000ECFA06F2FC4007F0E8FAD6F8BC0503686C
:106740001B699847D6F8C00503681B6998474FF046
:10675000000070BD38B504464FF00005FAF7ADF8FB
:10676000FAF76CF9FAF7A9F8FAF798F9D4F8C835F6
:10677000D3F8D41304F13C00FBF705FAD4F8C8357C
:10678000D3F8081404F51670FBF7FDF904F23C4049
:10679000D4F8C83593F80C3493B34FF47F4109F023
:1067A00088F804F2FC40D4F8C83593F80D3453B39C
:1067B0004FF47F4109F07DF8D4F81C32002B31DD15
:1067C0000A2B23DD9121D4F8C805FDF701FB05460E
:1067D000D4F81C320A3BC4F81C32D4F83834002BED
:1067E00049DD0A2B3BDD9A21D4F8C805FDF7F0FA04
:1067F0000546D4F838340A3BC4F83834284638BD46
:106800006FF07F41CBE76FF07F41D3E79321D4F85E
:10681000C805FDF7DDFA0546D4F81C32013BC4F883
:106820001C32DAE7002BD8DA13F10A0F0BDA9221C7
:10683000D4F8C805FDF7CCFA0546D4F81C320A3363
:10684000C4F81C32C9E79421D4F8C805FDF7C0FA92
:106850000546D4F81C320133C4F81C32BDE79C2134
:10686000D4F8C805FDF7B4FA0546D4F83834013B2E
:10687000C4F83834C2E7002BC0DA13F10A0F0BDA80
:106880009B21D4F8C805FDF7A3FA0546D4F838349F
:106890000A33C4F83834B1E79D21D4F8C805FDF7B0
:1068A00097FA0546D4F838340133C4F83834A5E7EC
:1068B00070B54FF0000400F13C058D4217D000F593
:1068C000AE738B421DD000F516768E421FD000F5B8
:1068D0005E738B4224D000F23C438B4226D000F200
:1068E000FC438B4228D04FF00904204670BD0021A4
:1068F00000F51670FBF7C3FA01212846FBF7BFFA33
:10690000F3E79021D0F8C805FDF762FAEDE7002122
:106910002846FBF7B4FA01213046FBF7B0FAE4E76A
:106920009921D0F8C805FDF753FADEE7A021D0F889
:10693000C805FDF74DFAD8E7A121D0F8C805FDF745
:1069400047FAD2E72DE9F04F85B004460D4604F032
:1069500001FB0368DB68984700EB800604F002FA4D
:106960000368DB689847054404F0FCF90368DB68BA
:106970009847074604F0B0FA0368DB68984707EBCE
:106980004007EA19143204F13C07D4F8C435D3F8AF
:1069900088301946002BC0F24C81A3EBA103043BC5
:1069A00003EBD373002502954FF00308CDF8048064
:1069B00000965B1089103846FBF70CF8FF22042183
:1069C0003846FBF7D4F804F0C5FA014602223846EF
:1069D000FBF727FA29463846FBF7D5F804F0BAFA50
:1069E0000346DFF868A2424651463846FBF72EFAC6
:1069F00025F000FC01462B462A463846FBF755FA9F
:106A0000012684F84C6004F0EBF9271D01906FF02B
:106A10007F49CDF800902B462A468749384606F034
:106A20004EFCB4F9401001EBD171B4F9100000EB49
:106A3000D0703041B4F942C0B4F94A3003EBD3739B
:106A40000CEB630CB4F9123003EBD3722B46ACEBB6
:106A50006202C0EB6101384607F0A0F904F5AE7B95
:106A6000B4F94420D4F8C435D3F888309B1AB4F96B
:106A70004A10724F02960191083B0093B4F94230DC
:106A800004323946584608F0DBFD25F0B3FB0146D9
:106A90002B462A46584608F0F7FF04F5167BB4F952
:106AA0004620B4F94A300295CDF804800093B4F939
:106AB00048300832B4F940105846FAF78BFFFF22ED
:106AC00004215846FBF753F804F044FA0146022229
:106AD0005846FBF7A6F929465846FBF754F804F048
:106AE00039FA0346424651465846FBF7AFF925F0BE
:106AF00081FB01462B462A465846FBF7D6F984F817
:106B0000686204F06DF904F508780190CDF8009002
:106B10002B462A464A49404606F0D1FBB4F95C129E
:106B200001EBD171B4F92C3203EBD37343FA06F0C5
:106B3000B4F95EC2B4F9663203EBD3730CEB630CA9
:106B4000B4F92E3203EBD3722B46ACEB6202C0EBEE
:106B50006101404607F022F904F55E78B4F960223D
:106B6000D4F8C435D3F888309B1AB4F9661202966B
:106B70000191083B0093B4F95E3204323946404635
:106B800008F05EFD25F036FB01462B462A464046BE
:106B900008F07AFF04F23C47B4F96232D4F8C42515
:106BA000D2F8882002EBD2723241B4F96612029612
:106BB0000191083A0092083304222249384608F02D
:106BC0003FFD04F00DF90146384608F084FE25F03B
:106BD00011FB01462B462A46384608F055FF04F2C1
:106BE000FC47D4F8C435D3F8882002EBD272324186
:106BF000B4F96232B4F9661202960191A2F1080169
:106C00000091083304321049384608F019FD04F0A9
:106C1000E7F80146384608F05EFE25F0EBFA01463B
:106C20002B462A46384608F02FFF284605B0BDE817
:106C3000F08FD91CB1E600BF58E8030860E80308EC
:106C400068E803088CDD030890DD030854E80308B6
:106C50002DE9F04F8BB081464FF00008CDE098450C
:106C600080F0D480F9F729FE4FEAC80508EBC80484
:106C7000640104F55D6406900444F9F71EFEA5EB7B
:106C8000080341F2904A0AEBC3030790C11805912B
:106C9000D9F8C435D3F88820103A804981FB021313
:106CA000A3EBE273043308FB03F3181D0890F9F714
:106CB00004FE04F057F80368DB68984700F13006DB
:106CC0000996D9F8C435D3F88830A3F1100B04F035
:106CD00049F80368DB689847064604F0FDF8036846
:106CE000DB68984706EB400604365FFA88F73946BA
:106CF000D9F8C80526F010F9684981FB0B230290EA
:106D0000082201920096A3EBEB73099A089920469A
:106D1000FAF760FE624A02212046FAF728FF04F0E3
:106D200021F8014601222046FBF77BF8D9F8C83547
:106D300093F81C245B4B53F8226004F0CDF8034613
:106D4000052231462046FBF781F83946D9F8C805B7
:106D5000FCF7AFFE064604F005F801906FF07F43A4
:106D6000009300231A463146059806F0A8FAA5EBD1
:106D70000807079A02EBC70757F80A30DA69079243
:106D80004544069B03EB4515D5F8D03DDB6A20460C
:106D900098478346D5F8D03DDB6B2046984706469A
:106DA00057F80A30DB6B05989847361A06EBD6760B
:106DB0000BEB6606D5F8D03D1B6B20469847A0F13B
:106DC000040B57F80A301B6C059898470023ABEB6F
:106DD00000023146DDF814B05846079EB047D5F89A
:106DE000D03DDB6864212046984757F80A30DB68BD
:106DF00064215846984708F10108D9F8C835D3F8F6
:106E00001034022B7FF62BAF032328E7642109F10E
:106E10003C0006F06BFF642109F1040006F066FFF8
:106E2000642109F5AE7006F061FF642109F5167062
:106E300006F05CFF642109F5087006F057FF642135
:106E400009F55E7006F052FF642109F23C4006F03D
:106E50004DFF642109F2FC4006F048FFD9F8BC055B
:106E60000368DB6866219847D9F8C0050368DB68CA
:106E700066219847FEF7DFFD044625F0BBF9014681
:106E800009F2CC5300934B46074A2046FEF760FEBA
:106E90004FF000000BB0BDE8F08F00BF56555555C0
:106EA00080808000B4400308756600082DE9F04733
:106EB0000446404B0360404B40F8043B25F0DEF9AC
:106EC00004F13C05284625F03BFA04F5AE76304641
:106ED00025F008FA0023C4F81C3204F5087025F0E8
:106EE000CDF904F51677384625F02AFA04F55E78D0
:106EF000404625F0F7F90023C4F8383404F23C4941
:106F0000484625F0EFF904F2FC4A504625F0EAF92C
:106F1000F9F7D3FC00F5B1501830C4F8BC05F9F707
:106F2000CCFC00F5BD501830C4F8C00503F036FBAA
:106F3000C4F8C405FCF78EFD2AE0504625F070FA2F
:106F4000484625F06DFA404625F06AFA384625F0A5
:106F5000A5FB1A4BC4F8203204F5087006F0F6FEC3
:106F6000304625F05DFA284625F098FB2046134B65
:106F700040F8043F06F0EAFE0E4B236027F010FCB9
:106F8000DEE7E0E7E2E7E4E7EAE7ECE7EEE7F3E78E
:106F9000C4F8C8050023C4F8CC35C4F8D035C4F80B
:106FA000D43584F8D835C4F8DC35C4F8E03520464B
:106FB000BDE8F08744EC0308CC520308A4D20308D0
:106FC000104B1B68BFF35B8F13F0010F01D00E480D
:106FD000704710B50B4827F036FF08B90A4810BDB6
:106FE0000948FFF763FF074C084A0949201D27F0AD
:106FF0005CFB204627F036FFF0E7024827F02FFF22
:1070000027F0CEFB384700203C47002044010020F9
:1070100069D7020802464FF00200134652B11279B6
:107020004AB903F58053D3F8D42B0A44C3F8D42BC0
:107030004FF00000704703F5805292F8F8273AB1FC
:1070400003F58053D3F8EC280A44C3F8EC28EFE7A3
:1070500003F5805292F85429002AE9D003F58053B1
:10706000D3F8482A1144C3F8481AE1E738B5034673
:107070004FF0020023B31C4603F63440FEF7EAFF4C
:1070800004F566650F49284603F09CF864212846FC
:1070900002F0A2FF04F58054D4F888070368DB6887
:1070A00066219847D4F88C070368DB686621984707
:1070B000D4F890070368DB68662198474FF000001A
:1070C00038BD00BF70E8030870B50646FEF7B3FC94
:1070D00006F5DE511831FEF758FDF9F7EEFB00F525
:1070E000AF5006F012FE06F63440FEF7B3FF06F589
:1070F000666002F01FFE33690BB1002423E02E48C6
:107100001DF06AFBF9E7F9F7D8FBE50004EBC403CF
:107110005B0103F55D6304EBC40200EB4212D2F89D
:10712000D02D126918449047F9F7C7FB2B1B41F289
:10713000904202EBC3032D1B00EBC505AA58126950
:10714000184490470134052CDDD906F58054D4F855
:10715000880703681B699847D4F88C0703681B6984
:107160009847D4F8900703681B69984706F5BE5006
:107170000C3006F0CAFD06F5BC50143006F0C5FD13
:1071800006F5C950083006F0C0FD06F5C7501030AE
:1071900006F0BBFD06F5D2500C3006F0B6FD06F544
:1071A000D8500C3006F0B1FDF9F787FB0021F9F754
:1071B000ADFB4FF0000070BD387701202DE9F04F96
:1071C00085B004460E4615464FF0000C0DE00CEB62
:1071D0004C1310332344043304EB8C12C2F83434C0
:1071E0002123C2F838340CF1010CBCF11F0FEED989
:1071F00004F6344824F0FEFF0146904B0093904B78
:1072000022464046FEF71EFE04F2344904F580573C
:10721000D7F8CC3BD3F888A003F09CFE0368DB686A
:107220009847A5EB4003083B0293CDF804A00096D5
:107230000023202249464046FEF7FEFED7F8CC3B0D
:10724000D3F8888003F086FE0368DB689847A5EBD7
:107250004003303B009343463246002104F566600C
:1072600002F06EFD04F5BE5808F10C08354403F039
:1072700071FE0368DB689847A5EB4005D7F8CC3B67
:10728000D3F888305C3B03EBD373002602964FF0B3
:107290000509CDF80490282200925B10A5F1300278
:1072A00004214046FAF796FB4FF480020421404641
:1072B000FAF75DFC03F094FD014601224046FAF71F
:1072C000B0FD31464046FAF75EFC03F043FE03464C
:1072D000DFF880A1032251464046FAF7B7FD24F0BB
:1072E00089FF0146334632464046FAF7DEFDB7F9DC
:1072F000D057B7F9D2B703F0EFFD01906FF07F4898
:10730000CDF800800BF10603AA1D4E4904F5BC50D0
:10731000143005F0D4FF04F5C9550835B7F9D41772
:10732000B7F9DA370296CDF804900093B7F9D83759
:10733000B7F9D22704312846FAF74CFB4FF4800204
:1073400004212846FAF713FC03F04AFD0146012206
:107350002846FAF766FD31462846FAF714FC03F092
:10736000F9FD0346032251462846FAF76FFD24F043
:1073700041FF0146334632462846FAF796FDB7F9F3
:107380002C59B7F92E9903F0A7FD0190CDF8008094
:1073900009F10603AA1D2C4904F5C750103005F069
:1073A0008EFF04F5D2550C35B7F93029B7F93639C7
:1073B0004FF00108CDF8088001930093B7F92E39FA
:1073C00004322249284608F03BF903F009FD014642
:1073D000284608F080FA24F00DFF01463346324675
:1073E000284608F051FB284608F027FB04F5D8543E
:1073F0000C34B7F9542AB7F93639CDF8088001931F
:107400000093B7F92E3904321149204608F018F9D3
:1074100003F0E6FC0146204608F05DFA24F0EAFE9F
:10742000014633463246204608F02EFB204608F03F
:1074300004FB304605B0BDE8F08F00BF6D7000085A
:10744000F57D000890E8030898E80308A0E8030821
:10745000A4E8030854E803082DE9F04F8BB0054673
:107460000690FEF7E8FA044624F0C4FE014605F54E
:10747000DE53183300932B46894A2046FEF768FBFB
:10748000F9F71BFA25F080FF05F5666429692046A7
:1074900002F098FE6421204602F09EFD4FF0000BA2
:1074A0009FE09B4580F0A980F9F707FA4FEACB05EA
:1074B0000BEBCB04640104F55D6404900444F9F71C
:1074C000FCF9A5EB0B0641F2904909EBC6060590C5
:1074D0000644069901F58058D8F8CC3BD3F888309B
:1074E000103B704F87FB0327A7EBE3773B1D0BFB9C
:1074F00003F3191D0791B8F9D607099003F02AFD87
:107500000368DB689847430008935FFA8BFA51469B
:10751000D8F8D00B25F000FD029008230193089BBA
:1075200000933B460998021D07992046FAF752FA44
:107530005D4A02212046FAF71AFB03F00BFD0146D3
:1075400001222046FAF76DFCD8F8D03B93F81C24B2
:10755000564B53F8227003F0BFFC03460322394612
:107560002046FAF773FC5146D8F8D00BFCF7A1FA85
:10757000074603F0B1FC01906FF07F4300930023B6
:107580001A463946304605F09AFEA5EB0B07059AD8
:1075900002EBC70757F80930D3F81C805D44049B01
:1075A00003EB4515D5F8D03DDB6A20469847824667
:1075B000D5F8D03D1B6B204698470023021D0AF1E9
:1075C00004013046C047D5F8D03DDB686421204631
:1075D000984757F80930DB686421304698470BF12B
:1075E000010B069B03F58053D3F8D03BD3F810343E
:1075F000022B7FF656AF032353E7F9F75EF901211B
:10760000F9F784F9069D05F580542949D4F88807CF
:1076100008F00BF9D4F888070368DB6866219847FF
:107620002449D4F88C0708F000F9D4F88C070368D3
:10763000DB68662198472049D4F8900708F0F5F8F0
:10764000D4F890070368DB6866219847642105F544
:10765000BE500C3006F04AFB642105F5BC501430D6
:1076600006F044FB642105F5C950083006F03EFBE6
:10767000642105F5C750103006F038FB642105F58C
:10768000D2500C3006F032FB642105F5D8500C3096
:1076900006F02CFB4FF000000BB0BDE8F08F00BFF0
:1076A000157000085655555580808000B440030879
:1076B0008CDC0308A8E8030898DC030838B5044606
:1076C00000F58053D3F8EC38002B2FDD0A2B20DD9A
:1076D00000F580559121D5F8D00BFCF779FBD5F852
:1076E000EC380A3BC5F8EC3804F58053D3F8483A37
:1076F000002B49DD0A2B3ADD04F580549A21D4F899
:10770000D00BFCF765FBD4F8483A0A3BC4F8483A7A
:1077100038BD00F580559321D5F8D00BFCF758FB08
:10772000D5F8EC38013BC5F8EC38DDE74FF0000048
:10773000002BD9DA13F10A0F0CDA04F580559221E7
:10774000D5F8D00BFCF744FBD5F8EC380A33C5F874
:10775000EC38C9E704F580559421D5F8D00BFCF737
:1077600037FBD5F8EC380133C5F8EC38BCE704F545
:1077700080549C21D4F8D00BFCF72AFBD4F8483A6B
:10778000013BC4F8483AC3E7002BC1DA13F10A0FF2
:107790000CDA04F580549B21D4F8D00BFCF718FBCD
:1077A000D4F8483A0A33C4F8483AB1E704F58054AB
:1077B0009D21D4F8D00BFCF70BFBD4F8483A0133E9
:1077C000C4F8483AA4E72DE9F043C1B00446F9F7FC
:1077D00074F8F9F733F9F9F770F8F9F75FF904F588
:1077E000BE5808F10C0804F58055D5F8D03BD3F805
:1077F000D4134046FAF7C7F904F5C9570837D5F846
:10780000D03BD3F808143846FAF7BDF904F5D25640
:107810000C36D5F8D03B93F80C34002B5BD04FF4EA
:107820007F41304608F045F804F5D8550C3504F58D
:107830008053D3F8D03B93F80D34002B4ED04FF447
:107840007F41284608F035F82379002B49D104F50B
:107850008053D3F8D03B93F87033022B00F0F780BD
:1078600004F58053D3F87C37002B40F0F48004F506
:107870008053D3F8880708F0C7F804F5805393F8CD
:10788000DC37002B40F0EE8004F5805393F8383954
:10789000002B40F0F880304608F0CFF8284608F07A
:1078A000CCF804F58055D5F88C0708F0ADF8F9F759
:1078B00004F825F096FFD5F8D43B1BB322690AB330
:1078C000D5F87C17194404F5666002F0FDFB00232F
:1078D000C5F8D43B16E06FF07F41A2E76FF07F411F
:1078E000AFE72046FFF7EAFE04F58053D3F8D00B4C
:1078F00090F87033012B0AD0022B08D0042B06D04D
:10790000002323714FF0000041B0BDE8F08325F063
:1079100013FB0028F4D063797BB9E168C1B104F5A9
:107920008053D3F8D00BFCF726FA88B154280FD037
:107930005528E7D000232371E4E704F58053D3F8FA
:10794000D03B93F87033012BDCD100232371D9E7AE
:1079500004F58055D5F87C37D5F878279B1AC3EB0A
:10796000C30304EBC303D3F8B43E4F4A80216846F7
:1079700029F00EFC04F10C026946D5F8D00BFCF797
:10798000E4FFC0B20028BDD12B46D5F87C57D3F810
:1079900078172369BBB16A1A04F58053D3F84437CA
:1079A00003EBD373B2EB630F4BDA691C04F566602B
:1079B00002F08AFB04F58053D3F87C37AB42A1D1A7
:1079C000012363719EE704F58053D3F8443703EB3A
:1079D000D373B5EB630F04DB344B9A69DB689A42CF
:1079E0000DD1691C04F5666002F06EFB04F580534E
:1079F000D3F87C37AB4285D10123637182E720AD98
:107A0000802632460021284629F078FC274A314654
:107A100028461DF00BFF00283FF474AF00238DF8BB
:107A2000FF3020A824F0AEF9522804D91F48C168BD
:107A30001CF0EFFE66E720A904F5666002F0FEF98F
:107A400060E7013104F5666002F03AFAADE72046DE
:107A5000FFF734FE56E704F58053D3F8880707F0A4
:107A6000ECFF0AE704F580534FF0000983F8DC9738
:107A70004FF4800204214046FAF779F8494640461F
:107A8000FAF7FDF900E704F580534FF0000883F89A
:107A900038894FF4800204213846FAF768F84146E5
:107AA0003846FAF7ECF9F6E6ACDE03083877012041
:107AB00010B5044603694BB100F5666002F03AF96F
:107AC000206908B102F0E5FB00232361002104F5E1
:107AD000666002F077FBF8F7F0FEF9F74CF810BD9E
:107AE0002DE9F0479AB005464FF0000600F58053A7
:107AF000D3F888378B422CD00C4600F58053D3F84E
:107B000090378B4278D000F58053D3F88C078842A9
:107B100077D005F5BE570C37A74200F0238105F555
:107B2000C95808F10808A04500F0278105F5D2538F
:107B30000C33A34200F02A8105F5D8530C33A3423D
:107B40000BD105F58055A121D5F8D00BFCF740F9F4
:107B500003E003792BB14FF0090630461AB0BDE8B7
:107B6000F08700F58053D3F8D00B25F0E5F9002815
:107B7000F1D005F58053D3F8D03B93F87033012B47
:107B8000E9D14FF0000AC5F80CA04FF0010885F8C4
:107B9000048085F805A005F5805989F8DC8789F807
:107BA000388905F5BE570C37FF2204213846F9F70E
:107BB000DEFF05F5C9540834FF2204212046F9F7F9
:107BC000D6FF41463846FAF75AF951462046FAF7A9
:107BD00056F905F5D2500C3007F016FF05F5D850D0
:107BE0000C3007F011FFD9F88C0707F026FFF8F7E3
:107BF00064FE25F001FEB0E7002303714FF0090693
:107C0000ABE703685B6C98478046002881D024F07E
:107C1000F1FA0021283007F08DF905F56669002199
:107C2000484602F0CFFA5D481CF0D6FD2846FFF723
:107C30003FFF21F09EFF002259495A481CF0DCF911
:107C400010B100273B4666E057490DA81CF061FFC4
:107C500008B10027F6E7002727E0033C00E0013CDD
:107C6000E4B104F168036B4413F84A3C2E2BF6D1BF
:107C700004F16A036B4413F84A0C29F0BBF963283A
:107C8000EDD104F169036B4413F84A0C29F0B2F901
:107C900067281ED06E28E2D1424600E000229DF8FF
:107CA000103013F0100F00D1AAB902A90DA81CF0D2
:107CB00095FF30BB9DF81E301BB30024142CCCD88C
:107CC00004F168036B4413F84A3C002BC5D001341F
:107CD000F4E74246E3E7B80105EB8713D3F838240D
:107CE000D3F8341400F587602844029B01930DF10A
:107CF0001E0300932D4B043005F09BFC0137202F11
:107D0000D3D10DA81CF052FF9CE703EB43122A4489
:107D10000021117501331F2BF7D924F06BFA0021D4
:107D2000283007F0CCF8484602F004F805F58054F6
:107D3000D4F8880703681B699847D4F88C07036850
:107D40001B699847D4F8900703681B69984705F6A4
:107D5000344539462846FEF7AFF964212846FEF738
:107D6000E4F9FAE6002105F5C9500830FAF787F87A
:107D700001213846FAF783F8EFE600213846FAF792
:107D80007EF801214046FAF77AF8E6E605F58055D7
:107D9000A021D5F8D00BFCF71BF8DEE638770120E0
:107DA0003077012068790120B0E80308B4E80308BF
:107DB00030B589B004460D46FFF77AFE2B6893B1C3
:107DC000286802F05EFA206108B10023037021697F
:107DD00004F5666002F0F6F9F8F76FFDF8F7CBFEF0
:107DE000206909B030BD01A81EF0B3FF029B203B03
:107DF0002B60E5E703464FF00200002B00F0AB805C
:107E0000F0B5A7B00D461C4603F63440FEF722F944
:107E100000230193029303930493059300E001333D
:107E2000132B0CD804EB8512D2F83424D25C03F166
:107E300098010DEB010000F8942C002AEFD11323D8
:107E400073B103F198026A4412F8942C202A07D8DF
:107E500003F198026A44002102F8941C013BEFE709
:107E6000012201A93C481CF00BF9002851D13A4BE2
:107E7000DB680133009369462046FFF799FF2169CB
:107E8000C9B10025069506AB009A33481CF011FADB
:107E90002269069BD55404F566652169284602F0DF
:107EA00091F918B12C481CF097FC37E02B49284673
:107EB00002F088F9F6E704F566670021384602F01B
:107EC00081F98022002106A829F018FA002504F57E
:107ED0008053D3F844379D4220DA06AE1E4A8021F3
:107EE00030461DF0A3FC00238DF89730304623F078
:107EF00049FF522805D806A9384601F09FFF0135F1
:107F0000E5E715481CF068FC1449384602F05AF9B8
:107F100004E0134904F5666002F054F9642104F5A5
:107F2000666002F059F804F58054D4F888070368B5
:107F3000DB6866219847D4F88C070368DB68662104
:107F40009847D4F890070368DB68662198474FF09C
:107F5000000027B0F0BD704738770120C0E8030863
:107F6000F8E803082DE9F84F0646714B0360714BA2
:107F700003600021017141718160C16001614FF4B2
:107F80008462143029F0BAF906F234473C461F25C2
:107F900001E0013D4034002D07DB002323606360D6
:107FA00004F1080024F06AF9F3E706F634442046A9
:107FB00025F08CF906F56665284625F02BFCF8F7C8
:107FC0007CFC00F5B150183006F58053C3F88807E3
:107FD000F8F773FC00F5B750183006F58053C3F876
:107FE0008C07F8F76AFC00F5BD50183006F5805391
:107FF000C3F8900706F5BC50143024F03FF906F59D
:10800000BE5808F10C08404624F09AF906F5805352
:108010000022C3F8EC2806F5C750103024F02EF9E2
:1080200006F5C95909F10809484624F089F906F509
:1080300080530022C3F8482A06F5D25A0AF10C0AE6
:10804000504624F04FF906F5D85B0BF10C0B58465F
:1080500024F048F902F0A2FA06F58053C3F8CC0BDD
:10806000FBF7F8FC4DE0002F47D0C5F11F0407EBEC
:108070008414BC4241D0403C20462F4B40F8083F7E
:1080800005F064FEF5E7584624F0CAF9504624F09E
:10809000C7F9484624F002FB06F58053264AC3F888
:1080A000F02806F5C750103005F050FE404624F089
:1080B000F5FA06F58053204AC3F8942706F5BC501C
:1080C000143005F043FE284625F012FC204625F02A
:1080D000C7F906F63444BC420FD0403C2046164B4C
:1080E00040F8083F05F032FEF5E7CFE7D1E7D3E7E8
:1080F000DCE7DEE7E7E7E9E7EBE70D4B336026F087
:108100004FFB06F58053C3F8D00B0022C3F8D42BE5
:10811000C3F8D82BC3F8DC2BC3F8E02B83F8E42B8F
:10812000C3F8E82BC3F8EC2B3046BDE8F88F00BF4E
:1081300044EC030810530308A4D2030808B50F4BFE
:108140001B68BFF35B8F13F0010F01D00C4808BD13
:108150000A4826F078FE0028F8D00948FFF702FF09
:10816000084A0949064826F0A0FA044826F07AFE93
:10817000ECE7024826F073FE26F012FB204D0020AB
:10818000244D00204401002041D9020808B590F890
:10819000103B43B14FF47F4100F5256007F089FBA8
:1081A0004FF0000008BD6FF07F4100F5256007F03B
:1081B00080FBF5E710B50446FDF73DFC04F62431DD
:1081C000FDF7AEFC04F62400FDF744FF04F158006F
:1081D00000F0D5FD04F5256005F097FDD4F8200BDF
:1081E000FEF72CFA4FF0000010BD2DE9F04F89B0DA
:1081F000044600230493059306930793D0F8903028
:10820000002B45D100F6240500F224518268D0F8F5
:10821000203B1B7A3BB1012B32D0022B01D0BC4B4F
:1082200002E0BC4B00E0BC4B2846FDF711FE04F217
:108230006451E268D4F8203BDB681BB3B74B284697
:10824000FDF706FE04F2A4512269D4F8203B1B6915
:10825000D3B1B34B2846FDF7FBFD04F2E45162694C
:10826000D4F8203B5B698BB1AD4B2846FDF7F0FDA0
:10827000042104F62400FDF71FFF09B0BDE8F08FCC
:10828000A84BD1E7A84BDAE7A84BE3E7A74BECE70D
:10829000012B04D0022B00F04F810021E9E700F60A
:1082A000240500F2245AD0F818B0D0F8203B9B697E
:1082B0009F4AD2F800809F49D1F8009004AE002771
:1082C0000297CDF80490CDF8008010223146D0F806
:1082D0001C0BFBF7B3FE03465A4651462846FDF7F2
:1082E000B7FD04F2645AD4F81CB0D4F8203BDB6923
:1082F0000297CDF80490CDF8008010223146D4F8D2
:108300001C0BFBF79BFE03465A4651462846FDF7D9
:108310009FFD04F2A45AD4F820B0D4F8203B1B6A85
:108320000297CDF80490CDF8008010223146D4F8A1
:108330001C0BFBF783FE03465A4651462846FDF7C1
:1083400087FD04F2E45AD4F824B0D4F8203B5B6AE9
:108350000297CDF80490CDF8008010223146D4F871
:108360001C0BFBF76BFE03465A4651462846FDF7A9
:108370006FFD04F2246AD4F828B0D4F8203B9B6A3D
:108380006B4AD2F804806B49D1F804900297CDF87B
:108390000490CDF8008010223146D4F81C0BFBF776
:1083A0004DFE03465A4651462846FDF751FD04F25C
:1083B000646AD4F82CB0D4F8203BDB6A0297CDF87D
:1083C0000490CDF8008010223146D4F81C0BFBF746
:1083D00035FE03465A4651462846FDF739FD04F25C
:1083E000A46AD4F830B0D4F8203B1B6B0297CDF8C8
:1083F0000490CDF8008010223146D4F81C0BFBF716
:108400001DFE03465A4651462846FDF721FD04F25B
:10841000E46AD4F834B0D4F8203B5B6B0297CDF813
:108420000490CDF8008010223146D4F81C0BFBF7E5
:1084300005FE03465A4651462846FDF709FD04F25B
:108440002478D4F83890D4F8203B9B6B384AD2F883
:1084500008A03849D1F808B00297CDF804B0CDF89B
:1084600000A010223146D4F81C0BFBF7E7FD0346B1
:108470004A4641462846FDF7EBFC04F26478D4F8FE
:108480003C90D4F8203BDB6B0297CDF804B0CDF8DC
:1084900000A010223146D4F81C0BFBF7CFFD034699
:1084A0004A4641462846FDF7D3FC04F2A478D4F8A6
:1084B0004090D4F8203B1B6C0297CDF804B0CDF867
:1084C00000A010223146D4F81C0BFBF7B7FD034681
:1084D0004A4641462846FDF7BBFC04F2E478D4F84E
:1084E0004490D4F8203B5B6C0297CDF804B0CDF8F3
:1084F00000A010223146D4F81C0BFBF79FFD034669
:108500004A4641462846FDF7A3FC0C21B1E600BFD0
:1085100028E9030838E9030818E9030848E90308CB
:108520005CE903080CE9030854E9030864E903085B
:1085300080400308B440030800F6240500F22456E6
:10854000876CD0F81C0BD4F8203B9B6C90F81C2453
:108550004AB1642101FB03F34C4981FB03C1194477
:10856000DB17C3EBE1134A4951F8222000210291A5
:1085700001920122009210220DEB0201FBF75EFD39
:1085800003463A4631462846FDF762FC04F264563B
:10859000E76CD4F81C0BD4F8203BDB6C90F81C245F
:1085A0004AB1642101FB03F3384981FB03C119443B
:1085B000DB17C3EBE113364951F822200021029169
:1085C00001920122009210220DEB0201FBF736FD11
:1085D00003463A4631462846FDF73AFC04F2A456D3
:1085E000276DD4F81C0BD4F8203B1B6D90F81C248D
:1085F0004AB1642101FB03F3244981FB03C11944FF
:10860000DB17C3EBE113234951F82210DFF888C0D0
:108610005CF82220019200220292009110220DEBC0
:108620000201FBF70BFD03463A4631462846FDF7AB
:108630000FFC04F2E456676DD4F81C0BD4F8203B11
:108640005B6D90F81C244AB1642101FB03F30F49D0
:1086500081FB03C11944DB17C3EBE1130D4951F84A
:108660002210DFF834C05CF822200192002202922E
:10867000009110220DEB0201FBF7E0FC03463A46A5
:1086800031462846FDF7E4FB0421F2E509040281A6
:10869000A840030880400308B44003082DE9F041D6
:1086A00084B005460E46174600F1580401F076FFE7
:1086B000D0F888300322019228220092324600210D
:1086C000204600F099FB02F04DFB009000233B4A4E
:1086D0001946204600F07EFD02F044FB0090002386
:1086E000374A0121204600F075FD02F03BFB009067
:1086F0000023344A0221204600F06CFD23F07AFD6D
:10870000014600231A46204600F06DFE00230CE0CF
:1087100003EB431404F566742C4405EB831CCCF87E
:1087200024452122CCF8282501330B2BF0D905F65E
:10873000240823F05FFD014600240094224B2A46C2
:108740004046FDF77FFBB5F96620D5F8183BD3F816
:108750008830B91A36390091324421464046FDF737
:10876000C3FB05F52568F319D5F8182BD2F8882036
:1087700001210291322101910092323B224613499C
:10878000404606F05DFF02F02BFB0146404607F035
:10879000A2F823F02FFD014623462246404607F06B
:1087A00073F96FF07F41404607F083F82846FFF7E2
:1087B0001CFD204604B0BDE8F08100BF70E903084D
:1087C000ECDC030878E90308B58900089CE9030894
:1087D00070B582B004464FF4FA61583000F0C0FA28
:1087E000F8F76BF800F5C450083005F030FA38B3EC
:1087F000002684F8106B04F525651449284607F017
:1088000014F86FF07F41284607F053F8642128469A
:1088100005F06CFA2046FFF7E8FCFDF70CF9054679
:1088200023F0E8FC014604F6243301932823009347
:108830002346074A2846FDF753F9304602B070BD7B
:10884000642104F62400FDF770FCD1E79CE90308DD
:10885000898B0008F0B583B004460D4600F5256607
:108860008E4213D000F158038B4258D0D0F8143BFD
:108870008B425CD0F8F721F800F5C35018308542E0
:1088800000F086804FF0000003B0F0BD90F8103B80
:108890008BBB0193D0F81C0B90F8523323B31921F2
:1088A000D4F81C0BFBF794FA01AF3A463B49D4F8D5
:1088B0001C0BFCF74AF83A463949D4F81C0BFCF774
:1088C00044F83A463749D4F81C0BFCF73EF801232C
:1088D00084F8103B3449304606F0A7FF4FF47F413F
:1088E000304606F0E6FFC5E7FBF781FA4FF4FA7071
:1088F0001FF036FFD3E70027019701AA2849D0F8D7
:108900001C0BFCF722F884F8107B2849304606F04F
:108910008CFF6FF07F41304606F0CBFFAAE7FFF7F0
:1089200064FC642104F62400FDF7FFFBA2E71A7C37
:10893000002A9FD0D0F89020012A05D0022A0ED01C
:108940002046FFF752FC95E7D0F8201B1A7B053232
:10895000D2B2D3F8203101EB82014B60F0E7D0F8BE
:10896000201B1A7B1132D2B2D0F81C0BD3F8203165
:1089700090F81C0440B1C3EBC3135B000C4880FBB0
:108980000360DB17C3EB601301EB82025360D7E790
:10899000642104F62400FDF7C8FB73E780E90308AF
:1089A00084E903088CE9030894E903089CE90308B7
:1089B0001F85EB5103464FF00200002B00F0DB80D7
:1089C000F0B585B00C461D46D3F89030002B31D160
:1089D000032933D8DFE801F0020C1E26D5F8202B3E
:1089E000137A0133DBB2032B00D90023936025E017
:1089F000D5F8202BD368B3FA83F35B09D360D5F89D
:108A0000203BD968003918BF0121D5F8180B01F0B7
:108A10006CFC13E0D5F8202B1369B3FA83F35B09E0
:108A200013610BE0D5F8202B5369B3FA83F35B098C
:108A3000536103E0012B08D0022B48D02846FFF7F2
:108A4000D4FB4FF0000005B0F0BD03292ED84A4BEF
:108A50001A684A4B1E78002AF0D005EB8403596847
:108A6000D5F8200BE3B20533DBB200EB830043689B
:108A700001200390029642F2107601960090D5F8FC
:108A8000140BF8F73FFCD5F8147B23F0B3FB014639
:108A900000231A463846F8F706FCD5F8143BDC608C
:108AA0003146D5F8140BF8F73BFEC7E70B1F032B35
:108AB00004D8314B5A68314B5E78CCE7A1F10803FA
:108AC000032BBBD82C4B9A682C4B9E78C3E78B1E8C
:108AD000012B0AD90129B1D8D5F81C3B93F81C24E5
:108AE000274B53F82220002708E0D5F81C3B93F8C9
:108AF0001C34214A52F823202049CF5C002A9DD003
:108B0000D5F8140B05EB84035968D5F8206BE3B254
:108B10001133DBB206EB83067368D5F81C6B96F84D
:108B20001C644EB1642606FB03F3164E86FB03C697
:108B30001E44DB17C3EBE6134FF0010CCDF80CC05D
:108B4000029742F210760196CDF800C0F8F7DAFBF2
:108B5000D5F8147B23F04EFB014600231A46384615
:108B6000F8F7A1FBD5F8143BDC603146D5F8140BBF
:108B7000F8F7D6FD62E77047B4400308A440030845
:108B8000A84003080904028103464FF0020053B3D2
:108B900010B582B01C460B88ADF8043004F55D704A
:108BA00005F076F858B99DF8053043B99DF80430C2
:108BB000032B08D0052B0ED02046FFF716FB4FF0F5
:108BC000000002B010BDD4F89010013904F1580033
:108BD00000F0E5FBF0E7D4F89010013104F1580003
:108BE00000F0DDFBE8E770472DE9F0410646434B16
:108BF0000360434901F1080340F8043B5422243147
:108C000028F027FD06F15808404624F055FA4FF4A5
:108C1000C672002106F5667028F070FB06F2245734
:108C20003C460B2501E0013D4034002D07DB0023CD
:108C30002360636004F1080023F020FBF3E706F6ED
:108C400024040C223946204624F0DAFE06F5256578
:108C5000284623F047FB002386F8103BF7F72DFE4C
:108C600000F5D9501430C6F8140B01F097FCC6F883
:108C7000180BFAF7EFFEC6F81C0BFDF78DFC2AE087
:108C80000FB3C5F10B0407EB8414BC421BD0403C6E
:108C900020461C4B40F8083F05F058F8F5E72846F9
:108CA00023F0BEFB204624F0DBFB06F62404BC4286
:108CB00009D0403C2046134B40F8083F05F046F8E9
:108CC000F5E7EFE7F1E7404624F06AFB0B4B336032
:108CD00025F066FDFAE7C6F8200B0023C6F8243B12
:108CE000C6F8283BC6F82C3B86F8303BC6F8343B28
:108CF000C6F8383B3046BDE8F08100BF44EC0308BD
:108D000048530308A4D20308104B1B68BFF35B8FC2
:108D100013F0010F01D00E48704710B50B4826F034
:108D200092F808B90A4810BD0948FFF75DFF074CE3
:108D3000084A0949201D25F0B8FC204626F092F883
:108D4000F0E7024826F08BF825F02AFD1469002090
:108D50001869002044010020C9DA020870477047F2
:108D600038B505460C46013104F0C0FFC3B203B16B
:108D700038BD214605F1440004F0B8FFF8E710B50E
:108D8000044604F0C2FFC3B203B110BD04F14400B5
:108D900004F0BBFFF9E7012900D0704730B585B07A
:108DA0000446B0F90430D21A036C92FBF3F28263EA
:108DB000C16B8A4201D301398163A16B03FB01F1CD
:108DC000B4F90E00013801220292656B0195009002
:108DD000023B114404F53B7003F081FE2368DB6C19
:108DE000002120469847206A20B12346A26A616A82
:108DF00005F04CFC05B030BD2DE9F04F8BB00546B9
:108E0000894690469B46149EDDF854A044300746A0
:108E10000590009604F077FE012485F854402B68F5
:108E20009B683946284698472B689B6C2146284604
:108E300098470023AB80EB800BF1FF332B81731E2F
:108E40006B81A5F80CB0EE81BAF1030F01D94FF098
:108E5000030AC5F83CA0BBFBFAF32B640024CDF851
:108E60001890CDF81C80CDF820B01496D34631E090
:108E700004EB44000001703004EB440305EB0313E2
:108E80001B6F1B6928449847342304FB03F303F545
:108E900080702B44D3F800311B6928449847E600C2
:108EA000C4EBC400000100F5CC702844C4EBC40737
:108EB00005EB0717D7F89C311B6904309847301B26
:108EC000000100F5E8702844D7F8D4311B6904305C
:108ED00098470134022C00F21981A345C8D904EB4C
:108EE0004406360170362E4404EB440705EB0717A1
:108EF0003B6F9B680599304698472B6CB5F90E205F
:108F00004FF00108CDF80880E96A01910092002233
:108F100004FB03F1304603F0E2FD4146304603F026
:108F20003DFE296B304603F07FFE3B6FDB6800217E
:108F300030469847342304FB03F303F580762E4430
:108F40002B44D3F800319B6930469847B8B134239D
:108F500003FB0453D3F80031D3F81C80B5F95070EB
:108F6000EA6BB7FBF2F704FB07F9DB6B3046984777
:108F7000391A00231A4609EB51013046C047C4EBA9
:108F8000C406360106F5CC762E440436C4EBC40381
:108F900005EB0313D3F89C319B6930469847A8B37F
:108FA000C4EBC400000100F5E8702844C4EBC4031E
:108FB00005EB0313D3F8D4319B690430984728BBE1
:108FC000C4EBC40805EB0818D8F89C31D3F81C9002
:108FD000B5F90C70EA6BB7FBF2F704FB07FADB6B31
:108FE000304698473F1A0AEB5707B5F90EA0D8F854
:108FF0009C311B6C30469847AAEB000A0AEBDA7AE0
:1090000000234FEA6A0239463046C847C4EBC4031E
:1090100005EB0313D3F89C319B6930469847002831
:109020003FD0C4EBC4073F0107F5E8772F4404376E
:10903000C4EBC40305EB0313D3F8D4319B69384662
:10904000984770B3C4EBC40905EB0919D9F89C31F2
:10905000DA690992B5F90C80EA6BB8FBF2F804FB07
:1090600008FADB6B30469847A8EB00080AEB580A71
:10907000B5F90E80D9F89C311B6C30469847A8EBA7
:109080000008D9F8D4311B6C38469847A8EB000883
:1090900008EBD87800234FEA680251463046099F12
:1090A000B847C4EBC4073F0107F5E8772F440437FE
:1090B000C4EBC40305EB0313D3F8D4319B693846E2
:1090C000984700283FF405AFC4EBC40905EB091924
:1090D000D9F8D431DA690992B5F90C80EA6BB8FB9A
:1090E000F2F804FB08FADB6B38469847A8EB000857
:1090F0000AEB5808D9F89C319B6B304698470023FF
:10910000421C41463846099EB047E2E6DDF8189019
:10911000DDF81C80DDF820B0149E05F53B7705993D
:10912000384604F0A3FD2B6CB5F90E20013A01245A
:109130000294696B01910092023B22462146384617
:1091400003F0CDFC2146384604F0D0FD00965B4686
:109150004246494605F5477003F079FD85F82C43F2
:109160000BB0BDE8F08F022933D82DE9F041054658
:109170000C469046342601FB06F606F58077074438
:109180000644D6F800319B6800F144013846984700
:109190004146384602F024FCD6F80031D3F81C8052
:1091A000B5F95010ED6BB1FBF5F505FB04F4DB6B85
:1091B00038469847291A00231A4604EB51013846CD
:1091C000C047D6F80031DB68032138469847BDE830
:1091D000F08170472DE9F04F85B00293022900F22B
:1091E000938005460C461746002A00F08D80002B20
:1091F00000F08D804FEAC10BC1EBC106360106F5C8
:10920000CC760644043600F14409C1EBC10A00EBF8
:109210000A1ADAF89C319B68494630469847ABEB0E
:1092200004084FEA081808F5E878A84408F104088B
:10923000DAF8D4319B684946404698470E9B019323
:109240006FF07F43009300231A463946304604F0FE
:1092500036F80E9A01926FF07F43009300231A466E
:109260000299404604F02BF8DAF89C31DA69029250
:10927000B5F90C70EA6BB7FBF2F704FB07F9DB6B8F
:10928000304698473F1A09EB57030393B5F90E7020
:10929000DAF89C311B6C304698473F1ADAF8D43123
:1092A0001B6C404698473F1A07EBD77700237A108C
:1092B00003993046029FB847DAF8D431DA6902924E
:1092C000B5F90C70EA6BB7FBF2F704FB07F9DB6B3F
:1092D000404698473F1A09EB5707DAF89C319B6BD9
:1092E000304698470023421C39464046029FB84703
:1092F000DAF89C31DB68032130469847DAF8D4313C
:10930000DB6803214046984705B0BDE8F08FC1EB0C
:10931000C106360106F5CC7606440436C1EBC10918
:1093200000EB0919D9F89C319B6800F144013046E3
:1093300098470E9B01936FF07F43009300231A46DA
:109340003946304603F0BBFFD9F89C31D3F81CA056
:10935000B5F90CB0EA6BBBFBF2FB04FB0BF7DB6B64
:1093600030469847ABEB000B07EB5B07B5F90EB047
:10937000D9F89C311B6C30469847ABEB000202EBEE
:10938000D2720023521039463046D047D9F89C316A
:10939000DB68032130469847B6E7C1627047836BAC
:1093A0008B421FD030B585B00446C36B8B4201D8C9
:1093B00005B030BD8163036C03FB01F1B0F95200CD
:1093C00001220292656B019501380090023B114425
:1093D00004F53B7003F083FB2368DB6C002120461F
:1093E0009847E5E770470162426283627047000078
:1093F00070B590F93440B3EB041F45DB250104340C
:10940000B3EB041F40DA5B1B00252C464FF0FF3EF8
:109410000BE003F10F0C0DE090F933402C440134C4
:109420002401013C049EA41B0135032D15DC9C4640
:10943000002BEEDB4FEA2C1C05EB8C0C84449CF8D3
:109440002060002EF0D0BEF1FF3FE5D190F933E06F
:10945000AE44049CC4EB0E1EDEE7BEF1000F05DB3C
:10946000944200DC2246002A0CDC0DE04FF0000E96
:10947000F6E790F93240054B53F8243041F82E308E
:109480000EF1010E7245F4DA70BD00BF48540308B6
:1094900070B582B0069EB3F5C07F27DA1D46002B5B
:1094A00003DB2D114FF0000C0CE003F10F05F8E782
:1094B000154A52F8242041F8232001337345F7DD83
:1094C0000CF1010CBCF10B0F18DC05EB45030CEBA8
:1094D0008303034493F82040002CF1D0C6EB0C1317
:1094E00003F10F0EBEF1000FEADDE7E71A46002B8D
:1094F00006DB12110192019B013B019302B070BD8A
:1095000003F10F02F5E700BF4854030810B5044605
:109510000321006D01F07CFA236D0020C3F8800068
:1095200010BD08B590F9332091B209018180043251
:109530001201028190F9342091B20901C1800432F4
:1095400012014281002104F0B9FB08BD104B1B68D9
:10955000BFF35B8F13F0010F01D00E48704710B5B9
:109560000B4825F070FC08B90A4810BD094824F0E2
:109570002DFB074C084A0949201D25F096F8204686
:1095800025F070FCF0E7024825F069FC25F008F9A9
:1095900054740020587400204401002039DB020874
:1095A00008B590F831300B445BB280F83130002BB5
:1095B00008DB90F93130032B02DD002380F83130D5
:1095C000002116E0032380F83130F2E790F930C033
:1095D00090F931200A4B03EB02120A4492F9F82069
:1095E00003EB0C130B4493F838C1831883F820C0A5
:1095F00001310F29EADD0368DB6C0021984708BDC3
:1096000048540308F8B504460E4615461F4603683D
:10961000DB6C002198477FB194F83330334484F8F1
:10962000333094F834302B4484F834302368DB6CC6
:10963000002120469847F8BD84F8336084F8345000
:10964000F4E710B54FF0000E18E00133032B13DCE4
:1096500003EB8E0C84449CF82040002CF5D090F94C
:109660003440744490F933C002FB04CC9C4490F81D
:10967000324001F80C40E8E70EF1010EBEF1030F95
:1096800001DC0023E2E710BD30B50446002518E0F8
:109690000CF1010CBCF1030F12DC94F934E0AE4480
:1096A00094F9333002FB0E336344CB5C002BEFD0D4
:1096B0000CEB8503234493F820000028E8D006E053
:1096C0000135032D02DC4FF0000CE3E7002030BD34
:1096D000062380F83330002380F8343049B280F814
:1096E000301080F8313080F832201A4609E0064BFD
:1096F00003EB0113134493F838C1831883F820C097
:1097000001320F2AF3DD70474854030810B50446B0
:1097100004F006FB23460C4A43F8202B002121626B
:1097200059609960D96084F8301084F8311084F859
:10973000321084F8331084F8341001222046FFF7E9
:10974000C7FF204610BD00BF98540308062380F8C9
:109750003330002380F8343091F9302080F8302005
:1097600091F9312080F8312091F9322080F83220AF
:1097700006E0CA1892F820C0C21882F820C001334F
:109780000F2BF6DD704708B58446084618230C22D7
:109790000CF12001FFF778FF08BD08B584460846A4
:1097A00018230C220CF12001FFF74BFF08BD10B568
:1097B00004464FF490720021203027F09FFD0023D3
:1097C0000EE003EB430204EB8202072182F8201033
:1097D000013303EB43029200013A224482F8201045
:1097E000162BEEDD002108E003EB430201EB8202C1
:1097F0002244072082F8200001310B29F4DD0023E8
:10980000A380C0222281E3804FF4C073638110BD26
:1098100010B5044604F084FA2046084B40F8203B7B
:109820004FF49072002127F069FD0023C4F8403105
:109830002046FFF7BCFF204610BD00BFF0540308D0
:10984000013A02E08B5C8354013A002AFADA70474D
:1098500070B50546002634460FE001310A290ADCBE
:1098600004EB440301EB83032B4493F82030002BDB
:10987000F3D10022F1E72AB90134162C0FDC0122C2
:109880001146EBE7621E02EB420201EB820205F198
:10989000200105F12C00FFF7D3FF0136ECE7002E85
:1098A0000DDDD5F84031013EC82202FB063364339A
:1098B000C5F840312B68DB6C00212846984770BD05
:1098C0002DE9F047ADF5287D044657A8FFF7A0FF26
:1098D00049A8FFF71BFF3BA8FFF718FF226DD2F83E
:1098E00088303C3B5E08D2F88C30103B03EBD373DE
:1098F0005D1001F075FA01906FF07F4300932B46E5
:109900003246B3492DA803F02AFD012300937823A2
:1099100040F24222AF49A06D05F046FD05F01DFA68
:1099200026F064FC012157A804F0E0F9022149A8BF
:1099300004F0DCF903213BA804F0D8F92022259299
:1099400026AB00221A605A609A60DA601A615A6186
:109950009A6101F0FFFA01906FF07F4300931023AA
:10996000D02225A917A803F0FAFC032117A804F0B8
:10997000BDF905F0F2F9169000231593984694F876
:109980004C30002B40F08780A79E934BA3FB0636FC
:10999000B609C6F10A06002E28DD3BAF394649A8B4
:1099A000FFF7D4FE26F050FC8C4B83FB00230344CE
:1099B000C517C5EBA305C5EBC505451B26F044FC43
:1099C000874B83FB0023C217C2EB630202EB8202C8
:1099D000821A0132D2B2E9B23846FFF779FE00238B
:1099E00005220E213846FFF70DFE01E00126D4E7DF
:1099F00049A957A8FFF7C7FE90B9012384F84D3055
:109A00004FF0640994F84D30002B00F05F81206D19
:109A10004FF0FF3100F5C350143005F00EF959E056
:109A200003AE33466F4A07CA03C31A800022CDF83B
:109A30001620ADF81A20276DD7F88850304622F04E
:109A4000A1F900EB4000A5EB80056E08D7F88C303B
:109A5000103B03EBD3735D1001F0C2F901906FF07E
:109A60007F4300932B46324603A907A803F077FCF7
:109A70000A2107A804F03AF9206D00F5C15004301E
:109A800005F03DF940F6B83005F08FF907A8564BC0
:109A9000036004F05BF917A8534C046004F056F916
:109AA0002DA8046004F052F93BA8504C04F1500575
:109AB000056004F04BF949A8056004F047F957A880
:109AC000A834046004F042F94FF000000DF5287D41
:109AD000BDE8F0870021606DFCF784F8054620B1F1
:109AE0000021606DFCF769F805460121606DFCF707
:109AF00079F8034650B97DB14FF0FF3573B10123BA
:109B00001D4415A9606DFCF774F809E00121606D32
:109B1000FCF753F80346EEE70025EFE70023EFE7F5
:109B2000074610B1B8F1000F08D015B1B8F1000F19
:109B300024D00321606DFCF755F838E0002802DDE1
:109B40004FF0010A09E04FF0FF3A06E049A957A893
:109B5000FFF719FE50B9A7EB0A07002FE5D0012344
:109B60000022514649A8FFF74DFDEFE701230022EF
:109B7000CAF1000149A8FFF745FDD6E7002D01DD38
:109B8000012708E04FF0FF3705E049A957A8FFF784
:109B9000FAFD38B9ED1B002DCBD0394649A8FFF7A7
:109BA000FFFCF2E7794249A8FFF7FAFCC1E720B1D0
:109BB0000321606DFCF701F800BB0521606DFCF727
:109BC00011F8A8B90221606DFCF70CF81DE000BF88
:109BD000FCEA0308F0550308D34D62109324499220
:109BE00067666666745A0308A4D2030848540308DB
:109BF0000521606DFBF7E1FF0028E3D0B8F1000F0D
:109C0000E0D100264FF00109DCE720B10221606DB0
:109C1000FBF7D3FFC0B90421606DFBF7E3FF68B920
:109C2000B8F1000F01D1DEB1013EA79B00933C4B80
:109C3000202225A917A803F0FCFC36E00421606D62
:109C4000FBF7BBFF0028EBD098F0010804D00A21F5
:109C50002DA804F04BF8E3E72DA804F056F8DFE751
:109C600001231A46002149A8FFF7CCFC49A957A8AF
:109C7000FFF789FD50B9A79E2A4BA3FB0636B6090C
:109C8000C6F10A06002ED0DC0126CEE701234FF0F4
:109C9000FF32002149A8FFF7B5FC49A957A8FFF7F3
:109CA0007CFD002384F84D30E5E7206D00F5C350BE
:109CB000143004F0D5FF206D00F5C150043005F0DC
:109CC0001EF8494616A805F076F89BE657A8FFF758
:109CD000BFFD54E607A8144B036004F037F817A83B
:109CE000114B036004F032F82DA80F4B036004F011
:109CF0002DF83BA80D4B036004F028F849A80B4B46
:109D0000036004F023F857A8094B036004F01EF821
:109D100024F046FDE3E7E7E7EBE7EFE7F3E700BF13
:109D200004EB0308D34D6210A4D20308985403082F
:109D3000F054030808B503F0E8FF4FF0000008BD39
:109D40002DE9F04184B007460A9C009403F0DBFE45
:109D500001F008F80368DB689847B4FBF0F4C7F833
:109D6000E448102C02D91023C7F8E438002629E073
:109D7000C6EBC604E40030343C440434C6EBC603EE
:109D800007EBC3035B6B9B68394620469847532516
:109D900006FB05F505F56C753D44043500F0E2FF62
:109DA0000368DB68984700FB06F800F0DBFF0190D2
:109DB0006FF07F430093434600222946204603F07C
:109DC0007EFA0136D7F8E438B342D1DC07F6E8046E
:109DD0003946204603F04AFFB7F90C5000F0C2FFA5
:109DE0000368DB68984701230293FF2301930090E7
:109DF0002B4600221146204602F071FE4FF0000073
:109E000004B0BDE8F08110B400205C1E844208D983
:109E1000145C34B10A2C04D00D2C02D00C54013047
:109E2000F3E700230B5400E00130135C1BB10A2B55
:109E300001D00D2BF8D15DF8044B704770B5044686
:109E40004FF00D00E36A03B170BD0A46D4F8201943
:109E5000D4F8E468B14202DB616D002317E05323BC
:109E600003FB01F101F56C71214404312046FFF739
:109E7000CAFF18E0581CC0EBC00C04EBCC0CDCF89B
:109E80005450C3EBC30304EBC3035D650346701E6C
:109E90009842EFDCC0EBC00004EBC00041655323E7
:109EA0002046FFF7B0FFD4F820390133C4F8203939
:109EB0002368DB6C0021204698474FF00000C3E781
:109EC000F8B506464FF00407D0F82009D6F8E43874
:109ED000C01A884200DB0846002804DDD6F81819AD
:109EE000411A04D101E000210846002870D1F26A2D
:109EF000002A6DD0346B002916DC00291CDB1446C7
:109F00003463C6F8180900254EE0013423780A2B83
:109F100005D00D2B03D0002BF7D100E001342378BE
:109F20000A2BFBD00D2BF9D00029E9D02378002B88
:109F3000E6D00139EAE7013C23780A2B15D00D2B36
:109F400013D0A242F7D310E0A24207D2013C2378FB
:109F50000A2BF9D00D2BF7D000E0013C23780A2B17
:109F600003D00D2B01D0A242F7D319B1A24201D2E6
:109F70000131ECE7A242C3D00134C1E701342378B8
:109F80000A2BFBD00D2BF9D0D3B1532303FB05F1E2
:109F900001F56C713144224604313046FFF733FF3E
:109FA000044401354FF00007D6F8E428AA42E6DC65
:109FB00006E0532303FB0563002183F8B413013546
:109FC000AA42F6DC3368DB6C00213046984701E09A
:109FD0004FF000073846F8BD2DE9F04784B005463C
:109FE0000E460027D0F81819FFF76AFF3C460EE02E
:109FF000C4EBC400C00030302844C4EBC40305EBFC
:10A00000C3035B6BDB680121043098470134D5F84A
:10A01000E438A342ECDC05F6E809D5F81C39D5F89C
:10A0200018299B1AC3EBC300C00030302844C3EB8F
:10A03000C30305EBC3035B6BDB6A0430984704463C
:10A04000D5F81C39D5F818299B1AC3EBC300C000FA
:10A0500030302844C3EBC30305EBC3035B6B1B6BBE
:10A06000043098478046B5F90CA0D5F81C39D5F8CE
:10A0700018299B1AC3EBC300C00030302844C3EB3F
:10A08000C30305EBC3035B6B1B6C04309847EB6A9F
:10A09000C3B14FF47F030122029201930090534613
:10A0A00042462146484602F01AFD002105F6E80026
:10A0B00003F01CFE3146284603F018FE384604B073
:10A0C000BDE8F087FF23E6E72DE9F04184B00446C0
:10A0D0004FF00300E36A002B68D0D4F82039013B2D
:10A0E000002960DB8B425EDBC4F81C19D4F81839F8
:10A0F0008B4200DC11B92046FFF7E2FED4F8183994
:10A10000D4F8E4281344D4F81C198B4252DD04F629
:10A11000E807D4F81C39D4F818299B1AC3EBC300FC
:10A12000C00030302044C3EBC30304EBC3035B6BBC
:10A13000DB6A043098470546D4F81C39D4F818294E
:10A140009B1AC3EBC300C00030302044C3EBC303F1
:10A1500004EBC3035B6B1B6B043098470646B4F9F2
:10A160000C80D4F81C39D4F818299B1AC3EBC3000F
:10A17000C00030302044C3EBC30304EBC3035B6B6C
:10A180001B6C04309847E36AD3B14FF47F0201237C
:10A19000029301920090434632462946384602F027
:10A1A0009EFC4FF0000004B0BDE8F081D4F8E43824
:10A1B000013B95E7013A891A2046FFF781FEA6E7A1
:10A1C000FF22E4E738B504460023C0F82039C16215
:10A1D000C0F81839016351B3012513E001331A782F
:10A1E0000A2A05D00D2A03D0002AF7D100E0013356
:10A1F0001A780A2AFBD00D2AF9D0591A522900D907
:10A20000002519460B7833B1D4F820390133C4F84E
:10A2100020390B46E3E74FF47F0104F6E80002F033
:10A22000EDFC00212046FFF74FFF284638BDFF21F7
:10A2300000F6E80002F0E2FC0025D4F8E438AB4276
:10A2400014DD532305FB03F3E118002281F8B42346
:10A2500003F56C73E118C5EBC500C0003030204435
:10A260000431043003F0B2F90135E6E72368DB6C12
:10A270000021204698470125D3E708B51CF0A4FC2F
:10A2800008BD08B51CF0A0FC08BD08B51CF01CFDFD
:10A2900008BD08B51CF018FD08BD08467047084603
:10A2A000704770477047000010B5C1640C69C0F872
:10A2B00088404969C0F88C10026504F053F910BD5C
:10A2C00070B504460D464FF004061EF00BFD012844
:10A2D00001D0304670BDE5642B69C4F888306B69E5
:10A2E000C4F88C304FF00006F3E770B504460E4614
:10A2F00000F5C35514354FF0FF31284604F09DFC9E
:10A30000E06C03685B6998470028F9D0E06C03684B
:10A31000DB6B3146984784F88460284604F0A0FC43
:10A3200070BD70B504460D464FF004061EF0DAFC11
:10A33000012801D0304670BD25654FF00006F9E7D1
:10A340002DE9F041036D3BB304460F46164600F578
:10A35000C6580121404604F0ABFAC0B200BB04F578
:10A36000805393F81A3873B1206D0368DB689847FF
:10A37000054640B104F58054D4F81C383B60D4F84D
:10A380002038336004E004F58054002584F81A581E
:10A39000404604F0B5FA00E000252846BDE8F0810B
:10A3A0000025FAE738B5036D8BB1044600F5C655B4
:10A3B0000121284604F07CFAC0B258B9206D036828
:10A3C000DB6898470446284604F09AFA00E0002427
:10A3D000204638BD0024FBE7036D002B00F0DA8037
:10A3E00070B5A2B004460126029600250195D0F86A
:10A3F0008C300093D0F888302A4629460AA802F00B
:10A40000A5FB02966FF07F430193022300932A4637
:10A41000294616A802F09AFB206D02682B4600958B
:10A42000D56964221146A8476FF001010AA803F01C
:10A430005DFC4FF0FF3116A803F058FC0023092201
:10A44000114616A803F0AAFC02E0642004F0ADFC5B
:10A4500008AA06A92046FFF773FF40B904F5C150CA
:10A46000043004F04CFCF0E7642004F09EFC05AAE4
:10A4700004A92046FFF764FF98B1069B049A134491
:10A4800003EBD3735B100693089B059A134403EB0D
:10A49000D3735B10089304F5C150043004F02FFC13
:10A4A000E2E7D4F88810D4F88C2000230B3A0B395B
:10A4B00016A803F073FC02E0642004F076FC09AAFD
:10A4C00007A92046FFF73CFF40B904F5C15004300E
:10A4D00004F015FCF0E7642004F067FC05AA04A969
:10A4E0002046FFF72DFF98B1079B049A134403EB16
:10A4F000D3735B100793099B059A134403EBD37343
:10A500005B10099304F5C150043004F0F8FBE2E756
:10A51000069B0799C91A642505FB01F1D4F8882028
:10A52000143A91FBF2F10898099A121A05FB02F20B
:10A53000D4F88C60A6F1140C92FBFCF205FB03F33B
:10A5400093FBF1F300FB05F595FBF2F5C5F10A0568
:10A55000206D04680095E469C3F10A03A04716A8BA
:10A5600003F0D3FB0C4C169416A803F0EFFB0A94EF
:10A570000AA803F0EBFB22B070BD074B169316A898
:10A5800003F0E4FB044B0A930AA803F0DFFB24F07A
:10A5900007F9F7E7704700BFE0D1030808B50F4B94
:10A5A0001B68BFF35B8F13F0010F01D00C4808BD8F
:10A5B0000A4824F048FC0028F8D0094823F07AFB28
:10A5C000084A0949064824F070F8044824F04AFC77
:10A5D000ECE7024824F043FC24F0E2F8B4740020D5
:10A5E000B87400204401002029DC02082DE9F04F56
:10A5F0008BB00446322100F5C150043004F057FB03
:10A60000C0B258B3206D20B304F58056D6F81C387C
:10A610000893D6F82038099303685B6909AA08A94A
:10A620009847054696F81A3813B1002840F0108173
:10A6300004F5805393F81A38AB4240F0358104F5A5
:10A64000C6560121304604F033F9C0B2002800F0AC
:10A6500049814FF000000BB0BDE8F08F04F5C357FF
:10A6600014374FF0FF31384604F0E7FAC0B2002843
:10A67000C8D104F5B85A0AF11A0A504623F096FBDD
:10A6800005900023049306979FE0D4F88020C3B27E
:10A690004FF4347505FB0313243344F823200131B0
:10A6A000B1F5347FF1D34FF0FF31484604F0C5FADD
:10A6B00094F88630012B26D004F5805393F81017B8
:10A6C0004FF4346303FB01F19031039B0093334655
:10A6D0004246214404F1540002F0EAFF484604F0E7
:10A6E000BFFA029B6BB3E06C04F5805393F810172C
:10A6F0004FF4346303FB01F190310368DB68424699
:10A70000214498471DE004F5805393F810174FF447
:10A71000346303FB01F19031039B0093ABEB060321
:10A720004246214404F1540002F0F4FFD6E74FF012
:10A73000E0234FF08052C3F8042DBFF34F8FBFF3D7
:10A740006F8FE06C03685B6998470028EFD0E76C77
:10A750003B68D3F810A004F5805292F810574FF4DC
:10A76000346202FB05F5903525445B6C4146384662
:10A770009847024629463846D0470136B3450ADB9A
:10A78000002E06F00100B8BF404204F5805383F864
:10A790001007002184E7DDF81CA009E04FF0E0235A
:10A7A0004FF08052C3F8042DBFF34F8FBFF36F8F6C
:10A7B000E06C03685B6998470028EFD0E06C0368A1
:10A7C0009B699847049B01330493049B059A934229
:10A7D00039D2504623F007FBA8BB04F5C15909F153
:10A7E00008094FF0FF31484604F027FA04F5B85144
:10A7F0001231504623F085FB04F58053B3F812570D
:10A800000395B3F81667B3F81487B3F818B748463A
:10A8100004F026FAE06C03681B6C98470290E06C29
:10A820000368CDF800B0DF69434632462946B84791
:10A83000A8EB05081FFA88F808F101081FFA88F844
:10A84000CDF81CA09AE7069F384604F009FAD9E62D
:10A8500004F5C15608364FF0FF31304604F0EDF9EB
:10A8600004F58053D3F81C18089A914204D1D3F808
:10A870002008099B98420FD004F58053D3F8203864
:10A8800001930091099B022104F1540002F06AFF38
:10A89000304604F0E5F9CBE601900091032104F184
:10A8A000540002F05FFFF3E704F5C15608364FF09D
:10A8B000FF31304604F0C1F904F1540085B10021A4
:10A8C00004F58053D3F820280192D3F81C38009364
:10A8D000099B089A02F046FF304604F0C1F9AEE643
:10A8E0000121EDE704F5805484F81A58089BC4F858
:10A8F0001C38099BC4F82038304604F001F8A8E65B
:10A900002DE9F04704460E4617461D46BDF9209036
:10A910004FF0030A00F5C15808F108084FF0FF3165
:10A92000404604F08AF9002E36DB002F36DBD4F8DF
:10A9300088309D4201DB013B1DB2D4F88C30994533
:10A9400002DB013B0FFA83F9AE421FDC4F451DDCF1
:10A9500094F88630012B05D04B46A9461D463B4650
:10A9600037461E4604F58053A3F81277A3F81667FE
:10A97000A3F81497A3F8185704F5B851123104F549
:10A98000B8501A3023F03CFB4FF0000A404604F068
:10A9900067F95046BDE8F0870026C6E70027C6E7FE
:10A9A00070B582B004460E4600F5C35514354FF01D
:10A9B000FF31284604F041F9E06C03685B69984771
:10A9C0000028F9D0012E16D0E06C03681B6A94F8B9
:10A9D0008510984784F88660284604F041F9B4F958
:10A9E0008C300093B4F98830002211462046FFF7DE
:10A9F00087FF02B070BDE06C03681A6A94F8853076
:10AA0000591E032902D8C9B29047E3E70321FBE7A7
:10AA100070B582B004460D4600F5C35614364FF0AB
:10AA2000FF31304604F009F9E06C03685B69984730
:10AA30000028F9D0E06C03681B6A29469847E26C4D
:10AA40001369C4F888305269C4F88C2084F88550A2
:10AA500000920022114604F1540003F054F83046ED
:10AA600004F0FEF8B4F98C300093B4F98830002279
:10AA700011462046FFF744FF94F8861039B9206D3F
:10AA800018B103689B692946984702B070BD2046FB
:10AA9000FFF786FFF3E710B582B004464FF00200DF
:10AAA000E36C23B31A6892681846904794F88410B0
:10AAB0002046FFF71AFC94F886102046FFF770FF37
:10AAC00094F885102046FFF7A3FFD4F88C3000934C
:10AAD000D4F888300022114604F1540003F013F832
:10AAE000206D10B103689B6898474FF0000002B0DA
:10AAF00010BD00BF2DE9F04188B004460E46154652
:10AB00000368DB6898470746002859D000238DF872
:10AB10000F30E0680368102201926A440092D3F873
:10AB2000208001230DF10F023821C047C3B2002B52
:10AB30004AD19DF812202274022A3BD900222274A5
:10AB400038E003EB4300400000F123026A4412F8AE
:10AB500010CC4FEA0C2C0CF4706C03F1080204EBDF
:10AB60004202A2F802C000F12401694411F8101C4D
:10AB70004CEA010CA2F802C000F125010DEB010026
:10AB800010F8100C010201F47061D18003F1010C86
:10AB90000CEB4C0E0DF1200808EB4E0E1EF810ECDD
:10ABA00041EA0E01D18000090C3304EB43035880C5
:10ABB0005FFA8CF3012BC4D9638A3360E38A2B607C
:10ABC000384608B0BDE8F081E06803689B699847A3
:10ABD0000027F5E770B504460E46154603681B6965
:10ABE000984730B16379022B04D0032B0BD0012B93
:10ABF00010D070BDE38832689B1A336023892A68BD
:10AC00009B1A2B60F5E72A68E38831685B1A2B6092
:10AC10003260EEE73268238929685B1A33602A6064
:10AC2000E7E710B582B08DF804108DF80520C068F4
:10AC300003685C6A022301AA3821A04702B010BD54
:10AC400010B584B08DF80F10C0680168012301931E
:10AC500000920C6A0DF10F023821A04704B010BD1C
:10AC600010B582B00446C06803689B6B0221984708
:10AC7000E0680368DB6B02219847E06803681B69A2
:10AC80009847C3B23BB1C3B25BB1C3B27BB1C3B2ED
:10AC9000E3B102B010BD282280212046FFF7C1FF9A
:10ACA000F1E7002286212046FFF7BBFFEDE78DF894
:10ACB00007300DF10702A8212046FFF7C1FF9DF8DC
:10ACC0000730112BE3D04FF00400E0E78DF8073098
:10ACD0000DF10702A3212046FFF7B2FF9DF80730D0
:10ACE000362BD6D0642BD4D0062BD2D04FF0040014
:10ACF000CFE730B583B0054600238DF807300DF15E
:10AD000007020221FFF79CFFC4B21CB1E868036888
:10AD10009B6998479DF80730022B00D814B1002397
:10AD20008DF807309DF80700003818BF012003B0E8
:10AD300030BD0000084A0260002202714271C280E8
:10AD40008260064A02600A220271122242712422A3
:10AD5000C280034A8260704794EC0308B8EC030891
:10AD6000C45B030838B50E4B1B68BFF35B8F13F051
:10AD7000010F01D00B4838BD094824F064F80028C1
:10AD8000F8D0074C251D2846FFF7D4FF064A07498F
:10AD9000284623F08AFC204624F064F8EAE700BF46
:10ADA0007C8D0020808D002044010020A1E002085D
:10ADB000084A0260002202714271C2808260064A23
:10ADC00002600C220271102242712022C280034ACA
:10ADD0008260704794EC0308F8EC0308C47F030812
:10ADE00038B50E4B1B68BFF35B8F13F0010F01D01A
:10ADF0000B4838BD094824F026F80028F8D0074C45
:10AE0000251D2846FFF7D4FF064A0749284623F0A8
:10AE10004CFC204624F026F8EAE700BF8C8D002089
:10AE2000908D002044010020F9E00208084A0260E9
:10AE3000002202714271C2808260064A02600422CE
:10AE4000027106224271C280034A8260704700BFCD
:10AE500094EC030834ED0308C49F030838B50E4B87
:10AE60001B68BFF35B8F13F0010F01D00B4838BD97
:10AE7000094823F0E8FF0028F8D0074C251D284694
:10AE8000FFF7D4FF064A0749284623F00EFC204668
:10AE900023F0E8FFEAE700BF9C8D0020A08D002092
:10AEA000440100203DE10208084A026000220271CC
:10AEB0004271C2808260064A026006220271082244
:10AEC0004271C280034A8260704700BF94EC03085D
:10AED00070ED0308C4A5030838B50E4B1B68BFF31B
:10AEE0005B8F13F0010F01D00B4838BD094823F0E8
:10AEF000AAFF0028F8D0074C251D2846FFF7D4FFED
:10AF0000064A0749284623F0D0FB204623F0AAFF33
:10AF1000EAE700BFAC8D0020B08D00204401002086
:10AF20007DE10208084A0260002202714271C2807B
:10AF30008260064A0260082202710C224271C280BD
:10AF4000034A8260704700BF94EC0308ACED03082D
:10AF5000C4AD030838B50E4B1B68BFF35B8F13F00D
:10AF6000010F01D00B4838BD094823F06CFF0028C1
:10AF7000F8D0074C251D2846FFF7D4FF064A07499D
:10AF8000284623F092FB204623F06CFFEAE700BF3F
:10AF9000BC8D0020C08D002044010020C1E10208CA
:10AFA000074A0260002202714271C2808260054A33
:10AFB0000260082202714271C280034A82607047B7
:10AFC00094EC0308E8ED0308C4B9030838B50E4B48
:10AFD0001B68BFF35B8F13F0010F01D00B4838BD26
:10AFE000094823F030FF0028F8D0074C251D2846DB
:10AFF000FFF7D6FF064A0749284623F056FB2046AE
:10B0000023F030FFEAE700BFCC8D0020D08D002078
:10B010004401002001E2020800231846B3EB820F2E
:10B0200018D230B55D1C11F803C0441C01F800C0F3
:10B0300003F1020E4D5D00F1020C0D5511F80EE00A
:10B0400001F80CE003300433B3EB820FEAD34FF086
:10B05000000030BD4FF00000704792B202EB42009A
:10B0600080B2013880B2013A12B2002A25DB10B555
:10B0700001EB42035B7811F8124043EA04231CB24F
:10B0800000F1FF3E1FFA8EFEE4000C54DC0804F0D1
:10B09000FC04A0F1020C1FFA8CFC01F80E401B0A04
:10B0A00003F0F803033880B201F80C30013A12B211
:10B0B000002ADDDA4FF0000010BD4FF000007047AD
:10B0C00000230EE011F813C04FEACC0C0CF0380C42
:10B0D00001EB4300407800F0070040EA0C00C85440
:10B0E0000133B3EB520FEDD34FF00000704708B5BA
:10B0F000C06903689B6A984708BD00291FDB70B5CB
:10B1000082B004461D460369994214DA002A12DB14
:10B1100043699A420FDA89B292B24B1C0668501CFE
:10B1200080B20090F6699BB22046B04723685B6A04
:10B130002946204698474FF0000002B070BD4FF0FE
:10B140000000704710B50446C06903689B6A9847C1
:10B1500018B9E0690368DB6A9847206A23F06AF847
:10B160004FF0000010BD70B504460D461646406A0B
:10B1700023F060F8206A417903685B69003918BFE1
:10B1800001219847E06903681B6A324629469847BF
:10B1900070BD70B584B01C460369994230DA06462A
:10B1A00043699A422CDA1019834201DA9B1A1CB2C5
:10B1B00089B292B213199BB23068013B9BB20093E3
:10B1C000C5690B463046A847089B1B0A8DF80F300F
:10B1D000306A417903685B69003918BF01219847DB
:10B1E00007E0F06903685B6901220DF10F019847E0
:10B1F0002C46631E1DB2002CF3D1306A23F01AF8DE
:10B200004FF0000004B070BD70B584B01C460369F7
:10B2100099422FDA0646406982422BDA08198342A6
:10B2200001DA5B1A1CB289B292B20B199BB2013BD4
:10B2300030680092C5699BB23046A847089B1B0A3C
:10B240008DF80F30306A417903685B69003918BFA7
:10B250000121984707E0F06903685B6901220DF15D
:10B260000F0198472C46631E1DB2002CF3D1306AA3
:10B2700022F0E0FF4FF0000004B070BD2DE9F04176
:10B2800084B09846BDF928700369994240DA0646B1
:10B29000406982423CDA01EB0804A34202DA5B1AFD
:10B2A0000FFA83F8D319984201DA801A07B289B2EB
:10B2B00092B201EB08039BB2D01980B2013B346813
:10B2C000013880B20090E4699BB23046A0470B9BE6
:10B2D0001B0A8DF80F30306A417903685B690039C9
:10B2E00018BF012198470CE0F069026855690122F6
:10B2F0000DF10F01A847013C24B2002CF4DC013F02
:10B300003FB2002F01DD4446F7E7306A22F092FF9A
:10B310004FF0000004B0BDE8F08110B50446806A2B
:10B32000C0B122F087FF0521204622F08FFFA06ADE
:10B33000417903685B69003918BF012198471421DE
:10B34000204622F083FFA06A22F074FF9621204657
:10B3500022F07CFF0121204622F0AAFF6421204632
:10B3600022F074FFC021204622F0A2FF17212046C0
:10B3700022F093FF1521204622F08FFFC1212046A5
:10B3800022F096FF4121204622F087FFC52120466A
:10B3900022F08EFF0021204622F07FFF122120465E
:10B3A00022F07BFF8021204622F077FF3A212046C1
:10B3B00022F07EFF6621204622F06FFFB121204659
:10B3C00022F076FFA021204622F067FFF7212046D9
:10B3D00022F06EFFA921204622F05FFF5121204676
:10B3E00022F05BFF2C21204622F057FF82212046CD
:10B3F00022F053FF3621204622F05AFF2821204612
:10B4000022F04BFFE021204622F052FF002120468F
:10B4100022F043FF0321204622F03FFF092120466E
:10B4200022F03BFF0821204622F037FF162120465C
:10B4300022F033FF0A21204622F02FFF3F21204631
:10B4400022F02BFF7821204622F027FF4C212046B6
:10B4500022F023FF0921204622F01FFF0A21204667
:10B4600022F01BFF0821204622F017FF162120465C
:10B4700022F013FF1A21204622F00FFF0F21204651
:10B4800022F00BFFE121204622F012FF002120468E
:10B4900022F003FF1621204622F0FFFE192120464C
:10B4A00022F0FBFE0321204622F0F7FE0F2120466A
:10B4B00022F0F3FE0521204622F0EFFE3221204645
:10B4C00022F0EBFE4521204622F0E7FE46212046F1
:10B4D00022F0E3FE0421204622F0DFFE0E2120466A
:10B4E00022F0DBFE0D21204622F0D7FE352120463A
:10B4F00022F0D3FE3721204622F0CFFE0F21204636
:10B5000022F0CBFEB021204622F0D2FE8021204640
:10B5100022F0C3FEB421204622F0CAFE02212046BA
:10B5200022F0BBFEB621204622F0C2FE02212046B8
:10B5300022F0B3FE0221204622F0AFFEE921204690
:10B5400022F0B6FE0021204622F0A7FE112120465F
:10B5500022F0AEFE7821204622F078FE29212046F6
:10B5600022F0A6FE4FF0000010BD2DE9F041044688
:10B570000F4615461E46BDF818802A2122F098FE77
:10B58000390A204622F089FEF9B2204622F085FED3
:10B59000310A204622F081FEF1B2204622F07DFEE3
:10B5A0002B21204622F084FE290A204622F075FE37
:10B5B000E9B2204622F071FE4FEA1821204622F01F
:10B5C0006CFE5FFA88F1204622F067FE2C212046AF
:10B5D00022F06EFE606A22F02DFE4FF00000BDE802
:10B5E000F08110B504460176362122F061FE237EFB
:10B5F000032B0BD8DFE803F01F16020DE8212046CD
:10B6000022F04BFEA3682361E36863614FF0000002
:10B6100010BD8821204622F040FEE3682361A36824
:10B620006361F3E74821204622F037FEE368236197
:10B63000A3686361EAE72821204622F02EFEA36872
:10B640002361E3686361E1E708B529B1212122F0B4
:10B650002FFE4FF0000008BD2021F8E738B5044662
:10B660000D46406A22F0E6FDE9B2204622F0FCFDDC
:10B67000C5F30721204622F0F7FDC5F30741204618
:10B6800022F0F2FD4FF0000038BD70B505460C46C3
:10B69000406A22F0CFFDE00AC4F3451204F01F0314
:10B6A000C0EB0020144C84FB00610144C017C0EBC8
:10B6B0002111C2EB0222114880FB02601044D61710
:10B6C000C6EB6016F6B2C3EB032384FB0324E21837
:10B6D000DC17C4EB2214E4B2C9B2284622F0C4FD40
:10B6E0003146284622F0C0FD2146284622F0BCFD06
:10B6F0004FF0000070BD00BF430821848320088202
:10B7000038B504460D46406A22F094FD294620468D
:10B7100022F0AAFD4FF0000038BD38B504460D46B2
:10B72000406A417903685B69003918BF0121984775
:10B730002946204622F098FD606A22F07BFD2046D3
:10B7400022F0C6FD38BD00BFB0F906C09C454BDCF9
:10B7500070B5B0F90A409C4245DB456A002D42D0E5
:10B76000A3EB0C03B0F90C4004FB03F3B0F904C0E5
:10B77000049CBCEB040C11D4B0F908E0049CAEEBC3
:10B78000040E964501DB02F1FF3E90F8302052B1E5
:10B79000AEEB0C0213444FF0FF3605E0A3EB0C03B5
:10B7A0004FF0000CE8E70126826A12B910E00CF1B4
:10B7B000010CE64517DB826AEC5C52F82420334426
:10B7C000C46A9442F3D041F82C20F0E70CF1010C4C
:10B7D000E64508DB55F823403344C26AA242F5D05F
:10B7E00041F82C40F2E770BD7047704730B5B0F9B2
:10B7F00006E09E452DDCB0F90A409C4229DB046A34
:10B800003CB3446A2CB3B0F904C0039CBCEB040CF9
:10B810000FD4B0F90840039D641B944200DB541E12
:10B82000002C16DDA3EB0E03B0F90C2002FB03F392
:10B830000DE04FF0000CECE7426A056A15F803E0F2
:10B8400052F82E2041F82C200CF1010C01336445F4
:10B85000F2DA30BD704730B5B0F906E09E4528DC1D
:10B86000B0F90A409C4224DB046A14B3B0F904C066
:10B87000039CBCEB040C0FD4B0F90840039D641B7F
:10B88000944200DB541E002C13DDA3EB0E03B0F931
:10B890000C2002FB03F30AE04FF0000CECE7026A15
:10B8A00052F8232041F82C200CF1010C013364459F
:10B8B000F5DA30BD7047B0F906C09C455CDC70B568
:10B8C000B0F90A409C4256DB046A002C53D0A3EB2B
:10B8D0000C03B0F90C5015F0070F18D12C46002DB1
:10B8E00013DBE41004FB03F3B0F904C0049CBCEBCD
:10B8F000040C14D4B0F90840049D641B944200DB8E
:10B90000541E002C37DD002221E0EC1DE9E72C4617
:10B91000002D02DBE4100134E4E7EC1DFAE7644695
:10B92000BCF1000F04DBA3EBE4034FF0000CE1E7F4
:10B930000CF10704F7E7856AC66AB54201D041F801
:10B940002C50072A14D00132D2B20CF1010C6445FC
:10B9500011DB056A15F803E04EFA02FE1EF0010F36
:10B96000E9D0456AC66AB542EBD041F82C50E8E709
:10B9700001330022E9E770BD70477047F8B504460F
:10B980000F4616461D4602F0CBF9144B23600023E8
:10B9900084F820306362A3624FF0FF32E26284F8E1
:10B9A0003030A780E6802988B5F90030A3816A8805
:10B9B000B5F90230E381394489B201392181324439
:10B9C00092B2013A62812B7984F82030AB686362CD
:10B9D000EB68A3622B69E3622046F8BD48C3030805
:10B9E00038B504460D4602F0C5F9626AAB689A4262
:10B9F00028D02368DB6C0021204698472A88B5F9B7
:10BA00000030A3816B88B5F90210E181A1880A4456
:10BA100092B2013A2281E28813449BB2013B6381D6
:10BA20002B7984F82030AB686362EB68A3622B69E2
:10BA3000E3622368DB6C002120469847204602F031
:10BA4000A4F938BDB4F90C202B889A42D1D1B4F9AD
:10BA50000E206B889A42CCD1A26AEB689A42C8D178
:10BA6000E26A2B699A42C4D1E8E72DE9F041044625
:10BA70000E4615461F46DDF8188002F051F90C4BB2
:10BA80002360002323626362A680E5803E44B6B251
:10BA9000013E26814544ADB2013D6581A781A4F8F0
:10BAA0000E80079B2362089B63622046BDE8F081FD
:10BAB000F0C2030870B50B79082B03D04FF00306D2
:10BAC000304670BD04460D464FF0000602F052F9B4
:10BAD000226AAB689A4223D02368DB6C002120469F
:10BAE00098472A88B5F90030A3816B88B5F9021010
:10BAF000E181A1880A4492B2013A2281E28813448A
:10BB00009BB2013B6381AB682362EB68636223688D
:10BB1000DB6C002120469847204602F036F9CFE73B
:10BB2000B4F90C202B889A42D6D1B4F90E206B8838
:10BB30009A42D1D1626AEB689A42CDD1ECE7F8B56E
:10BB400004460E4615461F4602F014F9236AB34216
:10BB50001ED02368DB6C002120469847A581E78131
:10BB6000A38813FA85F5ADB2013D2581E38813FA68
:10BB700087F7BFB2013F67812662069B6362236835
:10BB8000DB6C002120469847204602F0FEF8F8BD05
:10BB9000B4F90C30AB42DCD1B4F90E30BB42D8D191
:10BBA000636A069A9342D4D1EEE72DE9F041044648
:10BBB0000E4615461F46DDF8188002F0B1F80B4B13
:10BBC000236000232362A680E5803E44B6B2013E96
:10BBD00026814544ADB2013D6581A781A4F80E8060
:10BBE000079B23622046BDE8F08100BF98C203088E
:10BBF00070B50B79202B03D04FF00306304670BD93
:10BC000004460D464FF0000602F0B4F8226AAB6815
:10BC10009A4221D02368DB6C0021204698472A886D
:10BC2000B5F90030A3816B88B5F90210E181A188D4
:10BC30000A4492B2013A2281E28813449BB2013B4A
:10BC40006381AB6823622368DB6C00212046984740
:10BC5000204602F09AF8D1E7B4F90C202B889A42DA
:10BC6000D8D1B4F90E206B889A42D3D1F0E7F8B559
:10BC700004460E4615461F4602F07CF8226AB24280
:10BC80001CD02368DB6C002120469847A581E78102
:10BC9000A38813FA85F5ADB2013D2581E38813FA37
:10BCA00087F39BB2013B638126622368DB6C002132
:10BCB00020469847204602F068F8F8BDB4F90C30E9
:10BCC000AB42DED1B4F90E30BB42DAD1F2E72DE956
:10BCD000F04104460E4615461F46DDF8188002F076
:10BCE0001FF80E4B2360002323626FF07F426262D5
:10BCF000A3624FF0FF13E362A680E5803E44B6B234
:10BD0000013E26814544ADB2013D6581A781A4F87D
:10BD10000E80079B23622046BDE8F08140C20308E5
:10BD200070B50B79012B03D04FF00306304670BD80
:10BD300004460D464FF0000602F01CF8226AAB687C
:10BD40009A4223D02368DB6C0021204698472A883A
:10BD5000B5F90030A3816B88B5F90210E181A188A3
:10BD60000A4492B2013A2281E28813449BB2013B19
:10BD70006381AB6823622B69E3622368DB6C00217B
:10BD800020469847204602F000F8CFE7B4F90C208F
:10BD90002B889A42D6D1B4F90E206B889A42D1D121
:10BDA000F0E7F8B504460E4615461F4601F0E2FFDF
:10BDB000226AB2421CD02368DB6C002120469847DF
:10BDC000A581E781A38813FA85F5ADB2013D2581F0
:10BDD000E38813FA87F39BB2013B638126622368F1
:10BDE000DB6C002120469847204601F0CEFFF8BDCD
:10BDF000B4F90C30AB42DED1B4F90E30BB42DAD12B
:10BE0000F2E700BF704710B5446A8C4208D0416227
:10BE1000826280F834300368DB6C0021984710BDE3
:10BE2000846A9442F3D190F834C09C45EFD1F6E790
:10BE300008B590F835308B4205D080F8351003688E
:10BE4000DB6C0021984708BD0B4609B1012002E0D8
:10BE50000120704701331A781AB10A2AFAD1013049
:10BE6000F8E7704790F836308B4200D1704770B5D4
:10BE700004460D4601F07EFF2368DB6C002120465E
:10BE8000984784F83650204622F0BFFA94F82C30B8
:10BE900094F8366010FB03F53544EDB284F8375062
:10BEA000216A2046FFF7D0FF15FB00F5AD1BE581A9
:10BEB000E38813FA85F5ADB2013D65812368DB6C3B
:10BEC000002120469847204601F05FFF70BD0A46DA
:10BED00009B1002002E0002070470130135C0BB173
:10BEE0000A2BFAD170472DE9F04F83B09046B0F994
:10BEF00006209A4200F3CB8005468A46B0F90A1024
:10BF00009942C0F2C480016A002900F0C080016B30
:10BF1000002900F0BC809B1A90F8372093FBF2F7C1
:10BF2000B0F904400C99641A90F82C1002FB1733F6
:10BF300093FBF1F622F072FA00FB06FB284622F092
:10BF400064FABBFBF0FBEB6B0193AB6BBB4216D00F
:10BF5000AF632B6A019302E0019B0133019337B178
:10BF6000019B1B781BB10A2BF6D1013FF4E7019B23
:10BF7000EB6319462846FFF7AAFFA5F8400095F89D
:10BF80003530012B19D0022B29D0284622F03DFA5A
:10BF900086426ED395F83430002B78D1019B1B7804
:10BFA000002B74D00A2B72D0002CF7DB4445F5DA55
:10BFB000AB6A4AF824300134F0E7B5F840702846FF
:10BFC00022F01AFA00FB07F795F82C20B5F90C308F
:10BFD00002FB173303EBD37304EB6304D5E7B5F827
:10BFE0004070284622F008FA00FB07F795F82C204D
:10BFF000B5F90C3002FB17331C44C6E709EB0B0301
:10C00000009AD35C4FEAC90293401F4309F101092A
:10C01000284622F003FA0646284622F0F6F9B6FB37
:10C02000F0F64E45EAD8002619E095F8342012B90A
:10C03000AA6A4AF8242001340133DBB295F82C2097
:10C040009A420AD9002CF6DB4445F4DA17F0010FC6
:10C05000EBD06A6A4AF82420EDE77F0801362846CB
:10C0600022F0CAF9864201D20023E7E7019B01339F
:10C070000193019B197851B10A2908D0286B0368F4
:10C080005B69984700904FF000094F46C0E703B046
:10C09000BDE8F08F70B519B106460C4600250AE0E0
:10C0A0000025284670BD21463046FFF710FF854227
:10C0B00000D2054604442378002BF2D023780A2BC3
:10C0C000F1D10134FAE72DE9F04704468A4691465A
:10C0D0009846099D01F04EFE2368DB6C0021204646
:10C0E0009847C4F820A0A4F80490A4F80680089B00
:10C0F00063620027A7622563012384F834302B682C
:10C10000DB682846984794F82C2094F8363010FBCA
:10C1100002F0034484F837302B689B682846984720
:10C12000054651462046FFF7B5FF94F82C3015FB25
:10C1300000F515FB03F5ADB2A58194F837605146C3
:10C140002046FFF781FE94F8363016FB00F0C01A47
:10C15000E0814D44ADB2013D258118FA80F080B2F6
:10C16000013860814FF0FF33A3632368DB6C3946ED
:10C1700020469847204601F008FEBDE8F087F0B55C
:10C1800083B004460D4616461F4601F0C9FD154B07
:10C190002360002020626062A062012384F82C30BA
:10C1A000206384F8340084F8350084F8360084F87D
:10C1B00037304FF0FF33A363A4F84000099B01938D
:10C1C000089B00933B46324629462046FFF77BFFFB
:10C1D00004E0204601F0BAFD22F0E2FA204603B066
:10C1E000F0BD00BF08D003082DE9F04704468A4699
:10C1F000914698460A9D01F0BDFD2368DB6C002145
:10C2000020469847C4F820A0A4F80490A4F806801B
:10C21000089B6362099BA3622563002784F834703E
:10C220002B68DB682846984794F82C2094F8363021
:10C2300010FB02F0034484F837302B689B682846D3
:10C240009847054651462046FFF724FF94F82C30C6
:10C2500015FB00F515FB03F5ADB2A58194F8376029
:10C2600051462046FFF7F0FD94F8363016FB00F0FB
:10C27000C01AE0814D44ADB2013D258118FA80F02D
:10C2800080B2013860814FF0FF33A3632368DB6C19
:10C29000394620469847204601F077FDBDE8F087F3
:10C2A000F0B585B004460D4616461F4601F038FD30
:10C2B000154B2360002020626062A062012384F895
:10C2C0002C30206384F8340084F8350084F836007C
:10C2D00084F837304FF0FF33A363A4F840000C9B81
:10C2E00002930B9B01930A9B00933B4632462946DF
:10C2F0002046FFF779FF04E0204601F027FD22F0F9
:10C300004FFA204605B0F0BD08D00308F8B5036B1E
:10C310008B4247D004460D4601F02CFD2368DB6CB0
:10C3200000212046984725632B68DB6828469847FC
:10C3300094F82C2094F8363010FB02F0034484F873
:10C3400037302B689B68284698470546276A394648
:10C350002046FFF79FFE94F82C3015FB00F515FBE7
:10C3600003F5ADB2A58194F8376039462046FFF752
:10C370006BFD94F8363016FB00F0C01AE081A388FC
:10C380001D44ADB2013D2581E38813FA80F080B2EF
:10C39000013860812368DB6C0021204698472046E5
:10C3A00001F0F3FCF8BDF8B590F82C308B4202D0C8
:10C3B00004460D4601B9F8BD01F0DCFC2368DB6CD6
:10C3C00000212046984784F82C50204622F01DF882
:10C3D00094F82C2094F8363010FB02F0034484F8D3
:10C3E0003730204622F008F80546276A39462046AD
:10C3F000FFF750FE94F82C3015FB00F515FB03F504
:10C40000ADB2A58194F8376039462046FFF71CFD90
:10C4100094F8362016FB00F39B1AE381A28815449A
:10C42000ADB2013D2581E28812FA83F39BB2013B54
:10C4300063812368DB6C002120469847204601F089
:10C44000A4FCB8E7F8B504460D46164601F092FC88
:10C45000236AAB4245D02368DB6C00212046984715
:10C4600025624FF0FF33A36394F82C50204621F04F
:10C47000CCFF94F8363010FB05F0034484F83730D5
:10C48000204621F0B9FF0546276A39462046FFF7C6
:10C4900001FE94F82C3015FB00F515FB03F5ADB249
:10C4A000A58194F8376039462046FFF7CDFC94F813
:10C4B000363016FB00F0C01AE081E38813FA80F0F2
:10C4C00080B201386081A3881D44ADB2013D258151
:10C4D0002368DB6C002120469847204601F055FC7C
:10C4E000F8BD002EF9D0B6E708B42DE9F04183B0CD
:10C4F00004460D46174609AE56F8048B01F03AFC87
:10C500002368DB6C0021204698470196334642465B
:10C510003946284624F0E4FE25624FF0FF33A3633A
:10C5200094F82C50204621F070FF94F8363010FB20
:10C5300005F0034484F83730204621F05DFF0546BE
:10C54000276A39462046FFF7A5FD94F82C3015FBE5
:10C5500000F515FB03F5ADB2A58194F837603946B7
:10C560002046FFF771FC94F8363016FB00F0C01A35
:10C57000E081E38813FA80F080B201386081A388FB
:10C580001D44ADB2013D25812368DB6C00212046AE
:10C590009847204601F0F9FB03B0BDE8F04101B037
:10C5A000704700BF30B5B0F906409C4237DCB0F9A7
:10C5B0000A409C4233DBB0F904C0039CACEB040C92
:10C5C000B0F908E0AEEB040EBEF1000F27DD90F8E5
:10C5D000284064B1964501DB02F1FF3E2CEAEC7481
:10C5E00003E0456A41F824500134A645F9DAB0F970
:10C5F0000640C56A2C449C4204DCB0F90A40641B26
:10C600009C4226DA964501DB02F1FF3E2CEAEC73F0
:10C6100003E0026A41F8232001339E45F9DA30BD78
:10C620000134C36AA342FADDB0F90830039D5B1BF5
:10C630001B1B14EB0C0E04D4724502DD056A41F895
:10C640002E50002BECDB9A42EADD056A41F82350BC
:10C65000E6E70024E5E7F0B5B0F904409C4236DC9B
:10C66000B0F908609E4232DBB0F906C0059DBCEB14
:10C67000050522D4AC46B0F90AE0059FAEEB070EE3
:10C68000964501DB02F1FF3EBEF1000F1FDD90F881
:10C690002870D7B99C4218D09E4216D0002D02DBDC
:10C6A000036A41F82C30B0F90A30059C1B1B9342F9
:10C6B0000DDA036A41F82E3009E04FF0000CDAE79A
:10C6C000036A41F82C300CF1010CE645F8DAF0BDB4
:10C6D000B0F906C09C452BDCB0F90AC09C4527DBAD
:10C6E00010B4B0F90430019C1B1BB0F908C0ACEBCE
:10C6F000040CBCF1000F18DD002B04DB944512DBA9
:10C7000002F1FF3C0FE00023F8E701EB830211F890
:10C710002300400801F823005078400850709078BA
:10C720004008907001339C45EFDA5DF8044B704788
:10C730007047B0F904C09C452BDCB0F908C09C459B
:10C7400027DB10B4B0F90630019C1B1B0CD4B0F9E8
:10C750000AC00198ACEB000C944501DB02F1FF3CF0
:10C76000BCF1000F10DC11E00023F0E701EB8302C5
:10C7700011F82300400801F8230050784008507059
:10C7800090784008907001339C45EFDA5DF8044BD7
:10C79000704770472DE9F04F83B00E46B0F9061090
:10C7A0008E46994203DCB0F90A409C4205DAB0F9A2
:10C7B0000A409C423BDC994239DBB0F90880B0F971
:10C7C00004C0A8EB0C05002DB8BF6D42B0F90AA05B
:10C7D000AAEB0104002CB8BF6442E0451CDD4FF019
:10C7E000010951451BDA4FF0010B291B0C9FACEBE3
:10C7F000070CA8EB07080192C44513D09E4513D03F
:10C800004A006742B7EB410F01DA091BCC4495425D
:10C81000F2DD2944DE44EFE74FF0FF39E1E74FF066
:10C82000FF3BE2E7F245E9D1019A9E450DD003B006
:10C83000BDE8F08F4B006742B7EB410F01DA091BEF
:10C84000CC449D42F3DCC44508D0BCF1000FF1DBC1
:10C850009445EFDA036A46F82C30EBE7B0F90A307A
:10C860007345F2D1E3E72DE9F04F83B00E46B0F9FE
:10C87000041099423CDC8E46B0F90890994537DBAC
:10C88000B0F90A80B0F906C0A8EB0C05002DB8BFBE
:10C890006D42A9EB0104002CB8BF6442E0451CDDE9
:10C8A0004FF0010A49451BDA4FF0010B291B0C9F81
:10C8B000ACEB070CA8EB07080192C44513D09E45CA
:10C8C00013D04A006742B7EB410F01DA091BD44489
:10C8D0009542F2DD2944DE44EFE74FF0FF3AE1E70D
:10C8E0004FF0FF3BE2E7F145E9D1019A9E450DD0BB
:10C8F00003B0BDE8F08F4B006742B7EB410F01DAA0
:10C90000091BD4449D42F3DCC44508D0BCF1000FA0
:10C91000F1DB9445EFDA036A46F82C30EBE7B0F927
:10C9200008307345F2D1E3E7B0F904C09C451FDC41
:10C93000B0F908C09C451BDB10B4B0F90630019C6F
:10C940001B1B0AD4B0F90AC0019CACEB040C944543
:10C9500000DC6246002A06DC07E00023F2E7046AF6
:10C9600041F8234001339A42F9DC5DF8044B7047EB
:10C9700070472DE9F04F87B001910092B0F9062081
:10C980009A4204DCB0F90A209A4280F28C8007B007
:10C99000BDE8F08F4FF0FF383BE04FF0FF3A3CE04E
:10C9A000894545D1059E029299424FD00BF1010B6A
:10C9B0005FFA8BFBBBF1020F7ED85E460BF10202E1
:10C9C00000EB02125168994204DC00EB0B12D26AB0
:10C9D0009A4206DA00EB0612D26A9A42E6DC9942E3
:10C9E000E4DB00EB0615AF6AB21C12018458A7EB1A
:10C9F000040CBCF1000FB8BFCCF1000CD5F82C90A2
:10CA0000A9EB0105002DB8BF6D42A742C2DD4FF072
:10CA100001084945C1DA4FF0010AACEB0502029268
:10CA2000109AA41AA7EB020E0596029A7445B7D085
:10CA30009942B7D056006F42B7EB420F01DA521B52
:10CA40004444B445F2DD62445144EFE79A4613E0B2
:10CA5000049BA34200DD0494039BA34200DA0394E9
:10CA60005700C5F10009B9EB420F01DA521B4444EB
:10CA7000BC4516DC74450DD0002CF1DB009FBC4298
:10CA8000EEDA90F85470002FE2D1076D019B43F865
:10CA90002470E5E700EB0617FF6A8F42ECD153469E
:10CAA00084E7534682E74FF0000B4FF0FF3442F229
:10CAB0001072049203947DE7039C90F85430002B8D
:10CAC0003FF465AFBDF81030019904E0026D41F804
:10CAD000232001339BB2A342F8DD58E770472DE9CC
:10CAE000F04704460E4615461F46DDF82090DDF857
:10CAF00024A09DF8288001F03DF92368DB6C00211B
:10CB000020469847C4F820A0C4F824A0A680E58059
:10CB10003E44B6B2013E26814D44ADB2013D658131
:10CB2000A781A4F80E9084F82880B8F1000F0BD0EC
:10CB30000023E3622368DB6C0021204698472046EF
:10CB400001F023F9BDE8F0870123F2E7F0B585B0E5
:10CB500004460D4616461F4601F0E2F80E4B2360D0
:10CB600000202062606284F82800E0629DF8303086
:10CB700002930B9B01930A9B00933B463246294646
:10CB80002046FFF7ACFF04E0204601F0DFF821F07B
:10CB900007FE204605B0F0BDE0D1030838B5C36AF2
:10CBA0008B4200D138BD04460D4601F0E3F8E56242
:10CBB0000DB9236A63622368DB6C00212046984725
:10CBC000204601F0E2F8EDE738B590F828308B42C6
:10CBD00000D138BD04460D4601F0CCF884F8285049
:10CBE00055B10023E3622368DB6C0021204698479F
:10CBF000204601F0CAF8ECE70123F3E738B5036AF1
:10CC00008B4200D138BD04460D4601F0B3F82562D1
:10CC1000E36A03B965622368DB6C0021204698470C
:10CC2000204601F0B2F8EDE738B5436A8B4200D1F7
:10CC300038BD04460D4601F09DF865622368DB6C43
:10CC4000002120469847204601F09FF8F0E72DE9A3
:10CC5000F04104460E4615461F46DDF8188001F0E7
:10CC600089F82368DB6C002120469847A680E58080
:10CC70003E44B6B2013E26814544ADB2013D6581D8
:10CC8000A781A4F80E802368DB6C0021204698471A
:10CC9000204601F07AF8BDE8F081F0B583B0044693
:10CCA0000D4616461F4601F03BF8094B2360089BD2
:10CCB00000933B46324629462046FFF7C8FF04E072
:10CCC000204601F043F821F06BFD204603B0F0BD93
:10CCD00088D103082DE9F04104460E4615469846D2
:10CCE000069F01F047F82368DB6C00212046984737
:10CCF000079B2362A680E580A4F8088067814645EB
:10CD000013DAA8EB06080FFA88F6A681BD4212DAFC
:10CD10007D1B2DB2E5812368DB6C002120469847FE
:10CD2000204601F032F8BDE8F081A6EB0806B6B265
:10CD3000013636B2E9E7ED1BADB201352DB2E9E7B8
:10CD4000F0B583B004460D4616461F4600F0E8FFD6
:10CD50000B4B236000232362099B0193089B0093E4
:10CD60003B46324629462046FFF7B4FF04E0204602
:10CD700000F0ECFF21F014FD204603B0F0BD00BF31
:10CD800030D10308F8B504460F4616461D4600F09C
:10CD9000F1FF2368DB6C002120469847069B236245
:10CDA000A584B9B2ABB2CA1AA280B2B2D01AE080DE
:10CDB000194421811A4462815B001BB2A381E38183
:10CDC0009DF81C3084F827309DF8203084F82630F8
:10CDD0002368DB6C002120469847204600F0D5FFF1
:10CDE000F8BDF0B585B004460D4616461F4600F066
:10CDF00097FF104B236000202062A08484F8260057
:10CE000084F827009DF8303002939DF82C30019370
:10CE10000A9B00933B46324629462046FFF7B2FF65
:10CE200004E0204600F092FF21F0BAFC204605B055
:10CE3000F0BD00BFD8D0030838B5036A8B4200D1DB
:10CE400038BD04460D4600F095FF25622368DB6C73
:10CE5000002120469847204600F097FFF0E730B4C5
:10CE6000029C90F82750ADB1002B07DBA2420DDDEC
:10CE700090F8262022B10022224407E00023F5E7A3
:10CE80000122F9E7046A41F8234001339342F9DBB8
:10CE900030BC7047002B04DD934202DA056A41F88A
:10CEA0002350002CF4DDA242F2DD90F8263023B1AD
:10CEB000013CA400036A0B51EAE7A400FAE72DE95C
:10CEC000F04F85B003911F46B0F90630BB4249DCF4
:10CED00080469246B0F90A20BA4243DBB0F904B06A
:10CEE000B0F92440A3440E99ABEB010B03EB04090A
:10CEF000251141F2BF2104FB01F1881303EBA1339B
:10CF0000BB4232DA121A98F8260028B10123D21A4D
:10CF1000BA422DDD00233BE00023F8E73A4619E052
:10CF200006EB0B030093ABEB060352460399404616
:10CF3000FFF795FF0121013635442B1B01D4013C3D
:10CF40001D46A6420EDC04EB090398F82620002AB1
:10CF5000E4D07A1C9342E3D0A9EB0403BB42DFD0B8
:10CF60000029E8D005B0BDE8F08F00210E46E8E7C3
:10CF700000210E46E5E73A46914211D0A9EB0302A3
:10CF8000BA420DD001331D442A1B01D4013C154681
:10CF90009C42E7DB03EB09010028ECD07A1CEBE7AD
:10CFA00004EB0B030093ABEB04035246039940469A
:10CFB000FFF755FFD6E72DE9F04704460F46164622
:10CFC0001D46DDF82080DDF824A0DDF8289000F073
:10CFD000D1FE2368DB6C0021204698470B9B23651C
:10CFE0009DF8303084F85430AF423CDA574537DA98
:10CFF00038B2A080464540DA4E453BDA31B2E18096
:10D00000AF4245DD574540DD3AB22281464549DD14
:10D010004E4544DD33B2638192B280B2121AA281CE
:10D020009BB289B25B1AE38127626662A562C4F88B
:10D030002C8027636663C4F838A0C4F83C9025644C
:10D04000C4F84480C4F848A0C4F84C902368DB6C52
:10D05000002120469847204600F097FEBDE8F08763
:10D060000FFA8AF0C5E7554501DA28B2C1E70FFA91
:10D070008AF0BEE70FFA89F1C1E7C84502DA0FFA74
:10D0800088F1BCE70FFA89F1B9E70FFA8AF2BCE739
:10D09000554501DD2AB2B8E70FFA8AF2B5E70FFA73
:10D0A00089F3B8E7C84502DD0FFA88F3B3E70FFA52
:10D0B00089F3B0E7F0B587B004460D4616461F4623
:10D0C00000F02EFE2046124B40F8203B302200217B
:10D0D00024F014F90023236584F854309DF840307F
:10D0E00004930F9B03930E9B02930D9B01930C9B48
:10D0F00000933B46324629462046FFF75CFF04E09A
:10D10000204600F023FE21F04BFB204607B0F0BD87
:10D1100080D003082DE9F04F83B005469146026A9E
:10D1200010460192B5F906209A4265DC8A46B5F9A7
:10D130000A10994260DB00285ED0296B00295BD081
:10D14000B5F904400C99641A9E1A95F82C3096FB98
:10D15000F3F6284621F0FCF900FB06F628461FF0FE
:10D16000D2FEB6FBF0F300933AE0009B43441BF879
:10D1700003304FEAC80293401F4308F101082846D4
:10D1800021F0E6F9064628461FF0BDFEB6FBF0F694
:10D190004645EAD8002619E095F8342012B9AA6A63
:10D1A0004AF8242001340133DBB295F82C209A424E
:10D1B0000AD9002CF6DB4C45F4DA17F0010FEBD05E
:10D1C0006A6A4AF82420EDE77F08013628461FF0F6
:10D1D00091FE864201D20023E7E7019B01330193D0
:10D1E000019B197841B1286B03685B6998478346B6
:10D1F0004FF000084746C2E703B0BDE8F08F2DE9C5
:10D20000F84F1646076AB0F904209A4214DC044627
:10D210008B46B0F9081099420EDB6FB1016B59B122
:10D22000B0F806800A99A8EB01080FFA88F892B2C4
:10D230009B1A1DB2002D01DABDE8F88F1FF05AFECF
:10D24000B5FBF0F3206B02685269F95C90478246A7
:10D2500020461FF04FFEB5FBF0F300FB13552DB237
:10D26000204621F075F9074620461FF04CFEB7FB1B
:10D27000F0F74FF0000907E094F8342012B9A26AE1
:10D280004BF8232009F1010920461FF03CFE4845D8
:10D29000D2DD08EB0903002BF4DDB342F2DAB9B2B8
:10D2A000EA0809FB01221AF8022005F00701CA402A
:10D2B00012F0010FE0D0626A4BF82320E2E72DE97B
:10D2C000F8430446894616461D46DDF8248000F0E2
:10D2D00051FD2368DB6C002120469847C4F820905C
:10D2E000A680E580089B63620023A362C4F83080B7
:10D2F000012384F83430D8F800309B6840469847C2
:10D3000087B2B9F1000F28D048461EF03BFD80B22D
:10D3100094F82C3017FB00F717FB03F7A781D8F818
:10D320000030DB684046984794F82C3010FB03F03F
:10D3300080B2E081A289324492B2013A228128442B
:10D3400080B2013860812368DB6C00212046984759
:10D35000204600F01AFDBDE8F8830020D8E7F0B5BC
:10D3600083B004460D4616461F4600F0D9FC0F4B0D
:10D370002360002020626062A062012384F82C30C8
:10D38000206384F83400099B0193089B00933B467B
:10D39000324629462046FFF792FF04E0204600F07F
:10D3A000D5FC21F0FDF9204603B0F0BDA4D203085E
:10D3B0002DE9F8430446894616461D46DDF82880C7
:10D3C00000F0D8FC2368DB6C002120469847C4F8A5
:10D3D0002090A680E580089B6362099BA362C4F845
:10D3E0003080002384F83430D8F800309B68404601
:10D3F000984787B2B9F1000F28D048461EF0C2FC0A
:10D4000080B294F82C3017FB00F717FB03F7A781C5
:10D41000D8F80030DB684046984794F82C3010FB71
:10D4200003F080B2E081A289324492B2013A2281B3
:10D43000284480B2013860812368DB6C00212046DB
:10D440009847204600F0A1FCBDE8F8830020D8E70B
:10D45000F0B585B004460D4616461F4600F060FC48
:10D46000104B2360002020626062A062012384F8D8
:10D470002C30206384F834000C9B02930B9B0193A7
:10D480000A9B00933B46324629462046FFF790FF11
:10D4900004E0204600F05AFC21F082F9204605B055
:10D4A000F0BD00BFA4D2030810B5446A8C4208D076
:10D4B0004162826280F834300368DB6C0021984757
:10D4C00010BD846A9442F3D190F834C09C45EFD1EA
:10D4D000F6E7036B8B423BD070B504460D4600F077
:10D4E00049FC2368DB6C00212046984725632B68A4
:10D4F0009B682846984786B2206A38B31EF042FCE3
:10D5000080B294F82C3016FB00F616FB03F6A681C9
:10D510002B68DB682846984794F82C3010FB03F002
:10D5200080B2E081A388A28913449BB2013B23818E
:10D53000E388184480B2013860812368DB6C0021E5
:10D5400020469847204600F020FC70BD0020D8E718
:10D55000704701B9704738B504460D4600F00AFC23
:10D560002368DB6C00212046984784F82C50204625
:10D570001FF0C0FC85B2206A30B31EF003FC80B2FD
:10D5800094F82C3015FB00F515FB03F5A58120461A
:10D590001FF0B9FC94F82C3010FB03F080B2E0814E
:10D5A000A388A28913449BB2013B2381E3881844DA
:10D5B00080B2013860812368DB6C002120469847E7
:10D5C000204600F0E2FB38BD0020D9E770B50546E3
:10D5D0000E46144600F0CEFB2B6AB34224D02B68D3
:10D5E000DB6C0021284698472E6228461FF082FCFB
:10D5F00084B2E6B130461EF0C5FB80B295F82C200F
:10D6000014FB00F313FB02F39BB2AB81AA88134413
:10D610009BB2013B2B812B68DB6C0021284698478D
:10D62000284600F0B2FB70BD002CF9D0D7E70020EF
:10D63000E4E708B42DE9F04183B005460E461746ED
:10D6400009AC54F8048B00F095FB2B68DB6C0021CF
:10D65000284698470194234642463946304623F0EF
:10D660003FFE2E6228461FF045FC84B2EEB13046E4
:10D670001EF088FB80B295F82C2014FB00F313FBFE
:10D6800002F39BB2AB81AA8813449BB2013B2B816E
:10D690002B68DB6C002128469847284600F075FB74
:10D6A00003B0BDE8F04101B070470020E3E700BFE0
:10D6B0002DE9F04782B01E46DDF82890B0F906301B
:10D6C000B34224DC054688461746B0F90A30B34217
:10D6D0001DDB046A09EB0203013BB0F90820934209
:10D6E00013DDA2EB0902571C0FE0B5F90630B5F9BE
:10D6F00004002268A9EB00000090D2F824A0F31ADD
:10D700003A4641462046D0476469002CEDD102B02C
:10D71000BDE8F0872DE9F04782B01E46DDF828907D
:10D72000B0F90430B3421ADC05460F469046B0F912
:10D730000830B34213DB046A0FE0B5F90430B5F9E1
:10D7400006002268A9EB00000090D2F820A0F31A8E
:10D75000424639462046D0476469002CEDD102B0DC
:10D76000BDE8F0872DE9F04383B08946B0F9041095
:10D77000551AB0F906209F1A0A9E761A0B9BA3EB46
:10D780000208B9F1010F0BD9A9F102095FFA89F971
:10D79000B9F1030F06D8446A002C40F08B8001E0F9
:10D7A000446A1CB903B0BDE8F083A469002CF9D029
:10D7B000207C0028F9D02368DB6A20469847854200
:10D7C000F3DB23685B6B204698478542EDDC2368DA
:10D7D0001B6B204698478742E7DB23689B6B2046FC
:10D7E00098478742E1DC2368CDF8048000969E6A62
:10D7F0003B462A4649462046B047D3E7B5420AD0C1
:10D800002368CDF8048000969E6A3B462A46022192
:10D810002046B047C6E74745F2D12368CDF80480DB
:10D8200000969E6A3B462A4603212046B047B9E748
:10D8300023685B6B20469847864278DC23681B6B25
:10D8400020469847804572DB23689B6B20469847AB
:10D8500080456CDC2368DB6A20469847854211DBF3
:10D8600023685B6B2046984785420BDC23681B6B63
:10D8700020469847874205DB23689B6B20469847E4
:10D88000874254DD2368CDF804800096D3F82890B1
:10D890003B462A4605212046C84748E02368CDF884
:10D8A00004800096D3F828903B462A46042120465F
:10D8B000C847A469002C3FF475AF227C002AF8D039
:10D8C0002368DB6A2046984786422ADB23685B6B25
:10D8D00020469847864224DC23681B6B20469847E5
:10D8E00080451EDB23689B6B20469847804518DCEB
:10D8F0002368DB6A20469847854212DB23685B6B0E
:10D900002046984785420CDC23681B6B20469847CD
:10D91000874206DB23689B6B2046984787427FF748
:10D920006DAF2368DB6A20469847864280DA236819
:10D93000DB6A204698478542BBDB23685B6B204649
:10D9400098478542B5DC23681B6B20469847874281
:10D95000AFDB23689B6B204698478742A9DC23688E
:10D96000DB6A20469847864298DB23685B6B20463B
:10D970009847864292DC23681B6B20469847804577
:10D980008CDB23689B6B20469847804591DD85E7BB
:10D990002DE9F04182B004460D4616461F46036845
:10D9A000DB6A9847054423681B6B2046984706446A
:10D9B0002368DB6A20469847074423681B6B204690
:10D9C0009847BDF9208080442368DB6A2046984749
:10D9D000854204DA2368DB6A2046984705462368B7
:10D9E0001B6B20469847864204DA23681B6B20464F
:10D9F0009847064623685B6B20469847874204DDBC
:10DA000023685B6B20469847074623689B6B20463C
:10DA10009847804504DD23689B6B204698478046E5
:10DA2000A06A00F154039C420ED0E069A04208D0E5
:10DA300002680FFA88F30093146D3BB232B229B238
:10DA4000A04702B0BDE8F0810FFA88F300933BB223
:10DA500032B229B2FCF754FFF3E738B504460D465D
:10DA600000F05EF9064B2360002323626362A36229
:10DA7000E36913B1A562204638BDE461FAE700BF4F
:10DA800010D3030810B5044600F04AF9064B236092
:10DA9000002323626362A362E3691BB19B6AA362F2
:10DAA000204610BD00BEFBE710D3030838B5836ADB
:10DAB0008B420BD005468162046A05E023689B68AF
:10DAC0002946204698476469002CF7D14FF00000A2
:10DAD00038BD70B504464FF00006C3698B4208D0CC
:10DAE0000D4603689B69984738B14FF00D063046E4
:10DAF00070BD996AFFF7DAFFF9E7E561A96A204688
:10DB0000FFF7D4FFF3E72DE9F04104460E46154632
:10DB10001F46DDF8188000F02DF92368DB6C00212A
:10DB200020469847A680E5803E44B6B2013E268155
:10DB30004544ADB2013D6581A781A4F80E802368FC
:10DB4000DB6C002120469847204600F01EF9BDE816
:10DB5000F08170B506464FF0020019B115460C462B
:10DB60008B6903B170BD4B69002BFBD1336A8B42CB
:10DB7000F8D0B06A4FF0FF3100F5C150083001F025
:10DB80005CF86582336AABB15A8AAA4215D96361DF
:10DB90009C613462237C23B133689B6C0121304645
:10DBA0009847B06A00F5C150083001F059F84FF0BD
:10DBB0000000D7E734627462ECE719465B6913B181
:10DBC0005A8AAA42F9D923B163619C614C61A1616F
:10DBD000E0E77462FAE770B505464FF00200F9B16C
:10DBE0000C468B69EBB1A86A4FF0FF3100F5C150CC
:10DBF000083001F022F82B6AA34219D06B6AA342C5
:10DC00001FD0A26963695361A2699A610026A66167
:10DC10006661A86A00F5C150083001F021F830466D
:10DC200070BD4B69002BDED12B6A8B42F8D1DAE74D
:10DC300063692B6213B100229A61E7E700236B62EC
:10DC4000E4E7A36900225A61A3696B62DEE708B5C5
:10DC5000836A5433984205D0C369834204D000F0EC
:10DC600017F808BD0120FCE70020FAE770B54FF077
:10DC70000006C3698B4206D004460D4603689B69C3
:10DC8000984710B9E561304670BD4FF00D06FAE7D0
:10DC900010B5044603689B69984718B1E0690368AA
:10DCA0005B69984710BD43690BB1012070478369D8
:10DCB0000BB10120704700207047704730B583B02A
:10DCC00004460D4603685B69984700B965B1E06991
:10DCD0000368B4F90A2000921D6DB4F90830B4F954
:10DCE0000620B4F90410A84703B030BD10B50446AF
:10DCF00001B161822368DB6C012120469847628A6A
:10DD00002146E069FFF725FF10BD10B50446036802
:10DD1000DB6C002198472146E069FFF75CFF10BDEE
:10DD2000084A026000228280C28002814281828190
:10DD3000C2810274428242618261C261024A1268F7
:10DD4000C261704784D30308DC8D002010B50446FF
:10DD5000024B0360FFF7D9FF204610BD84D30308B0
:10DD600010B50446FFF7F2FF2021204620F016FDF3
:10DD7000204610BD08B5C369986A4FF0FF3100F521
:10DD8000C150083000F059FF08BD08B5C369986A52
:10DD900000F5C150083000F063FF08BDF8B5044637
:10DDA0000D4617461E46FFF7E5FFC1B201BB2EBB6D
:10DDB000B4F90430AB421CD02368DB6C0021204650
:10DDC000984706B3A388ADB22B44A380E388BAB2C8
:10DDD0001344E38023891D44258163891A446281A9
:10DDE0002368DB6C0021204698472046FFF7CDFFD3
:10DDF000F8BDB4F90630BB42DED1F6E7002DDBD129
:10DE0000002FF2D0D8E7A580E780A3892B449BB2EE
:10DE1000013B2381E3893B449BB2013B6381DFE704
:10DE200008B58189806802F04FFE012800D00020EB
:10DE300008BD08B5012905D000228189806802F05B
:10DE40004AFE08BD0122F8E783681A68136843F0A8
:10DE5000010313604FF0000070474FF0050070475A
:10DE6000836893F83D00203818BF0120704738B50B
:10DE7000044600F10C054FF0FF31284600F018FD74
:10DE8000A3681A68136823F001031360A3681B6872
:10DE90001A6812F0010FF9D11A6842F400421A60B0
:10DEA000A3681A68136823F400431360A06803F0A2
:10DEB000C5FB284600F024FD4FF0000038BD4FF0B0
:10DEC000000003290CD8DFE801F00D0205084FF02F
:10DED000270070474FF0280070474FF02900704727
:10DEE0004FF02E007047F8B50446164649008DB233
:10DEF00000F10C074FF0FF31384600F0D9FCA38841
:10DF000032462946A06805F047F90546384600F034
:10DF1000F7FC29462046FFF7D2FFF8BD2DE9F04F68
:10DF200085B004460F4692469B460E9EDDF83C8027
:10DF30004FF0020500F10C094FF0FF31484600F0A8
:10DF4000B7FCBAF1000F0CD01EB10BF1FF33012B5F
:10DF500011D923685D6A5B46524639462046A84778
:10DF600005460EB1EBB24BB3484600F0C9FC28465B
:10DF700005B0BDE8F08F790089B2A38802931FFA3B
:10DF800088F3019300961FFA8BF39AF80020A0689B
:10DF900004F0B0FC01462046FFF791FF0546E3E799
:10DFA0000022F25401334345FAD323689D6A434665
:10DFB000324639462046A8470546D5E70023F2E712
:10DFC0002DE9F04182B005464FF00200D2B11E4665
:10DFD000174649008CB205F10C084FF0FF3140465E
:10DFE00000F066FCAB880093B3B23A462146A868BD
:10DFF00003F01CFC0446404600F082FC2146284603
:10E00000FFF75DFF02B0BDE8F0812DE9F04182B07D
:10E0100005464FF00200D2B11E46174649008CB2A9
:10E0200005F10C084FF0FF31404600F041FCAB8891
:10E030000093B3B23A462146A86803F0B1FC044607
:10E04000404600F05DFC21462846FFF738FF02B04D
:10E05000BDE8F0812DE9F04104461F464FF0050070
:10E06000A3685B6B0BB3164649008DB204F10C0834
:10E070004FF0FF31404600F01BFC02E0012000F0B1
:10E080008BFE2168496B204688470028F6D1BBB239
:10E0900032462946A06804F0F1F80546404600F0F3
:10E0A0002FFC29462046FFF70AFFBDE8F0812DE945
:10E0B000F04104461F464FF00500A3689B6B0BB36D
:10E0C000164649008DB204F10C084FF0FF3140466E
:10E0D00000F0EEFB02E0012000F05EFE2168496BDB
:10E0E000204688470028F6D1BBB232462946A068B0
:10E0F00004F088F90546404600F002FC2946204617
:10E10000FFF7DDFEBDE8F081836893F85100033826
:10E1100018BF0120704703464FF00000032921D8A3
:10E12000DFE801F002241C1E0021C2B202BB10B4C1
:10E130009A681468226822F0400222609A68146883
:10E14000226822F003020A4322609B681A6813685F
:10E1500043F0400313605DF8044B70470221E4E78D
:10E160000321E2E74FF003000021DEE70121DCE7B5
:10E17000704703464FF000009B681B681B6803F064
:10E18000020213F0010303D13AB900230B70704768
:10E1900012B901230B70704723B912B102230B701F
:10E1A00070471BB112B103230B7070474FF003008F
:10E1B000704770B504460D464FF0000607F0DEFFCD
:10E1C000B0FBF5F1022912D9042928D9082928D948
:10E1D000102928D9202928D9402928D9802928D9A7
:10E1E000B1F5807F27D94FF02B06002100E00021F8
:10E1F000F3B293B9A3681A68136823F0400313605D
:10E20000A3681A68136823F038030B431360A368EC
:10E210001A68136843F040031360304670BD08214C
:10E22000E6E71021E4E71821E2E72021E0E72821D2
:10E23000DEE73021DCE73821DAE770B504460D4629
:10E240004FF0000607F09AFFA3681B681B6803F0F5
:10E250003803382B36D8DFE803F01D353535353532
:10E260003535203535353535353523353535353585
:10E270003535263535353535353529353535353569
:10E2800035352C353535353535352F35353535354D
:10E29000353532004008286018E08008286015E015
:10E2A000C008286012E0000928600FE040092860DB
:10E2B0000CE08009286009E0C009286006E0000A37
:10E2C000286003E000232B604FF02B06304670BD22
:10E2D0008368D868000A013070474FF000000329B6
:10E2E0000CD8DFE801F00D0205084FF02B00704755
:10E2F0004FF02C0070474FF02D0070474FF02E006C
:10E30000704710B582B004464FF0020061B18C46F0
:10E3100052B1A18800919BB26146A0680AF04DF805
:10E3200001462046FFF7D9FF02B010BD10B50446E4
:10E330004FF0020041B1A38892B2A06809F05BFFE0
:10E3400001462046FFF7C9FF10BD10B504464FF047
:10E35000000041B1E38892B2A0680AF057F9014683
:10E360002046FFF7BAFF10BD10B504464FF000007D
:10E3700041B13AB19BB2A0680AF09EFB014620462B
:10E38000FFF7ABFF10BD10B504464FF0000039B1E8
:10E3900092B2A0680AF020FB01462046FFF79DFFDD
:10E3A00010BD10B504464FF0000039B192B2A0681C
:10E3B0000AF030FC01462046FFF78FFF10BD10B574
:10E3C000044680680AF0A4FC01462046FFF785FF5A
:10E3D00010BD2DE9F04182B005460F4616460024D7
:10E3E000204604E09DF807303B550134A4B2A04616
:10E3F00033689C4208D22B681B690DF1070128463F
:10E400009847C3B2002BEDD0C6F8008014B1C3B258
:10E41000232B02D002B0BDE8F0814FF00000F9E7F5
:10E42000D0F8843093F84100202814BF0020012048
:10E43000704710B54FF00004D0F8840010F068FC6D
:10E4400008B14FF02004204610BD08B503464FF038
:10E45000020061B192B2D3F8840010F0B0FA022841
:10E4600003D028B14FF0210001E04FF0240008BD97
:10E470004FF00000FBE710B4D0F88440E36B1B685A
:10E480005A6892B2B0F88830934206D39B1A0B8038
:10E490004FF000005DF8044B7047A08D9B1A0344B9
:10E4A0000B80F5E738B50446051D8022FF2128467C
:10E4B00022F024FF80222946D4F8840011F086FA45
:10E4C00020B9D4F884309B8DA4F888304FF0000038
:10E4D00038BD08B5FFF7E6FF08BDF8B504460F469E
:10E4E0004FF00006B0F88830C3F180039DB2D0F839
:10E4F00084301B681A6812F0080F03D11B6813F0F0
:10E50000020F02D02046FFF7CDFFB4F88820D4F8E0
:10E510008430DB6B1B685B689A420DD063191B79F2
:10E520003B70B4F88830013B9BB2A4F888302BB91B
:10E530008023A4F8883001E04FF023063046F8BD70
:10E5400010B5054C204600F09FF9044A04492046C6
:10E5500020F0ABF810BD00BFE08D0020440100208A
:10E560009FE8000870B582B00446C36A1BB94FF03B
:10E570000005038B4BB1251D1B4AA16C284600F0FA
:10E58000FCF9284600F00BFA0546238BA3B9E36A91
:10E590000BBB94F8463000932346B4F84420A16C9A
:10E5A000124800F051F9EBB203B90546EBB203B1E2
:10E5B00000BE284602B070BD04F114060C4AA16CDE
:10E5C000304600F0DAF9304600F0E9F9EBB2002B02
:10E5D000DDD10546DBE704F1280000F02AFCEBB2B0
:10E5E000002BD6D10546D4E71CEB0308A5E70008AD
:10E5F00024EB030810B584B004464FF000001EE081
:10E60000019B1BB103990298984718E023689B6906
:10E6100003992046984712E00022616A04F1140031
:10E6200000F093FAC3B223B923685B692046984788
:10E6300005E000BE03E04FF0040000E000BEC3B2FE
:10E64000B3B9E26A52006946201D00F07EFAC3B2F7
:10E65000002BF3D19DF80030012BD1D0022BDBD061
:10E66000002BE8D123681B69039920469847E6E709
:10E6700004B010BD08B522B10022043000F031FA18
:10E6800008BD0022043000F0F8F9F9E72DE9F04167
:10E6900084B004460D4690461F461DF0ABFD8442F3
:10E6A00005D04FF00206E36A3BB9238B2BB9B5B115
:10E6B00039464046A84706460DE0BDB101238DF816
:10E6C00000300195CDF80880039700226946204666
:10E6D000FFF7D0FF0646304604B0BDE8F08123685E
:10E6E0009B693946204698470646F4E7002FE5D156
:10E6F000F1E770B584B004461D4616469AB1002273
:10E70000143000F0EEF9C3B25BB902238DF800308B
:10E7100006B900252A4669462046FFF7ABFFC3B27B
:10E7200033B904B070BD0022143000F0A6F9EAE756
:10E730000022616A04F1140000F007FA4FF01F0094
:10E74000EFE7B0B110B584B0044600238DF8003077
:10E75000036C039390F83C206946FFF78BFFC0B22F
:10E7600018B90023236404B010BD236C0133236463
:10E77000F9E700BE704710B504464FF0FF31084876
:10E7800000F096F83CB1064A5368013353600448E0
:10E7900000F0B6F810BD024A5368013B5360F6E73B
:10E7A000E08D002038B54FF0020468B10546012025
:10E7B000FFF7E1FF012000F0EFFA2B68DB68284645
:10E7C00098470446C3B233B1E4B204B100BE00209E
:10E7D00019F036FC38BD0020FFF7CDFF02E0012024
:10E7E00000F0DAFA154B5B68002BF8D1EB6A0BB935
:10E7F0002A8B7AB1B3B9E3B2DBB1EB6A002BE3D079
:10E80000002105F1280000F095FBE3B2002BDBD1DD
:10E810000446D9E72B68DB6928469847C0B2002830
:10E82000F8D0D1E7002105F1280000F048FB0446AC
:10E83000E1E72846FFF7DEFE0446DEE7E08D002034
:10E8400008B5FFF77DFE08BD70B584B01C464FF0DB
:10E850000E050026039603AE01969DF820600096F3
:10E8600019F0BBFB012802D0284604B070BD214638
:10E87000039819F0B7FF4FF00005F5E7EFF30580B7
:10E88000003818BF0120704710B50446012018F069
:10E89000E6FC206008B1204610BD00BEFBE710B5C5
:10E8A0000446006808B1204610BD19F04DF9FAE79A
:10E8B00030B583B004460D46FFF7E0FF98B101AADA
:10E8C0000021206819F016F8012810D1019B73B1BE
:10E8D0004FF0E0234FF08052C3F8042DBFF34F8F69
:10E8E000BFF36F8F03E02946206818F061FE01280E
:10E8F00003D04FF01A0003B030BD4FF00000FAE72C
:10E9000010B582B00446FFF7B9FF90B101A92068A5
:10E9100018F046FD012812D1019B83B14FF0E0238E
:10E920004FF08052C3F8042DBFF34F8FBFF36F8FAA
:10E9300005E000231A461946206818F0C0FB01289C
:10E9400003D04FF01B0002B010BD4FF00000FAE7FB
:10E9500010B5006818F096FB04461AF0BDF9844221
:10E9600001D0002010BD0120FCE710B5044600686E
:10E9700008B119F0E9F8204610BD8160C260704707
:10E9800010B504469446002202608180A0F806C0BB
:10E990008260C2601946FFF7F0FF204610BD38B50F
:10E9A0004FF00F0503680BB1284638BD044600221E
:10E9B000C188808818F042FB20600028F4D0A1684C
:10E9C0000B7813B94FF00005EEE719F07FF8F9E77F
:10E9D00010B54FF01404006820B1002118F094FA2B
:10E9E000012801D0204610BD4FF00004FAE703686B
:10E9F00093B110B50446FFF741FF30B1206819F01C
:10EA000043F8003818BF012010BD206819F008F83D
:10EA1000B0FA80F04009F7E7002070470368A3B11F
:10EA200010B50446FFF72AFF30B1206819F03CF812
:10EA3000003818BF012010BD206818F0F1FFA3882E
:10EA400083428CBF00200120F5E70020704738B5D5
:10EA500004464FF0100023684BB10D46FFF70EFF40
:10EA600030B1206819F004F828604FF0000038BD7C
:10EA7000206818F0D5FF2860F7E7F0B583B04FF0B5
:10EA8000130703683BB304460D46164619B3FFF758
:10EA9000F5FEA0B1002301AA2946206818F019FC50
:10EAA000012816D1019BA3B14FF0E0234FF0805213
:10EAB000C3F8042DBFF34F8FBFF36F8F09E02468B5
:10EAC000304600F071F9024600232946204618F02E
:10EAD000F6FA012802D0384603B0F0BD4FF0000727
:10EAE000F9E7F0B583B04FF0130703683BB3044672
:10EAF0000D46164619B3FFF7C1FEA0B1012301AAC6
:10EB00002946206818F0E5FB012816D1019BA3B126
:10EB10004FF0E0234FF08052C3F8042DBFF34F8F26
:10EB2000BFF36F8F09E02468304600F03DF90246DC
:10EB300001232946204618F0C2FA012802D038469F
:10EB400003B0F0BD4FF00007F9E7F0B583B04FF028
:10EB50000207036873B104460E46154651B14FF0E3
:10EB60001207FFF78BFE18B32046FFF740FF20B1D6
:10EB70004FF01107384603B0F0BD01AA31462068B6
:10EB800018F0B8FE0346012804D0012BF2D14FF053
:10EB90000007EFE7019A002AF7D04FF0E0224FF08C
:10EBA0008051C2F8041DBFF34F8FBFF36F8FECE7A6
:10EBB0002468284600F0F8F802463146204618F04E
:10EBC00048FC03460028E0D14FF01107D2E7F8B522
:10EBD0004FF01207036863B104460D46164641B173
:10EBE000FFF74CFE38B12946206818F0DAFE0128FC
:10EBF0000BD03846F8BD2468304600F0D5F8024600
:10EC00002946204618F0C7FDF1E74FF00007F0E76E
:10EC100010B504460146042018F02CFBA06408B18E
:10EC2000204610BD00BEFBE710B50446806C08B15D
:10EC3000204610BD18F088FFFAE770B504460D466F
:10EC4000FFF71CFE18B14FF01A06304670BD4FF0AA
:10EC500000062946A06C18F07EFD0128F3D1F4E7E8
:10EC600038B50446FFF70AFE18B14FF01B052846D9
:10EC700038BD4FF00005A06C18F00BFB0128F4D153
:10EC8000F5E710B5044603220021012018F0D6F95B
:10EC9000206008B1204610BD00BEFBE710B5044659
:10ECA000006808B1204610BD18F04EFFFAE730B5F5
:10ECB00083B004460D46FFF7E1FD98B101AA00219B
:10ECC000206818F017FE012810D1019B73B14FF096
:10ECD000E0234FF08052C3F8042DBFF34F8FBFF3F2
:10ECE0006F8F03E02946206818F062FC012803D0EA
:10ECF0004FF01D0003B030BD4FF00000FAE710B533
:10ED000082B0044600231A461946006818F0D7F965
:10ED1000FFF7B4FD90B101A9206818F041FB01286C
:10ED200012D1019B83B14FF0E0234FF08052C3F822
:10ED3000042DBFF34F8FBFF36F8F05E000231A46FA
:10ED40001946206818F0BBF9012803D04FF01E00C7
:10ED500002B010BD4FF00000FAE708B5FFF78EFDD6
:10ED600010B119F081FB08BD19F078FBFBE7884270
:10ED700002D9091A481E7047081A704738B5054667
:10ED80000C46FFF7EAFF01462846FFF7F0FFA042D6
:10ED900034BF0020012038BD08B519F0E1FC08BDE2
:10EDA00008B519F08BFC08BD704708B5FFF7FCFFEC
:10EDB00019F0D6FC08BD10B504460846FFF7F4FF6D
:10EDC0000146204619F07AFC10BD704708B5FFF7E0
:10EDD000C4FFFFF7FAFF08BD38B50C46FFF7E4FFA4
:10EDE0000546FFF7BAFF01462846FFF7C0FFFFF7C9
:10EDF000ECFFA04234BF0020012038BD40B108B56F
:10EE00001AF018FE18B1C2680AB10069904708BD2F
:10EE1000704710B582B00446006838B10022E26045
:10EE200001230093134605211AF0F2FB204602B09D
:10EE300010BD30B583B04FF01505036813B12846F7
:10EE400003B030BD04464068FFF7AEFF0146227AAA
:10EE5000074B00932346B2FA82F2520900201AF0BF
:10EE600091FB20600028EAD04FF00005E7E700BFE3
:10EE7000FDED00084FF00203006898B100B583B0C3
:10EE80000123009300231A4605211AF0C1FB012833
:10EE900005D04FF00D03184603B05DF804FB4FF0AA
:10EEA0000003F8E718467047006830B108B51AF05B
:10EEB000A7FD003818BF012008BD00207047F0B53D
:10EEC00085B04FF01606036873B304460D46FFF78E
:10EED000D5FCC8B1246819F0C7FA02460023009394
:10EEE00003AB062120461AF093FB01281AD1039B9D
:10EEF000C3B14FF0E0234FF08052C3F8042DBFF3AD
:10EF00004F8FBFF36F8F0DE0276819F0A7FA044603
:10EF10002846FFF749FF009000232246012138468A
:10EF20001AF076FB012802D0304605B0F0BD4FF054
:10EF30000006F9E770B584B04FF0180603683BB3DC
:10EF400004460D46FFF79AFCA8B10022009203ABDD
:10EF5000082120681AF05CFB012817D1039BABB194
:10EF60004FF0E0234FF08052C3F8042DBFF34F8FD2
:10EF7000BFF36F8F0AE024682846FFF715FF009063
:10EF800000231A46032120461AF042FB012802D032
:10EF9000304604B070BD4FF00006F9E72DE9F041AE
:10EFA00084B04FF0170703689BB304460D4616461E
:10EFB0004160FFF763FCD0B124682846FFF7F4FEF8
:10EFC00002460023009303AB092120461AF020FBE0
:10EFD00001281CD1039BD3B14FF0E0234FF08052A6
:10EFE000C3F8042DBFF34F8FBFF36F8F0FE0D4F83A
:10EFF00000802846FFF7D8FE04463046FFF7D4FECF
:10F00000009000232246042140461AF001FB01280B
:10F0100003D0384604B0BDE8F0814FF00007F8E7B0
:10F02000F8B504464FF0170023686BB10D4616463D
:10F030002046FFF739FF0746324629462046FFF7AC
:10F04000ADFFC3B203B907B1F8BD31462046FFF7A3
:10F0500071FFF9E7F0B585B04FF01806036873B398
:10F0600004460D46FFF70AFCC8B1246819F0FCF904
:10F0700002460023009303AB072120461AF0C8FA8A
:10F0800001281AD1039BC3B14FF0E0234FF0805207
:10F09000C3F8042DBFF34F8FBFF36F8F0DE02768C8
:10F0A00019F0DCF904462846FFF77EFE00900023A5
:10F0B0002246022138461AF0ABFA012802D0304627
:10F0C00005B0F0BD4FF00006F9E700BF10B50446EB
:10F0D000006903689B6B0A21984720690368DB6B12
:10F0E00064219847606908B11FF0A4F84FF0000050
:10F0F00010BD10B584B0ADF80E1052B11446BDF875
:10F100000E201A4401688A4206D94FF00B0004B061
:10F1100010BD4FF00200FAE7006902680193009405
:10F12000146A02230DF10E025021A047EFE72DE9EA
:10F13000F84372B105460E461F464FF00004904654
:10F14000CB180268934207D94FF00B042046BDE864
:10F15000F8834FF00204F9E7406910B3417903687E
:10F160005B69003918BF012198471AE03F1BBFB205
:10F17000320AEB681A70EB685E702644B6B2E86833
:10F1800022464146023022F064FAA044286903680E
:10F19000D3F82490A31CEA685021C8470446C3B2A0
:10F1A000C3B1002F32D0E3B2002B2FD16B681C46C5
:10F1B000BB4228BF3C46E4B2B6FBF3F203FB12624B
:10F1C000002AD3D0DBB2D2B29B1ADCB2BC42CDD97A
:10F1D000FCB2CBE728690368DB690122502198471C
:10F1E000044600232B72E3B2002BDAD00120FFF794
:10F1F000DCFD28690368DB69012250219847044639
:10F200002B7A0A2BEFD94FF02904CAE76869002846
:10F210009CD01FF00FF899E708B5C16402654365FB
:10F22000FFF7A0F908BD10B50446FFF796FDA065ED
:10F230004FF0000010BD114B1B68BFF35B8F13F044
:10F24000010F01D00E48704710B50C481FF0FBFDB0
:10F2500008B90B4810BD0A481FF0C2F9074C094A0B
:10F260000949201D1FF021FA20461FF0FBFDF0E7A1
:10F2700002481FF0F4FD1FF093FA00BFE88D002054
:10F28000EC8D002044010020A9E5020838B590F873
:10F290006D30CBB90546C36DB3B1406DA0B11EF062
:10F2A000C9FF6C6D23681B69204698476379003B52
:10F2B00018BF01239842F4D0686D417903685B69F7
:10F2C000003918BF0121984738BDC36D0BB101202B
:10F2D00070470020704738B504460B2903D90D4606
:10F2E00090F86D306BB1216DE06C0BF04FFF606DED
:10F2F00030B1417903685B69003918BF0121984733
:10F3000038BD06F025FF094BA3FB00235B09B3FBC7
:10F31000F5F3E26C12689362E36C1B6801225A6198
:10F32000216DE06C0BF0BFFEEAE700BF1F85EB51DB
:10F330002DE9F04104460F4615461E4600F17008BF
:10F340004FF0FF314046FFF7B3FA39462046FFF74A
:10F35000C2FF2846FFF729FD00212046FFF7BBFF2B
:10F3600026B94046FFF7CCFABDE8F0812846FFF702
:10F370001CFDF6E738B5044600F170054FF0FF318B
:10F380002846FFF795FA0021E165A4F86010A4F87B
:10F3900062106423A36684F86C102046FFF79BFF7D
:10F3A0002846FFF7ADFA38BD49B32DE9F0410446D0
:10F3B00016461D460F46E2B1DBB1FFF786FFD0B916
:10F3C00004F170084FF0FF314046FFF771FA9DF8E5
:10F3D000183084F86C30A5660023A4F86230A4F8D5
:10F3E0006060E7654046FFF78BFA04F17400FFF7B1
:10F3F00086FCBDE8F0812046FFF7BCFFE0E77047E0
:10F40000F8B5044600F170064FF0FF313046FFF7C3
:10F410004FFAA76EE36D8BB3B4F8602082B3B4F8F3
:10F42000622033F812301909B3F5987F1DD32046B6
:10F43000FFF751FFB4F86230E3B1E26DB4F8623027
:10F4400032F8132002F00F0202FB07F701339BB2E0
:10F45000A4F86230B4F8602093421ED394F86C5044
:10F460007DB10023A4F862300BE000212046FFF7B5
:10F4700032FFDFE7FFF771FCA065DEE7002500E063
:10F4800000253046FFF73CFA394604F15800FFF7F3
:10F4900092FC25B14FF00000F8BD0125F1E72046B0
:10F4A000FFF768FF4FF0FF3104F17400FFF7FFFB37
:10F4B000F0E780F86D1001B9704708B50021FFF73B
:10F4C0000AFF08BD10B582B0049C00943830FCF7E8
:10F4D00099FC02B010BD2DE9F04782B01D46B0F98D
:10F4E0000630AB4200F3998004460E461746B0F949
:10F4F0000AA0AA45C0F29180B0F904000A9A801AC5
:10F5000013D4B4F908200A99521ABA4200DB7A1EC1
:10F51000002A77DD94F8341049B994F835C0BCF16D
:10F52000000F0FD04FF0000C03E00020E9E74FF090
:10F53000000C51B994F835E0BEF1000F10D0DFF89F
:10F54000FCE004E06FF07F4CF3E7DFF8F0E051B946
:10F5500094F83580B8F1000F0ED0DFF8D88004E0C1
:10F56000DFF8D0E0F3E7DFF8CC8041B994F835104C
:10F57000B9B16FF07F4904E0DFF8C080F5E76FF0C4
:10F580007F49217C81B12B49AB420FD00133AB4283
:10F590000FD00AF1FF33AB420DD0AA4507D149463F
:10F5A00005E04FF00009ECE72349EDE7614603462B
:10F5B00006E07146FBE74146F9E746F823100133C0
:10F5C0009A42FADAB4F90630AB421BDAB4F90A30DF
:10F5D000AB4217DDB4F904300A995B1A002B04DB47
:10F5E00046F820C0013046F820E0B4F908300A9906
:10F5F0005B1ABB4206DA02F18043013B46F82380E6
:10F6000046F82290237C5BB10A9B00932B463A4636
:10F61000314604F13800FCF766FC02B0BDE8F08723
:10F620000A9B00932B463A46314604F17C00FCF7D6
:10F630005AFCE9E780808000C0C0C0004040400024
:10F640002DE9F04F83B004468A46174698460C9D34
:10F650000D9EC1628280C38053199BB2013B03811E
:10F6600008EB06039BB2013B43818581C6819DF86F
:10F670003830037400F13809D0F830B0FBF76AFC79
:10F680000190CDF800B043463A4651464846FCF753
:10F690001AFDB4F94430ED1A05EBD575B4F94630CE
:10F6A000F61A06EBD676002308EB660207EB650137
:10F6B0004846FEF773FB01214846FCF7B9FB04F10D
:10F6C0007C05E66AB4F93C70B4F93E40FBF742FCB5
:10F6D00001906FF07F430093631C7A1C31462846EB
:10F6E000FCF7F1FC01212846FCF7A2FB03B0BDE8C2
:10F6F000F08FF0B585B004460D4616461F46FEF75E
:10F700000FFB1D4B2360002020626062A062E0625C
:10F710006FF07F43236384F8340084F8350004F1EC
:10F7200038001CF0BFFD04F17C001CF0BBFD9DF80F
:10F73000303002930B9B01930A9B00933B46324669
:10F7400029462046FFF77CFF12E020460B4B40F88D
:10F750007C3FFEF7FBFA2046084B40F8383FFEF7A7
:10F76000F5FA2046FEF7F2FA1FF01AF8F3E7F8E789
:10F77000204605B0F0BD00BF84D5030808D00308BB
:10F780002DE9F04F83B004460F4690461D460C9E6F
:10F790008180C280CB189BB2013B038193199BB23D
:10F7A000013B43818581C68100F13809D0F82CA046
:10F7B000D0F830B0FBF7CEFB0190CDF800B0434657
:10F7C0003A4651464846FCF77EFCB4F94430ED1AFF
:10F7D00005EBD575B4F94630F61A06EBD67600235C
:10F7E00008EB660207EB65014846FEF7D7FA0121F0
:10F7F0004846FCF71DFB04F17C05E66AB4F93C7051
:10F80000B4F93E40FBF7A6FB01906FF07F430093F5
:10F81000631C7A1C31462846FCF755FC012128461A
:10F82000FCF706FB03B0BDE8F08F70B50D46C16A6A
:10F83000A94205D0044628461CF09AFA08B9E562A8
:10F8400070BD04F13806002229463046FCF7FAFD67
:10F85000B4F90400B4F90C30B4F944209B1A03EB5A
:10F86000D371B4F906C0B4F90E30B4F946209B1A2E
:10F8700003EBD37200230CEB620200EB6101304614
:10F88000FEF78CFA04F17C06002229463046FCF78C
:10F89000D9FDB4F93C10B4F93E2000230132013106
:10F8A0003046FEF77BFA2368DB6C00212046984740
:10F8B000C5E7036B8B4200D1704710B50446016366
:10F8C000012300223830FCF79EFA2368DB6C00210C
:10F8D0002046984710BD70B504460D4600F1380625
:10F8E0003046FCF713FDB4F90410B4F90C30B4F948
:10F8F00044209B1A03EBD370B4F906C0B4F90E3060
:10F90000B4F946209B1A03EBD37200230CEB62027E
:10F9100001EB60013046FEF741FA04F17C0629460E
:10F920003046FCF7F3FCB4F93C10B4F93E20002358
:10F93000013201313046FEF731FA70BD70B5044630
:10F940000D4600F138063046FCF72DFDB4F90410E1
:10F95000B4F90C30B4F944209B1A03EBD370B4F91A
:10F9600006C0B4F90E30B4F946209B1A03EBD372EB
:10F9700000230CEB620201EB60013046FEF70EFA49
:10F9800004F17C0629463046FCF70DFDB4F93C1025
:10F99000B4F93E200023013201313046FEF7FEF972
:10F9A00070BD70B504460D4600F138063046FCF7D0
:10F9B00059FAB4F90410B4F90C30B4F944209B1A84
:10F9C00003EBD370B4F906C0B4F90E30B4F9462095
:10F9D0009B1A03EBD37200230CEB620201EB600174
:10F9E0003046FEF7DBF904F17C0629463046FCF789
:10F9F00039FAB4F93C10B4F93E2000230132013148
:10FA00003046FEF7CBF970BD10B5044603685B6C59
:10FA1000984700B110BD01230022216B04F138008A
:10FA2000FCF7F1F923689B6C012120469847236875
:10FA3000DB6C002120469847ECE710B504460368CC
:10FA40005B6C984780B123689B6C002120469847E7
:10FA500001230022054904F13800FCF7D4F923689A
:10FA6000DB6C00212046984710BD00BF80808000DD
:10FA700008B590F834308B4205D080F83410036814
:10FA8000DB6C0021984708BD0162426283627047C7
:10FA900008B50346006A20B19A6A596AFEF7F6FD76
:10FAA00008BD5A6A002AFBD01946986A9047F7E7C2
:10FAB00038B5044605290BD8DFE801F0030B0A0A24
:10FAC000031D012380F835300368DB6C0021984763
:10FAD00038BD002580F8355001232A46016B3830A7
:10FAE000FCF791F92046FFF7D3FF2368DB6C29462A
:10FAF00020469847ECE7002580F8355001232A4638
:10FB0000016B3830FCF77FF92368DB6C294620460F
:10FB10009847DDE77047704710B50B4B0B4A1A62E8
:10FB200000241C620A4A5A625C620A4A1A611C6119
:10FB300080225A615C614FF0FF329A619C61FFF74D
:10FB4000EAFF204610BD00BF003802400FC8E21097
:10FB5000317917009F10600010B504460E4B1A78DB
:10FB60004FF47A73B3FBF2F30C4A1068B0FBF3F076
:10FB700000F0A9F968B90F2C01D901200AE0002290
:10FB800021464FF0FF3000F083F9034B5C6000200A
:10FB900000E0012010BD00BF44000020DC00002078
:10FBA00008B50B4B1A6842F400721A601A6842F4E6
:10FBB00080621A601A6842F480721A60032000F0B2
:10FBC00055F90F20FFF7C8FF1AF09AFC002008BD76
:10FBD000003C0240034A1168034B1B780B4413603E
:10FBE000704700BF648E002044000020014B18685D
:10FBF000704700BF648E0020014B5868704700BFFB
:10FC00004400002010B5074B1C78844201D100202D
:10FC100010BD18705868FFF79FFF0028F8D0014BFF
:10FC20001C70F5E744000020014B1878704700BFB6
:10FC30004400002038B50446FFF7D8FF0546B4F16C
:10FC4000FF3F02D0044B1B781C44FFF7CFFF401B43
:10FC5000A042FAD338BD00BF440000204FF0E0229C
:10FC6000136923F00203136170474FF0E022136918
:10FC700043F0020313617047004870470005080114
:10FC8000014B1868000C7047002004E0024B186814
:10FC9000C0F30B00704700BF002004E0024A536825
:10FCA00043F0010353607047002004E0024A5368A8
:10FCB00023F0010353607047002004E0024A5368B8
:10FCC00043F0020353607047002004E0024A536887
:10FCD00023F0020353607047002004E0024A536897
:10FCE00043F0040353607047002004E0024A536865
:10FCF00023F0040353607047002004E0024B01220C
:10FD0000C3F80024704700BF00002742024B0022C6
:10FD1000C3F80024704700BF00002742014BD3F80E
:10FD2000100A70470070FF1F014BD3F8140A704788
:10FD30000070FF1F014BD3F8180A70470070FF1FB7
:10FD4000002807DB00F01F02400901239340024A0C
:10FD500042F82030704700BF00E100E000280CDBD3
:10FD600000F01F024009012393402030034A42F86B
:10FD70002030BFF34F8FBFF36F8F704700E100E07B
:10FD8000002808DB0901C9B200F1604000F56140BC
:10FD900080F80013704700F00F000901C9B2014B51
:10FDA0001954704714ED00E0002807DB00F16040B3
:10FDB00000F5614090F800030009704700F00F0063
:10FDC000014B185C0009704714ED00E000B500F02D
:10FDD0000700C0F1070CBCF1040F28BF4FF0040C62
:10FDE000031D062B0FD9C31E4FF0FF3E0EFA0CF079
:10FDF00021EA000199400EFA03FE22EA0E0241EACE
:10FE000002005DF804FB0023EEE710B501F00701E6
:10FE1000C1F1070CBCF1040F28BF4FF0040C0C1DFE
:10FE2000062C0FD9033920FA01F44FF0FF3E0EFAE9
:10FE30000CFC24EA0C0414600EFA01FE20EA0E0009
:10FE4000186010BD0021EEE7BFF34F8F0549CA6867
:10FE500002F4E062044B1343CB60BFF34F8F00BF4B
:10FE6000FDE700BF00ED00E00400FA05074AD36893
:10FE700023F4E0631B041B0C000200F4E060034366
:10FE800043F0BF6343F40033D360704700ED00E0FC
:10FE900010B50446054BD868C0F30220FFF796FF63
:10FEA00001462046FFF76CFF10BD00BF00ED00E0EB
:10FEB00008B5FFF745FF08BD08B5FFF74FFF08BDC0
:10FEC00008B5FFF7C1FF0138B0F1807F0BD24FF0CA
:10FED000E0235861054AF02182F823100020986140
:10FEE00007221A6170470120704700BF00ED00E053
:10FEF000BFF35F8F044B5A6A22F480325A620022A9
:10FF0000C3F89420704700BF00ED00E040F001000E
:10FF1000054BC3F894005A6A42F480325A62BFF328
:10FF20004F8FBFF36F8F704700ED00E0044BC3F8B5
:10FF30009800D3F8A02042F00102C3F8A020704737
:10FF400000ED00E0044BC3F89800D3F8A02022F0A5
:10FF50000102C3F8A020704700ED00E04378144A86
:10FF6000C2F89830D2F8A03023F00103C2F8A030D4
:10FF70004368C2F89C30017BC37A1B0643EA0173D5
:10FF8000817A43EAC143417B43EA8143817B43EA6F
:10FF90004143C17B43EA0143417A43EA0123017AA9
:10FFA00043EA410301780B43C2F8A030704700BF19
:10FFB00000ED00E040BF20BF7047024BD868C0F39F
:10FFC0000220704700ED00E070B50C4615461E4655
:10FFD000FFF7EAFE33462A462146FFF716FF70BDBB
:10FFE000002808DB00F01F02400901239340403045
:10FFF000014A42F82030704700E100E000280BDBA6
:020000040801F1
:1000000043094033054A52F8233000F01F0023FA19
:1000100000F000F0010070470020704700E100E0B0
:10002000002808DB00F01F024009012393406030E4
:10003000014A42F82030704700E100E000280BDB65
:1000400043098033054A52F8233000F01F0023FA99
:1000500000F000F0010070470020704700E100E070
:10006000042806D04FF0E022136923F00403136143
:1000700070474FF0E022136943F0040313617047A7
:10008000704708B5FFF7FCFF08BD00BF30B4056836
:100090002C6824F480242C60046863608368402BFF
:1000A00005D0036899600368DA6030BC7047036864
:1000B0009A600368D960F8E710B40368D9B21039C0
:1000C0000A4AA2FB01421209094CA25CC2655F29DF
:1000D00007D96FF3090304338365806D5DF8044B22
:1000E00070476FF309038365F7E700BFABAAAAAABD
:1000F000ECD50308836A826992B9012B0AD0022BDE
:1001000002D00BB100207047C36A13F0807F28D162
:1001100000207047C36AB3F1C07F24D0002070472D
:10012000B2F5005F09D0022B25D9032B25D1C36A74
:1001300013F0807F23D100207047032B03D8DFE822
:1001400003F01404140A00207047C36A13F0807F80
:100150000DD100207047C36AB3F1C07F09D00020E1
:10016000704701207047012070470120704701202F
:100170007047012070470120704700207047012020
:10018000704770B50446FFF731FD002C5BD0054683
:10019000022384F83530002384F834302268136851
:1001A00023F00103136023681A6812F0010F0AD0CC
:1001B000FFF71CFD431B052BF5D9202363650320A6
:1001C00084F8350070BD1A68204911406268A06843
:1001D0000243E06802432069024360690243A06968
:1001E0000243E0690243206A02430A43616A042928
:1001F0001ED01A602668756925F00705636A1D43DD
:10020000042B07D1A36A1D43E36A1BB12046FFF705
:1002100071FF90B975612046FFF74EFFE26D3F23F5
:100220009340836000206065012384F83530C9E77E
:10023000E16A206B01430A43DBE740236365012049
:1002400084F83500BEE70120BCE700BF3F8010F016
:1002500000282DD038B5044690F83530D8B2022B9E
:1002600025D02268136823F001031360236800255A
:100270001D6023685D6023689D602368DD602368DE
:100280001D61236821225A612046FFF715FFE563AF
:1002900025646564A564E5642565E26D3F239340AC
:1002A0008360656584F8355084F83450284638BD3D
:1002B0000120704738B5044690F8340001281AD060
:1002C000012084F8340094F83500012804D000237C
:1002D00084F83430022038BD022084F8350000252F
:1002E00065652046FFF7D2FE2268136843F00103DC
:1002F00013602846EFE70220EDE738B50446856D28
:1003000090F8340001282AD0012084F8340094F8B1
:100310003500012804D0002384F83430022038BD91
:10032000022084F83500002060652046FFF7AEFE0D
:10033000E26D3F239340AB602268136843F01603DD
:100340001360236C23B12268136843F00803136021
:100350002268136843F0010313600020DFE70220E6
:10036000DDE770B50446866DFFF740FC94F8353044
:10037000022B06D080236365002384F834300120EB
:1003800070BD05462268136823F0160313602268C7
:10039000536923F080035361236CE3B1226813682F
:1003A00023F0080313602268136823F0010313602D
:1003B00023681B6813F0010F11D0FFF717FC431BD4
:1003C000052BF5D920236365032084F8350000232D
:1003D00084F83430D4E7A36C002BDFD1E3E7E26D7F
:1003E0003F239340B360012384F83530002084F824
:1003F0003400C5E790F83530022B03D080234365E5
:1004000001207047052380F835300268136823F017
:1004100001031360002070472DE9F0470446884629
:100420001646FFF7E3FB94F83530022B07D0802304
:100430006365002384F834300120BDE8F0878146ED
:1004400023681B6813F4807F3BD1B8F1000F3DD1C6
:10045000E36D4FF0200A0AFA03FAA76D3B681AEA27
:10046000030F43D1636D13F0010F3FD1B6F1FF3F8E
:1004700007D0002E30D0FFF7B9FBA0EB0900B04247
:100480002AD83B68E16D08228A401A4204D0616D87
:1004900041F001016165BA60E16D01228A401A42B2
:1004A00004D0616D41F002016165BA60E26D04251E
:1004B00095401D42D3D0626D42F004026265BD607A
:1004C000CDE74FF4807363650120B6E7E36D4FF02D
:1004D000100A0AFA03FAC0E720236365012384F8AF
:1004E0003530002384F834300320A6E7636D1BB158
:1004F000636D13F0010F0ED1B8F1000F19D1E26D49
:1005000030239340BB60012384F83530002384F806
:100510003430404691E72046FFF723FFE26D302359
:100520009340BB60012084F83500002384F8343008
:1005300083E7E26D10239340BB6000207DE7F0B5B8
:1005400083B0044600230193714B1D68714BA3FBDC
:100550000535AD0A876D3E68C26D0823934033426E
:1005600010D003681A6812F0040F0BD01A6822F03A
:1005700004021A60C26D08239340BB60436D43F0D0
:1005800001034365E26D01239340334209D02268A1
:10059000526912F0800F04D0BB60636D43F0020318
:1005A0006365E26D04239340334209D022681268E8
:1005B00012F0020F04D0BB60636D43F00403636567
:1005C000E26D10239340334224D02268126812F067
:1005D000080F1FD0BB6023681A6812F4802F0DD05B
:1005E0001B6813F4002F04D1236C9BB1204698475D
:1005F00010E0A36C73B1204698470BE01A6812F420
:10060000807F03D11A6822F008021A60236C0BB1B4
:1006100020469847E26D20239340334254D022680D
:10062000126812F0100F4FD0BB6094F83530052BD4
:100630000ED023681A6812F4802F33D01B6813F48D
:10064000002F2AD1636C002B3ED0204698473BE018
:100650002268136823F0160313602268536923F09D
:1006600080035361236CA3B12268136823F008034D
:100670001360E26D3F239340BB60012384F8353063
:10068000002384F83430236D002B3FD02046984758
:100690003CE0A36C002BE7D1EBE7E36BA3B1204672
:1006A000984711E01A6812F4807F09D11A6822F085
:1006B00010021A60012384F83530002384F83430A6
:1006C000E36B0BB120469847636DFBB1636D13F08C
:1006D000010F17D0052384F835302268136823F002
:1006E00001031360019B01330193AB4204D82368DB
:1006F0001B6813F0010FF5D1012384F83530002376
:1007000084F83430E36C0BB12046984703B0F0BD59
:10071000DC000020B5814E1B034690F83400012810
:1007200027D0012083F8340093F835C05FFA8CF0AD
:10073000BCF1010F04D00120002283F8342070475F
:100740000529F9D8DFE801F00306090C0F12DA6376
:100750000846F1E71A640020EEE75A640020EBE750
:100760009A640020E8E7DA640020E5E71A650020D3
:10077000E2E702207047034690F83420012A2FD088
:10078000012280F8342090F83520D0B2012A04D01C
:100790000120002283F8342070470629F9D8DFE8C9
:1007A00001F004080B0E111417000022DA6308464A
:1007B000EFE700201864ECE700205864E9E7002028
:1007C0009864E6E70020D864E3E700201865E0E7D6
:1007D0000020D863186458649864D8641865D8E712
:1007E0000220704790F835007047406D704700BF99
:1007F00000230F2B00F2D78070B582B065E08568CA
:100800004FEA430E032404FA0EF425EA0405CC68EB
:1008100004FA0EF42C438460446824EA02044A6813
:10082000C2F300129A40224342605CE0DC080834C4
:1008300050F8242003F00705AD004FF00F0E0EFA1C
:1008400005FE22EA0E0E0A69AA4042EA0E0240F8AC
:1008500024205CE0042200E0002202FA0EF22A4387
:100860000234514D45F82420504A94686FEA0C0236
:1008700024EA0C054E6816F4801F01D04CEA0405EA
:100880004A4CA560E46802EA04054E6816F4001FAD
:1008900001D04CEA0405454CE560646802EA0405B1
:1008A0004E6816F4003F01D04CEA04053F4C6560E9
:1008B000246822404D6815F4803F01D04CEA0402C0
:1008C0003A4C226001330F2B6BD801229A400C68FE
:1008D00004EA020C32EA0404F4D14C6804F0030484
:1008E000013C012C8BD94A6802F00302032A09D08B
:1008F000C4685D000322AA4024EA02048A68AA4070
:100900002243C2604A6802F00302022A8ED00468C1
:100910004FEA430E032202FA0EF224EA02044A6866
:1009200002F0030202FA0EF2224302604A6812F455
:10093000403FC7D0002201921D4A546C44F48044C9
:100940005464526C02F480420192019A9C08A51CE6
:10095000154A52F8255003F0030E4FEA8E0E0F226F
:1009600002FA0EF225EA0205124A90423FF474AFF1
:1009700002F5806290420ED002F5806290420CD067
:1009800002F5806290420AD002F5806290423FF404
:1009900061AF072261E701225FE702225DE70322E0
:1009A0005BE702B070BD704700380140003C014079
:1009B000003802400000024000230F2B7CD8F0B525
:1009C0002DE0042500E0002505FA0CF5A54257D0DE
:1009D00004685D004FF0030C0CFA05FC24EA0C04DB
:1009E00004604FEAD30E0EF1080E50F82E4003F0CB
:1009F0000706B6000F25B54024EA050440F82E404E
:100A0000C46824EA0C04C460446824EA0202426018
:100A1000826822EA0C02826001330F2B4BD801223C
:100A20009A4002EA010632EA0104F5D14FEA930E38
:100A30000EF10205214C54F8254003F0030C4FEA57
:100A40008C0C0F2505FA0CF73C401D4DA842BAD07E
:100A500005F58065A8420DD005F58065A8420BD04C
:100A600005F58065A84209D005F58065A842A8D0A3
:100A70000725A9E70125A7E70225A5E70325A3E7A1
:100A8000104C256825EA06052560656825EA0605F7
:100A90006560E56825EA0605E560A56825EA0605BE
:100AA000A560064E0EF1020456F8245025EA07050B
:100AB00046F824508CE7F0BD704700BF0038014075
:100AC00000000240003C01400369194201D00120AE
:100AD0007047002070470AB1816170470904816145
:100AE0007047436901EA030221EA030141EA024136
:100AF0008161704782B04FF480330193019B0B43B7
:100B00000193019BC361C161019BC361C3690193EF
:100B1000C36913F4803F02D0002002B07047012067
:100B2000FBE7704708B5054B5B69034200D108BD80
:100B3000024B5861FFF7F5FFF9E700BF003C0140A9
:100B400003685A6912F0800F01D000221A617047C1
:100B500090F83E30402B10D00369B3F5804F1BD086
:100B6000036D002B38D1436CC3F3C813026803F044
:100B7000060343F0F00313617047036D2BB9436C18
:100B8000026803F0FE0313617047436C026843F090
:100B90000103DBB21361704790F83D30212B0FD079
:100BA000436C026843F00103DBB21361436B6BB12A
:100BB000DB6B5BB10268536843F4006353607047BA
:100BC000436C026803F0FE031361EFE7836B33B1FC
:100BD000DB6B002BEED102E0036D012B00D07047E0
:100BE000436CC3F3C813026803F0060343F0F10338
:100BF0001361F4E7436C0268DBB21361436B3BB1F2
:100C0000DB6B2BB10268536843F400635360704799
:100C1000836B002BFBD0DB6B002BF3D1F7E710B419
:100C20008BB090F83E30C16A046B90F83D20222AC8
:100C30000BD00023099303685A6909929B690993B1
:100C4000099B0BB05DF8044B7047DBB2026D0AB92B
:100C5000402B17D0036D1BB90369B3F5404F1AD071
:100C6000438D9BB2002B26D1029303685A690292EE
:100C70009A690292029A1A6842F400721A6000237A
:100C80000365DEE70023009303685A6900929B69BD
:100C90000093009BD5E70023019303685A690192F2
:100CA0009A690192019A1A6842F480721A60036D7F
:100CB00001330365C5E7438D9BB2012B26D0438DDD
:100CC0009BB2022B7CD00268136843F480631360EC
:100CD00003685A6812F4006F0FD0202900F2AE802A
:100CE0000829C0F0A7800839574ACA4012F0010FFE
:100CF00003D05A6842F480525A6000230893036874
:100D00005A6908929B690893089BB8E711F5803FE0
:100D100011D0082934D0202932D0122C2ED0042909
:100D200040D002293ED010293CD00268136823F439
:100D3000806313603BE00268136823F480631360F0
:100D400003685A6812F4006F0CD01A6822F48062AB
:100D50001A600023039303685A6903929B69039303
:100D6000039B8CE7002204925A6904929A690492C8
:100D7000049A1A6842F400721A6080E70129D0D000
:100D80000268136823F480631360002306930368EA
:100D90005A6906929A690692069A1A6842F4007293
:100DA0001A606CE70268136843F4806313600023E1
:100DB000059303685A6905929B690593059B5EE755
:100DC00010290AD8214BCB4013F0010F05D002683F
:100DD000136843F48063136009E00268136823F426
:100DE000806313600268136843F400631360036850
:100DF0005A6812F4006F0DD0202917D8082912D391
:100E00000839114ACA4012F0010F03D05A6842F45F
:100E100080525A600023079303685A6907929B69BE
:100E20000793079B2BE70129F4D1EFE711F5803FEA
:100E3000F0D1EBE701297FF460AF5AE711F5803F6D
:100E40007FF45BAF55E700BF010100011400010012
:100E5000438D9BB25BB1426A036812781A61436AA0
:100E600001334362438D9BB2013B9BB24385704784
:100E7000438D9BB25BB103681A69436A1A70436A77
:100E800001334362438D9BB2013B9BB24385704764
:100E900082B0002301930E4B1B68DB080D4AA2FBB6
:100EA00003231B0A03EB83030193019B013B019383
:100EB000019B33B103681B6813F4007FF5D1002058
:100EC00004E0036C43F020030364012002B0704788
:100ED000DC00002089B5F81403685A6912F4806FA9
:100EE00001D1002070476FF480625A6100230363D0
:100EF000202280F83D2080F83E30026C42F004024F
:100F0000026480F83C3001207047C36AB3F52A0FB1
:100F100004D0C36AB3F12A4F03D070470123C362E0
:100F200070470823C362F8E72DE9F04106460C46F6
:100F3000174698463BE0FEF759FE069BC01A40450F
:100F400002D8B8F1000F32D1012D18D033689B6957
:100F500024EA03039BB2B3FA83F35B099F4226D1D1
:100F600000233363202286F83D2086F83E30326C21
:100F700042F02002326486F83C30012027E03368DA
:100F80005B6924EA03039BB2B3FA83F35B09E5E7E9
:100F900033685B6924EA030C1FFA8CFCBCFA8CFCF6
:100FA0004FEA5C1C674511D1B8F1FF3FC3D1C4F3D0
:100FB0000745012DECD033689B6924EA030C1FFA26
:100FC0008CFCBCFA8CFC4FEA5C1CEBE70020BDE813
:100FD000F0812DE9F84305460E469046994653E0C8
:100FE0001A6842F400721A602B686FF480625A61CA
:100FF00000232B63202285F83D2085F83E302A6CA3
:1010000042F004022A6485F83C3001204AE0FEF7F1
:10101000EDFDA0EB0900404502D8B8F1000F33D137
:10102000012F17D02B689B6926EA03039BB2003B74
:1010300018BF012343B300232B63202285F83D20F2
:1010400085F83E302A6C42F020022A6485F83C3054
:10105000012027E02B685B6926EA03039BB2003B73
:1010600018BF0123E6E72B689C6926EA0404A4B2B2
:10107000003C18BF0124A4B12B685A6912F4806F98
:10108000AED1B8F1FF3FC2D1C6F30747012FEAD175
:101090002B685C6926EA0404A4B2003C18BF012452
:1010A000E9E70020BDE8F883F0B583B004460D46BB
:1010B00016461F46C36A082B0DD0012B0BD013F523
:1010C000803F08D0036B122B0AD10268136843F4E7
:1010D0008073136004E02268136843F48073136024
:1010E0000097334600224FF001112046FFF71CFF06
:1010F00080B92369B3F5804F16D1236805F0FE054A
:101100001D613B46324613492046FFF762FFF8B99E
:1011100003B0F0BD23681B6813F4807F02D04FF446
:10112000007323640320F3E7EB11226803F0060346
:1011300043F0F00313613B46324607492046FFF770
:1011400048FF18B92368EDB21D61DAE70120DFE737
:101150000120DDE702000100080001002DE9F04157
:1011600084B004460D4616461F46C26A01680B68E5
:1011700043F480630B60082A0DD0012A0BD012F5CE
:10118000803F08D0036B112B0AD10268136843F427
:101190008073136004E02268136843F48073136063
:1011A0000097334600224FF001112046FFF7BCFEA6
:1011B00098B92369B3F5804F19D1236845F001052B
:1011C000EDB21D613B4632462A492046FFF701FF3A
:1011D00000284CD104B0BDE8F08123681B6813F4EB
:1011E000807F02D04FF4007323640320F2E74FEABC
:1011F000E51808F00608236848F0F0021A613B463B
:1012000032461D492046FFF7E4FE08B10120E1E720
:101210002368EDB21D613B46324616492046FFF772
:10122000D8FE08B10120D5E700220392236859694E
:101230000391996903910399196841F480711960C8
:10124000009733464FF001112046FFF76DFE20B99D
:10125000226848F0F1031361B4E723681B6813F4B4
:10126000807F02D04FF4007323640320B2E7012093
:10127000B0E700BF020001000800010070B504469D
:101280000D46164623685B6913F0800F21D1204676
:10129000FFF722FEF8B9B5F1FF3FF3D0FEF7A6FC49
:1012A000801BA84201D8002DECD123685B6913F0A4
:1012B000800FE7D100232363202284F83D2084F8A7
:1012C0003E30226C42F02002226484F83C3001203F
:1012D00000E0002070BD0120FCE72DE9F04385B05F
:1012E00004460D4691461F46DDF830800D9E03688A
:1012F000196841F4807119600096434600224FF04E
:101300000111FFF711FE60B9236805F0FE051D61AC
:101310003346424626492046FFF75BFE68B101206E
:1013200008E023681B6813F4807F02D04FF4007339
:101330002364032005B0BDE8F083002303932368F2
:101340005A6903929B690393039B324641462046A8
:10135000FFF794FF30B9012F0FD123685FFA89F6A8
:101360001E61E7E7236C042B01D00120E2E722682D
:10137000136843F400731360F7E723684FEA1922F8
:101380001A61324641462046FFF778FF20B92368AC
:101390005FFA89F61E61CDE7236C042B01D0012092
:1013A000C8E72268136843F400731360F7E700BFCF
:1013B000020001002DE9F04784B004460D461646B0
:1013C00099460C9FDDF834800268136843F480630B
:1013D00013600368196841F480711960CDF80080CA
:1013E0003B4600224FF00111FFF79EFD70B95FFAF6
:1013F00085FA236805F0FE051D6143463A464149DA
:101400002046FFF7E6FD68B1012008E023681B686D
:1014100013F4807F02D04FF400732364032004B0E0
:10142000BDE8F0870023039323685A6903929B6900
:101430000393039B424639462046FFF71FFF80B9BE
:10144000B9F1010F18D12368F6B21E614246394640
:101450002046FFF713FF68B3236C042B24D0012030
:10146000DDE7236C042B01D00120D8E72268136844
:1014700043F400731360F7E72368320A1A614246A7
:1014800039462046FFF7FAFE18B92368F6B21E6106
:10149000DCE7236C042B01D00120C0E7226813682D
:1014A00043F400731360F7E72268136843F4007392
:1014B0001360D4E72268136843F480731360CDF897
:1014C00000803B4600224FF001112046FFF72CFD23
:1014D00068B922684AF00103136143463A46094954
:1014E0002046FFF776FD002899D0012097E7236872
:1014F0001B6813F4807F02D04FF400732364032031
:101500008DE700BF0200010070B504460D46164687
:1015100023685B6913F0040F21D12046FFF7DCFC40
:10152000F8B9B5F1FF3FF3D0FEF760FB801BA8428E
:1015300001D8002DECD123685B6913F0040FE7D1CB
:1015400000232363202284F83D2084F83E30226C5F
:1015500042F02002226484F83C30012000E00020A8
:1015600070BD0120FCE770B504460D46164614E038
:101570006FF010025A6100232363202284F83D207B
:1015800084F83E30226C226484F83C30012025E04F
:1015900023685B6913F0400F10D02368586910F07E
:1015A000400F1AD1586910F0100FE1D1FEF71EFB61
:1015B000801BA842ECD8002DEFD1E9E7002323637C
:1015C000202284F83D2084F83E30226C42F0200234
:1015D000226484F83C30012000E0002070BD70B52A
:1015E00004460D46164604E023685B6913F0100FAD
:1015F00010D023685B6913F0100F1AD12046FFF753
:101600006BFCC0B9FEF7F2FA801BA842ECD8002DA3
:10161000EFD1E9E700232363202284F83D2084F8FA
:101620003E30226C42F02002226484F83C300120DB
:1016300000E0002070BD0120FCE77047002800F0AA
:10164000CC8070B5044690F83D30002B77D0242331
:1016500084F83D302268136823F001031360226888
:10166000136843F4004313602268136823F40043B3
:10167000136004F073FD62685A4B9A4264D85A4B67
:1016800098428CBF00230123002B40F0A8805749CB
:10169000A1FB00318B0C25686A6822F03F0242EA08
:1016A00091426A6021680A6A22F03F0266684D4DE5
:1016B000AE424FD8013313430B622168CA6922F44A
:1016C0004F4222F0FF026568464B9D424CD8431EB4
:1016D0006D00B3FBF5F3013340F6FC70034278D0A4
:1016E000C3F30B031A43CA6121680B6823F0C003DC
:1016F000E269206A024313430B6021688B6823F47C
:10170000034323F0FF032269E068024313438B6025
:101710002168CB6823F0FF036269A0690243134389
:10172000CB602268136843F001031360002020643B
:10173000202384F83D30206384F83E0070BD80F89B
:101740003C3018F05BFB82E7294B98428CBF0023AA
:10175000012399E74FF4967505FB03F3254DA5FB8F
:1017600003539B090133A6E7A668BEB9431E05EBE8
:10177000450CB3FBFCF30133C3F30B03B3FA83F360
:101780005B0943BBC6B9431E05EB4505B3FBF5F347
:101790000133C3F30B0343F40043A3E7431E05EBFC
:1017A000850C0CEB8C0CB3FBFCF30133C3F30B0384
:1017B000B3FA83F35B09E4E7431E05EB850505EB0C
:1017C0008505B3FBF5F30133C3F30B0343F4404347
:1017D00088E7042386E7012384E70120704701207E
:1017E000ACE700BFA08601007F841E0083DE1B43A0
:1017F000FF083D00D34D62107047A8B110B50446F4
:10180000242380F83D300268136823F0010313603D
:1018100018F02CFB0020206484F83D00206384F83D
:101820003E0084F83C0010BD012070472DE9F043D4
:1018300085B004460F46904699460C9EFEF7D6F9B1
:1018400094F83D10202904D00227384605B0BDE8A1
:10185000F08305460090192301224F492046FFF7E7
:1018600063FB002840F0928094F83C30012B00F09C
:101870008F80012384F83C3023681A6812F0010F2E
:1018800003D11A6842F001021A602268136823F437
:1018900000631360212384F83D30102384F83E3028
:1018A00000232364C4F82480A4F82A90638D238540
:1018B0003A4BE3622B46324639462046FFF7F4FBAB
:1018C0000746002866D10023039323685A690392D0
:1018D0009B690393039B11E0236C042B01D0012728
:1018E000B3E72268136843F400731360F7E72A46EE
:1018F00031462046FFF708FE00282ED1238D002B0D
:1019000036D02A4631462046FFF7B8FC0028E3D1FE
:10191000626A236812781A61606A431C6362618D8F
:1019200089B2013989B26185238D013B9BB2238540
:101930002268516911F0040FD9D0002BD7D0437819
:101940001361636A01336362638D9BB2013B9BB297
:101950006385238D013B2385C9E7236C042B01D0CC
:10196000012772E72268136843F400731360F7E7F6
:101970002268136843F400731360202384F83D3019
:10198000002384F83E3084F83C305EE702275CE7B1
:1019900002275AE7012758E7020010000000FFFF66
:1019A0002DE9F04387B004460F46904699460E9EB7
:1019B000FEF71CF994F83D10202904D00227384680
:1019C00007B0BDE8F08305460090192301228A493B
:1019D0002046FFF7A9FA002840F0508194F83C30E7
:1019E000012B00F04D81012384F83C3023681A68F4
:1019F00012F0010F03D11A6842F001021A60226846
:101A0000136823F400631360222384F83D3010230D
:101A100084F83E3000232364C4F82480A4F82A907C
:101A2000638D2385754BE3622B463246394620464B
:101A3000FFF794FB0746002840F02481238D5BB913
:101A4000029323685A6902929A690292029A1A686A
:101A500042F400721A607AE0012B0FD0022B1FD0E3
:101A60002268136843F4806313600023059323689E
:101A70005A6905929B690593059B68E02268136883
:101A800023F4806313600023039323685A6903924D
:101A90009A690392039A1A6842F400721A6056E037
:101AA0002268136823F4806313602268136843F488
:101AB000006313600023049323685A6904929B69AE
:101AC0000493049B43E02A4631462046FFF74BFD32
:101AD000002840F0D98023681A69636A1A70636A23
:101AE00001336362238D013B2385638D9BB2013BF0
:101AF0009BB263852BE00095334600224049204687
:101B0000FFF712FA002840F0C1802268136843F4FE
:101B10000073136023681A69636A1A70626A531C3F
:101B20006362238D013B2385638D9BB2013B9BB296
:101B3000638523681B695370636A01336362238D75
:101B4000013B2385638D9BB2013B9BB26385218D55
:101B5000002900F08A80032954D80129B3D0022932
:101B6000C9D000953346002225492046FFF7DCF90D
:101B7000002840F08D802268136823F4806313608E
:101B800023681A69636A1A70636A01336362238D7A
:101B9000013B2385618D89B2013989B26185009548
:101BA0003346002216492046FFF7BEF9002871D1BE
:101BB0002268136843F40073136023681A69636A28
:101BC0001A70626A531C6362238D013B2385638D07
:101BD0009BB2013B9BB2638523681B695370636AA8
:101BE00001336362238D013B2385638D9BB2013BEF
:101BF0009BB26385ABE700BF020010000000FFFF4F
:101C0000040001002A4631462046FFF7ACFC0028BC
:101C100042D123681A69636A1A70636A0133636286
:101C2000228D013A92B22285638D9BB2013B9BB219
:101C300063852368596911F0040F88D0032A0FD0F7
:101C400023681A69636A1A70636A01336362238DB9
:101C5000013B2385638D9BB2013B9BB2638576E795
:101C60001A6822F480621A60EAE7202384F83D3083
:101C7000002384F83E3084F83C30A0E602279EE63C
:101C800002279CE601279AE6012798E6012796E6B7
:101C9000012794E6012792E6012790E62DE9F0411D
:101CA00084B004460D4690461E46FDF79FFF94F80B
:101CB0003D30202B40F0AE800746002D00F0AE8076
:101CC000B8F1000F00F0AC8094F83C30012B00F02C
:101CD000A980012384F83C3023681A6812F0010FB0
:101CE00003D11A6842F001021A602268136823F4D3
:101CF00000631360212384F83D30202384F83E30B4
:101D0000002222646562A4F82A80638D2385494BF2
:101D1000E36221680B6843F480630B6000973346ED
:101D200045492046FFF700F900287DD100230293A2
:101D300023685A6902929B690293029B2369B3F557
:101D4000404F33D0238D002B49D03A4631462046B0
:101D5000FFF794FA00283BD1626A236812781A616F
:101D6000626A531C6362B4F82AC01FFA8CFC0CF13F
:101D7000FF3C1FFA8CFCA4F82AC0258D013DADB2B2
:101D800025852368596911F0040FDBD0002DD9D0C7
:101D900052781A61636A01336362638D9BB2013BBF
:101DA0009BB26385238D013B2385CBE700973346A8
:101DB000002221492046FFF7B7F8002836D100233A
:101DC000039323685A6903929B690393039BB9E7C2
:101DD0002268136823F48063136001201BE00097DE
:101DE000334600224FF482312046FFF79DF8F8B9C0
:101DF00023686FF480625A612268136823F4806359
:101E00001360202384F83D30002384F83E3084F8AA
:101E10003C3000E0022004B0BDE8F0810120FAE788
:101E20000120F8E70220F6E70120F4E70120F2E7BD
:101E30000120F0E70000FFFF020001002DE9F04162
:101E400084B004460D4690461E46FDF7CFFE94F83A
:101E50003D30202B40F0A0800746002D00F0A080F0
:101E6000B8F1000F00F09E8094F83C30012B00F098
:101E70009B80012384F83C3023681A6812F0010F1C
:101E800003D11A6842F001021A602268136823F431
:101E900000631360222384F83D30202384F83E3011
:101EA000002222646562A4F82A80638D2385404B5A
:101EB000E36221680B6843F480630B60009733464C
:101EC0003C492046FFF730F800286FD100230293E9
:101ED00023685A6902929B690293029B238D002B0F
:101EE00036D03A4631462046FFF73DFB48BB2368D3
:101EF0001A69636A1A70636A5A1C6262258D013D11
:101F0000ADB22585B4F82AC01FFA8CFC0CF1FF3C59
:101F10001FFA8CFCA4F82AC02268516911F0040F42
:101F2000DCD0002DDAD012695A70636A0133636223
:101F3000238D013B2385638D9BB2013B9BB263855F
:101F4000CCE72268136823F480631360012024E047
:101F50003A4631462046FFF742FB30B1226813680B
:101F600023F480631360012017E0002303932268A9
:101F700051690391116841F001011160039A2168D0
:101F80000A6822F480620A60202284F83D2084F8E6
:101F90003E3084F83C3000E0022004B0BDE8F0811F
:101FA0000120FAE70120F8E70220F6E70120F4E734
:101FB0000000FFFF0200010030B482B00024019451
:101FC00090F83D40202C53D12C4C2468E4082C4D33
:101FD000A5FB0454240A04EB840404EB8404019458
:101FE000019C013C0194019C002C35D00468A5693A
:101FF00015F0020FF4D190F83C50012D3CD0012592
:1020000080F83C50256815F0010F03D1256845F094
:102010000105256005682C6824F400642C602124E7
:1020200080F83D40102480F83E4000240464426261
:102030004385438D0385134BC362416480F83C4064
:102040000268536843F4E06353600268136843F422
:102050008073136020460CE000230363202280F885
:102060003D2080F83E30036C13430364022000E0FF
:10207000022002B030BC70470220FAE7DC000020EA
:1020800089B5F8140000FFFF30B482B00024019439
:1020900090F83D40202C58D12F4C2468E4082F4D57
:1020A000A5FB0454240A04EB840404EB8404019487
:1020B000019C013C0194019C002C3AD00468A56964
:1020C00015F0020FF4D190F83C50012D41D00125BC
:1020D00080F83C50256815F0010F03D1256845F0C4
:1020E0000105256005682C6824F400642C60222416
:1020F00080F83D40102480F83E4000240464426291
:102100004385438D0385164BC362416480F83C4090
:102110000268536843F4E06353600268136843F451
:10212000806313600268136843F480731360204671
:102130000CE000230363202280F83D2080F83E302D
:10214000036C13430364022000E0022002B030BCA1
:1021500070470220FAE700BFDC00002089B5F814C0
:102160000000FFFF90F83D30202B37D1002937D0F9
:10217000002A37D090F83C30012B35D010B4012321
:1021800080F83C3003681C6814F0010F03D11C6810
:1021900044F001041C600468236823F40063236096
:1021A000212380F83D30202380F83E300023036453
:1021B00041624285428D02850C4AC26201680A680A
:1021C00042F480620A6080F83C3001684A6842F458
:1021D000E0624A6018465DF8044B70470220704781
:1021E0000120704701207047022070470000FFFF68
:1021F00090F83D30202B37D1002937D0002A37D036
:1022000090F83C30012B35D010B4012380F83C30DD
:1022100003681C6814F0010F03D11C6844F001042A
:102220001C600468236823F400632360222380F881
:102230003D30202380F83E30002303644162428514
:10224000428D02850C4AC26201680A6842F48062CB
:102250000A6080F83C3001684A6842F4E0624A60F3
:1022600018465DF8044B7047022070470120704704
:1022700001207047022070470000FFFF30B583B097
:1022800005460020019095F83D00202840F0AA80E6
:1022900057480068C008574CA4FB0040000A00EBF8
:1022A000800000EB80000190019C013C01940198AA
:1022B000002851D02868846914F0020FF4D195F8F1
:1022C0003C40012C00F09180012485F83C400468DA
:1022D00014F0010F03D1046844F0010404602C6879
:1022E000206820F400602060212085F83D00102047
:1022F00085F83E00002028646A626B856B8D9BB276
:102300002B853D4AEA626964002B57D06B6B002B2A
:102310002ED03A4ADA636B6B394ADA646A6B10641E
:102320006A6B50646A6B90646A6B10652A682B8DC7
:102330001032696A686BFDF7E0FF38B3202385F837
:102340003D30002285F83E202B6C43F010032B64B7
:1023500085F83C20012046E000232B63202285F8ED
:102360003D2085F83E302B6C13432B6402203AE06D
:10237000202385F83D30002285F83E202B6C43F069
:1023800080032B6485F83C2001202CE0002385F895
:102390003C302A68536843F4407353602A6853689A
:1023A00043F4006353602A68136843F48063136046
:1023B0002A68136843F48073136011E02A68136875
:1023C00043F4806313602A68136843F480731360D6
:1023D000002385F83C302A68536843F4E063536077
:1023E000002000E0022003B030BD0220FBE700BF68
:1023F000DC00002089B5F8140000FFFF8D430108C0
:102400004743010830B583B005460020019095F898
:102410003D00202840F0AA8057480068C008574C6B
:10242000A4FB0040000A00EB800000EB800001905C
:10243000019C013C01940198002851D028688469CE
:1024400014F0020FF4D195F83C40012C00F091807B
:10245000012485F83C40046814F0010F03D104689E
:1024600044F0010404602C68206820F400602060BF
:10247000222085F83D00102085F83E0000202864C9
:102480006A626B856B8D9BB22B853D4AEA626964FB
:10249000002B57D0AB6B002B2ED03A4ADA63AB6BD4
:1024A000394ADA64AA6B1064AA6B5064AA6B906410
:1024B000AA6B106529682B8D6A6A1031A86BFDF72D
:1024C0001CFF38B3202385F83D30002285F83E20DC
:1024D0002B6C43F010032B6485F83C20012046E070
:1024E00000232B63202285F83D2085F83E302B6C9D
:1024F00013432B6402203AE0202385F83D3000226C
:1025000085F83E202B6C43F080032B6485F83C203B
:1025100001202CE02A68136843F4806313602A6862
:10252000136843F480731360002385F83C302A68F5
:10253000536843F4407353602A68536843F400635C
:10254000536011E0002385F83C302A68536843F457
:10255000E06353602A68136843F4806313602A6859
:10256000136843F480731360002000E0022003B07E
:1025700030BD0220FBE700BFDC00002089B5F81465
:102580000000FFFF8D4301084743010890F83D30EC
:10259000202B6FD110B5044600296DD0002A6DD0D4
:1025A00090F83C30012B6BD0012380F83C3003685D
:1025B000186810F0010F03D1186840F0010018608E
:1025C0002068036823F400630360212384F83D300E
:1025D000202384F83E300023236461626285638D8A
:1025E0002385284BE362636B1BB3274ADA63636B73
:1025F000264ADA64626B00231364626B5364626B75
:102600009364626B13652268238D1032616A606B7C
:10261000FDF773FED8B1202384F83D30002284F802
:102620003E20236C43F01003236484F83C200120F7
:1026300025E0282384F83D30002284F83E20236CD6
:1026400043F08003236484F83C20012017E02268D3
:10265000136843F480631360002384F83C302268DD
:10266000536843F4407353602268536843F4006333
:10267000536004E002207047012000E0012010BDFB
:102680000220FCE70000FFFF8D43010847430108DB
:1026900090F83D30202B6FD110B5044600296DD045
:1026A000002A6DD090F83C30012B6BD0012380F8CC
:1026B0003C300368186810F0010F03D1186840F02F
:1026C000010018602068036823F40063036022237C
:1026D00084F83D30202384F83E3000232364616277
:1026E0006285638D2385284BE362A36B1BB3274A66
:1026F000DA63A36B264ADA64A26B00231364A26B2D
:102700005364A26B9364A26B13652168238D626A84
:102710001031A06BFDF7F1FDD8B1202384F83D30D6
:10272000002284F83E20236C43F01003236484F8D5
:102730003C20012025E0282384F83D30002284F845
:102740003E20236C43F08003236484F83C20012066
:1027500017E02268136843F480631360002384F851
:102760003C302268536843F44073536022685368D6
:1027700043F40063536004E002207047012000E04E
:10278000012010BD0220FCE70000FFFF8D4301087F
:10279000474301082DE9F04383B004460F469046B5
:1027A00099460C9EFDF722FA94F83D20202A03D08A
:1027B000022003B0BDE8F0830546009019230122F2
:1027C0004A492046FEF7B0FB002840F0898094F883
:1027D0003C30012B00F08680012384F83C302368D4
:1027E0001A6812F0010F03D11A6842F001021A6050
:1027F0002268136823F400631360212384F83D30BA
:10280000402384F83E30002323640A9B6362BDF8B2
:102810002C306385638D2385354BE36201950096EB
:102820004B46424639462046FEF757FD00285BD10D
:10283000238D002B35D02A4631462046FEF71EFD5B
:1028400020BB626A236812781A61626A531C636251
:10285000218D013989B22185638D9BB2013B9BB2E9
:1028600063852368586910F0040FE1D00029DFD098
:1028700052781A61636A01336362238D013B2385B9
:10288000638D9BB2013B9BB26385D1E7236C042B24
:1028900001D001208DE72268136843F400731360B0
:1028A000F7E72A4631462046FEF72EFE50B1236C4C
:1028B000042B01D001207CE72268136843F40073E5
:1028C0001360F7E72268136843F400731360202352
:1028D00084F83D30002384F83E3084F83C3068E7CB
:1028E000022066E7022064E7012062E70200100090
:1028F0000000FFFF2DE9F04387B004460F469046E5
:102900009946109EFDF772F994F83D20202A04D0D4
:102910000227384607B0BDE8F0830546009019232A
:10292000012289492046FEF7FFFA002840F04E8137
:1029300094F83C30012B00F04B81012384F83C30AB
:1029400023681A6812F0010F03D11A6842F00102DD
:102950001A602268136823F400631360222384F84A
:102960003D30402384F83E30002323640E9B636295
:10297000BDF83C306385638D2385744BE36201951C
:1029800000964B46424639462046FEF713FD074661
:10299000002840F01F81238D5BB9029323685A6998
:1029A00002929A690292029A1A6842F400721A60BC
:1029B00075E0012B0AD0022B1AD00023059323685F
:1029C0005A6905929B690593059B68E02268136824
:1029D00023F4806313600023039323685A690392EE
:1029E0009A690392039A1A6842F400721A6056E0D8
:1029F0002268136823F4806313602268136843F429
:102A0000006313600023049323685A6904929B694E
:102A10000493049B43E02A4631462046FEF7A3FD7B
:102A2000002840F0D98023681A69636A1A70636AC3
:102A300001336362238D013B2385638D9BB2013B90
:102A40009BB263852BE00095334600224049204627
:102A5000FEF76AFA002840F0C1802268136843F448
:102A60000073136023681A69636A1A70626A531CE0
:102A70006362238D013B2385638D9BB2013B9BB237
:102A8000638523681B695370636A01336362238D16
:102A9000013B2385638D9BB2013B9BB26385238DF4
:102AA000002B00F08A80032B54D8012BB3D0022BCB
:102AB000C9D000953346002225492046FEF734FA56
:102AC000002840F08D802268136823F4806313602F
:102AD00023681A69636A1A70636A01336362238D1B
:102AE000013B2385638D9BB2013B9BB263850095BF
:102AF0003346002216492046FEF716FA002871D107
:102B00002268136843F40073136023681A69636AC8
:102B10001A70626A531C6362238D013B2385638DA7
:102B20009BB2013B9BB2638523681B695370636A48
:102B300001336362238D013B2385638D9BB2013B8F
:102B40009BB26385ABE700BF020010000000FFFFEF
:102B5000040001002A4631462046FEF704FD002805
:102B600042D123681A69636A1A70636A0133636227
:102B7000228D013A92B22285638D9BB2013B9BB2BA
:102B800063852368596911F0040F88D0032A0FD098
:102B900023681A69636A1A70636A01336362238D5A
:102BA000013B2385638D9BB2013B9BB2638576E736
:102BB0001A6822F480621A60EAE7202384F83D3024
:102BC000002384F83E3084F83C30A2E60227A0E6D9
:102BD00002279EE601279CE601279AE6012798E650
:102BE000012796E6012794E6012792E630B482B0E9
:102BF0000024019490F83D40202C59D12F4C24689A
:102C0000E4082F4DA5FB0454240A04EB840404EBD0
:102C100084040194019C013C0194019C002C3BD054
:102C20000468A56915F0020FF4D190F83C50012D0D
:102C300042D0012580F83C50256815F0010F03D1E2
:102C4000256845F00105256005682C6824F40064BA
:102C50002C60212480F83D40402480F83E40002430
:102C60000464049D4562BDF814504585458D058575
:102C7000144DC56241648264C364046502681368CC
:102C800043F48073136080F83C400268536843F457
:102C9000E063536020460CE000230363202280F8A9
:102CA0003D2080F83E30036C13430364022000E0B3
:102CB000022002B030BC70470220FAE7DC0000209E
:102CC00089B5F8140000FFFF30B482B000240194ED
:102CD00090F83D40202C60D1334C2468E408334DFB
:102CE000A5FB0454240A04EB840404EB840401943B
:102CF000019C013C0194019C002C42D00468A56910
:102D000015F0020FF4D190F83C50012D49D0012567
:102D100080F83C50256815F0010F03D1256845F077
:102D20000105256005682C6824F400642C602224C9
:102D300080F83D40402480F83E4000240464049D17
:102D40004562BDF814504585458D0585184DC56211
:102D500041648264C36404650268136843F4806359
:102D600013600268136843F48073136080F83C407A
:102D7000038D23B10268536843F4E063536000207D
:102D80000CE000230363202280F83D2080F83E30D1
:102D9000036C13430364022000E0022002B030BC45
:102DA00070470220FAE700BFDC00002089B5F81464
:102DB0000000FFFF2DE9F04385B005460E4617469B
:102DC000984600230393FCF711FF95F83D30202B24
:102DD00040F0C8808146664B1B68DB08654AA2FB51
:102DE00003231B0A03EB830303EB83030393039C7B
:102DF000013C0394039C002C59D02B689A6912F073
:102E0000020FF4D195F83C20012A00F0AF80012296
:102E100085F83C201A6812F0010F03D11A6842F0BD
:102E200001021A602A68136823F4006313602123E7
:102E300085F83D30402385F83E3000222A640C9B03
:102E40006B62BDF834306B856B8D9BB22B854A4924
:102E5000E9626E64AF64C5F84C802A65002B73D0BC
:102E60006B6B002B2FD0454ADA636B6B444ADA64F4
:102E70006A6B002313646A6B53646A6B93646A6BB6
:102E800013652A682B8D1032696A686BFDF735FA75
:102E900038B3202385F83D30002285F83E202B6C86
:102EA00043F010032B6485F83C2001205BE00023F5
:102EB0002B63202285F83D2085F83E302B6C134390
:102EC0002B6402204FE0202385F83D30002285F856
:102ED0003E202B6C43F080032B6485F83C200120BE
:102EE00041E0CDF804902323009343463A4631460F
:102EF0002846FEF7F2F998B9002202922B68596928
:102F0000029199690291029985F83C205A6842F42D
:102F100080725A602A68536843F40063536022E069
:102F2000686BFDF767FA6A6B0023D36329680A6848
:102F300022F480620A602B856B852A68136823F06F
:102F40000103136001200EE0202385F83D300022AC
:102F500085F83E202B6C43F040032B6485F83C2021
:102F6000012000E0022005B0BDE8F0830220FAE76E
:102F7000DC00002089B5F8140000FFFF8D43010834
:102F8000474301082DE9F04387B005460E46174632
:102F90009846FCF72BFE0023059395F83D30202B37
:102FA00040F0E7808146774B1B68DB08764AA2FB3E
:102FB00003231B0A03EB830303EB83030593059CA5
:102FC000013C0594059C002C5AD02B689A6912F09C
:102FD000020FF4D195F83C20012A00F0CE800122A6
:102FE00085F83C201A6812F0010F03D11A6842F0EC
:102FF00001021A602A68136823F400631360222315
:1030000085F83D30402385F83E3000222A640E9B2F
:103010006B62BDF83C306B856B8D9BB22B855B4939
:10302000E9626E64AF64C5F84C802A65002B00F03D
:103030008280AB6B002B2FD0554ADA63AB6B554ABD
:10304000DA64AA6B00231364AA6B5364AA6B9364BB
:10305000AA6B136529682B8D6A6A1031A86BFDF77E
:103060004CF938B3202385F83D30002285F83E2006
:103070002B6C43F010032B6485F83C20012079E091
:1030800000232B63202285F83D2085F83E302B6CF1
:1030900013432B6402206DE0202385F83D3000228D
:1030A00085F83E202B6C43F080032B6485F83C2090
:1030B00001205FE0CDF804902323009343463A4675
:1030C00031462846FEF776F9D8B92B8D012B2CD046
:1030D0002A68536843F480535360002203922B689C
:1030E0005969039199690391039985F83C205A68BD
:1030F00042F480725A602A68536843F40063536054
:1031000035E0A86BFDF776F9AA6B0023D363296835
:103110000A6822F480620A602B856B852A6813682E
:1031200023F001031360012024E02A68136823F4CC
:1031300080631360D1E7CDF80490232300934346C6
:103140003A4631462846FEF735F9C0B900210491C8
:103150002B685A6904929A690492049A1A6842F494
:1031600000721A60202385F83D3085F83C1000205D
:1031700000E0022007B0BDE8F0830220FAE701205A
:10318000F8E700BFDC00002089B5F8140000FFFF5D
:103190008D430108474301082DE9F04385B00446FB
:1031A000884691461D46FCF721FD94F83D30202BC2
:1031B00003D0022005B0BDE8F08306460090192335
:1031C000012256492046FDF7AFFE002840F09D80C1
:1031D00094F83C30012B00F09A80012384F83C30B5
:1031E00023681A6812F0010F03D11A6842F0010235
:1031F0001A602268136823F400631360242384F8A0
:103200003D3000272764464BE3623DE023681B689E
:1032100013F4807F02D04FF4007323640320C9E7C6
:10322000A02384F83D3022685369C3F340035269F8
:10323000C2F3802294F83D10A02909D043B93AB9CD
:10324000FCF7D4FC801BA842EAD8002DEBD1E7E7BD
:10325000202384F83D3023685A6912F0020F31D1DF
:103260001A6842F400721A6023686FF480625A612F
:1032700000961923012229492046FDF755FE002812
:1032800049D101374F4538D22268136843F480731F
:10329000136000962B4600224FF001112046FDF7E7
:1032A00043FE0028B2D1236808F0FE021A61FCF741
:1032B0009DFC064622685369C3F340035269C2F37A
:1032C0008022B7E71A6842F400721A600023039361
:1032D00023685A6903929B690393039B0096192301
:1032E00001220E492046FDF71FFE90B9202384F8E5
:1032F0003D30002384F83C305CE7202384F83D30E7
:10330000002384F83C30012054E7022052E70220D9
:1033100050E701204EE701204CE700BF02001000FB
:103320000000FFFFF0B482B0069D002401940094D9
:1033300090F83D40202C67D10668346814F4007F73
:1033400003D1082D01D0012D15D1324C2468E40899
:10335000314FA7FB0474240A04EB840404EB8404B7
:103360000094009C013C0094009C002C39D0B4696E
:1033700014F0020FF5D190F83C40012C48D0012404
:1033800080F83C40346814F0010F03D1346844F0F5
:10339000010434600668346824F400643460212435
:1033A00080F83D40102480F83E40002404644262CE
:1033B0004385438D0385C5624164036B0193019B83
:1033C000112B1AD00268136843F480731360002332
:1033D00080F83C3001684A6842F4E0624A6018466E
:1033E00013E000230363202280F83D2080F83E3064
:1033F000036C13430364022007E0B5F52A0FE1D004
:10340000B5F12A4FE3D1DDE7022002B0F0BC7047EE
:103410000220FAE7DC00002089B5F814F0B583B08B
:103420000546089E00200190009095F83D00202858
:1034300040F0CA802F68386810F4007F03D1082E4E
:1034400001D0012E15D163480068C008624CA4FB6E
:103450000040000A00EB800000EB80000090009C20
:10346000013C0094009800284CD0B86910F0020F7D
:10347000F5D195F83C00012800F0A980012085F8DD
:103480003C00386810F0010F03D1386840F00100AB
:1034900038602C68206820F400602060212085F8C6
:1034A0003D00102085F83E00002028646A626B858C
:1034B0006B8D9BB22B85EE6269642A6B0192002BA7
:1034C00064D06B6B53B3454ADA636B6B444ADA647E
:1034D0006A6B10646A6B10652A682B8D1032696AFA
:1034E000686BFCF70AFF38B3202385F83D300022D3
:1034F00085F83E202B6C43F010032B6485F83C20AC
:10350000012062E000232B63202285F83D2085F80E
:103510003E302B6C13432B64022056E0202385F8A9
:103520003D30002285F83E202B6C43F080032B6455
:1035300085F83C20012048E02A68136843F4806342
:103540001360019B112B1AD02A68136843F480730F
:103550001360002385F83C30043E1C2E09D8214B13
:10356000F34013F0010F04D02A68536843F400635A
:1035700053602A68536843F4407353601BE0B6F508
:103580002A0FE1D0B6F12A4FE3D1DDE72A681368AC
:1035900043F480631360019B112B0ED02A681368DB
:1035A00043F480731360002385F83C302A68536825
:1035B00043F4E0635360002007E0B6F52A0FEDD036
:1035C000B6F12A4FEFD1E9E7022003B0F0BD0220A7
:1035D000FBE700BFDC00002089B5F8148D4301082B
:1035E0004743010801100010F0B482B0069D00248A
:1035F0000194009490F83D40202C40F08E800668A5
:10360000346814F4007F03D1082D01D0012D15D1A9
:10361000454C2468E408454FA7FB0474240A04EBD6
:10362000840404EB84040094009C013C0094009CFE
:10363000002C43D0B46914F0020FF5D190F83C404F
:10364000012C6ED0012480F83C40346814F0010F46
:1036500003D1346844F0010434600668346824F40B
:1036600000643460222480F83D40102480F83E40FD
:103670000024046442624385438D0385C56241642E
:10368000036B0193438D9BB2022B23D00268136816
:1036900043F4806313604FF4E064019B122B35D038
:1036A0000268136843F480731360002380F83C3091
:1036B00001684A6822434A6018462FE000230363EA
:1036C000202280F83D2080F83E30036C13430364D1
:1036D000022023E0202D01D0102DD7D1019B122BE9
:1036E00007D00268136843F4806313604FF4E0640A
:1036F000D3E70268136823F48063136002681368D9
:1037000043F4006313604FF44074C6E7B5F52A0F25
:10371000C6D0B5F12A4FC8D1C2E7022002B0F0BC32
:1037200070470220FAE700BFDC00002089B5F814DA
:10373000F0B583B00546089E00200190009095F8F2
:103740003D00202840F003812F68386810F4007F86
:1037500003D1082E01D0012E15D17F480068C00882
:103760007E4CA4FB0040000A00EB800000EB8000D0
:103770000090009C013C0094009800286AD0B86931
:1037800010F0020FF5D195F83C00012800F0E2801E
:10379000012085F83C00386810F0010F03D138682B
:1037A00040F0010038602C68206820F40060206040
:1037B0002C68606820F480506060222085F83D000D
:1037C000102085F83E00002028646A626B856B8DAE
:1037D0009BB22B85EE6269642A6B0192002B00F08C
:1037E00098806B8D9BB2022B40D02A68136843F4FB
:1037F00080631360202E04D0B6F12A4F01D0102E22
:1038000004D12A68536843F480535360AB6B002B98
:1038100049D0534ADA63AB6B524ADA64AA6B00238D
:103820001364AA6B136529682B8D6A6A1031A86B23
:10383000FCF763FD002844D0202385F83D300022AA
:1038400085F83E202B6C43F010032B6485F83C2058
:1038500001207DE000232B63202285F83D2085F8A0
:103860003E302B6C13432B64022071E0202E01D0DC
:10387000102EBAD1019B122B05D02A68136843F48D
:1038800080631360C2E72A68136823F480631360BF
:103890002A68136843F4006313602A68536843F48A
:1038A00080535360B2E7202385F83D30002285F82D
:1038B0003E202B6C43F080032B6485F83C200120D4
:1038C00046E0019B122B1BD02A68136843F48073D7
:1038D00013604FF44071002385F83C30043E1C2EE9
:1038E00009D8214BF34013F0010F04D02A68536824
:1038F00043F4006353602A6853680B4353601DE030
:10390000B6F52A0FE0D0B6F12A4FDDD04FF4807122
:10391000E1E72A68136843F480631360019B122B6C
:103920000ED02A68136843F480731360002385F86F
:103930003C302A68536843F4E0635360002007E09A
:10394000B6F52A0FEDD0B6F12A4FEFD1E9E7022004
:1039500003B0F0BD0220FBE7DC00002089B5F814BD
:103960008D430108474301080110001090F83DC045
:103970000CF0280CBCF1280F38D1002938D0002ACF
:1039800038D030B482B090F83C40012C34D00124BF
:1039900080F83C400468256815F0010F03D12568C4
:1039A00045F00105256005682C6824F400642C604E
:1039B000292480F83D40202480F83E4000240464FF
:1039C00041624285428D0285C362019403685A694F
:1039D00001929A690192019A80F83C405A6842F437
:1039E000E0625A60204602B030BC70470220704747
:1039F00001207047012070470220F4E7F0B583B042
:103A0000044690F83D0000F02800282840F0B380DC
:103A10000F4616461D46002900F0B080002A00F02F
:103A2000AF8094F83C30012B00F0AC80012384F887
:103A30003C302268536823F44073536094F83D305F
:103A40002A2B42D094F83D30292B56D023681A688F
:103A500012F0010F03D11A6842F001021A602268C5
:103A6000136823F400631360292384F83D30202376
:103A700084F83E300023236467626685638D238566
:103A8000E562636B002B4FD03F4ADA63636B3F4ABA
:103A9000DA64626B00231364626B13652268238D02
:103AA0001032616A606BFCF728FC00284AD02023A2
:103AB00084F83D30002284F83E20236C43F010034C
:103AC000236484F83C20012056E023685A6812F4ED
:103AD000006FBBD0A26B002AB8D05A6822F40062F3
:103AE0005A60A36B2A4A1A65A06BFCF783FC002876
:103AF000ACD0A06B036D9847A8E723685A6812F40E
:103B0000006FA3D05A6822F400625A60636B002BE6
:103B10009CD01F4A1A65606BFCF76CFC002895D09E
:103B2000606B036D984791E7282384F83D300022AD
:103B300084F83E20236C43F08003236484F83C2007
:103B4000012019E02268136843F4806313600022A7
:103B5000019223685969019199690191019984F849
:103B60003C205A6842F440725A602268536843F419
:103B70000063536000E0022003B0F0BD0120FBE7CA
:103B80000120F9E70220F7E78D43010847430108C8
:103B9000BF45010890F83DC00CF0280CBCF1280F7F
:103BA00038D1002938D0002A38D030B482B090F80B
:103BB0003C40012C34D0012480F83C400468256846
:103BC00015F0010F03D1256845F001052560056852
:103BD0002C6824F400642C602A2480F83D402024C2
:103BE00080F83E400024046441624285428D028593
:103BF000C362019403685A6901929A690192019A19
:103C000080F83C405A6842F4E0625A60204602B0B4
:103C100030BC704702207047012070470120704778
:103C20000220F4E7F0B583B0044690F83D0000F0C0
:103C30002800282840F0B3800F4616461D4600296C
:103C400000F0B080002A00F0AF8094F83C30012BE7
:103C500000F0AC80012384F83C302268536823F4E0
:103C60004073536094F83D302A2B42D094F83D3095
:103C7000292B56D023681A6812F0010F03D11A6855
:103C800042F001021A602268136823F40063136093
:103C90002A2384F83D30202384F83E300023236417
:103CA00067626685638D2385E562A36B002B4FD029
:103CB0003F4ADA63A36B3F4ADA64A26B00231364C2
:103CC000A26B13652168238D626A1031A06BFCF72B
:103CD00014FB00284AD0202384F83D30002284F8C9
:103CE0003E20236C43F01003236484F83C20012021
:103CF00056E023685A6812F4006FBBD0A26B002A0A
:103D0000B8D05A6822F400625A60A36B2A4A1A6536
:103D1000A06BFCF76FFB0028ACD0A06B036D98473D
:103D2000A8E723685A6812F4006FA3D05A6822F4F7
:103D300000625A60636B002B9CD01F4A1A65606B4F
:103D4000FCF758FB002895D0606B036D984791E70E
:103D5000282384F83D30002284F83E20236C43F071
:103D60008003236484F83C20012019E02268136852
:103D700043F4806313600022019223685969019122
:103D800099690191019984F83C205A6842F40062D3
:103D90005A602268536843F44073536000E0022085
:103DA00003B0F0BD0120FBE70120F9E70220F7E7AF
:103DB0008D43010847430108BF45010890F83D3095
:103DC000202B01D002207047282380F83D30036863
:103DD0001A6812F0010F03D11A6842F001021A604A
:103DE0000268136843F4806313600268536843F405
:103DF000407353600020704790F83D30282B01D06D
:103E00000220704790F83D2090F83E3002F0030207
:103E100013430363202380F83D30002380F83E30B5
:103E200001680A6822F480620A6001684A6822F424
:103E300040724A601846704770477047704708B52F
:103E400090F83D30DAB2438D9BB283B1416A03688A
:103E500009781961436A01334362438D9BB2013B88
:103E60009BB24385438D9BB20BB9292A00D008BD74
:103E70000268536823F4806353602123036328237B
:103E800080F83D30FFF7DAFFF1E7704708B590F8AA
:103E90003D30DAB2438D9BB283B103681969436A3E
:103EA0001970436A01334362438D9BB2013B9BB25D
:103EB0004385438D9BB20BB92A2A00D008BD026806
:103EC000536823F48063536022230363282380F81C
:103ED0003D30FFF7DAFFF1E7704700B583B090F8A7
:103EE0003D3003F02803282B0CD0002301930268F7
:103EF0005169019192690192019A80F83C3003B0B6
:103F00005DF804FB0268536823F48063536011F08A
:103F1000040F0BD0002311F0800F09D182890021FA
:103F200080F83C101946FFF7D7FFE8E70123F2E7D6
:103F3000028BF4E7704710B5044690F83D30DBB2D1
:103F4000C26A082A01D0202A01D1282B06D0212BB1
:103F50001FD023686FF480625A6110BD1C4BE3626E
:103F60002268536823F4E063536023686FF480622F
:103F70005A612268136823F480631360002323636B
:103F8000202284F83D2084F83E302046FFF7D2FFFF
:103F9000E3E70F4BE36221232363202384F83D30C2
:103FA000002384F83E302268536823F4E0635360B2
:103FB00023686FF480625A612268136823F4806377
:103FC00013602046FCF7BCFD2046FFF737FFC4E72F
:103FD0000000FFFF704708B5C26A90F83D30212B02
:103FE00000D008BD438D9BB263B1426A036812786A
:103FF0001A61436A01334362438D9BB2013B9BB21A
:104000004385EEE7082A04D0202A02D012F5803F2B
:1040100018D10268536823F4E063536002681368A0
:1040200043F40073136000230363202380F83D30C2
:1040300090F83E30402B15D0002380F83E30FFF73B
:10404000FBFECEE70268536823F4E063536011235C
:104050000363002380F83E30202380F83D30FFF7D3
:10406000EBFEBEE7002380F83E30FFF7B3FFB8E772
:1040700008B590F83D30026D9AB9C36C012B08D099
:10408000836C0268C3F307231361036D0133036577
:1040900008BD836C0268DBB21361036D02330365F4
:1040A000F6E7DBB2026D012A23D0026D022A3ED16F
:1040B000222B26D0428D92B20AB1212B2AD0428DDA
:1040C00092B2002AE4D1212BE2D10268536823F492
:1040D000E06353600268136843F4007313600023C5
:1040E0000363202280F83D2080F83E30FFF772FF06
:1040F000CEE7836C0268DBB21361036D01330365A5
:10410000C6E70268136843F480731360036D0133DC
:104110000365BDE7426A036812781A61436A013396
:104120004362438D9BB2013B9BB24385B0E7FCF7F2
:1041300007FDADE710B590F83D30DBB290F83E20BA
:10414000D2B2C46A018D00293AD1212B02D0402A73
:1041500041D010BD082C04D0202C02D014F5803F93
:1041600018D10268536823F4E0635360026813684F
:1041700043F40073136000230363202380F83D3071
:1041800090F83E30402B15D0002380F83E30FFF7EA
:1041900053FEDEE70268536823F4E06353601123A3
:1041A0000363002380F83E30202380F83D30FFF782
:1041B00043FECEE7002380F83E30FFF70BFFC8E751
:1041C000212BC4D1438D9BB243B90268536823F4B9
:1041D00080635360BDE7222BBBD1F3E790F83E30FC
:1041E000402B0CD0426A036812781A61436A01338B
:1041F0004362438D9BB2013B9BB24385A9E7FFF726
:1042000037FFA6E7704708B5C26A438D9BB2042BFF
:1042100014D0438D9BB2032B22D0438D9BB2022B33
:1042200039D003681A69436A1A70436A01334362DA
:10423000438D9BB2013B9BB2438510E002685368FB
:1042400023F48063536003681A69436A1A70436AEF
:1042500001334362438D9BB2013B9BB2438508BD52
:1042600001684B6823F480634B60042A06D0022A5D
:1042700004D00268136823F48063136003681A692A
:10428000436A1A70436A01334362438D9BB2013B18
:104290009BB24385E3E7531E0F2B15D8DFE803F0ED
:1042A000080E140E141414141414141414141408F2
:1042B00001680B6823F480630B600AE001680B68F7
:1042C00043F480630B6004E001680B6843F40073FF
:1042D0000B6003681969436A1970416A4B1C436299
:1042E000438D9BB2013B9BB2438503681B694B70B6
:1042F000436A01334362438D9BB2013B9BB24385CA
:1043000001684B6823F440734B60202380F83D30F4
:1043100090F83E30402B09D0002380F83E30082A28
:104320000BD0202A09D01223036308E0002380F871
:104330003E300363FFF766FF91E700230363FFF757
:104340007CFD8CE7704710B5846B636B0BB100226A
:10435000DA63A36B0BB10022DA63FCF746FA02289A
:1043600000D110BD2268136823F48063136000231A
:104370006385202284F83D2084F83E30236C43F08E
:10438000100323642046FFF7DDFFEAE738B5846BAE
:1043900094F83D30DBB294F83E20D1B2E56A206853
:1043A000426822F440724260626B0AB10020D0631E
:1043B000A26B0AB10020D06303F02102212A41D070
:1043C00003F02202222A3BD094F83E30002B49D041
:1043D000638D9BB2012B58D02268536823F440733D
:1043E000536015F5803F06D0082D04D0B5F12A4F53
:1043F00001D0202D04D12268136843F400731360A8
:104400002268536823F4805353602268536823F46E
:104410000063536000236385236C002B3BD1202372
:1044200084F83D3094F83E30402B38D0002384F897
:104430003E30082D3BD0202D39D01223236338E0A5
:104440002029C1D121684A6822F400624A60002212
:104450006285292B07D02A2B0ED02268536843F49B
:104460004073536038BD21232363282384F83D30F3
:104470002046FFF7E3FCF0E722232363282384F898
:104480003D302046FFF701FDE7E72268136823F47B
:1044900080631360A0E72046FFF754FFE2E70023A4
:1044A00084F83E3023632046FFF7ACFEDAE70023B2
:1044B00023632046FFF7C1FCD4E738B590F83D30C0
:1044C000222B00D038BD0446C56A438D9BB2032B16
:1044D00015D903681A69436A1A70436A0133436243
:1044E000438D9BB2013B9BB24385438D9BB2032B13
:1044F000E8D10268536823F480635360E2E7C26A3C
:10450000022A01D0012B05D92268536823F4806365
:104510005360D7E7FCF7BCFC002834D1226813684D
:1045200023F4806313602268536823F4E0635360CC
:1045300023681A69636A1A70636A01336362638D60
:104540009BB2013B9BB26385202384F83D3094F8F5
:104550003E30402B09D0002384F83E30082D0CD08B
:10456000202D0AD01223236309E0002384F83E3073
:1045700023632046FFF746FEA4E70023236320467B
:10458000FFF75BFC9EE72268536823F4E063536007
:1045900023681A69636A1A70636A01336362638D00
:1045A0009BB2013B9BB26385202384F83D300023FE
:1045B00084F83E302046FFF7C5FE83E7704700B51C
:1045C00083B000230193806B90F83D20D2B2324B30
:1045D0001B68DB083149A1FB03131B0A03EB8303B0
:1045E000C3EBC3030193019B43B1019B013B0193C7
:1045F00003681B6813F4007FF5D103E0036C43F0FC
:1046000020030364436B0BB10021D963836B0BB1AF
:104610000021D96301680B6823F480630B600023D9
:104620004385436B0BB100211965836B0BB10021EE
:10463000196501680B6823F001030B6090F83D30A9
:10464000602B0ED002F02802282A14D0202380F8F4
:104650003D30002380F83E30FFF774FE03B05DF874
:1046600004FB202380F83D30002380F83E300364B3
:10467000FFF7A4FFF2E70268136843F00103136039
:104680000268136843F480631360002303632823E4
:1046900080F83D30E0E700BFDC00002089B5F81469
:1046A00010B5044690F83D30DBB290F83E20102A59
:1046B00036D0D1B2402933D003F02802282A37D08F
:1046C0002268526812F4006F07D1602B05D02023B6
:1046D00084F83D30002384F83E30002323632368B0
:1046E0005A6812F4006F47D05A6822F400625A6088
:1046F000636B93F83520012A20D0444A1A65606B19
:10470000FBF778FE002848D02268136823F00103E5
:104710001360202384F83D30606B036D98473CE0C4
:10472000222BC9D121680A6822F400620A60C3E71B
:1047300000232363282384F83D30D0E7A36B334A5A
:104740001A65A06BFBF756FE38B323685A6912F05E
:10475000400F05D01A69636A1A70636A0133636295
:104760002268136823F001031360202384F83D308E
:10477000A06B036D984710E094F83D20602A1FD08D
:104780005A6912F0400F05D01A69636A1A70636A99
:10479000013363622046FFF7D5FD236C13F00F0F42
:1047A00004D02268536823F4E063536094F83D30EA
:1047B000DBB2226C12F0040F01D0282B18D010BDF0
:1047C000202284F83D20002222645A6912F0400F12
:1047D00005D01A69636A1A70636A013363622268DA
:1047E000136823F0010313602046FFF7E7FED4E7C8
:1047F000074BE36200232363202284F83D2084F8E2
:104800003E302046FFF796FBD9E700BFBF450108C1
:104810000000FFFF90F83E300268916911F0020F2E
:1048200026D0DBB2102B01D0402B23D190F83C30A6
:10483000012B21D010B5012380F83C300024046303
:10484000602380F83D30136823F4806313600268AE
:10485000136843F40073136044850268536823F4BB
:10486000E063536080F83C40FFF71AFF204610BD1C
:1048700001207047012070470220704730B583B097
:10488000044690F83D50EDB20268536823F4E063AB
:1048900053600023019303685A6901921A6842F039
:1048A00001021A60019B0268136823F4806313609D
:1048B00003685A6812F4006F38D0222D21D02A2DB7
:1048C0001FD0426B1268526892B24285428D92B2FA
:1048D0001AB1026C42F0040202645A6822F40062C7
:1048E0005A60606BFBF77EFF01281FD0636B444A60
:1048F0001A65606BFBF77EFDC0B1606B036D984776
:1049000014E0A26B1268526892B26285628D92B214
:104910001AB1226C42F0040222645A6822F4006246
:104920005A60A06BFBF75EFF012841D1638D9BB2FB
:1049300033B323685A6912F0040F0AD01A69636A04
:104940001A70636A01336362638D9BB2013B9BB251
:10495000638523685A6912F0400F0AD01A69636AA6
:104960001A70636A01336362638D9BB2013B9BB231
:104970006385638D9BB21BB1236C43F004032364F6
:10498000236C0BBB2A2D24D094F83D30282B29D042
:10499000236B222B01D0222D19D100232363202247
:1049A00084F83D2084F83E302046FFF76EFA0EE092
:1049B000A36B134A1A65A06BFBF71CFD0028B5D04A
:1049C000A06B036D9847B1E72046FFF769FE03B07F
:1049D00030BD00232363282384F83D302046FFF7B1
:1049E00054FAD1E7074BE36200232363202284F8C3
:1049F0003D2084F83E302046FFF79CFAE7E700BFF1
:104A0000BF4501080000FFFFF8B504460368586879
:104A1000E66A94F83E10CDB294F83D20D2B2102947
:104A200013D0402D11D0216C002979D05D6900216F
:104A300015F0020F77D010F4007F74D0226C02B111
:104A400099692046FFF749FAF8BD9F69596911F045
:104A5000010F06D1B6F52A0FF6D0B6F12A4F03D1D1
:104A6000F2E710F4007F29D111F0080F02D010F402
:104A7000007F2AD111F0020F02D010F4007F28D15C
:104A800017F0040F31D05B6813F4006FDCD111F024
:104A9000800F05D010F4806F02D011F0040F1CD0ED
:104AA00011F0040FD0D010F4007FCDD0212A18D0FF
:104AB000402DC9D12046FFF7DBFAC5E72046FCF7B9
:104AC00024FA2046FCF744F8BEE72046FCF792F8AB
:104AD000BAE72046FCF7A3F8B6E72046FFF72AFB23
:104AE000B2E72046FFF777FAAEE75B6813F4006F92
:104AF000AAD111F0400F05D010F4806F02D011F050
:104B0000040F09D011F0040F9ED010F4007F9BD049
:104B10002046FFF778FB97E72046FFF7CEFC93E7A8
:104B200099695D6984E715F0100F02D010F4007FD9
:104B300018D1212A1AD0292A18D015F0400F05D0F3
:104B400010F4806F02D015F0040F28D015F0040F78
:104B50003FF47AAF10F4007F3FF476AF2046FCF7C5
:104B600087F971E72046FFF789FE6DE715F0800FA2
:104B700005D010F4806F02D015F0040F0BD015F0A3
:104B8000040F3FF461AF10F4007F3FF45DAF2046A7
:104B9000FCF75EF958E72046FFF751F954E7204645
:104BA000FFF774F950E7F8B5044603685D695F687C
:104BB00090F83E20D2B2C5F3002615F4807F08D0CD
:104BC000C7F3002617F4807F03D06FF4807159611A
:104BD000012615F4007F08D017F4807F05D046F039
:104BE000020623686FF40071596115F4806F19D0C3
:104BF00017F4807F16D0638D99B294F83D30DBB204
:104C0000206B202A1BD023686FF48061596146F025
:104C10000406102A01D0402A04D12268136843F404
:104C20000073136015F4006F17D017F4807F14D051
:104C300046F0080623686FF400625A610EE000290E
:104C4000E1D1212B05D0292B03D0282BDBD1212822
:104C5000D9D12046FFF76FF9E4E72EB1236C334337
:104C600023642046FFF71CFDF8BD90F83D00704717
:104C700090F83E007047006C704700BF2DE9F0438C
:104C800083B0D0F8008001EBC10300EB83039A6A84
:104C90005B6A9A4254D807460C469B1A01EBC10244
:104CA00000EB8202D2699A4200D31A4602F103094C
:104CB0004FEA990915E006F103094FEA9909BB7912
:104CC00004EBC40507EB8505296A0093B3B2E2B291
:104CD00040460BF010FF2B6A33442B62AB6A33441F
:104CE000AB6208EB441303F510639B699BB24B4521
:104CF00012D304EBC40307EB83039A6A5B6A9A42FC
:104D00000AD24BB19B1A04EBC40207EB8202D669AC
:104D10009E42D0D31E46CEE704EBC40307EB8307C5
:104D20007A6ABB6A9A420FD804F00F040122A240AB
:104D3000D8F8343823EA0203C8F83438002000E0F9
:104D4000012003B0BDE8F0830020FAE7704730B5DA
:104D500083B000287AD00446056890F89534C3B132
:104D6000032384F89534B5F1A04F17D020680BF0D9
:104D7000D7FB237C8DF80030231D0ECB20680BF071
:104D80000DFB70B1022384F895340125284603B049
:104D900030BD80F8943416F015F8E1E70023A371D4
:104DA000E4E7002120680CF0E9F80246B8B90346B0
:104DB0002079984218D903EBC30104EB810101204B
:104DC00048750B75CB8500200876C861086203EB37
:104DD000C30104EB810148620133DBB2E8E702233F
:104DE00084F895340125D1E7904217D902EBC2032C
:104DF00004EB8303002183F8551283F8542283F8CF
:104E00005812C3F85C12C3F8601202EBC20304EB41
:104E10008303C3F864120132D2B2E5E7237C8DF834
:104E20000030231D0ECB20680BF0CFFB054620B1D0
:104E3000022384F895340125A8E700236374012335
:104E400084F8953420680CF04BF89FE701259DE726
:104E5000704738B590B10446032380F89534006854
:104E60000CF000F8054610B10125284638BD204653
:104E700015F0ECFF002384F89534F6E70125F4E7FC
:104E8000036890F89424012A1AD010B50446012230
:104E900080F89424DA6812F0400F02D0427B012A95
:104EA00009D020680BF036FB20680CF00BF80020CE
:104EB00084F8940410BD9A6B42F480329A63F0E750
:104EC0000220704738B5056890F89434012B1DD046
:104ED0000446012380F8943428460BF021FB206817
:104EE0000BF0FEFF102120680BF020FBEB6813F0A5
:104EF000400F02D0637B012B03D0002084F8940480
:104F000038BDAB6B23F48033AB63F6E70220F7E7E1
:104F10000368B3F1A04F04D0044B4FF480125A61E0
:104F20007047024B4FF480225A617047003C0140A9
:104F3000704770B504460D460068066C00EB4113DF
:104F400003F530639A68A179012911D038498E425E
:104F500056D03DB905EBC50304EB8303D3F86432A7
:104F6000002B5ED0E9B2204615F090FF002070BD06
:104F700012F0080F09D02F498E42F7D912F4004FD2
:104F8000F4D04FF400429A60F0E712F0200F02D004
:104F900020229A60EAE712F0280FE7D125498E42D5
:104FA00006D912F4004F03D04FF400429A60DDE7B7
:104FB00005EBC50204EB8202D2F874121B69C3F33D
:104FC0001203CB1AC2F868327DB905EBC50204EBB7
:104FD0008202D2F864226AB105EBC50204EB8202B8
:104FE000D2F860121944C2F86012E9B2204615F0F6
:104FF0004DFFBBE704F29C4201210BF0FEFFF4E7FA
:1050000012F4004F03D04FF400429A60AEE712F062
:10501000200F01D020229A60E9B2204615F036FF19
:10502000A4E704F29C4200210BF0E7FF9AE700BFDF
:105030000A31544F0A30544F7047704738B5044610
:1050400003681D6C03EB4113D3F8081B0E4A95420D
:1050500007D903F5306311F4004F02D04FF400423A
:105060009A60204615F00AFF074B9D4202D9A379AA
:10507000012B01D0002038BD04F29C4201212068A0
:105080000BF0BBFFF6E700BF0A30544F7047704784
:10509000704770477047704770477047036890F8D3
:1050A0009424012A17D010B50446012280F89424D4
:1050B000DA6812F0400F02D0427B012A06D0206845
:1050C0000BF000FF002084F8940410BD9A6B42F4AA
:1050D00080329A63F3E70220704738B5056890F88C
:1050E0009434012B16D00446012380F894342846CA
:1050F0000BF0F6FEEB6813F0400F02D0637B012B40
:1051000003D0002084F8940438BDAB6B23F48033C3
:10511000AB63F6E70220F7E790F89434012B0CD04C
:1051200010B50446012380F89434417400680BF0F4
:10513000B9FE002084F8940410BD0220704738B5F1
:1051400005468C4611F0800F2BD101F00F0E0EEBAF
:10515000CE04A40004F514740444211D0EEBCE0EFD
:1051600000EB8E0E00208EF855020CF00F0C81F82B
:1051700000C0C2F30A028A600B714A780AB1A1F832
:105180001AC0022B1CD095F89434012B1BD001239C
:1051900085F8943428680BF0F4FA002085F894041C
:1051A00038BD01F00F0000EBC00189001031294427
:1051B000043100EBC00005EB800001244475D4E706
:1051C00000234B71DFE70220EAE710B504460A46E8
:1051D00011F0800F20D101F00F0000EBC0039B0005
:1051E00003F514732344191D00EBC00004EB800089
:1051F000002380F8553202F00F020A7094F89434BC
:10520000012B18D0012384F8943420680BF054FB50
:10521000002084F8940410BD01F00F0000EBC003DF
:105220009B0010332344191D00EBC00004EB8000E9
:1052300001234375DFE70220EDE710B5144601F0C6
:105240000F0C0CEBCC01890001F514710144043101
:105250000CEBCC0E00EB8E0ECEF86022CEF8643252
:105260000023CEF868328EF855328EF854C2827917
:10527000012A04D000680BF055FC002010BDCEF8C8
:105280007042F7E701F00F0101EBC10100EB810073
:10529000D0F86802704710B5144601F00F0C0CEB03
:1052A000CC0189001031014404310CEBCC0E00EB31
:1052B0008E0ECEF82020CEF824300023CEF82830F1
:1052C00001238EF815308EF814C082799A4204D0EA
:1052D00000680BF027FC002010BDCEF83040F7E747
:1052E00038B501F00F050279AA4238D304460B46BF
:1052F00011F0800F1FD101EBC101890001F514717C
:105300000144043103EBC30300EB8303002283F861
:10531000552201238B700D7094F89434012B20D00A
:10532000012384F8943420680BF041FD85B10020FE
:1053300084F8940438BD05EBC5018900103101449F
:10534000043105EBC50300EB830301225A75E0E746
:1053500004F29C42A17920680BF04FFEE7E70120A0
:10536000E8E70220E6E701F00F0302799A4230D322
:1053700010B5044611F0800F1ED103EBC301890064
:1053800001F514710144043103EBC30200EB820206
:10539000002082F8550200228A700B7094F8943431
:1053A000012B18D0012384F8943420680BF02CFDD5
:1053B000002084F8940410BD03EBC3018900103170
:1053C0000144043103EBC30200EB8202012050755B
:1053D000E1E7012070470220EDE708B511F0800FEA
:1053E0000CD101F00F0101EBC101890001F514712D
:1053F0000144043100680BF01FFB08BD01F00F01F0
:1054000001EBC1018900103101440431F2E72DE9BB
:10541000F04F83B00446056828460BF0ABFD10B191
:1054200003B0BDE8F08F064620680BF067FD00284A
:10543000F6D005F50067BB68C3F30D23C4F8D43478
:1054400020680BF05BFD10F0020F04D02268536956
:1054500003F00203536120680BF050FD10F0100FB1
:1054600015D02268936923F010039361D5F820804A
:1054700008F00F0908F4F013B3F5802F4CD0B3F502
:10548000402F6FD02268936943F010039361206826
:105490000BF034FD10F4002F76D120680BF02EFDB8
:1054A00010F4802F40F0E08020680BF027FD0028EA
:1054B000C0F2618120680BF021FD10F4006F09D06B
:1054C000BB6813F0010F40F06E812268536903F44A
:1054D0000063536120680BF011FD10F4805F40F011
:1054E000668120680BF00AFD10F4005F40F0B38184
:1054F00020680BF003FD10F0080F40F0C481206815
:105500000BF0FCFC10F0800F00F0D781AB6923F0AA
:105510008003AB610126C0E147F6F07318EA030F80
:10552000B0D04FEA181A4FEAC903019309EBC90B2F
:1055300004EB8B0BC8F30A12DBF8601228460BF061
:1055400013FCDBF86032CAF30A0A5344CBF860322A
:10555000DBF86832019A4A4404EB82025344C2F8F1
:1055600068328FE7082204F29C4128460BF0FCFBCE
:1055700009EBC90304EB8303D3F86822C8F30A18C4
:105580004244C3F868227DE720680BF0C4FC8046E3
:10559000B14635E005EB49130122C3F8082B494613
:1055A0002046FFF7C6FC3CE005EB49130822C3F890
:1055B000082B49462046FFF741FD35E009EBC903BA
:1055C00004EB830393F85732012B41D005EB4913C9
:1055D0000222C3F8082B1AF0200F04D005EB491360
:1055E0002022C3F8082B1AF4005F05D005EB4913FD
:1055F0004FF40052C3F8082B09F101094FEA58088B
:10560000B8F1000F3FF449AF18F0010FF4D05FFA82
:1056100089FB594620680BF08EFC824610F0010F82
:10562000B8D11AF0080FBFD11AF0100F04D005EB53
:1056300049131022C3F8082B1AF0020FCBD06B6964
:1056400013F0800FBAD07B6843F480637B60B5E7CA
:1056500009EBC90304EB8303002283F85722594660
:10566000204615F05FFCB1E720680BF05CFC80463B
:10567000B14625E05946204615F014FC1AF0080FF3
:1056800004D005EB49130822C3F808291AF0100FBB
:1056900004D005EB49131022C3F808291AF0400F73
:1056A00004D005EB49134022C3F808291AF0020F71
:1056B00040D11AF0800F59D109F101094FEA580879
:1056C000B8F1000F3FF4F0AE18F0010FF4D05FFA1C
:1056D00089FB594620680BF037FC824610F0010F19
:1056E000CCD009F00F02012101FA02F27B6B23EA10
:1056F00002037B6305EB4913C3F80819A3798B42B6
:10570000B8D109EBC90304EB83031A6AD9690A44C7
:105710001A62B9F1000FADD109EBC90304EB8303A1
:105720005B6A002BA6D104F29C42012120680BF099
:1057300064FC9FE7494628460AF0F8FE09EBC903D6
:1057400004EB8303DB7D012B05D005EB491302221B
:10575000C3F80829ADE709EBC90304EB8303002272
:10576000DA755946204615F0E3FBEEE74946204638
:10577000FFF784FAA0E77B6823F001037B6094F8CD
:10578000CC34012B08D0204615F0C6FB22685369A3
:1057900003F0004353618DE6002184F8CC142046C9
:1057A00000F078F9F2E7204615F09FFB8DE67B6864
:1057B00023F001037B60102120680AF0B7FE1AE095
:1057C00005EB46134FF67F31C3F80819D3F80029CB
:1057D00022F40012C3F80029C3F8081BD3F8002BE9
:1057E00022F40012C3F8002BD3F8002B42F0006221
:1057F000C3F8002B01362379B342E1D8FB6943F0AB
:105800000113FB61E37BDBB1D7F8843043F00B037A
:10581000C7F884307B6C43F00B037B64D5F8003809
:1058200023F4FE63C5F8003804F29C42A179206895
:105830000BF0E3FB2268536903F48053536150E695
:105840007B6943F4005343F02B037B613B6943F0D6
:105850000B033B61E2E720680BF0C1FB20680AF014
:105860007FFFE071266800F073FC0146E279304664
:105870000AF0DDFD204615F026FB2268536903F48B
:105880000053536134E6204615F017FB2268536934
:1058900003F00803536132E601362379B3420CD991
:1058A00006EBC60304EB830393F85732012BF3D1C5
:1058B000F1B22046FFF791FDEEE720680BF01EFBEA
:1058C00010F4801F25D120680BF018FB10F4001F86
:1058D00058D0012326E001362379B3421BD905EBCA
:1058E0004613D3F8002906EBC60304EB83031B7EA3
:1058F000012BF0D1002AEEDA06EBC60304EB83039A
:105900000122DA7566F07F01C9B22046FFF765FD16
:10591000E1E70126E0E72268536903F4801353614D
:10592000D1E7013322799A4227D905EB4312D2F805
:10593000001B03EBC30204EB820292F85822012AF7
:10594000EFD10029EDDAD4F8D42482EA114212F022
:10595000010FE6D103EBC30204EB8202012182F8BE
:105960005712AA6942F08002AA616A6912F0800F98
:10597000D7D17B6843F400737B602268536903F4DA
:105980000013536120680BF0B9FA10F0804F10D16A
:1059900020680BF0B3FA10F0040F3FF441AD236818
:1059A0005D6815F0040F0DD1226853682B435360D6
:1059B00036E5204615F0C2FA2268536903F08043A9
:1059C0005361E5E7204615F0BFFAEDE790F894340F
:1059D000012B14D010B50446012380F8943411F043
:1059E000800F06D100680AF0C6FD002084F89404F8
:1059F00010BD01F00F0100680AF098FDF5E70220E4
:105A0000704708B500680BF0B4FE08BD08B5006823
:105A10000BF0BCFE08BD90F89504704703684A1E61
:105A2000042A0BD8D3F8042822F07002C3F8042803
:105A3000D3F8042842EA0112C3F804280020704772
:105A400010B40468606A31B940EA0240A0620020E4
:105A50005DF8044B70478C46A36A00EB13400023AB
:105A600008E003F1400104EB8101496800EB1140BB
:105A70000133DBB20CF1FF318B42F2D340EA02403A
:105A80000CF13F0104EB81046060E0E703685962B8
:105A9000002070477047704700207047002800F0D2
:105AA000E08170B582B00446036813F0010F3BD06B
:105AB0009F4B9B6803F00C03042B2CD09C4B9B68E2
:105AC00003F00C03082B21D06368B3F5803F4FD05F
:105AD000B3F5A02F52D0964B1A6822F480321A6088
:105AE0001A6822F480221A606368002B50D0FAF7FB
:105AF0007DF805468E4B1B6813F4003F14D1FAF76E
:105B000075F8401B6428F5D90320B1E1884B5B6828
:105B100013F4800FD8D0864B1B6813F4003F03D0DA
:105B20006368002B00F09F81236813F0020F54D0AC
:105B30007F4B9B6813F00C0F3ED07D4B9B6803F0AE
:105B40000C03082B33D0E368002B68D0794B01227B
:105B50001A60FAF74BF80546754B1B6813F0020FF5
:105B600054D1FAF743F8401B0228F5D903207FE10E
:105B70006F4A136843F480331360B5E76C4B1A68BF
:105B800042F480221A601A6842F480321A60ABE74D
:105B9000FAF72CF80546664B1B6813F4003FC3D098
:105BA000FAF724F8401B6428F5D9032060E1604B24
:105BB0005B6813F4800FC6D15D4B1B6813F0020FB6
:105BC00003D0E368012B40F05081594A136823F059
:105BD000F803216943EAC1031360236813F0080F37
:105BE00042D063696BB3534B0122C3F8802EF9F79F
:105BF000FDFF05464E4B5B6F13F0020F34D1F9F7F2
:105C0000F5FF401B0228F5D9032031E1484A13680B
:105C100023F0F803216943EAC1031360DDE7454B34
:105C200000221A60F9F7E2FF0546414B1B6813F0AA
:105C3000020FD2D0F9F7DAFF401B0228F5D9032072
:105C400016E13C4B0022C3F8802EF9F7CFFF054642
:105C5000374B5B6F13F0020F06D0F9F7C7FF401BFD
:105C60000228F5D9032003E1236813F0040F77D04D
:105C70002F4B1B6C13F0805F33D1002301932C4B0F
:105C80001A6C42F080521A641B6C03F0805301932B
:105C9000019B0125284B1B6813F4807F23D0A36848
:105CA000012B34D0052B38D0214B1A6F22F0010282
:105CB0001A671A6F22F004021A67A368002B3DD0FE
:105CC000F9F794FF06461A4B1B6F13F0020F46D1EB
:105CD000F9F78CFF801B41F288339842F3D90320F7
:105CE000C6E00025D6E7144A136843F480731360B6
:105CF000F9F77CFF0646104B1B6813F4807FCED16A
:105D0000F9F774FF801B0228F5D90320B0E0084A98
:105D1000136F43F001031367CFE7054B1A6F42F08F
:105D200004021A671A6F42F001021A67C5E700BF42
:105D3000003802400000474200700040F9F756FF6B
:105D40000646524B1B6F13F0020F08D0F9F74EFFB7
:105D5000801B41F288339842F3D9032088E0EDB9E3
:105D6000A369002B00F08380484A926802F00C027D
:105D7000082A51D0022B17D0454B00221A66F9F79A
:105D800035FF0446414B1B6813F0007F42D0F9F702
:105D90002DFF001B0228F5D9032069E03B4A136C54
:105DA00023F080531364DBE7394B00221A66F9F7BE
:105DB0001DFF0546354B1B6813F0007F06D0F9F731
:105DC00015FF401B0228F5D9032051E0E369226A40
:105DD0001343626A43EA8213A26A5208013A43EA11
:105DE0000243E26A43EA0263284A5360284B0122D5
:105DF0001A66F9F7FBFE0446244B1B6813F0007F7C
:105E000006D1F9F7F3FE001B0228F5D903202FE095
:105E100000202DE000202BE0012B2BD01B4B5B68DA
:105E200003F48001E269914226D103F03F02216A26
:105E30008A4223D1616A47F6C0721A40B2EB811FD1
:105E40001ED103F44031A26A5208013AB1EB024F6D
:105E500018D103F07063E26AB3EB026F14D1002033
:105E600006E001207047012002E0012000E0002050
:105E700002B070BD0120FBE70120F9E70120F7E740
:105E80000120F5E70120F3E70120F1E700380240A7
:105E90000000474270B588B00C46154600BB002391
:105EA0000193204E326B42F001023263326B02F0FA
:105EB00001020192019A4FF480720392022204922D
:105EC000032206920593079303A91748FAF790FC5B
:105ED000B36823F0EC6325431D43B56008B070BD83
:105EE000002302930F4E326B42F004023263326B96
:105EF00002F004020292029A4FF40072039202220C
:105F00000492032206920593079303A90748FAF720
:105F10006FFCB36823F0784344EAC5041C43B460C3
:105F2000DCE700BF003802400000024000080240E9
:105F3000014B0122DA64704700004742014B002206
:105F4000DA6470470000474208B5264B9B6803F0AF
:105F50000C03042B41D0082B41D1224B5A6802F08C
:105F60003F025B6813F4800F12D01E4B5968C1F3D7
:105F700088111D480023A1FB000115F009FE194BF3
:105F80005B68C3F3014301335B00B0FBF3F008BD72
:105F9000144B5868C0F388104FEA401CBCEB000C4F
:105FA0006EEB0E0E4FEA8E1343EA9C634FEA8C11A0
:105FB000B1EB0C0163EB0E03DB0043EA5173C90044
:105FC00011EB000C43F10003990200234FEA8C20EF
:105FD00041EA9C5115F0DCFDD1E70348D7E70348BF
:105FE000D5E700BF0038024040787D010024F4006E
:105FF000002800F09B8070B50D4604464F4B1B688F
:1060000003F007038B4208D2CBB24C4A13701368DB
:1060100003F007038B4240F08B80236813F0020FDC
:1060200017D013F0040F04D0454A936843F4E053AB
:106030009360236813F0080F04D0414A936843F437
:10604000604393603E4A936823F0F003A1680B43DA
:106050009360236813F0010F32D06368012B21D0C5
:106060009A1E012A25D9364A126812F0020F61D011
:1060700033498A6822F0030213438B60F9F7B6FDB7
:1060800006462F4B9B6803F00C036268B3EB820F4C
:1060900016D0F9F7ABFD801B41F288339842F0D956
:1060A000032042E0264A126812F4003FE0D10120AA
:1060B0003BE0234A126812F0007FD9D1012034E07E
:1060C0001E4B1B6803F00703AB4207D9EAB21B4B18
:1060D0001A701B6803F00703AB422DD1236813F03D
:1060E000040F06D0164A936823F4E053E1680B438B
:1060F0009360236813F0080F07D0114A936823F4C4
:106100006043216943EAC1039360FFF71DFF0C4B15
:106110009B68C3F303130B4AD35CD8400A4B186047
:106120000A4B1868F9F718FD002070BD0120704770
:106130000120FAE70120F8E70120F6E7003C0240E1
:106140000038024094DA0308DC00002048000020F8
:10615000014B1868704700BFDC00002008B5FFF74E
:10616000F7FF044B9B68C3F38223034AD35CD840F8
:1061700008BD00BF00380240A4DA030808B5FFF7E5
:10618000E7FF044B9B68C3F34233034AD35CD84018
:1061900008BD00BF00380240A4DA03080F230360E3
:1061A000304B1B6813F4802F3BD04FF4A023436087
:1061B0002C4B1B6813F0010F3FD00123C360294A09
:1061C0001368C3F3C4030361136F13F0040F37D0D4
:1061D00005238360234B5B6F13F0010F3BD001233A
:1061E0004361204B1B6813F0807F37D0022383610B
:1061F0001C4A536803F48003C361536803F03F03F0
:1062000003625368C3F388134362536803F4403353
:1062100003F58033DB0B83625368C3F30363C3620C
:106220007047104B1B6813F4803F03D04FF480334A
:106230004360BDE700234360BAE70023C360BEE7C5
:10624000084B1B6F13F0010F02D001238360C1E7DD
:1062500000238360BEE700234361C2E7012383611B
:10626000C6E700BF003802400F2303600B4B9A685B
:1062700002F0030242609A6802F0F00282609A68BB
:1062800002F4E052C2609B68DB0803F4E053036150
:10629000034B1B6803F007030B6070470038024094
:1062A000003C0240704708B5054BDB6813F0800FD7
:1062B00000D108BDFFF7F6FF014B80229A73F8E783
:1062C0000038024030B583B00446036813F0050F70
:1062D0000ED1236813F0020F38D1236813F0080F92
:1062E00000F09D80227D4F4BC3F8E021002097E015
:1062F0004D4B00229A66F9F779FC05464B4B1B681B
:1063000013F0006F06D0F9F771FC431B022BF5D98F
:10631000032085E06368A26843EA8213E26843EAE7
:106320000273424AC2F884303F4B01229A66F9F761
:106330005DFC05463D4B1B6813F0006FC9D1F9F7B2
:1063400055FC401B0228F5D9032069E00023019386
:10635000364B1A6C42F080521A641B6C03F0805367
:106360000193019B324A136843F480731360F9F779
:106370003DFC05462E4B1B6813F4807F06D1F9F7D0
:1063800035FC431B022BF5D9032049E0274B1B6F3B
:1063900013F4407314D0226902F440729A420FD071
:1063A000224B1A6F22F440721F490120C1F8400E9F
:1063B0000020C1F8400E1A671B6F13F0010F12D1B5
:1063C000236903F44072B2F5407F1DD0174A9368E9
:1063D00023F4F813936015490B6F2269C2F30B0283
:1063E00013430B6779E7F9F701FC05460F4B1B6F69
:1063F00013F0020FE4D1F9F7F9FB401B41F28833A7
:106400009842F3D903200BE008498A6822F4F81275
:1064100023F0704323F4407313438B60DBE70020C9
:1064200003B030BD00104742000047420038024030
:106430000070004003230360114BD3F88420C2F3A3
:1064400088128260D3F88420C2F30272C260D3F84B
:10645000842002F03F024260996801F4F8111A6F3B
:1064600002F440720A430261D3F88C3013F0807F4B
:1064700002D100230375704701230375704700BFE5
:1064800000380240012801D000207047164B9B685D
:1064900013F4000302D02BB314487047124B5B680F
:1064A00013F4800F15D0104BD3F8842002F03F0274
:1064B0000F4BB3FBF2F30C4AD2F88400C0F3881000
:1064C00003FB00F0D2F88430C3F30273B0FBF3F0A7
:1064D0007047054BD3F8842002F03F02054BB3FB15
:1064E000F2F3E8E700207047003802400080BB006C
:1064F00040787D010024F400012805D0054A136F7F
:1065000023F0080313677047024A136F43F0080330
:10651000136770470038024038B50546174B002214
:106520009A66F9F763FB0446154B1B6813F0006F7E
:1065300006D0F9F75BFB001B0228F5D9032038BD14
:106540002B686A6843EA8213AA6843EA02730C4A1A
:10655000C2F88430094B01229A66F9F747FB0446DA
:10656000074B1B6813F0006F06D1F9F73FFB001BC8
:106570000228F5D90320E2E70020E0E700004742C7
:106580000038024010B50A4B00229A66F9F72EFB3C
:106590000446084B1B6813F0006F06D0F9F726FB82
:1065A000001B0228F5D9032000E0002010BD00BF29
:1065B000000047420038024038B5F9F717FB04469F
:1065C000474A136843F001031360454B1B6813F0FF
:1065D000020F06D1F9F70AFB001B0228F5D90320A8
:1065E00038BD3F4D2B6843F080032B60F9F7FEFA6E
:1065F00004460023AB603A4B9B6813F00C0F08D0A5
:10660000F9F7F4FA001B41F288339842F3D90320DA
:10661000E6E7F9F7EBFA0446314A136823F450230E
:1066200013602F4B1B6813F4003F06D0F9F7DEFA16
:10663000001B6428F5D90320D2E7F9F7D7FA0446FE
:10664000274A136823F080731360254B1B6813F0EF
:10665000007F06D0F9F7CAFA001B0228F5D90320FB
:10666000BEE7F9F7C3FA04461D4A136823F08063B6
:1066700013601B4B1B6813F0006F06D0F9F7B6FAD6
:10668000001B0228F5D90320AAE7154B154A5A60CA
:1066900002F1E052C3F88420DA6822F4F852DA609A
:1066A000DA6822F40052DA60DA6842F41F02DA6033
:1066B000DA6842F40012DA605A6F22F001025A6777
:1066C0005A6F42F080725A67074B084A1A60084BAB
:1066D0001868F9F741FA002882D0012080E700BF4E
:1066E0000038024010300004DC0000200024F400D8
:1066F00048000020836B1A68D36B43F48073D36324
:10670000704770B582B0044600230193006809F019
:106710001CFA054610B1284602B070BD206809F089
:10672000F9FD38B90123A364A36C012B0BD02E46CD
:10673000284614E00023A364206809F006FA002824
:10674000F2D00546E7E70021206809F0DDFB0028CC
:10675000EDD04FF08055DEE7019B01330193019AA4
:106760004FF6FE739A4213D896B90021206809F0BB
:10677000CBFBE0B91249206809F004FD0646C0B918
:106780000021206809F0C0F9C30FE5D01E46E3E7F9
:10679000019A4FF6FE739A420ED810F0804302D051
:1067A00001236364B7E7002262641D46B3E7054630
:1067B000B1E74FF08055AEE74FF08075ABE700BF13
:1067C000000010C108B5006809F083F908BDF8B5EC
:1067D000846AC66AA6B9F8BD386809F06EF92070F7
:1067E000C0F307236370C0F30743A370000EE0708B
:1067F0000434043E0135072DEED9BC62FE62EAE79F
:1068000007460025F7E7F0B583B0046A466ADEB9AB
:1068100003B0F0BD23780193627843EA0223019329
:10682000A27843EA02430193E27843EA02630193C8
:106830000434043E01A9386809F042F90135072DF6
:10684000E8D93C627E62E3E707460025F7E7F0B54A
:1068500087B005460E46F9F7C9F9074600212868B2
:1068600009F052F910F0007F6AD14021286809F040
:1068700029FA034610B1AA6BAA6363E0296D0904E3
:10688000286809F041FB034610B1AA6BAA6359E0DE
:106890004FF0FF33009340230193602302930223C0
:1068A000039300230493012305936946286809F0A4
:1068B0002EF9286809F0A1FB034680B1AA6BAA63F0
:1068C00040E0286809F0F9F846F8040B0134072C79
:1068D000F7D9F9F78BF9C01BB0F1FF3F35D02B6822
:1068E0005C6B40F22A42144004D15B6B13F4004FFE
:1068F000EFD0ECE75A6B12F0080F29D15A6B12F463
:10690000007F27D15A6B12F0020F25D15B6B13F079
:10691000200F23D12868436B13F400130CD009F027
:10692000CCF846F8040BF9F761F9C01BB0F1FF3F52
:10693000F0D14FF0004305E040F23A52826301E0AB
:106940004FF40063184607B0F0BD4FF00043F9E77D
:106950000823F7E70823F5E70223F3E72023F1E70D
:10696000F0B589B004460F46F9F740F90646002312
:10697000009301930821206809F0A4F9054610B19D
:10698000284609B0F0BD216D0904206809F0BCFA61
:1069900005460028F4D14FF0FF33029308230393F8
:1069A00030230493022305930023069301230793C6
:1069B00002A9206809F0ABF8206809F0D5FA05466D
:1069C00058B1DDE709F079F84DF825000135F9F700
:1069D0000DF9831BB3F1FF3F43D02068436B13F0E5
:1069E0002A0F07D1436B13F4001FEBD1436B13F451
:1069F000005FECD1436B13F0080F29D1436B13F404
:106A0000007F25D1436B13F0020F24D1456B15F0A5
:106A1000200523D140F23A538363019A130203F411
:106A20007F0343EA0263110A01F47F410B4343EA07
:106A300012633B60009A130203F47F0343EA02638C
:106A4000110A01F47F410B4343EA12637B6097E72D
:106A50000825856394E70225856391E720258563F2
:106A60008EE74FF000458BE710B582B00446002159
:106A700000910191006809F047F810F0007F13D1F0
:106A800069462046FFF76CFF80B9019B13F4802F05
:106A90000ED0216D0904206809F036FA30B90221C0
:106AA000206809F049FA01E04FF4006002B010BD1F
:106AB0004FF08060FAE710B582B0044600210091E3
:106AC0000191006809F020F810F0007F13D16946A9
:106AD0002046FFF745FF80B9019B13F4803F0ED09D
:106AE000216D0904206809F00FFA30B900212068EF
:106AF00009F022FA01E04FF4006002B010BD4FF03F
:106B00008060FAE770B581B104460E46016D090454
:106B1000006809F05AFA054608B1284670BD002100
:106B2000206808F0F1FF3060F7E74FF00065F4E708
:106B30007047704770B110B50446032380F83430B5
:106B4000FFF740FE204613F0FBFB0020A06384F813
:106B5000340010BD012070472DE9F04F87B0054685
:106B60000C4616469A46DDF84090F9F73FF8002C9F
:106B700036D0804695F834305FFA83FB012B40F025
:106B800007810023AB6306EB0A03EA6D93422ED81C
:106B9000032385F834302B680022DA626B6C012BFA
:106BA00000D076024FF0FF3300934FEA4A2301935F
:106BB000902302930223039300230493012305935C
:106BC0006946286808F0A3FFBAF1010F14D902231F
:106BD0002B633146286809F0A5F8A0B9019F27E08A
:106BE000AB6B43F00063AB634FF0010BD6E0AB6BD4
:106BF00043F00073AB63D1E001232B633146286877
:106C000009F078F8E9E72B68664A9A63AB6B0343AF
:106C1000AB63012385F8343000232B63BEE0F8F723
:106C2000E5FFA0EB0800484520D2B9F1000F1DD0C8
:106C30002868466B40F22A331E4026D1436B13F47A
:106C4000004FECD0002FEAD0072EE8D8286808F0D3
:106C500034FF2070C0F307236370C0F30743A370B1
:106C6000000EE0700434043F0136EDE72B684D4A16
:106C70009A63AB6B43F00043AB63012385F8343078
:106C800000232B634FF0030B88E0436B13F4807FEA
:106C900005D0BAF1010F02D96B6C032B3AD12B68E6
:106CA0005A6B12F0080F46D15A6B12F4007F42D192
:106CB0005A6B12F0020F4AD15A6B12F0200F52D1C8
:106CC0002868436B13F4001F59D0002F57D008F0E9
:106CD000F4FE2070C0F307236370C0F30743A37072
:106CE000000EE0700434043FF8F780FFA0EB0800CA
:106CF000484502D2B9F1000FE2D12B68294A9A63C4
:106D0000AB6B43F00043AB63012385F834300023C1
:106D10002B6343E009F0C6F803460028BFD02A6879
:106D200020499163AA6B1343AB63012385F8343088
:106D300000232B6332E01B4A9A63AB6B43F00803DA
:106D4000AB63012385F8343000232B6326E0154A1A
:106D50009A63AB6B43F00203AB63012385F83430D5
:106D600000232B631AE00F4A9A63AB6B43F02003B6
:106D7000AB63012385F8343000232B630EE040F22F
:106D80003A538363012385F834304FF0000B05E05C
:106D9000AB6B43F00053AB634FF0010B584607B0A9
:106DA000BDE8F08FFF0540002DE9F04F8BB00546A0
:106DB0000C4616469A46DDF85090F8F717FF002C5F
:106DC00038D0074695F834305FFA83FB012B40F04A
:106DD000E8800023AB6306EB0A03EA6D934230D8E8
:106DE000032385F834302B680022DA626B6C012BA8
:106DF00000D076024FF0FF3304934FEA4A23059305
:106E0000902306930023079308930123099304A971
:106E1000286808F07CFEBAF1010F17D920232B63F4
:106E20003146286808F0AEFF0190019BB3B9DDF848
:106E3000148028E0AB6B43F00063AB634FF0010BB1
:106E4000B5E0AB6B43F00073AB63B0E010232B6392
:106E50003146286808F07EFF0190E6E72B68564A25
:106E60009A63AB6B019A1343AB63012385F834300B
:106E700000232B639BE0F8F7B9FEC01B484528D2DE
:106E8000B9F1000F25D02868466B40F21A331E4036
:106E90002ED1436B13F4804FEDD0B8F1000FEAD040
:106EA000072EE8D823780393627843EA02230393FA
:106EB000A27843EA02430393E27843EA026303932E
:106EC0000434A8F1040803A9286808F0F9FD013684
:106ED000E6E72B68384A9A63AB6B019A1343AB63BE
:106EE000012385F8343000232B634FF0030B5EE061
:106EF000436B13F4807F05D0BAF1010F02D96B6C9C
:106F0000032B1CD12B685A6B12F0080F28D15A6B37
:106F100012F4007F24D15A6B12F0020F2CD15A6B5D
:106F200012F0100F34D0244A9A63AB6B43F0100375
:106F3000AB63012385F8343000232B6337E008F07E
:106F4000B1FF03460028DDD02A681B499163AA6B74
:106F50001343AB63012385F8343000232B6326E011
:106F6000154A9A63AB6B43F00803AB63012385F8C2
:106F7000343000232B631AE00F4A9A63AB6B43F063
:106F80000203AB63012385F8343000232B630EE04A
:106F900040F23A529A63012385F834304FF0000BE7
:106FA00005E0AB6B43F00053AB634FF0010B584669
:106FB0000BB0BDE8F08F00BFFF054000F0B587B013
:106FC0000446002946D015461E460A4690F834303D
:106FD000DFB2012B50D100238363AB19C16D8B420B
:106FE0003ED8032380F8343003680021D9628262DE
:106FF0007202C2620168CB6B43F4034343F02A037D
:10700000CB63436C012B00D06D024FF0FF33009334
:1070100001929023029302230393002304930123FC
:1070200005936946206808F072FD012E1DD90A23D8
:1070300023632946206808F075FE08B32368114AC7
:107040009A63A36B0343A363012384F834300023C2
:10705000236312E0836B43F00063836301270CE03A
:10706000836B43F00073836307E00923236329469E
:10707000206808F03FFEE0E70227384607B0F0BD81
:107080000027FAE7FF05400070B586B004460029E6
:1070900034D0084694F83410CDB2012950D10021E3
:1070A000A163D118E66DB1422ED8032184F83410C3
:1070B00021680026CE6220625E0266622068C16B93
:1070C00041F4864141F01A01C163616C012900D08D
:1070D0005202012B1DD9282323631146206808F092
:1070E00051FEE8B12368184A9A63A36B0343A36374
:1070F000012384F834300023236322E0836B43F0C0
:107100000063836301251CE0A36B43F00073A3635A
:1071100017E0182323631146206808F01BFEE0E700
:107120004FF0FF33009301969023029300250395BF
:107130000495012305936946206808F0E8FC00E007
:107140000225284606B070BDFF0540002DE9F0433A
:1071500087B0044691B116461F460A4690F834009F
:10716000C5B201287FD10023A363F019E36D9842D3
:107170000AD9A36B43F00073A36375E0836B43F0FC
:107180000063836301256FE0032384F834302368B0
:107190000021D9622068C36B43F44A7343F00203B1
:1071A000C363236C3348D863236C3348D864236C9F
:1071B0001965236C9960206C01680B6823F0C0038B
:1071C000806803430B6021684FEA47294FEA99031F
:1071D0008031206CF9F791F8804668BB274B01227B
:1071E000C3F88C25636C934200D076024FF0FF33D6
:1071F0000093CDF80490902302930223039300237D
:107200000493012305936946206808F080FC012F50
:1072100022D9822323633146206808F083FD38B3E6
:107220002368174A9A63A36B0343A363012384F87B
:1072300034300023236317E02268D36B23F4957363
:10724000D36323680E4A9A63A36B43F08043A3631E
:10725000012384F8343007E081232363314620681A
:1072600008F048FDDBE70225284607B0BDE8F083BB
:107270004546F9E7C9740108AB7A01080080254248
:10728000FF054000F0B587B0044600293BD01D46FD
:107290000F4690F83430DEB2012B40F0848000239A
:1072A00083635319C16D8B4233D8032380F8343084
:1072B00003680021D9620068C36B43F4067343F08E
:1072C0000203C363E36B3A48D863E36B3948D8647D
:1072D000E36B1965636C012B00D05202012D1DD99F
:1072E000A02323631146206808F04CFDE8B1236811
:1072F000314A9A63A36B0343A363012384F83430B8
:107300000023236350E0836B43F000638363012613
:107310004AE0836B43F00073836345E0902323636B
:107320001146206808F016FDE0E7244B0122C3F85F
:107330008C25E36B40229A60E16B0A68136823F0A6
:10734000C00389680B43136022686D02AB0880326A
:107350003946E06BF8F7D1FF074698B12268D36B46
:1073600023F4067323F00203D3632368124A9A635B
:10737000A36B43F08043A363012384F834300023DC
:10738000236311E04FF0FF330093019590230293A4
:10739000002303930493012305936946206808F0B2
:1073A000B6FB3E4600E00226304607B0F0BD00BF07
:1073B000F5660108AB7A0108FF0540000080254210
:1073C000F8B590F83430012B70D104460E461546BE
:1073D000DFB200238363914214D8C36D934216D366
:1073E000032380F83430C36C13F0200F14D10368EA
:1073F000304A9A63836B43F080638363012380F890
:10740000343054E0836B43F0006383634FE0836B5D
:1074100043F0007383634AE00021006808F074FBC6
:1074200010F0007F15D1636C012B01D076026D0244
:10743000032B1ED03146206808F0BCFCA0B12368A5
:107440001C499963A36B0343A363012384F834307D
:107450002DE02368174A9A63A36B43F40063A36388
:10746000012384F8343022E02946206808F0BAFC71
:1074700068B9206808F0FEFC98B123680D4999634B
:10748000A36B0343A363012384F834300FE0236824
:1074900008499963A36B0343A363012384F8343041
:1074A00005E0012384F83430002700E00227384645
:1074B000F8BD00BFFF05400090F834007047806BB6
:1074C000704770477047704710B5846B236B822BF1
:1074D00011D02268D36A23F00803D362236840F2F4
:1074E0003A529A63012384F8343000232363204600
:1074F00012F02BFB10BD206808F0D4FC03460028D6
:10750000E7D0A26B1343A3632046FFF7DCFFE0E75D
:10751000704790F877300B70436FC3F30F234B80A5
:10752000426F836F1B0A43EA02634B6090F8783026
:107530000B7290F87F304B72C26F90F8833043EA41
:107540000223CB60D0F88030C3F303530B74D0F820
:107550008030C3F30B234B82D0F88030C3F3460353
:107560000B7501234B75002070470346426E920F46
:107570000A70426EC2F383624A7090F8672002F08C
:1075800003028A7090F86620CA7090F865200A712C
:1075900090F864204A71826E120DCA80B0F86A2099
:1075A00002F00F020A72826EC2F3C0324A72826E19
:1075B000C2F380328A72826EC2F34032CA72826E25
:1075C000C2F300320A7300224A73426C002A40F070
:1075D0008680806E40F6FC7202EA8002D86E42EA33
:1075E00090720A61DA6EC2F3C2620A7593F86F2074
:1075F00002F007024A75DA6EC2F342528A75DA6EF9
:10760000C2F38242CA75DA6EC2F3C2320A760A69DE
:1076100001325A65087E00F00700023082405A6548
:1076200091F808C00CF00F0C012000FA0CF09865DE
:10763000400A00FB02F2DA654FF400721A66DA6E55
:10764000C2F380324A76DA6EC2F3C6128A76DA6EF6
:1076500002F07F02CA761A6FD20F0A771A6FC2F34E
:1076600041724A771A6FC2F382628A771A6FC2F345
:107670008352CA771A6FC2F3405281F8202000204B
:1076800081F82100B3F8722002F0010281F8222073
:107690001A6FC2F3C03281F823201A6FC2F380320E
:1076A00081F824201A6FC2F3403281F825201A6F26
:1076B000C2F3003281F826201A6FC2F3812281F8CA
:1076C00027201A6FC2F3012281F828201B6FC3F311
:1076D000460381F82930012381F82A307047012AB6
:1076E00011D1826E120402F47C12B0F86E000243D3
:1076F0000A610A69013292025A65DA654FF4007232
:107700009A651A669BE7026804499163826B42F0AE
:1077100080528263012083F834007047FF054000E7
:1077200070B590B004460123ADF81230006808F03F
:10773000D4F900286CD0636C032B45D1636C032B08
:107740005DD1636C032B1DD0BDF8121021650904B7
:10775000206808F0DCFC054600285BD10021206889
:1077600008F0D2F960660421206808F0CDF9A0661F
:107770000821206808F0C8F9E0660C21206808F0AC
:10778000C3F920670421206808F0BEF9000DE06409
:1077900005A92046FFF7E9FE00283ED1226D12041C
:1077A0000023206808F098FB054698BB234653F851
:1077B000106B93E807008DE80700043494E80E008E
:1077C000304608F061F925E0206808F08BFC05469A
:1077D00000BB0021206808F097F960670421206849
:1077E00008F092F9A0670821206808F08DF9E06799
:1077F0000C21206808F088F9C4F880009EE70DF19C
:107800001201206808F03CFD0546002899D001E0EF
:107810004FF08065284610B070BD4FF08055F9E7F5
:1078200070B58AB004460025049505950695079520
:107830000895762309930AAB13E907008DE8070042
:1078400004AB0ECB206808F01FF91B4EC6F8A05001
:10785000206808F03AF90123C6F8A0300220F8F7B2
:10786000E9F92046FEF74DFF40B10246012084F8B9
:107870003400A36B1343A3630AB070BD2046FFF727
:107880004FFF024630B1012084F83400A36B13434C
:10789000A363F1E74FF40071206808F013FA08B908
:1078A0000020E9E7236805499963A36B0343A363B9
:1078B000012084F83400DFE700802542FF05400006
:1078C000A8B110B5044690F8343063B1032384F8AE
:1078D00034302046FFF7A4FF58B9A063206301238A
:1078E00084F8343010BD037712F07AFCEEE7012003
:1078F00070470120F6E730B591B005460C46694661
:10790000FEF7A5FFC0B12B6825499963AB6B034314
:10791000AB63012485F834404FF40071286808F007
:10792000D1F930B12A681E499163A863012485F812
:107930003440204611B030BD009AC2F38113237049
:10794000C2F340136370130A23F0FF0343EA126388
:107950009BB26380019A130203F47F0343EA02633C
:10796000110A01F47F410B4343EA12636360029BF7
:10797000DAB22272C3F307226272C3F30352A27215
:107980001B0C039AD1B223F0FF030B43A381C2F374
:107990008523A373C2F30122E2730024BCE700BF76
:1079A000FF054000436C0B60836C4B60C36C8B60C5
:1079B000036DCB60436D0B61836D4B61C36D8B6158
:1079C000036ECB610020704730B58BB004460D4686
:1079D000032380F83430436C032B1CD0B1F5805F57
:1079E00008D0B1F5006F0AD079B1836B43F0006322
:1079F000836314E0836B43F0805383630FE0FFF7EE
:107A000033F8A36B0343A36309E0FFF754F8A36BB8
:107A10000343A36303E0836B43F080538363A36B4F
:107A2000C3B12368174A9A63012584F834504FF490
:107A30000071206808F046F930B123681149996354
:107A4000A36B0343A3630125012384F83430284644
:107A50000BB030BD63680493A3680593E368069395
:107A6000079563690893A36909930AAB13E90700B3
:107A70008DE8070004AB0ECB206808F005F8002560
:107A8000D5E700BFFF05400010B582B004460023D3
:107A9000019301A9FFF736F810B1A36B0343A36369
:107AA0000198C0F3432002B010BD10B5846BF8F705
:107AB0009CFE02280AD0236C5B6DE26B526D012B99
:107AC00005D0012A03D02046FFF7FDFC10BD236836
:107AD0000E4A9A632268D36B23F49D73D363A36B1E
:107AE00043F08043A3632046FFF7CEFF053801280B
:107AF00005D9012384F8343000232363E3E72068A9
:107B000008F0D0F9A36B0343A363F2E7FF0540003D
:107B100010B5846B236840F23A529A632046FFF70F
:107B2000B3FF012384F83430002323630538012890
:107B300005D9A36B53B9204611F0FDFF10BD206895
:107B400008F0B0F9A36B0343A363F2E72046FFF705
:107B5000BAFCF3E710B5846B236840F23A529A639B
:107B60002046FFF791FF012384F83430002323637C
:107B70000538012805D9A36B53B9204611F0DBFF66
:107B800010BD206808F08EF9A36B0343A363F2E7EE
:107B90002046FFF798FCF3E738B50446056B036809
:107BA0005A6B12F4004F02D015F0080F28D15A6B0F
:107BB00012F4807F5AD04FF480729A632268D36B9C
:107BC00023F4434323F03A03D3632268D36A23F0B8
:107BD0000103D36215F0080F26D015F0220F12D141
:107BE000236840F23A529A63012384F83430002328
:107BF000236315F0030F13D0204611F0A6FF01E018
:107C0000FEF7E5FD38BD206808F04CF90346002872
:107C1000E6D0A26B1343A3632046FFF754FCDFE7D3
:107C2000204611F08DFFEDE715F0800FEAD015F03A
:107C3000200F0ED115F0030FE4D12268D36A23F090
:107C40000803D362012384F83430204611F078FF12
:107C5000D8E7206808F026F903460028EAD0A26B8E
:107C60001343A3632046FFF72EFCE3E75A6B12F49D
:107C7000804F02D015F0080F55D1596B40F23A22CF
:107C80001142BFD05A6B12F0020F03D0A26B42F028
:107C90000202A2635A6B12F0080F03D0A26B42F0EB
:107CA0000802A2635A6B12F0200F03D0A26B42F0BD
:107CB0002002A2635A6B12F0100F03D0A26B42F0A5
:107CC0001002A2635A6B12F4007F03D0A26B42F041
:107CD0000802A26340F23A729A632268D36B23F4DB
:107CE0004E7323F00203D363206808F0DBF8A36B24
:107CF0000343A36315F0080F19D115F0800F81D04D
:107D000015F0300F1CD115F0030F26D0236C184A44
:107D10001A65206CF8F76EFB00283FF473AF206CF7
:107D2000FFF718FF6EE72046FEF76DFD6AE70123B7
:107D300084F83430002323632046FFF7C4FB61E757
:107D4000E36B0C4A1A65E06BF8F754FB00283FF42C
:107D500059AFE06BFFF7DCFE54E70023A363012279
:107D600084F834202363204611F0E5FE4AE700BF83
:107D7000557B0108117B010810B50446016B0268B0
:107D8000D36B23F49D73D363036840F23A529A6332
:107D90000268D36A23F00103D36211F0800F0AD086
:107DA0000268D36A23F00803D36211F0300F11D1B7
:107DB00011F0030F18D1012384F83430002323631A
:107DC0002046FFF761FE0538012817D9A36BD3B908
:107DD000002010BDC06BF8F7C4FA0028EBD0A36BED
:107DE00043F08043A363E6E7006CF8F7BAFA002893
:107DF000E1D0A36B43F08043A363DCE7206808F085
:107E000051F8A063E2E70120E3E710B50446026BF6
:107E10000168CB6B23F49D73CB630168CB6A23F0BD
:107E20000103CB6212F0800F22D00168CB6A23F0ED
:107E30000803CB6212F0300F04D112F0030F0CD103
:107E4000002010BDC36B184A1A65C06BF8F7D2FA50
:107E50000028F6D00020E063F3E7036C134A1A65AC
:107E6000006CF8F7C7FA0028EBD000202064E8E7A0
:107E7000036840F23A529A63FFF706FE012384F842
:107E80003430002323630538012803D9A36B33B1B1
:107E90000120D6E7206808F005F8A063F6E7204641
:107EA00011F049FE0020CCE7117B0108557B010849
:107EB00082B000230193164B1B68164AA2FB0323D2
:107EC0005B0A642202FB03F30093009B43B1009B17
:107ED000013B009303689B6813F0020FF5D003E0A9
:107EE000436D43F0400343650268136823F0400389
:107EF00013600268536823F0E00353600368DB6893
:107F00000193019B072380F8513002B0704700BFF6
:107F1000DC000020F11976050268536823F0800325
:107F200053600268136823F040031360072380F84E
:107F3000513070472DE9F04782B005468846174614
:107F40001E46F7F753FE0A9B1B1A03EB0609F7F7C9
:107F50004DFE8246284B1B68C3F3CB3309FB03F36A
:107F600001932B689C6838EA04040CBF01230023AA
:107F7000BB423DD0B6F1FF3FF3D0F7F737FEA0EBA1
:107F80000A00484503D2019B73BB9946E9E72A687A
:107F9000536823F0E00353606B68B3F5827F0BD026
:107FA000AB6AB3F5005F14D0012385F8513000238C
:107FB00085F8503003201CE0AB68B3F5004F02D0C9
:107FC000B3F5806FECD12A68136823F04003136087
:107FD000E6E72A68136823F4005313602A681368DD
:107FE00043F400531360DFE7019B013B0193B8E7C3
:107FF000002002B0BDE8F087DC00002070B584B03E
:1080000004460D46164600920B4601220221FFF758
:1080100091FFD0B9174B1B68174AA2FB03235B0DD6
:108020004FF47A7202FB03F303936368B3F5827F24
:1080300011D0039B3BB1039B013B039323689B68D7
:1080400013F0800FF5D104B070BD636D43F02003D1
:1080500063650320F7E700962B4600228021204627
:10806000FFF768FF0028EED0636D43F020036365DF
:108070000320E8E7DC000020819F5E1610B582B087
:1080800004460B464168B1F5827F14D06168B1F5B2
:10809000827F2AD1A168B1F5806F19D000920022A9
:1080A00080212046FFF746FF30B3636D43F0200385
:1080B0006365032020E08168B1F5004F02D0B1F57F
:1080C000806FE3D12068016821F040010160DDE7A5
:1080D0000092002201212046FFF72CFF60B1636D62
:1080E00043F020036365032006E000920022012193
:1080F0002046FFF71FFF08B902B010BD636D43F0C3
:10810000200363650320F7E7704700285AD010B5B5
:108110000446436A33B94368B3F5827F05D0002330
:10812000C36102E00023036143610023A36294F86A
:108130005130002B40D0022384F85130226813685C
:1081400023F040031360636803F48273A26802F4AF
:1081500004421343E26802F400621343226902F00E
:1081600002021343626902F001021343A26902F49E
:1081700000721343E26902F038021343226A02F0EC
:1081800080021343A26A02F40052216813430B6079
:10819000638B03F00403626A02F010022168134348
:1081A0004B602268D36923F40063D36100206065CB
:1081B000012384F8513010BD84F85030204612F06D
:1081C00007F9B8E701207047704790B110B5044631
:1081D000022380F851300268136823F040031360D3
:1081E00012F06EF90020606584F8510084F85000A8
:1081F00010BD012070472DE9F04383B00446894645
:1082000090461D46F7F7F2FC94F85130012B40F0F0
:10821000CD800646DFB2B9F1000F00F0C880B8F19A
:10822000000F00F0C48094F85030012B00F0C380A0
:10823000012384F85030032384F851300023636510
:10824000C4F83090A4F83480A4F83680A363A387E0
:10825000E38763642364A368B3F5004F1ED02368EB
:108260001A6812F0400F03D11A6842F040021A60F7
:10827000E368B3F5006F1CD0636813B1B8F1010F68
:108280005FD1226B236812781A73236B0133236347
:10829000E38E9BB2013B9BB2E38652E022681368F7
:1082A00023F0400313602268136843F48043136093
:1082B000D5E7636813B1B8F1010F15D1226B2368BC
:1082C0001288DA60236B02332363E38E9BB2013B97
:1082D0009BB2E38608E0F7F789FC801BA84202D333
:1082E000B5F1FF3F15D1A5B1E38E9BB2002B42D073
:1082F00023689A6812F0020FEDD0226B1288DA60C0
:10830000236B02332363E38E9BB2013B9BB2E38674
:10831000EAE7012384F85130002384F85030032722
:1083200045E0226B12781A73236B01332363B4F890
:1083300036C01FFA8CFC0CF1FF3C1FFA8CFCA4F831
:1083400036C0E38E9BB2B3B123689A6812F0020F75
:10835000E7D1F7F74BFC801BA84202D3B5F1FF3FF2
:1083600001D1002DEDD1012384F85130002384F890
:10837000503003271BE0324629462046FFF73EFED9
:1083800008B120236365A36833B901932368DA68D1
:1083900001929B680193019B012384F851300023D3
:1083A00084F85030636D13B9002700E00227384687
:1083B00003B0BDE8F0830227F9E72DE9F04383B06D
:1083C0000446884691461F460A9DF7F70FFC06466D
:1083D00094F851306268012B0BD0D9B2B2F5827F8C
:1083E00040F00481A368002B40F00481042940F090
:1083F0000381B8F1000F00F00181B9F1000F00F026
:10840000FF80002F00F0FE8094F85030012B00F028
:10841000FB80012384F8503094F85130042B02D0B3
:10842000052384F8513000236365C4F83890E7874A
:10843000A787C4F83080E786A7862364636423682F
:108440001A6812F0400F03D11A6842F040021A6015
:10845000E368B3F5006F11D063680BB1012F0BD146
:10846000226B236812781A73236B01332363E38E24
:108470009BB2013B9BB2E386012771E063680BB1BD
:10848000012F0BD1226B23681288DA60236B023331
:108490002363E38E9BB2013B9BB2E38601271BE083
:1084A00023689A6812F0010F0ED0E28F92B25AB18F
:1084B000DA68A36B1A80A36B0233A363E38F9BB2CA
:1084C000013B9BB2E3870127F7F790FB801BA84293
:1084D00002D3B5F1FF3F1ED1E38E9BB21BB9E38FF0
:1084E0009BB2002B62D023689A6812F0020FD7D09B
:1084F000E28E92B2002AD3D0002FD1D0226B128804
:10850000DA60236B02332363E38E9BB2013B9BB2A1
:10851000E3860027C4E7012384F85130002384F860
:108520005030032063E023689A6812F0010F0ED0E8
:10853000E28F92B25AB1DA68A36B1A70A36B01335F
:10854000A363E38F9BB2013B9BB2E3870127F7F75D
:108550004DFB831BAB4202D3B5F1FF3F1ED1EDB102
:10856000E38E9BB213B9E38F9BB2FBB123689A6889
:1085700012F0020FD7D0E28E92B2002AD3D0002F91
:10858000D1D0226B12781A73236B01332363E38EED
:108590009BB2013B9BB2E3860027C4E7012384F82A
:1085A0005130002384F85030032020E03246294621
:1085B0002046FFF723FD90B9A36833B901932368E0
:1085C000DA6801929B680193019B012384F8513082
:1085D000002384F85030636D4BB1012007E0202365
:1085E0006365002384F85030012000E0022003B0CE
:1085F000BDE8F0830220FAE70220F8E70120F6E761
:108600000120F4E70120F2E70220F0E72DE9F04332
:1086100083B01D4690F85130012B40F0B2800446E3
:1086200089469046DFB2002900F0AC80002A00F0B5
:10863000A9804368B3F5827F01D1836853B3F7F70C
:10864000D5FA064694F85030012B00F09F800123A4
:1086500084F85030042384F8513000236365C4F853
:108660003890A4F83C80A4F83E802363A386E38678
:1086700023646364A368B3F5004F15D023681A68B8
:1086800012F0400F03D11A6842F040021A60E3680A
:10869000F3B143E0042380F85130009513460A46B5
:1086A000FFF78BFE07466DE02268136823F0400356
:1086B00013602268136823F480431360DEE7F7F742
:1086C00095FA801BA84202D3B5F1FF3F15D1A5B1A1
:1086D000E38F9BB2002B42D023689A6812F0010FFF
:1086E000EDD0A26B1B7B1370A36B0133A363E38FED
:1086F0009BB2013B9BB2E387EAE7012384F8513048
:10870000002384F8503003273CE0F7F76FFA801B12
:10871000A84202D3B5F1FF3F19D1C5B1E38F9BB297
:10872000EBB123689A6812F0010FEED0DA68A36B00
:108730001A80A36B0233A363B4F83EC01FFA8CFC0B
:108740000CF1FF3C1FFA8CFCA4F83EC0E6E70123C5
:1087500084F85130002384F85030032712E0324669
:1087600029462046FFF78AFC08B1202363650123D0
:1087700084F85130002384F85030636D13B900271A
:1087800000E00227384603B0BDE8F0830227F9E78E
:10879000002944D010B4002A43D090F85130012B66
:1087A00041D190F85030012B3FD0012380F8503058
:1087B000032380F851300023436501638286C2861B
:1087C00083638387C3870364C368D3B1184B43644F
:1087D0008368B3F5004F17D003681A6812F0400F92
:1087E00003D11A6842F040021A60002380F850302A
:1087F00001684A6842F0A0024A6018465DF8044BDE
:1088000070470C4B4364E3E70268136823F04003AE
:1088100013600268136843F480431360DCE70120AF
:1088200070470120EAE70220E8E70220E6E700BF00
:10883000C98F0108A18F010810B590F851C0446894
:10884000BCF1010F0AD05FFA8CFEB4F5827F3FD1F4
:108850008468002C3ED1BEF1040F3DD100293DD0EB
:10886000002A3DD0002B3DD090F85040012C3BD049
:10887000012480F8504090F85140042C02D0052487
:1088800080F851400024446501638386C386826377
:108890008387C387C368B3B1144B0364144B436429
:1088A00003681A6812F0400F03D11A6842F04002C0
:1088B0001A60002380F8503001684A6842F0E002F4
:1088C0004A60184605E00B4B03640B4B4364E7E733
:1088D000022010BD0220FCE70220FAE70120F8E7A1
:1088E0000120F6E70120F4E70220F2E7ED9101080C
:1088F000B59101087D9101084591010808B590F8EE
:108900005130012B5FD18446D8B200295CD0002AB7
:108910005AD0DCF8080020B9DCF80430B3F5827FC7
:1089200037D09CF85030012B4FD001238CF85030B9
:1089300004238CF851300023CCF85430CCF8381094
:10894000ACF83C20ACF83E20CCF83030ACF83430F9
:10895000ACF83630CCF84430DCF80C3013B31C4B98
:10896000CCF84030B0F5004F20D0DCF800301A6869
:1089700012F0400F03D11A6842F040021A60002042
:108980008CF85000DCF80020536843F0600353601B
:108990001AE004238CF8513013460A466046FFF76C
:1089A0004BFF11E00B4BCCF84030DBE7DCF800204C
:1089B000136823F040031360DCF80020136823F4ED
:1089C00080431360D1E7022008BD0220FCE700BF0E
:1089D0006F9001084790010838B590F85130012B8D
:1089E0005ED10446DDB200295BD0002A59D090F850
:1089F0005030012B57D0012380F85030032380F8EA
:108A000051300023436501638286C28683634364D9
:108A100003648387C3878368B3F5004F2DD0A36CAD
:108A2000224A1A64A36C224ADA63A36C214ADA64EC
:108A3000A36C00221A652268E38E9BB20C32216B74
:108A4000A06CF7F75AFC014610BB23681A6812F0B5
:108A5000400F03D11A6842F040021A60002384F8E4
:108A600050302268536843F02003536022685368F3
:108A700043F0020353600D4613E00268136823F0CD
:108A8000400313600268136843F480431360C6E731
:108A9000636D43F010036365002384F8503000E0F9
:108AA0000225284638BD0225FBE700BFEB8E0108F2
:108AB000479201082592010838B5044690F8510004
:108AC000656801280DD05FFA80FCB5F5827F40F023
:108AD0008980A068002840F08780BCF1040F40F036
:108AE0008580002900F08480002A00F08380002B1C
:108AF00000F0828094F8500001287FD0012084F893
:108B0000500094F85100042802D0052084F8510048
:108B1000002060652163A386E386A263A387E387C1
:108B20002064606494F85130042B1DD0E36C344A07
:108B30001A64E36C334ADA63E36C334ADA64E36C55
:108B400000221A652168E38F9BB2A26B0C31E06CA6
:108B5000F7F7D3FB78B1636D43F01003636500232F
:108B600084F8503001203EE0E36C284A1A64E36C3C
:108B7000274ADA63E0E72268536843F00103536051
:108B8000A26C00231364A26CD363A26CD364A26CA6
:108B900013652268E38E9BB20C32216BA06CF7F751
:108BA000ACFBB0B923681A6812F0400F03D11A6801
:108BB00042F040021A60002384F850302268536863
:108BC00043F0200353602268536843F0020353606C
:108BD00009E0636D43F010036365002384F85030AF
:108BE000012000E0022038BD0220FCE70220FAE765
:108BF0000120F8E70120F6E70120F4E70220F2E780
:108C0000038F01082593010825920108F78E0108BA
:108C1000B792010838B590F85130012B6CD1044659
:108C2000DDB2002969D0002A67D0806818B963686E
:108C3000B3F5827F43D094F85030012B5FD00123ED
:108C400084F85030042384F8513000236365A16315
:108C5000A287E28723646364A386E386B0F5004FAE
:108C600037D0E36C274A1A64E36C274ADA63E36C73
:108C7000264ADA64E36C00221A652168E38F9BB20E
:108C8000A26B0C31E06CF7F738FB014660BB236840
:108C90001A6812F0400F03D11A6842F040021A60BD
:108CA000002384F850302268536843F02003536057
:108CB0002268536843F0010353600D461DE004230E
:108CC00084F8513013460A462046FFF7F5FE054664
:108CD00013E02268136823F04003136022681368CE
:108CE00023F480431360BCE7636D43F010036365B6
:108CF000002384F8503000E00225284638BD0225C4
:108D0000FBE700BFF78E0108B79201082592010822
:108D100010B584B004464A4B1B684A4AA2FB0323A1
:108D20005B0A642202FB03F30293029B0393026833
:108D3000536823F0200353600268536813F0800FD8
:108D400011D0414B4364039B3BB1039B013B039315
:108D500094F85130072BF6D103E0636D43F04003E4
:108D60006365029B0393536813F0400F11D0374B98
:108D70002364039B3BB1039B013B039394F8513065
:108D8000072BF6D103E0636D43F040036365029B5C
:108D90000393536813F0020F1DD0A36CDBB10022C4
:108DA0001A65A06CF7F7DDFA08B140236365226805
:108DB000536823F002035360039B43B1039B013BC1
:108DC000039323689B6813F0020FF5D003E0636DF3
:108DD00043F04003636523685B6813F0010F13D011
:108DE000E36C8BB100221A65E06CF7F7BAFA08B1B0
:108DF000402363652268136823F0400313602268F0
:108E0000536823F0010353600023E387E386636D17
:108E1000402B12D000206065002200922368D968A0
:108E2000009199680091009901929B680193019BC0
:108E3000012384F8513004B010BD0120ECE700BFDD
:108E4000DC000020F1197605197F0108B17E0108C8
:108E500090F85030012B0CD0012380F8503002687C
:108E6000536823F003035360002380F85030184602
:108E700070470220704790F85030012B0CD001232E
:108E800080F850300268536843F0030353600023B6
:108E900080F85030184670470220704738B50446B5
:108EA000806C48B1F7F75DFA054630B1636D43F069
:108EB00010036365012500E00025E06C38B1F7F789
:108EC00050FA20B1636D43F01003636501252268F9
:108ED000536823F003035360012384F8513028467C
:108EE00038BD704770477047704708B5806BFFF713
:108EF000FBFF08BD704708B5806BFFF7FBFF08BD9F
:108F0000704708B5806BFFF7FBFF08BD704710B5D1
:108F100082B00446204B1B68204AA2FB03235B0A55
:108F2000642202FB03F30193F6F760FE0246019B05
:108F300043B1019B013B019323689B6813F0020F2F
:108F4000F5D003E0636D43F02003636521684B684F
:108F500023F0A0034B6064212046FFF74FF818B1BF
:108F6000636D43F020036365A36833B900932368FE
:108F7000DA6800929B680093009B012384F85130CB
:108F8000636D23B12046FFF7C1FF02B010BD20463C
:108F9000FFF7A7FFF9E700BFDC000020F119760515
:108FA00008B5026B036812781A73036B013303630D
:108FB000C38E9BB2013B9BB2C386C38E9BB203B1EF
:108FC00008BDFFF7A4FFFBE708B5026B0368128832
:108FD000DA60036B02330363C38E9BB2013B9BB227
:108FE000C386C38E9BB203B108BDFFF790FFFBE7BA
:108FF00010B582B004460268536823F060035360E2
:10900000F6F7F4FD024664212046FFF737F818B161
:10901000636D43F020036365A36833B9019323684C
:10902000DA6801929B680193019B012384F8513017
:10903000636D23B92046FFF755FF02B010BD2046EF
:10904000FFF764FFF9E708B50268836B127B1A70BB
:10905000836B01338363C38F9BB2013B9BB2C38796
:10906000C38F9BB203B108BDFFF7C2FFFBE708B592
:109070000368DA68836B1A80836B02338363C38F60
:109080009BB2013B9BB2C387C38F9BB203B108BDA8
:10909000FFF7AEFFFBE710B582B00446274B1B6815
:1090A000274AA2FB03235B0A642202FB03F301931A
:1090B000F6F79CFD024621684B6823F020034B60C5
:1090C000019B43B1019B013B019323689B6813F013
:1090D000020FF5D003E0636D43F020036365642164
:1090E0002046FEF78BFF18B1636D43F020036365E4
:1090F000A36833B900932368DA6800929B680093F1
:10910000009B636D93B994F85130042B07D0012371
:1091100084F851302046FFF7E6FE02B010BD01236F
:1091200084F851302046FFF7DDFEF6E7012384F88E
:1091300051302046FFF7EAFEEFE700BFDC000020D9
:10914000F119760508B5026B036812781A73036B80
:1091500001330363C38E9BB2013B9BB2C386C38EB4
:109160009BB23BB90268536823F080035360C38FFE
:109170009BB203B108BDFFF78EFFFBE708B502689D
:10918000836B127B1A70836B01338363C38F9BB233
:10919000013B9BB2C387C38F9BB23BB90268536844
:1091A00023F060035360C38E9BB203B108BDFFF789
:1091B00072FFFBE708B5026B03681288DA60036B85
:1091C00002330363C38E9BB2013B9BB2C386C38E43
:1091D0009BB23BB90268536823F080035360C38F8E
:1091E0009BB203B108BDFFF756FFFBE708B5036864
:1091F000DA68836B1A80836B02338363C38F9BB2FD
:10920000013B9BB2C387C38F9BB23BB902685368D3
:1092100023F040035360C38E9BB203B108BDFFF738
:109220003AFFFBE708B5806B0268536823F003033D
:109230005360436D43F010034365012380F85130C0
:10924000FFF764FE08BD30B583B00546846BF6F7C2
:10925000CDFC2B681B6813F4807F23D10246216864
:109260004B6823F020034B6021684B6823F0020316
:109270004B6064212046FEF7C1FE18B1636D43F0D8
:1092800020036365A36833B901932368DA68019208
:109290009B680193019B0023E386012384F85130EE
:1092A000636D23B92046FFF71CFE03B030BD204696
:1092B000FFF72CFEF9E738B50546846BF6F796FC08
:1092C0002B681B6813F4807F1ED1024621684B680F
:1092D00023F020034B60A3681BB96368B3F5827F5A
:1092E00016D021684B6823F001034B6064212046AF
:1092F000FEF7C4FE08B1202363650023E387012342
:1093000084F85130636D4BB92046FFF7EBFD38BD53
:1093100021684B6823F003034B60E7E72046FFF723
:10932000F5FDF4E738B50546846BF6F75FFC2B686E
:109330001B6813F4807F1BD1024621684B6823F021
:1093400020034B6064212046FEF758FE18B1636D80
:1093500043F0200363652268536823F003035360DE
:109360000023E386E387012384F85130636D1BB942
:109370002046FFF7B8FD38BD2046FFF7C7FDFAE7E6
:1093800030B585B00446026851689368C3F3801015
:1093900013F0400F05D113F0010F02D011F0400F70
:1093A00068D113F0020F02D011F0800F66D1C3F321
:1093B000401513F0200F03D110B913F4807F60D053
:1093C00011F0200F5DD070B194F8510003285AD0ED
:1093D000606D40F00400606500200090D06800904F
:1093E00090680090009865B1606D40F00100606584
:1093F0000020029090680290106820F040001060F9
:10940000029A13F4807F09D0636D43F0080363650B
:109410000023039323689B680393039B636D002BD6
:109420002FD02268536823F0E0035360012384F8AF
:10943000513011F0030F2ED02268536823F003033C
:109440005360E36C4BB1164A1A65E06CF6F7D2FF35
:1094500018B1636D43F040036365A36C8BB1104A90
:109460001A65A06CF6F7C6FF58B1636D43F0400370
:10947000636506E0236C2046984702E0636C204653
:10948000984705B030BD00230193D36801939368DA
:109490000193019BF5E72046FFF738FDF1E700BF98
:1094A000A594010808B5806B0023C387C386FFF726
:1094B0002DFD08BD704770B584B004464E4B1B6847
:1094C0004E4AA2FB03235B0A642202FB03F30293CE
:1094D000029B03930268536823F0200353600268E1
:1094E000536813F0800F11D0454B4364039B3BB18D
:1094F000039B013B039394F85130072BF6D103E013
:10950000636D43F040036365029B0393536813F05C
:10951000400F11D03B4B2364039B3BB1039B013BAA
:10952000039394F85130072BF6D103E0636D43F0B9
:1095300040036365029B0393A36C2BB1526812F046
:10954000020F1BD0304A1A65E36C33B122685268AF
:1095500012F0010F15D02D4A1A6523685B6813F0CD
:10956000020F11D0A06C28B3F6F744FF20B3A36C10
:1095700000221A6540236365012606E000221A6571
:10958000E2E700221A65E8E7012623685B6813F02A
:10959000010F0AD0E06C40B1F6F72CFF054630B160
:1095A000E36C00221A65402363653EB90025284616
:1095B00004B070BD0126E8E70026E6E70023E38754
:1095C000E386636D402B14D0002565650022009270
:1095D0002368D968009199680091009901929B686D
:1095E0000193019B012384F851302046FFF762FF6D
:1095F000DDE70125EAE700BFDC000020F119760570
:10960000197F0108B17E01088996010811960108A9
:1096100010B582B0846B2268136823F04003136096
:10962000E36C00221A652268536823F0010353603B
:10963000F6F7DCFA024664212046FEF7DFFC18B19B
:10964000636D43F040036365A36C0BB11B6DCBB935
:109650000023E387E386636D402B01D0002363651D
:10966000002200922368D9680091996800910099BE
:1096700001929B680193019B012384F8513020469D
:10968000FFF718FF02B010BD00B585B0806B836C8A
:1096900000221A651E4B1B681E4AA2FB03235B0AAD
:1096A000642202FB03F303930268536823F002036E
:1096B0005360039B43B1039B013B039303689B6887
:1096C00013F0020FF5D003E0436D43F04003436510
:1096D000C36C0BB11B6DC3B90023C387C386436D35
:1096E000402B01D000234365002201920368D96812
:1096F000019199680191019902929B680293029BE2
:10970000012380F85130FFF7D5FE05B05DF804FB6A
:10971000DC000020F119760590F851007047406D8B
:10972000704700BF30B4026A036A23F0010303628A
:109730004568836923F073030C681C4322F002021E
:109740008B6813430B4A904206D0456084614A6897
:109750004263036230BC704723F00803CA681A43AF
:1097600022F0040325F440754A692A438D691543A4
:10977000EBE700BF0000014030B4036A026A22F444
:10978000807202624468C26922F073020D68154358
:1097900023F400738A6843EA02230D4A904206D0FC
:1097A0004460C5614A68C263036230BC704723F4F9
:1097B0000063CA6843EA022323F4806324F440541C
:1097C0004A6944EA02148A6944EA0214E8E700BFDD
:1097D0000000014030B4036A026A22F4805202623F
:1097E0004468C26922F4E6420D6842EA052223F485
:1097F00000538D6843EA0533074DA84206D0446004
:10980000C2614A680264036230BC704724F4804439
:109810004D6944EA8514F2E70000014010B4036A80
:10982000046A24F001040462846924F0F00C4CEA18
:10983000021223F00A030B43826103625DF8044BBA
:10984000704730B4056A046A24F010040462846925
:1098500024F4407C4CEA022C2CF4704C1B039BB289
:1098600043EA0C0325F0A005090101F0A0012943FA
:109870008361016230BC704710B4036A046A24F04B
:1098800010040462846924F4704C4CEA023223F020
:10989000A00343EA0113826103625DF8044B704741
:1098A00030B4056A046A24F480740462C46924F044
:1098B000030C4CEA020C2CF0F00C1B01DBB243EA67
:1098C0000C0325F42065090201F420612943C361DA
:1098D000016230BC704730B4056A046A24F48054D5
:1098E0000462C46924F4407C4CEA022C2CF4704CD1
:1098F0001B039BB243EA0C0325F42045090301F442
:1099000020412943C361016230BC7047836823F062
:1099100070030B4343F00703836070477047704741
:1099200010B50446022380F83D300368196A41F2FD
:109930001112114208D1196A40F24442114203D176
:109940001A6822F001021A60204611F0D3F80020B4
:1099500084F8460084F83E0084F83F0084F8400014
:1099600084F8410084F8420084F8430084F84400FD
:1099700084F8450084F83D0084F83C0010BD90F860
:109980003D30012B2AD1022380F83D300368154A6F
:10999000934218D0B3F1804F15D0A2F57C42934288
:1099A00011D002F5806293420DD002F5806293429D
:1099B00009D002F59A32934205D01A6842F00102AA
:1099C0001A60002070479A6802F00702062A07D042
:1099D0001A6842F001021A600020704701207047A7
:1099E00000207047000001400368196A41F211121B
:1099F000114208D1196A40F24442114203D11A6857
:109A000022F001021A60012380F83D3000207047E7
:109A100090F83D30012B2FD1022380F83D300268B1
:109A2000D36843F00103D3600368154A934218D00A
:109A3000B3F1804F15D0A2F57C42934211D002F5CC
:109A4000806293420DD002F58062934209D002F504
:109A50009A32934205D01A6842F001021A6000203F
:109A600070479A6802F00702062A07D01A6842F087
:109A700001021A60002070470120704700207047E3
:109A8000000001400268D36823F00103D36003683B
:109A9000196A41F21112114208D1196A40F2444286
:109AA000114203D11A6822F001021A60012380F8E2
:109AB0003D300020704738B590F83D30DDB2022BC4
:109AC0004CD0044690F83D30DDB2012B45D1002941
:109AD00044D0002A42D0022380F83D30036A214856
:109AE000D863236A20481864236A2048D864206811
:109AF000134600F12C02206AF6F7FFFB014668BB13
:109B00002268D36843F48073D3602368184A934271
:109B100018D0B3F1804F15D0A2F57C42934211D0FA
:109B200002F5806293420DD002F58062934209D023
:109B300002F59A32934205D01A6842F001021A6087
:109B400005460BE09A6802F00702062A08D01A6858
:109B500042F001021A600D4600E00125284638BD9A
:109B60000D46FBE771A2010889A201088DA5010835
:109B70000000014010B504460268D36823F48073E6
:109B8000D360006AF6F736FC2368196A41F21112B5
:109B9000114208D1196A40F24442114203D11A68B5
:109BA00022F001021A60012384F83D30002010BD2C
:109BB0007047704710B50446022380F83D300368B3
:109BC000196A41F21112114208D1196A40F2444255
:109BD000114203D11A6822F001021A602046FFF7F1
:109BE000E8FF002084F8460084F83E0084F83F0037
:109BF00084F8400084F8410084F8420084F843006F
:109C000084F8440084F8450084F83D0084F83C0062
:109C100010BD7047704710B50446022380F83D30F0
:109C20000368196A41F21112114208D1196A40F20F
:109C30004442114203D11A6822F001021A60204600
:109C4000FFF7E8FF002084F8460084F83E0084F81F
:109C50003F0084F8400084F8410084F8420084F812
:109C6000430084F8440084F8450084F83D0084F8FB
:109C70003C0010BD7047704710B50446022380F8C1
:109C80003D300368196A41F21112114208D1196A74
:109C900040F24442114203D11A6822F001021A60D4
:109CA0002046FFF7E8FF002084F8460084F83E00D5
:109CB00084F83F0084F8400084F8410084F84200B2
:109CC00084F8430084F8440084F8450084F83D009B
:109CD00084F83C0010BD7047704710B5044602235D
:109CE00080F83D300368196A41F21112114208D11F
:109CF000196A40F24442114203D11A6822F001026B
:109D00001A602046FFF7E8FF002084F8460084F838
:109D10003E0084F83F0084F8420084F8430084F851
:109D20003D0084F83C0010BD7047704710B50446F4
:109D3000022380F83D300368196A41F21112114282
:109D400008D1196A40F24442114203D11A6822F044
:109D500001021A60204610F0E7FE002084F8460059
:109D600084F83E0084F83F0084F8420084F8430001
:109D700084F83D0084F83C0010BD70B504460E46E2
:109D8000194690F84630D8B2022B2DD0154694F8DB
:109D90004630D8B2012B28D0B5F5006F74D02FD83B
:109DA000B5F5007F4AD0B5F5806F5AD0B5F5807F04
:109DB00024D1236A524ADA63236A524A1A64236A14
:109DC000514ADA642268059B4C32206AF6F795FA0C
:109DD000002840F093802368049A16439E6422680A
:109DE000D3682B43D360002070BD19B1022384F8DF
:109DF0004630D1E7049B002BF8D0F5E70120F3E7CC
:109E0000B5F5005F53D0B5F5804F63D0B5F5805FF1
:109E100012D1236B3D4ADA63236B3D4A1A64236BEC
:109E2000394ADA642268059B4C32206BF6F765FAF2
:109E30000028D0D00120D7E70120D5E7636A334A54
:109E4000DA63636A324A1A64636A2F4ADA64226800
:109E5000059B4C32606AF6F750FA0028BBD001200F
:109E6000C2E7A36A294ADA63A36A294A1A64A36A81
:109E7000254ADA642268059B4C32A06AF6F73DFA5F
:109E80000028A8D00120AFE7E36A204ADA63E36A3A
:109E90001F4A1A64E36A1C4ADA642268059B4C3242
:109EA000E06AF6F72AFA002895D001209CE7636B58
:109EB000184ADA63636B184A1A64636B124ADA64ED
:109EC0002268059B4C32606BF6F717FA002882D0A7
:109ED000012089E7A36B114ADA63A36B104A1A6465
:109EE000A36B094ADA642268059B4C32A06BF6F733
:109EF00004FA00283FF46FAF012075E7012073E7F3
:109F000071A2010889A201088DA5010859A30108C1
:109F1000CBA3010815E3010827E3010869A501089F
:109F200081A5010830B583B0069D2C0A0134019447
:109F30000095FFF722FF03B030BD38B505460C464B
:109F4000B1F5006F2FD017D8B1F5007F23D0B1F550
:109F5000806F24D0B1F5807F0CD1006AF6F74AFA01
:109F60002A68D36823EA0403D360012385F84630C6
:109F7000002038BD0120FCE7B1F5005F17D0B1F536
:109F8000804F18D0B1F5805F03D1006BF6F732FA3D
:109F9000E6E70120EDE7406AF6F72CFAE0E7806A91
:109FA000F6F728FADCE7C06AF6F724FAD8E7406B40
:109FB000F6F720FAD4E7806BF6F71CFAD0E770B515
:109FC000044615461A4690F84630D8B2022B2DD0DA
:109FD0000E4694F84630D8B2012B28D0B5F5006F64
:109FE00074D02FD8B5F5007F4AD0B5F5806F5AD020
:109FF000B5F5807F24D1236A5249D963236A524937
:10A000001964236A5149D9642168059B4C31206A3F
:10A01000F6F773F9002840F093802368049A1643FA
:10A020009E642268D3682B43D360002070BD1AB1B0
:10A03000022384F84630D1E7049B002BF8D0F5E7E3
:10A040000120F3E7B5F5005F53D0B5F5804F63D03D
:10A05000B5F5805F12D1236B3D49D963236B3D4930
:10A060001964236B3949D9642168059B4C31206BF5
:10A07000F6F743F90028D0D00120D7E70120D5E733
:10A08000636A3349D963636A32491964636A2F4941
:10A09000D9642168059B4C31606AF6F72EF90028D7
:10A0A000BBD00120C2E7A36A2949D963A36A294921
:10A0B0001964A36A2549D9642168059B4C31A06ABB
:10A0C000F6F71BF90028A8D00120AFE7E36A204982
:10A0D000D963E36A1F491964E36A1C49D96421689A
:10A0E000059B4C31E06AF6F708F9002895D001206D
:10A0F0009CE7636B1849D963636B18491964636BF8
:10A100001249D9642168059B4C31606BF6F7F5F86C
:10A11000002882D0012089E7A36B1149D963A36B82
:10A1200010491964A36B0949D9642168059B4C3116
:10A13000A06BF6F7E2F800283FF46FAF012075E757
:10A14000012073E771A2010889A201088DA5010809
:10A1500097A2010819A3010815E3010827E30108E4
:10A1600069A5010881A5010830B583B0069D2C0AB8
:10A17000013401940095FFF722FF03B030BD38B5DC
:10A1800005460C46B1F5006F2FD017D8B1F5007F0A
:10A1900023D0B1F5806F24D0B1F5807F0CD1006A57
:10A1A000F6F728F92A68D36823EA0403D360012369
:10A1B00085F84630002038BD0120FCE7B1F5005F8E
:10A1C00017D0B1F5804F18D0B1F5805F03D1006B87
:10A1D000F6F710F9E6E70120EDE7406AF6F70AF92D
:10A1E000E0E7806AF6F706F9DCE7C06AF6F702F9FD
:10A1F000D8E7406BF6F7FEF8D4E7806BF6F7FAF88D
:10A20000D0E790F83C30012B0ED0012380F83C3091
:10A21000022280F83D200268516180F83D30002321
:10A2200080F83C3018467047022070470268536837
:10A2300023F080030B435360002070470C2914D88F
:10A24000DFE801F0071313130A1313130D1313138D
:10A2500010000368586B70470368986B7047036879
:10A26000D86B70470368186C7047002070477047C0
:10A2700008B5806B036ADB6913B9012380F83D30B0
:10A28000FFF7F5FF08BD704708B5806BFFF7FBFFD0
:10A2900008BD7047704710B5846B636A83420ED067
:10A2A000A36A834216D0E36A83421ED0236B8342A3
:10A2B00026D02046FFF7EEFF0023237710BD0123B1
:10A2C0002377C369002BF4D1012384F83E3084F84E
:10A2D0004230EEE702232377C369002BE9D1012343
:10A2E00084F83F3084F84330E3E704232377C369DD
:10A2F000002BDED1012384F8403084F84430D8E7C5
:10A3000008232377C369002BD3D1012384F841307C
:10A3100084F84530CDE7704710B5846B636A83429B
:10A320000BD0A36A834210D0E36A834210D0236B20
:10A33000834204D10823237701E0012323772046B9
:10A34000FFF7E9FF0023237710BD02232377F6E709
:10A3500004232377F3E7704710B5846B636A834265
:10A360000ED0A36A834214D0E36A83421AD0236BCF
:10A37000834220D02046FFF7EEFF0023237710BD55
:10A3800001232377C369002BF4D1012384F83E30E5
:10A39000F0E702232377C369002BEBD1012384F874
:10A3A0003F30E7E704232377C369002BE2D1012381
:10A3B00084F84030DEE708232377C369002BD9D126
:10A3C000012384F84130D5E7704710B5846B636A88
:10A3D00083420BD0A36A834210D0E36A834210D039
:10A3E000236B834204D10823237701E001232377E1
:10A3F0002046FFF7E9FF0023237710BD02232377D0
:10A40000F6E704232377F3E7704770B50446036843
:10A41000DE681D6915F0020F10D016F0020F0DD086
:10A420006FF002021A610123037703689B6913F03E
:10A43000030F5ED0FFF72EFF0023237715F0040FE4
:10A4400012D016F0040F0FD023686FF004021A61C7
:10A450000223237723689B6913F4407F4FD0204663
:10A46000FFF718FF0023237715F0080F12D016F01E
:10A47000080F0FD023686FF008021A6104232377B6
:10A480002368DB6913F0030F40D02046FFF702FF7B
:10A490000023237715F0100F12D016F0100F0FD0F5
:10A4A00023686FF010021A61082323772368DB69A1
:10A4B00013F4407F31D02046FFF7ECFE00232377D2
:10A4C00015F0010F02D016F0010F2DD115F0800FFD
:10A4D00002D016F0800F2FD115F0400F02D016F0E9
:10A4E000400F31D115F0200F02D016F0200F33D1DC
:10A4F00070BDFFF7CEFE2046FFF72DFF9CE72046FC
:10A50000FFF7C7FE2046FFF726FFABE72046FFF721
:10A51000C0FE2046FFF71FFFBAE72046FFF7B9FE4F
:10A520002046FFF718FFC9E723686FF001021A61A0
:10A530002046FFF79CFEC9E723686FF080021A618E
:10A54000204603F0F8FEC7E723686FF040021A6167
:10A550002046FFF759FFC5E723686FF020021A6114
:10A56000204603F0D6FEC3E708B5806B836BDB693A
:10A5700013B9012380F83D30FFF746FF08BD70474F
:10A5800008B5806BFFF7FBFF08BD704710B5846B03
:10A59000636A83420CD0A36A834213D0E36A834286
:10A5A00016D0236B834219D0012384F83D3003E099
:10A5B0000123237784F83E302046FFF7E6FF00238F
:10A5C000237710BD02232377012384F83F30F3E77C
:10A5D00004232377012384F84030EDE70823237711
:10A5E000012384F84130E7E790F83D00704790F888
:10A5F0003D00704790F83D00704790F83D0070476F
:10A6000090F83D00704790F83D007047007F70471C
:10A6100019B990F83E00C0B27047042905D0082946
:10A6200007D090F84100C0B2704790F83F00C0B228
:10A63000704790F84000C0B2704790F846007047ED
:10A640000368274A90420ED0B0F1804F0BD0A2F59C
:10A650007C42904207D002F58062904203D002F51E
:10A660008062904203D123F070034A6813431C4A6E
:10A6700090421AD0B0F1804F17D0A2F57C429042A0
:10A6800013D002F5806290420FD002F580629042B2
:10A690000BD002F59A32904207D002F580629042C8
:10A6A00003D002F58062904203D123F44073CA685C
:10A6B000134323F080034A6913438A68C2620A681D
:10A6C0008262074A904207D0026842F004020260A8
:10A6D00001224261036070470A690263F4E700BF28
:10A6E0000000014040B310B5044690F83D30F3B18E
:10A6F000022384F83D30214651F8040BFFF7A0FFF8
:10A70000012384F8463084F83E3084F83F3084F8E2
:10A71000403084F8413084F8423084F8433084F883
:10A72000443084F8453084F83D30002010BD80F876
:10A730003C3010F0ABF8DBE70120704740B310B5B8
:10A74000044690F83D30F3B1022384F83D302146B1
:10A7500051F8040BFFF774FF012384F8463084F8A6
:10A760003E3084F83F3084F8403084F8413084F83B
:10A77000423084F8433084F8443084F8453084F81B
:10A780003D30002010BD80F83C30FFF711FADBE7C8
:10A790000120704740B310B5044690F83D30F3B146
:10A7A000022384F83D30214651F8040BFFF748FF9F
:10A7B000012384F8463084F83E3084F83F3084F832
:10A7C000403084F8413084F8423084F8433084F8D3
:10A7D000443084F8453084F83D30002010BD80F8C6
:10A7E0003C30FFF716FADBE70120704740B310B5A5
:10A7F000044690F83D30F3B1022384F83D30214601
:10A8000051F8040BFFF71CFF012384F8463084F84D
:10A810003E3084F83F3084F8403084F8413084F88A
:10A82000423084F8433084F8443084F8453084F86A
:10A830003D30002010BD80F83C30FFF71BFADBE70D
:10A840000120704750B338B50D46044690F83D30AE
:10A85000FBB1022384F83D30214651F8040BFFF789
:10A86000EFFE2268136823F0080313602268136860
:10A870002B431360012384F8463084F83E3084F87B
:10A880003F3084F8423084F8433084F83D30002073
:10A8900038BD80F83C30FFF71EFADAE70120704738
:10A8A000002853D0F8B50D46044690F83D30002BF3
:10A8B00047D0022384F83D302268936823F4804314
:10A8C00023F007039360214651F8040BFFF7B8FE0D
:10A8D00021688B688A690E6A2868184322F44072DE
:10A8E00022F00302AB68AF6943EA0723134323F462
:10A8F0007C4323F0FC03EA68EF6942EA07221A432B
:10A900002B6A1B032F6943EA0713134326F0AA0699
:10A910006A686D6942EA05123243886021688B617A
:10A9200023681A62012384F8463084F83E3084F8A4
:10A930003F3084F8423084F8433084F83D300020C2
:10A94000F8BD80F83C300FF0E1FFB2E7012070471E
:10A9500030B4036A026A22F010020262446882691B
:10A9600022F4E6420D6842EA052223F020038D68B6
:10A9700043EA05130C4DA84206D0446082614A6840
:10A980008263036230BC704723F08003CD6843EAE2
:10A99000051323F0400324F440644D6944EA850420
:10A9A0008D6944EA8504E8E70000014090F83C30F6
:10A9B000012B28D010B50446012380F83C300C2A26
:10A9C0001CD8DFE802F0071B1B1B0C1B1B1B111BF9
:10A9D0001B1B16000068FEF7A5FE00200FE00068B4
:10A9E000FFF7B6FF00200AE00068FEF7C5FE002072
:10A9F00005E00068FEF7EEFE002000E001200023E5
:10AA000084F83C3010BD0220704738B590F83C30D7
:10AA1000012B66D004460D46012380F83C300C2AF9
:10AA20005AD8DFE802F0075959591B59595930597A
:10AA3000595944000068FEF775FE2268936943F097
:10AA4000080393612268936923F0040393612268E9
:10AA5000936929690B43936100203EE00068FFF78A
:10AA600077FF2268936943F40063936122689369D6
:10AA700023F48063936122689369296943EA01237F
:10AA80009361002029E00068FEF776FE2268D36912
:10AA900043F00803D3612268D36923F00403D36130
:10AAA0002268D36929690B43D361002015E000684F
:10AAB000FEF790FE2268D36943F40063D3612268F5
:10AAC000D36923F48063D3612268D369296943EA97
:10AAD0000123D361002000E00120002384F83C30F2
:10AAE00038BD0220FCE770B49446066A046A24F07C
:10AAF000010404628469154DA84214D0B0F1804F5E
:10AB000011D0134A90420ED002F5806290420AD0D2
:10AB100002F58062904206D002F59A32904202D04D
:10AB200044F0010203E024F0030242EA0C0222F0A6
:10AB3000F0021B01DBB2134326F00A0201F00A0106
:10AB400011438361016270BC704700BF0000014087
:10AB50000004004038B590F83C30012B5ED004462C
:10AB60000D46012380F83C300C2A52D8DFE802F071
:10AB700007515151195151512C5151513E00CB683F
:10AB80004A6809680068FFF7AEFF2268936923F0FE
:10AB90000C03936122689369A9680B4393610020B9
:10ABA00038E0CB684A6809680068FEF74AFE226808
:10ABB000936923F44063936122689369A96843EA27
:10ABC00001239361002025E0CB684A68096800688A
:10ABD000FEF766FE2268D36923F00C03D361226876
:10ABE000D369A9680B43D361002013E0CB684A689E
:10ABF00009680068FEF76FFE2268D36923F440639A
:10AC0000D3612268D369A96843EA0123D361002094
:10AC100000E00120002384F83C3038BD0220FCE72E
:10AC20009A4276D070B588B004460D461E4690F81C
:10AC30003C30012B6FD0012380F83C30022380F898
:10AC40003D300B6801934B6802938B680393CB688C
:10AC500004930B6906934B69079352B1042A11D0F0
:10AC60000120012384F83D30002384F83C3008B0F3
:10AC700070BD01A90068FEF755FD46B1042E27D02E
:10AC80000120EEE701A90068FFF762FEF5E72B6AF5
:10AC9000EA69A9692068FFF726FF2268936923F013
:10ACA0000C0393612268936823F070039360226819
:10ACB000936843F0500393602268936823F007037E
:10ACC00093602268936843F0060393600020C8E70E
:10ACD0002B6AEA69A9692068FEF7B3FD22689369C7
:10ACE00023F4406393612268936823F070039360B8
:10ACF0002268936843F0600393602268936823F0AE
:10AD0000070393602268936843F006039360002072
:10AD1000A7E7012070470220A9E710B4846824F453
:10AD20007F4C42EA03220A4342EA0C0282605DF849
:10AD3000044B704790F83C30012B76D070B5044638
:10AD40000D461646012380F83C30022380F83D3042
:10AD50004B684BB1012B17D00120012384F83D3003
:10AD6000002384F83C3070BD0268936823F47F436D
:10AD700093600C2E57D8DFE806F016565656265626
:10AD80005656365656564600C96831B1012084F8E9
:10AD90003D00002384F83C30E5E72B69AA68006891
:10ADA000FFF7BBFFE5E72B6833B12268936943F0F7
:10ADB000800393610020D0E72268936923F0800329
:10ADC00093610020C9E72B6833B12268936943F48B
:10ADD000004393610020C0E72268936923F4004395
:10ADE00093610020B9E72B6833B12268D36943F03F
:10ADF0008003D3610020B0E72268D36923F0800389
:10AE0000D3610020A9E72B6833B12268D36943F4EA
:10AE10000043D3610020A0E72268D36923F40043F4
:10AE2000D361002099E7002097E70220704790F84F
:10AE30003C30012B78D010B50446012380F83C301B
:10AE4000022380F83D300268936823F47F4323F0A7
:10AE5000770393600B68602B4CD023D8402B54D0E1
:10AE600011D8202B03D00AD80BB1102B05D11946CD
:10AE70002068FEF74BFD002028E0012026E0302B63
:10AE8000F5D0012022E0502B0AD1CA684968006839
:10AE9000FEF7C4FC50212068FEF738FD002015E0C5
:10AEA000012013E0B3F5805F3AD0B3F5005F14D012
:10AEB000702B37D1CB684A6889680068FFF72DFF8F
:10AEC0002268936843F0770393600020012384F89D
:10AED0003D30002384F83C3010BDCB684A68896857
:10AEE0000068FFF71AFF2268936843F48043936079
:10AEF0000020EBE7CA6849680068FEF7BDFC6021E6
:10AF00002068FEF703FD0020E0E7CA684968006892
:10AF1000FEF784FC40212068FEF7F8FC0020D5E70E
:10AF20000020D3E70120D1E70220704710B5046864
:10AF3000A26822F070024B68134323F007030A68EB
:10AF40001A43A2604B68502B30D00BD9602B34D001
:10AF5000702B43D10B698A68C9680068FFF7DDFE72
:10AF6000002010BD402B0CD02ED8202B2ED004D882
:10AF700073B3102B2ED10020F3E7302B2CD10020FF
:10AF8000EFE70B68052B2BD003681C6A1A6A22F0C6
:10AF900001021A620268936923F0F003096943EA27
:10AFA0000113936103681C620020DAE70A6989686B
:10AFB0000068FEF733FC0020D3E70A69896800685F
:10AFC000FEF75AFC0020CCE70120CAE70020C8E7C2
:10AFD0000020C6E70120C4E70120C2E70120C0E746
:10AFE0000120BEE790F83C30012B22D010B504467A
:10AFF000012380F83C30022380F83D30FFF796FFB4
:10B0000080B92268D36823F04003D3602268D368F4
:10B0100023F48043D360012384F83D30002384F877
:10B020003C3010BD012084F83D00002384F83C3002
:10B03000F7E70220704790F83C30012B22D010B582
:10B040000446012380F83C30022380F83D30FFF7AE
:10B050006DFF80B92268D36843F04003D360226853
:10B06000D36823F48043D360012384F83D30002368
:10B0700084F83C3010BD012084F83D00002384F8A2
:10B080003C30F7E70220704701F01F014FF0010C40
:10B090000CFA01FC036A23EA0C030362036A8A4088
:10B0A00013430362704710B50446084689BB94F801
:10B0B0003E30013B18BF0123002B60D100283ED158
:10B0C000022384F83E30012201462068FFF7DCFFAE
:10B0D00023682D4A934242D023682B4A934243D09F
:10B0E000B3F1804F40D0A2F57C4293423CD002F5B0
:10B0F0008062934238D002F58062934234D002F5E8
:10B100009A32934230D01A6842F001021A6000204D
:10B1100034E0042907D008290BD094F84130013BD2
:10B1200018BF0123C8E794F83F30013B18BF012343
:10B13000C2E794F84030013B18BF0123BCE7042864
:10B1400005D0082807D0022384F84130BBE702234A
:10B1500084F83F30B7E7022384F84030B3E75A6CF5
:10B1600042F400425A64B7E79A6802F00702062ADE
:10B1700007D01A6842F001021A60002010BD0120B9
:10B18000FCE70020FAE700BF0000014038B50446A4
:10B190000D4600220068FFF777FF23681B4A9342A1
:10B1A00014D02368196A41F21112114208D1196AA8
:10B1B00040F24442114203D11A6822F001021A609F
:10B1C0009DB9012384F83E30002038BD196A41F250
:10B1D00011121142E5D1196A40F244421142E0D104
:10B1E0005A6C22F400425A64DBE7042D05D0082D86
:10B1F00007D0012384F84130E6E7012384F83F308B
:10B20000E2E7012384F84030DEE700BF00000140A0
:10B2100010B504460846002937D194F83E30013B6A
:10B2200018BF0123002B40F09580002843D1022352
:10B2300084F83E302268D36843F00203D3600122D1
:10B2400001462068FFF720FF2368454A934271D0EA
:10B250002368434A934272D0B3F1804F6FD0A2F576
:10B260007C4293426BD002F58062934267D002F534
:10B270008062934263D002F59A3293425FD01A689B
:10B2800042F001021A60002065E0042907D0082975
:10B290000BD094F84130013B18BF0123C2E794F86A
:10B2A0003F30013B18BF0123BCE794F84030013B1D
:10B2B00018BF0123B6E7042824D008282BD0022386
:10B2C00084F841300C2847D801A353F820F000BF80
:10B2D00035B2010859B3010859B3010859B301083F
:10B2E0000BB3010859B3010859B3010859B3010858
:10B2F0001DB3010859B3010859B3010859B3010836
:10B3000029B30108022384F83F302268D36843F050
:10B310000403D36093E7022384F840302268D368A3
:10B3200043F00803D3608AE72268D36843F0100330
:10B33000D36084E75A6C42F400425A6488E79A6802
:10B3400002F00702062A09D01A6842F001021A60C8
:10B35000002000E0012010BD0120FCE70020FAE7FA
:10B360000000014038B505460C460C295FD8DFE8DF
:10B3700001F0075E5E5E2A5E5E5E305E5E5E3600F7
:10B380000268D36823F00203D360002221462868B4
:10B39000FFF77AFE2B68274A934226D02B68196A5A
:10B3A00041F21112114208D1196A40F2444211428D
:10B3B00003D11A6822F001021A602CBB012385F820
:10B3C0003E30002034E00268D36823F00403D360E9
:10B3D000DBE70268D36823F00803D360D5E702688F
:10B3E000D36823F01003D360CFE7196A41F211123A
:10B3F0001142D3D1196A40F244421142CED15A6C63
:10B4000022F400425A64C9E7042C06D0082C09D063
:10B41000012385F8413000200AE0012385F83F3000
:10B42000002005E0012385F84030002000E00120E5
:10B4300038BD00BF0000014070B5044616460D46F9
:10B44000002962D190F83E00022814BF002001209C
:10B45000002840F00D81002D70D194F83E20012A83
:10B4600014BF00220122002A00F00481002E00F007
:10B470000381002B00F00281002D78D1022284F894
:10B480003E20626A8449D163626A84491164626AB7
:10B490008349D164226834323146606AF4F72DFF63
:10B4A000002840F0EF802268D36843F40073D36033
:10B4B000012229462068FFF7E7FD2368794A934275
:10B4C00000F0C6802368774A934200F0C680B3F14B
:10B4D000804F00F0C280A2F57C42934200F0BD8014
:10B4E00002F58062934200F0B88002F580629342D8
:10B4F00000F0B38002F59A32934200F0AE801A68F1
:10B5000042F001021A600020B5E0042908D00829A1
:10B510000DD090F84100022814BF0020012097E7C9
:10B5200090F83F00022814BF0020012090E790F817
:10B530004000022814BF0020012089E7042D08D014
:10B54000082D0DD094F84120012A14BF00220122B9
:10B5500089E794F83F20012A14BF0022012282E7E4
:10B5600094F84020012A14BF002201227BE7042D19
:10B5700024D0082D3CD0022284F841200C2D7FD805
:10B5800001A252F825F000BF83B4010881B601087A
:10B5900081B6010881B60108C3B5010881B601086A
:10B5A00081B6010881B60108F7B5010881B6010826
:10B5B00081B6010881B6010825B60108022284F887
:10B5C0003F20A26A3449D163A26A34491164A26A55
:10B5D0003349D164226838323146A06AF4F78DFECF
:10B5E000002851D12268D36843F48063D3605FE7B9
:10B5F000022284F84020E26A2749D163E26A27499F
:10B600001164E26A2649D16422683C323146E06A1C
:10B61000F4F773FE002839D12268D36843F400633D
:10B62000D36045E7226B1C49D163226B1B4911642F
:10B63000226B1B49D164226840323146206BF4F7FB
:10B640005CFE28BB2268D36843F48053D3602FE7A5
:10B650005A6C42F400425A6434E79A6802F00702D6
:10B66000062A17D01A6842F001021A60002002E090
:10B67000022000E0012070BD0120FCE70120FAE774
:10B680000120F8E70120F6E70120F4E70120F2E7C6
:10B690000120F0E70020EEE759A30108CBA3010841
:10B6A0008DA501080000014038B505460C460C295F
:10B6B0006CD8DFE801F0076B6B6B2E6B6B6B376B35
:10B6C0006B6B40000268D36823F40073D360406A58
:10B6D000F4F790FE002221462868FFF7D5FC2B687E
:10B6E0002B4A934230D02B68196A41F21112114251
:10B6F00008D1196A40F24442114203D11A6822F07B
:10B7000001021A60002C2ED1012385F83E30002062
:10B710003DE00268D36823F48063D360806AF4F765
:10B7200069FED7E70268D36823F40063D360C06A78
:10B73000F4F760FECEE70268D36823F48053D36049
:10B74000006BF4F757FEC5E7196A41F21112114276
:10B75000C9D1196A40F244421142C4D15A6C22F450
:10B7600000425A64BFE7042C06D0082C09D00123FC
:10B7700085F8413000200AE0012385F83F300020A1
:10B7800005E0012385F84030002000E0012038BDAD
:10B790000000014010B50446084689BB94F83E30CD
:10B7A000013B18BF0123002B60D100283ED10223AA
:10B7B00084F83E30012201462068FFF765FC2368CB
:10B7C0002C4A934242D023682A4A934243D0B3F191
:10B7D000804F40D0A2F57C4293423CD002F580627B
:10B7E000934238D002F58062934234D002F59A3207
:10B7F000934230D01A6842F001021A60002034E00F
:10B80000042907D008290BD094F84130013B18BF18
:10B810000123C8E794F83F30013B18BF0123C2E77A
:10B8200094F84030013B18BF0123BCE7042805D041
:10B83000082807D0022384F84130BBE7022384F8AC
:10B840003F30B7E7022384F84030B3E75A6C42F444
:10B8500000425A64B7E79A6802F00702062A07D046
:10B860001A6842F001021A60002010BD0120FCE7B6
:10B870000020FAE70000014038B504460D460022DA
:10B880000068FFF701FC23681B4A934214D0236829
:10B89000196A41F21112114208D1196A40F2444268
:10B8A000114203D11A6822F001021A609DB90123E6
:10B8B00084F83E30002038BD196A41F2111211425D
:10B8C000E5D1196A40F244421142E0D15A6C22F4A7
:10B8D00000425A64DBE7042D05D0082D07D0012370
:10B8E00084F84130E6E7012384F83F30E2E70123A2
:10B8F00084F84030DEE700BF0000014010B5044688
:10B900000846002937D194F83E30013B18BF012387
:10B91000002B40F09580002843D1022384F83E306C
:10B920002268D36843F00203D360012201462068F5
:10B93000FFF7AAFB2368454A934271D02368434A24
:10B94000934272D0B3F1804F6FD0A2F57C42934204
:10B950006BD002F58062934267D002F58062934219
:10B9600063D002F59A3293425FD01A6842F0010226
:10B970001A60002065E0042907D008290BD094F84C
:10B980004130013B18BF0123C2E794F83F30013B2F
:10B9900018BF0123BCE794F84030013B18BF0123D6
:10B9A000B6E7042824D008282BD0022384F841309D
:10B9B0000C2847D801A353F820F000BF21B9010893
:10B9C00045BA010845BA010845BA0108F7B90108A6
:10B9D00045BA010845BA010845BA010809BA010883
:10B9E00045BA010845BA010845BA010815BA010867
:10B9F000022384F83F302268D36843F00403D36005
:10BA000093E7022384F840302268D36843F00803A8
:10BA1000D3608AE72268D36843F01003D36084E7D9
:10BA20005A6C42F400425A6488E79A6802F00702AE
:10BA3000062A09D01A6842F001021A60002000E0CC
:10BA4000012010BD0120FCE70020FAE700000140C2
:10BA500038B505460C460C295FD8DFE801F0075ED3
:10BA60005E5E2A5E5E5E305E5E5E36000268D368B1
:10BA700023F00203D360002221462868FFF704FB6D
:10BA80002B68274A934226D02B68196A41F211127B
:10BA9000114208D1196A40F24442114203D11A6896
:10BAA00022F001021A602CBB012385F83E300020F1
:10BAB00034E00268D36823F00403D360DBE7026854
:10BAC000D36823F00803D360D5E70268D36823F076
:10BAD0001003D360CFE7196A41F211121142D3D19A
:10BAE000196A40F244421142CED15A6C22F400420B
:10BAF0005A64C9E7042C06D0082C09D0012385F824
:10BB0000413000200AE0012385F83F30002005E0A5
:10BB1000012385F84030002000E0012038BD00BF3F
:10BB20000000014070B5044616460D46002962D15A
:10BB300090F83E00022814BF00200120002840F0A9
:10BB40000D81002D70D194F83E20012A14BF0022EF
:10BB50000122002A00F00481002E00F00381002B56
:10BB600000F00281002D78D1022284F83E20626A22
:10BB70008449D163626A84491164626A8349D164E9
:10BB8000226834323146606AF4F7B7FB002840F08F
:10BB9000EF802268D36843F40073D3600122294602
:10BBA0002068FFF771FA2368794A934200F0C68053
:10BBB0002368774A934200F0C680B3F1804F00F0CB
:10BBC000C280A2F57C42934200F0BD8002F5806203
:10BBD000934200F0B88002F58062934200F0B38097
:10BBE00002F59A32934200F0AE801A6842F00102E8
:10BBF0001A600020B5E0042908D008290DD090F87B
:10BC00004100022814BF0020012097E790F83F0070
:10BC1000022814BF0020012090E790F8400002287D
:10BC200014BF0020012089E7042D08D0082D0DD075
:10BC300094F84120012A14BF0022012289E794F8D8
:10BC40003F20012A14BF0022012282E794F84020FD
:10BC5000012A14BF002201227BE7042D24D0082DE5
:10BC60003CD0022284F841200C2D7FD801A252F84A
:10BC700025F000BF6FBB01086DBD01086DBD010857
:10BC80006DBD0108AFBC01086DBD01086DBD0108A7
:10BC90006DBD0108E3BC01086DBD01086DBD010863
:10BCA0006DBD010811BD0108022284F83F20A26A7F
:10BCB0003449D163A26A34491164A26A3349D16418
:10BCC000226838323146A06AF4F717FB002851D1B8
:10BCD0002268D36843F48063D3605FE7022284F86C
:10BCE0004020E26A2749D163E26A27491164E26A87
:10BCF0002649D16422683C323146E06AF4F7FDFA05
:10BD0000002839D12268D36843F40063D36045E743
:10BD1000226B1C49D163226B1B491164226B1B49A6
:10BD2000D164226840323146206BF4F7E6FA28BB32
:10BD30002268D36843F48053D3602FE75A6C42F4EF
:10BD400000425A6434E79A6802F00702062A17D0C4
:10BD50001A6842F001021A60002002E0022000E0AE
:10BD6000012070BD0120FCE70120FAE70120F8E77F
:10BD70000120F6E70120F4E70120F2E70120F0E7D7
:10BD80000020EEE759A30108CBA301088DA5010807
:10BD90000000014038B505460C460C296CD8DFE898
:10BDA00001F0076B6B6B2E6B6B6B376B6B6B400033
:10BDB0000268D36823F40073D360406AF4F71AFB77
:10BDC000002221462868FFF75FF92B682B4A93422F
:10BDD00030D02B68196A41F21112114208D1196A48
:10BDE00040F24442114203D11A6822F001021A6063
:10BDF000002C2ED1012385F83E3000203DE0026862
:10BE0000D36823F48063D360806AF4F7F3FAD7E74A
:10BE10000268D36823F40063D360C06AF4F7EAFAD7
:10BE2000CEE70268D36823F48053D360006BF4F745
:10BE3000E1FAC5E7196A41F211121142C9D1196A32
:10BE400040F244421142C4D15A6C22F400425A6476
:10BE5000BFE7042C06D0082C09D0012385F8413017
:10BE600000200AE0012385F83F30002005E001238F
:10BE700085F84030002000E0012038BD000001407E
:10BE800010B504460B4691BB90F83E00C0B294F842
:10BE90004220D2B2012873D1012A72D1002B45D1A0
:10BEA000022284F83E2084F84220012219462068AC
:10BEB000FFF7EAF82368344A934256D0B3F1804F33
:10BEC00053D0A2F57C4293424FD002F58062934258
:10BED0004BD002F58062934247D002F59A329342EA
:10BEE00043D01A6842F001021A60002049E0042998
:10BEF0000CD008290ED090F84100C0B2042B0DD010
:10BF0000082B0FD094F84520D2B2C3E790F83F0039
:10BF1000C0B2F3E790F84000C0B2EFE794F84320D6
:10BF2000D2B2B7E794F84420D2B2B3E7042B0CD0D6
:10BF3000082B0ED0022284F84120042B0DD0082BB0
:10BF40000FD0022284F84520AFE7022284F83F2078
:10BF5000F3E7022284F84020EFE7022284F843202E
:10BF6000A3E7022284F844209FE79A6802F00702C0
:10BF7000062A07D01A6842F001021A60002000E089
:10BF8000012010BD0020FCE70000014038B5044648
:10BF90000D4600220068FFF777F82368196A41F21E
:10BFA0001112114208D1196A40F24442114203D1E0
:10BFB0001A6822F001021A6035B9012384F83E3074
:10BFC00084F84230002038BD042D0CD0082D0ED04E
:10BFD000012384F84130042D0DD0082D0FD001230A
:10BFE00084F84530EEE7012384F83F30F3E701237E
:10BFF00084F84030EFE7012384F84330E2E701237F
:10C0000084F84430DEE710B504460B4600293BD1E6
:10C0100090F83E00C0B294F84220D2B2012840F01D
:10C02000AA80012A40F0A880002B4CD1022284F87B
:10C030003E2084F842202168CA6842F00202CA60A9
:10C04000012219462068FFF71FF823684D4A9342E2
:10C0500000F08680B3F1804F00F08280A2F57C4230
:10C0600093427DD002F58062934279D002F58062DE
:10C07000934275D002F59A32934271D01A6842F019
:10C0800001021A60002077E004290CD008290ED0A4
:10C0900090F84100C0B2042B0DD0082B0FD094F8BB
:10C0A0004520D2B2BAE790F83F00C0B2F3E790F86B
:10C0B0004000C0B2EFE794F84320D2B2AEE794F864
:10C0C0004420D2B2AAE7042B2AD0082B2CD002217C
:10C0D00084F84110042B2BD0082B32D0022184F895
:10C0E00045100C2B49D801A151F823F037C00108A5
:10C0F0007BC101087BC101087BC1010837C1010870
:10C100007BC101087BC101087BC1010849C101084D
:10C110007BC101087BC101087BC1010855C1010831
:10C12000022184F83F10D5E7022184F84010D1E7BE
:10C13000022284F843202168CA6842F00402CA60DF
:10C140007EE7022284F844202168CA6842F008028F
:10C15000CA6075E72168CA6842F01002CA606FE7DA
:10C160009A6802F00702062A09D01A6842F0010212
:10C170001A60002000E0012010BD1046FCE70020FE
:10C18000FAE700BF0000014038B505460C460C290F
:10C190005DD8DFE801F0075C5C5C285C5C5C2E5CD1
:10C1A0005C5C34000268D36823F00203D360002291
:10C1B00021462868FEF768FF2B68196A41F21112C0
:10C1C000114208D1196A40F24442114203D11A685F
:10C1D00022F001021A60C4B9012385F83E3085F8C7
:10C1E0004230002034E00268D36823F00403D360B7
:10C1F000DDE70268D36823F00803D360D7E702685D
:10C20000D36823F01003D360D1E7042C0DD0082CA1
:10C210000FD0012385F84130042C0ED0082C11D00A
:10C22000012385F84530002012E0012385F83F30D6
:10C23000F2E7012385F84030EEE7012385F843302B
:10C24000002005E0012385F84430002000E00120B3
:10C2500038BD2DE9F041044616461F460D4689BB00
:10C2600090F83E10C8B294F842805FFA88F802282D
:10C2700000F0F780B8F1020F00F0F080012840F0E4
:10C28000EF80B8F1010F40F0EC80002E00F0EB8061
:10C29000002F00F0EA80002D36D1022384F83E30D2
:10C2A00084F84230012229462068FEF7EDFE0C2D6D
:10C2B00062D8DFE805F0486161617E616161976184
:10C2C0006161B00004290DD008290FD090F8411009
:10C2D000C8B2042D0ED0082D11D094F845805FFA15
:10C2E00088F8C4E790F83F10C8B2F2E790F8400031
:10C2F000C0B2EEE794F843805FFA88F8B7E794F8A5
:10C3000044805FFA88F8B2E7042D0CD0082D0ED0D7
:10C31000022384F84130042D0DD0082D0FD00223C4
:10C3200084F84530BEE7022384F83F30F3E7022368
:10C3300084F84030EFE7022384F84330B2E7022369
:10C3400084F84430AEE7636A4E4ADA63636A4E4A61
:10C350001A64636A4D4ADA6421683B4632463431D6
:10C36000606AF3F7CAFF002840F081802268D36832
:10C3700043F40073D36080462368454A934262D0F9
:10C38000B3F1804F5FD0A2F57C4293425BD002F5BF
:10C390008062934257D002F58062934253D002F5F7
:10C3A0009A3293424FD01A6842F001021A60404616
:10C3B00057E0A36A334ADA63A36A334A1A64A36A6A
:10C3C000324ADA6421683B4632463831A06AF3F7D4
:10C3D00094FF00284DD12268D36843F48063D36072
:10C3E0008046C9E7E36A274ADA63E36A264A1A64A1
:10C3F000E36A264ADA6421683B4632463C31E06A09
:10C40000F3F77BFF002836D12268D36843F400633A
:10C41000D3608046B0E7236B1A4ADA63236B1A4A6B
:10C420001A64236B194ADA6421683B46324640316C
:10C43000206BF3F762FF00BB2268D36843F480539C
:10C44000D360804698E79A6802F00702062A16D061
:10C450001A6842F001021A60404602E0404600E0DD
:10C460000120BDE8F0814046FBE74046F9E7404641
:10C47000F7E74046F5E74046F3E74046F1E7404638
:10C48000EFE700BF97A2010819A301088DA50108D5
:10C490000000014038B505460C4600220068FEF752
:10C4A000F3FD0C2C64D8DFE804F0076363632663B4
:10C4B00063632F63636338002A68D36823F40073CF
:10C4C000D360686AF3F796FF2B68196A41F211127C
:10C4D000114208D1196A40F24442114203D11A684C
:10C4E00022F001021A600CBB012385F83E3085F86A
:10C4F000423000203DE02A68D36823F48063D36093
:10C50000A86AF3F777FFDFE72A68D36823F40063AC
:10C51000D360E86AF3F76EFFD6E72A68D36823F49E
:10C520008053D360286BF3F765FFCDE7042C0DD063
:10C53000082C0FD0012385F84130042C0ED0082C94
:10C5400011D0012385F84530002012E0012385F841
:10C550003F30F2E7012385F84030EEE7012385F80C
:10C560004330002005E0012385F84430002000E03E
:10C57000012038BD10B5044690F83EC090F83F3019
:10C5800090F8422090F84310BCF1010F2AD15FFAD5
:10C590008CF0DBB2D2B2C9B2012B24D1012A23D153
:10C5A000012901D010461EE0022384F83E3084F8B1
:10C5B0003F3084F8423084F8433000212068FEF791
:10C5C00063FD012204212068FEF75EFD2368074A0F
:10C5D000934201D0002006E05A6C42F400425A64B3
:10C5E000002000E0012010BD1846FCE700000140DB
:10C5F00010B50446002211460068FEF745FD0022F2
:10C6000004212068FEF740FD2368164A934219D0A2
:10C610002368196A41F21112114208D1196A40F2D5
:10C620004442114203D11A6822F001021A60012328
:10C6300084F83E3084F83F3084F8423084F8433048
:10C64000002010BD196A41F211121142E0D1196A9D
:10C6500040F244421142DBD15A6C22F400425A6447
:10C66000D6E700BF0000014010B5044690F83EC078
:10C6700090F83F3090F8422090F84310BCF1010F41
:10C6800035D15FFA8CF0DBB2D2B2C9B2012B2FD117
:10C69000012A2ED1012901D0104629E0022384F875
:10C6A0003E3084F83F3084F8423084F843302268CA
:10C6B000D36843F00203D3602268D36843F00403D5
:10C6C000D360012200212068FEF7DEFC0122042154
:10C6D0002068FEF7D9FC2368074A934201D0002066
:10C6E00006E05A6C42F400425A64002000E0012047
:10C6F00010BD1846FCE700BF0000014010B504461D
:10C700000268D36823F00203D3600268D36823F081
:10C710000403D360002211460068FEF7B5FC002236
:10C7200004212068FEF7B0FC2368164A934219D012
:10C730002368196A41F21112114208D1196A40F2B4
:10C740004442114203D11A6822F001021A60012307
:10C7500084F83E3084F83F3084F8423084F8433027
:10C76000002010BD196A41F211121142E0D1196A7C
:10C7700040F244421142DBD15A6C22F400425A6426
:10C78000D6E700BF0000014038B5044690F83E00EF
:10C79000C0B294F83F3094F84220D2B294F843C02B
:10C7A0000D46B1B9012849D1012A48D1022384F8A4
:10C7B0003E3084F842307DB3042D39D0012200216F
:10C7C0002068FEF761FC012204212068FEF75CFC72
:10C7D00027E0DBB25FFA8CFC042912D0012833D1A8
:10C7E000012B2CD1012A31D1BCF1010F30D1022310
:10C7F00084F83E3084F83F3084F8423084F8433087
:10C80000D9E7012B1CD1BCF1010F1BD1022384F805
:10C810003F3084F84330CEE7012200212068FEF744
:10C8200033FC2268136843F001031360002006E024
:10C83000012204212068FEF727FCF2E7012038BD21
:10C840000120FCE71846FAE70120F8E71846F6E76A
:10C850001046F4E738B504460D4661B104292BD0E3
:10C86000002211460068FEF70FFC00220421206818
:10C87000FEF70AFC04E0002211460068FEF704FC03
:10C880002368196A41F21112114208D1196A40F263
:10C890004442114203D11A6822F001021A608DB19C
:10C8A000042D16D0012384F83E3084F83F3084F8FC
:10C8B000423084F843300AE0002204210068FEF789
:10C8C000E3FBDDE7012384F83E3084F842300020AA
:10C8D00038BD012384F83F3084F84330F7E738B59A
:10C8E000044690F83E00C0B294F83F3094F84220DD
:10C8F000D2B294F843C00D4609BB01285ED1012A8B
:10C900005DD1022384F83E3084F84230002D39D0C6
:10C91000042D48D0012200212068FEF7B5FB01223A
:10C9200004212068FEF7B0FB2268D36843F00203BD
:10C93000D3602268D36843F00403D3602CE0DBB2F9
:10C940005FFA8CFC042912D001283DD1012B36D18D
:10C95000012A3BD1BCF1010F3AD1022384F83E30C9
:10C9600084F83F3084F8423084F84330CEE7012B1E
:10C9700026D1BCF1010F25D1022384F83F3084F881
:10C980004330C3E7012200212068FEF77DFB2268C7
:10C99000D36843F00203D3602268136843F00103B5
:10C9A000136000200BE0012204212068FEF76CFBDD
:10C9B0002268D36843F00403D360EDE7012038BD5B
:10C9C0000120FCE71846FAE70120F8E71846F6E7E9
:10C9D0001046F4E738B504460D46002931D0042945
:10C9E0003AD0002211460068FEF74EFB00220421D7
:10C9F0002068FEF749FB2268D36823F00203D36066
:10CA00002268D36823F00403D3602368196A41F2D3
:10CA10001112114208D1196A40F24442114203D165
:10CA20001A6822F001021A600DB3042D26D00123EA
:10CA300084F83E3084F83F3084F8423084F8433044
:10CA40001AE0002211460068FEF71EFB2268D36838
:10CA500023F00203D360D8E7002204210068FEF728
:10CA600013FB2268D36823F00403D360CDE70123CE
:10CA700084F83E3084F84230002038BD012384F829
:10CA80003F3084F84330F7E7F8B504461E46BDF85A
:10CA9000187090F83E50EDB290F83F005FFA80FCBD
:10CAA00094F84200C0B294F843308E46002931D148
:10CAB000022D00F0F180022800F0EB80012D40F003
:10CAC000EA80012840F0E880002A00F0E780002F8B
:10CAD00000F0E680022384F83E3084F84230BEF154
:10CAE000000F61D0BEF1040F00F08180636A7C49C1
:10CAF000D963636A7B491964636A7B49D964216895
:10CB00003B463431606AF3F7F8FB002800F093806D
:10CB10000125C1E0DBB204292CD0022D00F0BC803D
:10CB2000BCF1020F00F0CA80022800F0C980022B7D
:10CB300000F0C880012D40F0C780BCF1010F40F02B
:10CB4000AB80012840F0C280012B40F0C180002A58
:10CB500000F0C080002E00F0BF80002F00F0BE80EB
:10CB6000022384F83E3084F83F3084F8423084F861
:10CB70004330B4E7BCF1020F00F09480022B00F0C8
:10CB80009380BCF1010F40F09180012B40F0908028
:10CB9000002E00F08F80002F00F08E80022384F89A
:10CBA0003F3084F843309AE7636A4D49D963636A3A
:10CBB0004C491964636A4C49D96421683B46343155
:10CBC000606AF3F79AFB054608B1012564E0226824
:10CBD000D36843F40073D360012200212068FEF77C
:10CBE00053FA2268136843F00103136054E0A36A08
:10CBF0003B4ADA63A36A3B4A1A64A36A3A4ADA6494
:10CC000021683B4632463831A06AF3F776FB054689
:10CC100008B1012540E02268D36843F48063D36003
:10CC2000012204212068FEF72FFA2268136843F0DE
:10CC30000103136030E0A36A294ADA63A36A294A30
:10CC40001A64A36A284ADA6421683B4632463831BE
:10CC5000A06AF3F752FB054608B101251CE02268E3
:10CC6000D36843F40073D3602268D36843F48063CD
:10CC7000D360012200212068FEF706FA0122042178
:10CC80002068FEF701FA2268136843F0010313607D
:10CC900002E0054600E001252846F8BD0546FBE711
:10CCA0000546F9E76546F7E71D46F5E70125F3E791
:10CCB0006546F1E71D46EFE71D46EDE76546EBE704
:10CCC0000546E9E71D46E7E70125E5E76546E3E7B1
:10CCD0000546E1E71D46DFE71D46DDE71D46DBE7CC
:10CCE00097A2010819A301088DA5010838B50446CB
:10CCF0000D46002937D0042943D000221146006890
:10CD0000FEF7C2F9002204212068FEF7BDF922686F
:10CD1000D36823F40073D3602268D36823F480635C
:10CD2000D360606AF3F766FBA06AF3F763FB2368DE
:10CD3000196A41F21112114208D1196A40F24442B3
:10CD4000114203D11A6822F001021A603DB3042D8A
:10CD50002CD0012384F83E3084F83F3084F84230F0
:10CD600084F8433020E0002211460068FEF78CF979
:10CD70002268D36823F40073D360606AF3F73AFB48
:10CD8000D5E7002204210068FEF77EF92268D36807
:10CD900023F48063D360A06AF3F72CFBC7E7012379
:10CDA00084F83E3084F84230002038BD012384F8F6
:10CDB0003F3084F84330F7E701F00F014FF0040CE7
:10CDC0000CFA01FC036A23EA0C030362036A8A403B
:10CDD00013430362704710B5846B636A83420BD0C0
:10CDE000A36A83420DD0E36A834210D02046FDF748
:10CDF000CCFB0023237710BD0123237784F8423036
:10CE0000F4E702232377012384F84330EEE7042379
:10CE10002377012384F84430E8E710B5846B636A14
:10CE200083420BD0A36A834211D0E36A834217D0B6
:10CE30002046FDF790FA0023237710BD01232377C6
:10CE4000C369002BF4D1012384F84230F0E70223B8
:10CE50002377C369002BEBD1012384F84330E7E744
:10CE600004232377C369002BE2D1012384F84430E3
:10CE7000DEE77047002865D070B588B00E460446DE
:10CE800090F83D30002B58D0022384F83D302146E5
:10CE900051F8040BFDF7D4FBB36803223168206816
:10CEA000FDF721FE2268936923F00C039361226849
:10CEB000936971680B4393612268536843F0800360
:10CEC00053602268936823F070039360226893682C
:10CED00043F0400393602268936823F00703936054
:10CEE0002268936843F00403936000250595069536
:10CEF00070230193079504950395F368029301A9A4
:10CF00002068FDF725FD2268536823F07003536005
:10CF10002268536843F050035360012384F846307D
:10CF200084F83E3084F83F3084F8423084F843304F
:10CF300084F83D30284608B070BD80F83C30FFF7DB
:10CF400098FFA1E701207047704710B504460223FF
:10CF500080F83D300368196A41F21112114208D17C
:10CF6000196A40F24442114203D11A6822F00102C8
:10CF70001A602046FFF7E8FF002084F8460084F896
:10CF80003E0084F83F0084F8420084F8430084F8AF
:10CF90003D0084F83C0010BD10B5044690F83EC03A
:10CFA00090F83F3090F8422090F84310BCF1010F08
:10CFB00041D15FFA8CF0DBB2D2B2C9B2012B3BD1C6
:10CFC000012A3AD1012901D0104635E0022384F824
:10CFD0003E3084F83F3084F8423084F843300021FA
:10CFE0002068FEF751F82368164A934218D0B3F12F
:10CFF000804F15D0A2F57C42934211D002F5806299
:10D0000093420DD002F58062934209D002F59A3224
:10D01000934205D01A6842F001021A6000200BE02A
:10D020009A6802F00702062A09D01A6842F0010243
:10D030001A60002000E0012010BD1846FCE7002027
:10D04000FAE700BF0000014010B504460022114677
:10D050000068FEF719F82368196A41F211121142AB
:10D0600008D1196A40F24442114203D11A6822F0F1
:10D0700001021A60012384F83E3084F83F3084F8BE
:10D08000423084F84330002010BD10B5044690F8BB
:10D090003EC090F83F3090F8422090F84310BCF129
:10D0A000010F47D15FFA8CF0DBB2D2B2C9B2012BCB
:10D0B00041D1012A40D1012901D010463BE0022391
:10D0C00084F83E3084F83F3084F8423084F84330AE
:10D0D0002268D36843F00203D36001220021206854
:10D0E000FDF7D2FF2368164A934218D0B3F1804F60
:10D0F00015D0A2F57C42934211D002F58062934292
:10D100000DD002F58062934209D002F59A32934223
:10D1100005D01A6842F001021A6000200BE09A68FC
:10D1200002F00702062A09D01A6842F001021A60CA
:10D13000002000E0012010BD1846FCE70020FAE7BF
:10D140000000014010B50446002211460068FDF7BA
:10D150009BFF2268D36823F00203D3602368196A17
:10D1600041F21112114208D1196A40F244421142AF
:10D1700003D11A6822F001021A60012384F83E30BC
:10D1800084F83F3084F8423084F84330002010BDEA
:10D19000F8B5044690F83EC05FFA8CF094F842501F
:10D1A000BCF1020F56D00F461646EDB2022D4ED0FE
:10D1B00001284ED1012D4DD100294CD00AB9284665
:10D1C00048E0022384F83E3084F8423001220021F6
:10D1D0002068FDF759FF636A214ADA63636A214ACE
:10D1E0001A64636A204ADA64216833463A46343165
:10D1F000606AF3F782F880BB2268D36843F4007357
:10D20000D3602368194A934217D0B3F1804F14D0EA
:10D21000A2F57C42934210D002F5806293420CD07A
:10D2200002F58062934208D002F59A32934204D00C
:10D230001A6842F001021A600CE09A6802F00702D4
:10D24000062A07D01A6842F001021A6002E0284656
:10D2500000E00120F8BD2846FCE72846FAE700BFB9
:10D2600097A2010819A301088DA50108000001403B
:10D2700010B50446002211460068FDF705FF22683C
:10D28000D36823F40073D360606AF3F7B3F82368BC
:10D29000196A41F21112114208D1196A40F244424E
:10D2A000114203D11A6822F001021A60012384F8A6
:10D2B0003E3084F84230002010BD10B504460846C8
:10D2C000002932D194F84230013B18BF0123002BD2
:10D2D0005CD100283FD1022384F842300422014669
:10D2E0002068FFF769FD2268536C43F400435364E0
:10D2F0002368284A93423ED0B3F1804F3BD0A2F539
:10D300007C42934237D002F58062934233D002F5DB
:10D31000806293422FD002F59A3293422BD01A6842
:10D3200042F001021A6000202FE0042907D00829EA
:10D330000BD094F84530013B18BF0123C7E794F8A0
:10D340004330013B18BF0123C1E794F84430013B4F
:10D3500018BF0123BBE7042805D0082807D0022303
:10D3600084F84530BAE7022384F84330B6E7022355
:10D3700084F84430B2E79A6802F00702062A07D020
:10D380001A6842F001021A60002010BD0120FCE77B
:10D390000020FAE70000014038B504460D4600229F
:10D3A0000068FFF709FD2368196A41F21112114262
:10D3B00008D1196A40F24442114203D15A6C22F456
:10D3C00000425A642368196A41F21112114208D1CD
:10D3D000196A40F24442114203D11A6822F0010254
:10D3E0001A6025B9012384F84230002038BD042D8D
:10D3F00005D0082D07D0012384F84530F5E7012337
:10D4000084F84330F1E7012384F84430EDE710B5A8
:10D410000446084600293CD194F84230013B18BF2D
:10D420000123002B77D1002849D1022384F8423010
:10D430002268D36843F00203D3602268D36843F0C4
:10D440008003D360042201462068FFF7B5FC226800
:10D45000536C43F4004353642368314A93424FD0E2
:10D46000B3F1804F4CD0A2F57C42934248D002F5F4
:10D470008062934244D002F58062934240D002F52C
:10D480009A3293423CD01A6842F001021A6000209E
:10D4900040E0042907D008290BD094F84530013B1F
:10D4A00018BF0123BDE794F84330013B18BF0123A7
:10D4B000B7E794F84430013B18BF0123B1E70428D3
:10D4C0000CD0082813D0022384F84530042808D053
:10D4D00008280FD00028ABD001201BE0022384F8DD
:10D4E00043302268D36843F00403D360A5E70223E6
:10D4F00084F844302268D36843F00803D3609CE783
:10D500009A6802F00702062A07D01A6842F0010260
:10D510001A60002010BD0120FCE70020FAE700BFE0
:10D520000000014038B504460D4604293BD00829C7
:10D530003FD0002956D10268D36823F00203D3609C
:10D54000002229462068FFF737FC2368196A40F259
:10D550004442114203D1DA6822F08002DA60236883
:10D56000196A41F21112114208D1196A40F244427B
:10D57000114203D15A6C22F400425A642368196A9A
:10D5800041F21112114208D1196A40F2444211428B
:10D5900003D11A6822F001021A6085B9012384F8C8
:10D5A0004230002038BD0268D36823F00403D36002
:10D5B000C6E70268D36823F00803D360C0E7042DF0
:10D5C00006D0082D09D0012384F845300020E9E772
:10D5D000012384F843300020E4E7012384F8443039
:10D5E0000020DFE70120DDE770B5044616460D4652
:10D5F000002960D190F84200022814BF00200120C9
:10D60000002840F0D880002D6ED194F84220012AE5
:10D6100014BF00220122002A00F0CF80002E00F06B
:10D62000CE80002B00F0CD80002D76D1022284F830
:10D630004220626A6849D163626A68491164626A19
:10D640006749D164226834323146606AF2F755FE88
:10D65000002840F0B8802268D36843F40073D36098
:10D66000042229462068FFF7A7FB2268536C43F485
:10D670000043536423685B4A934200F09180B3F106
:10D68000804F00F08D80A2F57C42934200F08880AC
:10D6900002F58062934200F0838002F5806293423B
:10D6A0007ED002F59A3293427AD01A6842F0010293
:10D6B0001A60002082E0042908D008290DD090F8D3
:10D6C0004500022814BF0020012099E790F843008C
:10D6D000022814BF0020012092E790F8440002289D
:10D6E00014BF002001208BE7042D08D0082D0DD099
:10D6F00094F84520012A14BF002201228BE794F8F8
:10D700004320012A14BF0022012284E794F8442018
:10D71000012A14BF002201227DE7042D0DD0082D1F
:10D7200025D0022284F84520042D09D0082D21D0CF
:10D73000002D3FF47EAF012040E0022284F8432018
:10D74000A26A2549D163A26A24491164A26A2449C4
:10D75000D164226838323146A06AF2F7CEFD002843
:10D7600033D12268D36843F48063D36078E7022220
:10D7700084F84420E26A1849D163E26A17491164C7
:10D78000E26A1749D16422683C323146E06AF2F716
:10D79000B4FDE0B92268D36843F40063D3605FE767
:10D7A0009A6802F00702062A13D01A6842F00102B2
:10D7B0001A60002002E0022000E0012070BD01207C
:10D7C000FCE70120FAE70120F8E70120F6E7012055
:10D7D000F4E70020F2E700BF1BCE0108CBA301084D
:10D7E000D7CD01080000014038B504460D46042994
:10D7F00034D008293BD0002955D10268D36823F4DE
:10D800000073D360406AF2F7F5FD002229462068D4
:10D81000FFF7D2FA2368196A41F21112114208D1B6
:10D82000196A40F24442114203D15A6C22F4004278
:10D830005A642368196A41F21112114208D1196A17
:10D8400040F24442114203D11A6822F001021A60E8
:10D85000B5B9012384F84230002038BD0268D3688E
:10D8600023F48063D360806AF2F7C4FDCDE70268D9
:10D87000D36823F40063D360C06AF2F7BBFDC4E74A
:10D88000042D06D0082D09D0012384F8453000204E
:10D89000E3E7012384F843300020DEE7012384F826
:10D8A00044300020D9E70120D7E710B504460846E8
:10D8B000002932D194F84230013B18BF0123002BDC
:10D8C0005CD100283FD1022384F842300422014673
:10D8D0002068FFF771FA2268536C43F400435364E5
:10D8E0002368284A93423ED0B3F1804F3BD0A2F543
:10D8F0007C42934237D002F58062934233D002F5E6
:10D90000806293422FD002F59A3293422BD01A684C
:10D9100042F001021A6000202FE0042907D00829F4
:10D920000BD094F84530013B18BF0123C7E794F8AA
:10D930004330013B18BF0123C1E794F84430013B59
:10D9400018BF0123BBE7042805D0082807D002230D
:10D9500084F84530BAE7022384F84330B6E702235F
:10D9600084F84430B2E79A6802F00702062A07D02A
:10D970001A6842F001021A60002010BD0120FCE785
:10D980000020FAE70000014038B504460D460022A9
:10D990000068FFF711FA2368196A41F21112114267
:10D9A00008D1196A40F24442114203D15A6C22F460
:10D9B00000425A642368196A41F21112114208D1D7
:10D9C000196A40F24442114203D11A6822F001025E
:10D9D0001A6025B9012384F84230002038BD042D97
:10D9E00005D0082D07D0012384F84530F5E7012341
:10D9F00084F84330F1E7012384F84430EDE710B5B3
:10DA00000446084600293CD194F84230013B18BF37
:10DA10000123002B77D1002849D1022384F842301A
:10DA20002268D36843F00203D3602268D36843F0CE
:10DA30008003D360042201462068FFF7BDF9226805
:10DA4000536C43F4004353642368314A93424FD0EC
:10DA5000B3F1804F4CD0A2F57C42934248D002F5FE
:10DA60008062934244D002F58062934240D002F536
:10DA70009A3293423CD01A6842F001021A600020A8
:10DA800040E0042907D008290BD094F84530013B29
:10DA900018BF0123BDE794F84330013B18BF0123B1
:10DAA000B7E794F84430013B18BF0123B1E70428DD
:10DAB0000CD0082813D0022384F84530042808D05D
:10DAC00008280FD00028ABD001201BE0022384F8E7
:10DAD00043302268D36843F00403D360A5E70223F0
:10DAE00084F844302268D36843F00803D3609CE78D
:10DAF0009A6802F00702062A07D01A6842F001026B
:10DB00001A60002010BD0120FCE70020FAE700BFEA
:10DB10000000014038B504460D4604293BD00829D1
:10DB20003FD0002956D10268D36823F00203D360A6
:10DB3000002229462068FFF73FF92368196A40F25E
:10DB40004442114203D1DA6822F08002DA6023688D
:10DB5000196A41F21112114208D1196A40F2444285
:10DB6000114203D15A6C22F400425A642368196AA4
:10DB700041F21112114208D1196A40F24442114295
:10DB800003D11A6822F001021A6085B9012384F8D2
:10DB90004230002038BD0268D36823F00403D3600C
:10DBA000C6E70268D36823F00803D360C0E7042DFA
:10DBB00006D0082D09D0012384F845300020E9E77C
:10DBC000012384F843300020E4E7012384F8443043
:10DBD0000020DFE70120DDE770B5044616460D465C
:10DBE000002960D190F84200022814BF00200120D3
:10DBF000002840F0D880002D6ED194F84220012AF0
:10DC000014BF00220122002A00F0CF80002E00F075
:10DC1000CE80002B00F0CD80002D76D1022284F83A
:10DC20004220626A6849D163626A68491164626A23
:10DC30006749D164226834323146606AF2F75DFB8D
:10DC4000002840F0B8802268D36843F40073D360A2
:10DC5000042229462068FFF7AFF82268536C43F48A
:10DC60000043536423685B4A934200F09180B3F110
:10DC7000804F00F08D80A2F57C42934200F08880B6
:10DC800002F58062934200F0838002F58062934245
:10DC90007ED002F59A3293427AD01A6842F001029D
:10DCA0001A60002082E0042908D008290DD090F8DD
:10DCB0004500022814BF0020012099E790F8430096
:10DCC000022814BF0020012092E790F844000228A7
:10DCD00014BF002001208BE7042D08D0082D0DD0A3
:10DCE00094F84520012A14BF002201228BE794F802
:10DCF0004320012A14BF0022012284E794F8442023
:10DD0000012A14BF002201227DE7042D0DD0082D29
:10DD100025D0022284F84520042D09D0082D21D0D9
:10DD2000002D3FF47EAF012040E0022284F8432022
:10DD3000A26A2549D163A26A24491164A26A2449CE
:10DD4000D164226838323146A06AF2F7D6FA002848
:10DD500033D12268D36843F48063D36078E702222A
:10DD600084F84420E26A1849D163E26A17491164D1
:10DD7000E26A1749D16422683C323146E06AF2F720
:10DD8000BCFAE0B92268D36843F40063D3605FE76C
:10DD90009A6802F00702062A13D01A6842F00102BC
:10DDA0001A60002002E0022000E0012070BD012086
:10DDB000FCE70120FAE70120F8E70120F6E701205F
:10DDC000F4E70020F2E700BF1BCE0108CBA3010857
:10DDD000D7CD01080000014038B504460D4604299E
:10DDE00034D008293BD0002955D10268D36823F4E8
:10DDF0000073D360406AF2F7FDFA002229462068DA
:10DE0000FEF7DAFF2368196A41F21112114208D1B4
:10DE1000196A40F24442114203D15A6C22F4004282
:10DE20005A642368196A41F21112114208D1196A21
:10DE300040F24442114203D11A6822F001021A60F2
:10DE4000B5B9012384F84230002038BD0268D36898
:10DE500023F48063D360806AF2F7CCFACDE70268DE
:10DE6000D36823F40063D360C06AF2F7C3FAC4E74F
:10DE7000042D06D0082D09D0012384F84530002058
:10DE8000E3E7012384F843300020DEE7012384F830
:10DE900044300020D9E70120D7E770B504460E468C
:10DEA000D1B9042594F83EE05FFA8EF094F83F3043
:10DEB000DBB294F84220D2B294F843C05FFA8CFCF3
:10DEC000BEF1010F24D1012B23D1012A22D1BCF1B3
:10DED000010F03D010461CE00025E3E7022384F87D
:10DEE0003E3084F83F3084F8423084F843300422D6
:10DEF00031462068FEF760FF012229462068FDF7C1
:10DF0000C3F82268536C43F400435364002000E0DC
:10DF1000012070BD1846FCE738B50446002932D10F
:10DF2000042500222068FEF747FF002229462068CA
:10DF3000FDF7AAF82368196A41F21112114208D1BB
:10DF4000196A40F24442114203D15A6C22F4004251
:10DF50005A642368196A41F21112114208D1196AF0
:10DF600040F24442114203D11A6822F001021A60C1
:10DF7000012384F83E3084F83F3084F8423084F83E
:10DF80004330002038BD0025CBE770B504460E466F
:10DF9000D1B9042594F83EE05FFA8EF094F83F3052
:10DFA000DBB294F84220D2B294F843C05FFA8CFC02
:10DFB000BEF1010F2ED1012B2DD1012A2CD1BCF1A4
:10DFC000010F03D0104626E00025E3E7022384F882
:10DFD0003E3084F83F3084F8423084F84330226881
:10DFE000D36843F00203D3602268D36843F004038C
:10DFF000D360042231462068FEF7DEFE0122294666
:10E000002068FDF741F82268536C43F400435364E1
:10E01000002000E0012070BD1846FCE738B504463A
:10E0200000293CD104252268D36823F00203D36081
:10E030002268D36823F00403D36000222068FEF72F
:10E04000BBFE002229462068FDF71EF82368196AE6
:10E0500041F21112114208D1196A40F244421142B0
:10E0600003D15A6C22F400425A642368196A41F2BF
:10E070001112114208D1196A40F24442114203D1EF
:10E080001A6822F001021A60012384F83E3084F8F5
:10E090003F3084F8423084F84330002038BD0025FA
:10E0A000C1E7034690F83C00012833D010B40120AA
:10E0B00083F83C00202903D029D809B1102908D1C0
:10E0C0001C68A06820F07000A0601C68A068014374
:10E0D000A1601868416841F0010141601868416819
:10E0E00021F004014160186841680A4342601968E0
:10E0F000CA6822F02002CA601968CA6822F4005275
:10E10000CA60002083F83C005DF8044B704730295A
:10E11000DFD1D5E702207047034690F83C00012884
:10E1200033D010B4012083F83C00202903D029D833
:10E1300009B1102908D11C68A06820F07000A06007
:10E140001C68A0680143A1601868416841F00101A2
:10E1500041601868416821F0040141601868416815
:10E160000A4342601968CA6822F40052CA601968FA
:10E17000CA6842F02002CA60002083F83C005DF8C3
:10E18000044B70473029DFD1D5E7022070470346A2
:10E1900090F83C0001283CD010B4012083F83C00EA
:10E1A000202903D032D809B1102908D11C68A068F1
:10E1B00020F07000A0601C68A0680143A16018688E
:10E1C000416841F0010141601868416821F0040193
:10E1D0004160186841680A4342605A6B0E49D16336
:10E1E0005A6B0E4911645A6B0D49D1641968CA689B
:10E1F00022F02002CA601968CA6842F40052CA605C
:10E20000002083F83C005DF8044B70473029D6D1DC
:10E21000CCE70220704700BF15E3010827E301089F
:10E220008DA5010890F83C20012A35D010B4034692
:10E23000012280F83C20022280F83D2002685068CC
:10E24000946820F0700C086840EA0C0050601A686E
:10E250001248824212D0B2F1804F0FD0A0F57C401C
:10E2600082420BD000F58060824207D000F58060CA
:10E27000824203D000F59A30824204D124F0800417
:10E28000496821439160012283F83D20002083F8F2
:10E290003C005DF8044B70470220704700000140CD
:10E2A000024690F83C30012B21D0012380F83C300D
:10E2B000CB6823F440738868034323F48063486881
:10E2C000034323F400630868034323F4805308697D
:10E2D000034323F400534869034323F48043C9698B
:10E2E0000B4311684B64002082F83C007047022009
:10E2F000704790F83C30012B09D0012380F83C3066
:10E3000003681965002380F83C30184670470220E6
:10E310007047704708B5806B012380F83D30FFF7E8
:10E32000F8FF08BD704708B5806B012380F83D30C9
:10E33000FFF7F8FF08BD704790F83D00704719B926
:10E3400090F84200C0B27047042905D0082907D0D0
:10E3500090F84500C0B2704790F84300C0B27047D3
:10E3600090F84400C0B27047026802F10C0353E811
:10E37000003F23F0C0030C3242E800310029F3D102
:10E38000202380F841307047026802F10C0353E803
:10E39000003F23F490730C3242E800310029F3D19E
:10E3A000026802F1140353E8003F23F00103143222
:10E3B00042E800310029F3D1036B012B05D0202363
:10E3C00080F84230002303637047026802F10C03B7
:10E3D00053E8003F23F010030C3242E800310029DB
:10E3E000F3D1ECE790F84130212B01D002207047A7
:10E3F0008368B3F5805F17D0036A5A1C02621A78EB
:10E4000003685A60C38C9BB2013B9BB2C3844BB977
:10E410000268D36823F08003D3600268D36843F0B6
:10E420004003D360002070470369002BE4D1036AE6
:10E430001B880268C3F308035360036A0233036254
:10E44000E0E710B504460268136923F44053C1683D
:10E450000B431361836802691A4343691A43C36912
:10E460001A430168CB6823F4164323F00C031343CB
:10E47000CB600268536923F4407381690B43536195
:10E480000368324A934206D002F58062934202D07A
:10E49000F7F764FE01E0F7F771FEE369B3F5004FAB
:10E4A00029D00021031849411B1841F10001C9007E
:10E4B00041EA5371DB00181863684FEA83024FEAA0
:10E4C000937341F100010DF063FB214AA2FB00317F
:10E4D0004909642303FB11031B013233A2FB03230D
:10E4E0005B0903F0F00202EB011203F00F03216855
:10E4F00013448B6010BD0023021843EB0301121874
:10E5000041F10001C90041EA5271D200101841F1F5
:10E510000001626892185B410DF03AFB0C4AA2FBC5
:10E5200000314909642303FB1103DB003233A2FBF2
:10E5300003235B095A0002F4F87202EB011203F0A4
:10E540000703216813448B60D4E700BF001001402B
:10E550001F85EB512DE9F04383B005460E46174663
:10E560009946DDF828802B681C6836EA04040CBF45
:10E5700001240024BC4228D1B8F1FF3FF3D0F1F7C9
:10E5800035FBA0EB0900404523D8B8F1000F22D09D
:10E590002B68DA6812F0040FE5D0802EE3D0402E0D
:10E5A000E1D01A6812F0080FDDD0002401941A6837
:10E5B00001925B680193019B2846FFF7E5FE082363
:10E5C0006B6485F84040012000E0002003B0BDE806
:10E5D000F0830320FAE70320F8E7704760B310B533
:10E5E000044690F8413013B3242384F84130226864
:10E5F000D36823F40053D3602046FFF722FF22683C
:10E60000136923F4904313612268536923F02A03AA
:10E6100053612268D36843F40053D36000206064E0
:10E62000202384F8413084F84230606310BD80F8C4
:10E6300040300CF0AFFAD7E701207047002831D006
:10E6400010B5044690F841303BB3242384F84130A0
:10E650002268D36823F40053D3602046FFF7F1FE0D
:10E660002268136923F4904313612268536923F0ED
:10E67000220353612268536943F0080353612268FF
:10E68000D36843F40053D36000206064202384F8EF
:10E69000413084F84230606310BD80F840300CF0A7
:10E6A00079FAD2E70120704700283CD038B50D46F2
:10E6B000044690F84130002B30D0242384F84130B8
:10E6C0002268D36823F40053D3602046FFF7B9FED5
:10E6D0002268136923F4006313612268536923F0ED
:10E6E0002A0353612268136943F48043136122684B
:10E6F000136923F020031361226813692B4313610C
:10E700002268D36843F40053D36000206064202360
:10E7100084F8413084F84230606338BD80F840307E
:10E720000CF038FAC9E701207047002841D070B5D5
:10E730000D461646044690F84130002B34D0242371
:10E7400084F841302268D36823F40053D360204614
:10E75000FFF777FE2268136923F490431361226860
:10E76000536923F02A0353612268136923F00F03CE
:10E77000136123681A6915431D612268D36823F465
:10E780000063D3602268D3683343D3602268D368C0
:10E7900043F40053D36000206064202384F84130A8
:10E7A00084F84230606370BD80F840300CF0F2F9BC
:10E7B000C5E7012070477047B0B110B50446242367
:10E7C00080F841300268D36823F40053D3600CF022
:10E7D0006FFA0020606484F8410084F842002063EE
:10E7E000606384F8400010BD012070472DE9F041BE
:10E7F00082B01E4690F84130202B56D104460D467B
:10E800009046002955D00AB901204FE00023436407
:10E81000212380F84130F1F7E9F90746A4F8248074
:10E82000A4F82680A368B3F5805F02D04FF00008FB
:10E8300014E023692BB34FF000080FE0202384F885
:10E840004130032032E038F8023B2268C3F308036A
:10E850005360E28C92B2013A92B2E284E38C9BB2B2
:10E8600093B100963B46002280212046FFF772FEBE
:10E870000028E3D1002DE6D015F8012B23685A605B
:10E88000E7E7A8460025E9E700963B46002240213D
:10E890002046FFF75FFE18B9202384F8413005E0D9
:10E8A000202384F84130032000E0022002B0BDE8BC
:10E8B000F0810120FAE72DE9F04182B01E4690F880
:10E8C0004230202B5AD104460D469046002959D09B
:10E8D0000AB9012053E000234364222280F8422039
:10E8E0000363F1F783F90746A4F82C80A4F82E807F
:10E8F000A368B3F5805F02D04FF000081AE02369E7
:10E90000002B33D04FF0000814E0202384F842306D
:10E91000032034E023685B68C3F3080328F8023B54
:10E9200003E023685B682B700135E28D92B2013AF7
:10E9300092B2E285E38D9BB2DBB100963B460022AA
:10E9400020212046FFF706FE0028DED1002DE1D071
:10E95000A368B3F5805FE4D013B92369002BE0D03E
:10E9600023685B6803F07F032B70DDE7A846002572
:10E97000E0E7202384F84230002000E0022002B0CB
:10E98000BDE8F0810120FAE790F84130202B10D14A
:10E9900089B192B101628284C2840023436421223E
:10E9A00080F841200168CA6842F08002CA601846B7
:10E9B000704702207047012070470120704738B52A
:10E9C000134690F84120202A36D10446002935D03C
:10E9D0000BB9012031E001628384C38400224264C8
:10E9E000212084F84100A06B154DC563A06B154D27
:10E9F0000564A06B144DC564A06B026522680432E7
:10EA0000A06BF1F77AFC30B110236364202384F803
:10EA10004130012011E023686FF040021A60226843
:10EA200002F1140353E8003F43F08003143242E83C
:10EA300000310029F3D100E0022038BD0120FCE7BD
:10EA400017EF01087FEF01088FEF010803685B698A
:10EA500003F0800390F84120212A09D003685B6904
:10EA600003F0400390F84220222A10D00020704783
:10EA7000002BF3D0026802F1140353E8003F23F0A7
:10EA80008003143242E800310029F3D1E6E7002B7D
:10EA9000ECD0026802F10C0353E8003F23F48073CA
:10EAA0000C3242E800310029F3D1026802F114036C
:10EAB00053E8003F23F00103143242E800310029FB
:10EAC000F3D1026802F1140353E8003F23F040033E
:10EAD000143242E800310029F3D1C7E790F8413001
:10EAE000212B05D090F84230222B0ED00020704709
:10EAF000026802F1140353E8003F43F0800314322C
:10EB000042E800310029F3D1ECE782B00023019301
:10EB100003681A6801925B680193019B03695BB10A
:10EB2000026802F10C0353E8003F43F480730C3297
:10EB300042E800310029F3D1026802F1140353E8DE
:10EB4000003F43F00103143242E800310029F3D1C1
:10EB5000026802F1140353E8003F43F0400314320B
:10EB600042E800310029F3D1002002B0704710B50F
:10EB7000044603685B6990F84120212A09D0236884
:10EB80005B6903F0400394F84220222A19D0002048
:10EB900010BD03F08003002BF1D0226802F11403B2
:10EBA00053E8003F23F08003143242E8003100298B
:10EBB000F3D1A06B08B1F1F7D4FB2046FFF7D4FBEB
:10EBC000DDE7002BE3D0226802F1140353E8003F95
:10EBD00023F04003143242E800310029F3D1E06B06
:10EBE00008B1F1F7BEFB2046FFF7CEFBCFE72DE9DA
:10EBF000F04383B01E460A9F90F84230202B7FD10D
:10EC000004460D46914600297ED00AB9012078E0DD
:10EC100000234364222280F84220012202634363DE
:10EC2000F0F7E4FF8046A4F82C90A4F82E90A36897
:10EC3000B3F5805F04D04FF000090023338022E059
:10EC4000236913B14FF00009F7E7A9460025F4E75F
:10EC500002236363202384F84230002051E053688C
:10EC6000C3F3080329F8023B02E053682B70013517
:10EC7000338801333380E38D9BB2013B9BB2E38544
:10EC8000B7F1FF3F25D1E28D92B2002A2ED0226843
:10EC9000136813F0100F09D0002301931368019338
:10ECA00053680193019B3388002BD1D1136813F073
:10ECB000200FE5D0002DD2D0A368B3F5805FD4D06B
:10ECC00013B92369002BD0D0536803F07F032B7056
:10ECD000CDE7F0F78BFFA0EB0800B84201D8002F7A
:10ECE000D1D1202384F8423003200AE0A38DE28DA5
:10ECF00092B29B1A3380202384F84230002000E037
:10ED0000022003B0BDE8F0830120FAE7406B7047B2
:10ED100010B50446226802F10C0353E8003F23F4C7
:10ED2000F0730C3242E800310029F3D1226802F17D
:10ED3000140353E8003F23F00103143242E800318A
:10ED40000029F3D1236B012B3CD023685B6913F0BE
:10ED5000800F13D0226802F1140353E8003F23F020
:10ED60008003143242E800310029F3D1A36B2BB1A8
:10ED700000221A65A06BF1F7F4FA80BB23685B6987
:10ED800013F0400F13D0226802F1140353E8003F40
:10ED900023F04003143242E800310029F3D1E36B41
:10EDA0002BB100221A65E06BF1F7DBFA00BB002003
:10EDB000E084E0856064202384F8423084F84130A8
:10EDC000206310BD226802F10C0353E8003F23F0DA
:10EDD00010030C3242E800310029F3D1B5E7A06BF3
:10EDE000F1F703FD2028C9D1102363640320E8E76D
:10EDF000E06BF1F7FAFC2028D9D1102363640320DB
:10EE0000DFE710B50446226802F10C0353E8003F27
:10EE100023F0C0030C3242E800310029F3D123680B
:10EE20005B6913F0800F13D0226802F1140353E8DA
:10EE3000003F23F08003143242E800310029F3D16F
:10EE4000A36B2BB100221A65A06BF1F78AFA28B9DF
:10EE50000020E084202384F8413010BDA06BF1F73E
:10EE6000C4FC2028F4D1102363640320F5E710B517
:10EE70000446226802F10C0353E8003F23F4907328
:10EE80000C3242E800310029F3D1226802F1140368
:10EE900053E8003F23F00103143242E80031002917
:10EEA000F3D1236B012B1FD023685B6913F0400F54
:10EEB00013D0226802F1140353E8003F23F040030B
:10EEC000143242E800310029F3D1E36B2BB1002268
:10EED0001A65E06BF1F745FA98B90020E085202328
:10EEE00084F84230206310BD226802F10C0353E81D
:10EEF000003F23F010030C3242E800310029F3D127
:10EF0000D2E7E06BF1F771FC2028E6D110236364AF
:10EF10000320E8E7704708B50346806B1B681B6851
:10EF200013F4807F1AD10023C384026802F1140312
:10EF300053E8003F23F08003143242E800310029F7
:10EF4000F3D1026802F10C0353E8003F43F04003A1
:10EF50000C3242E800310029F3D108BDFFF7DAFF97
:10EF6000FBE708B50168CA6822F04002CA602022A7
:10EF700080F84120FFF7CEFF002008BD704708B59C
:10EF8000806BFFF7FBFF08BD70477047704710B5F7
:10EF9000846B23685B6994F84120212A0FD0236891
:10EFA0005B6903F0400394F84220222A11D0636C7D
:10EFB00043F0100363642046FFF7E8FF10BD03F041
:10EFC0008003002BEBD00023E3842046FFF7CCF92D
:10EFD000E5E7002BEBD00023E3852046FFF7D4F9CB
:10EFE000E5E708B5806B0023C385FFF7CFFF08BDB9
:10EFF000704738B50446226802F10C0353E8003F1D
:10F0000023F4F0730C3242E800310029F3D1226876
:10F0100002F1140353E8003F23F00103143242E8E5
:10F0200000310029F3D1236B012B2ED0A36B33B118
:10F030002268526912F0800F34D0344A1A65E36BAB
:10F0400033B12268526912F0400F2ED0304A1A654F
:10F0500023685B6913F0800F2AD0216801F1140343
:10F0600053E8003F23F08003143141E80032154695
:10F07000002AF2D1A06B002842D0F1F7BBF9C0B151
:10F08000A36B00221A65012513E0226802F10C032C
:10F0900053E8003F23F010030C3242E8003100290E
:10F0A000F3D1C3E700221A65C9E700221A65CFE74A
:10F0B000012523685B6913F0400F23D0226802F119
:10F0C000140353E8003F23F04003143242E80031B8
:10F0D0000029F3D1E06BA8B1F1F78CF9A0B1E36B93
:10F0E00000221A650023E384E3856364202284F808
:10F0F000412084F8422023632046FFF779FF03E094
:10F100000125D6E7012DEDD0002038BD41F10108E1
:10F1100015F1010808B5806BC36B00221A65836B7B
:10F120000BB11B6D5BB90023C384C38543642022EC
:10F1300080F8412080F842200363FFF759FF08BDA3
:10F1400008B5806B836B00221A65C36B0BB11B6D16
:10F150005BB90023C384C3854364202280F8412027
:10F1600080F842200363FFF743FF08BD704710B5E6
:10F170000446226802F10C0353E8003F23F0C00369
:10F180000C3242E800310029F3D123685B6913F0A7
:10F19000800F20D0226802F1140353E8003F23F0CF
:10F1A0008003143242E800310029F3D1A36B4BB144
:10F1B0000E4A1A65A06BF1F71DF9A0B1A06B036DA3
:10F1C000984710E00023E384202384F84130204650
:10F1D000FFF7CCFF07E00023E384202384F84130CD
:10F1E0002046FFF7C3FF002010BD00BFF1F101086A
:10F1F00008B5806B0023C384202380F84130FFF7DB
:10F20000B5FF08BD704710B50446226802F10C0333
:10F2100053E8003F23F490730C3242E80031002998
:10F22000F3D1226802F1140353E8003F23F00103F5
:10F23000143242E800310029F3D1236B012B1CD09A
:10F2400023685B6913F0400F2ED0226802F114038B
:10F2500053E8003F23F04003143242E80031002914
:10F26000F3D1E36BB3B1164A1A65E06BF1F7C2F85C
:10F2700018B3E06B036D98471FE0226802F10C039E
:10F2800053E8003F23F010030C3242E8003100291C
:10F29000F3D1D5E70023E385202284F842202363BD
:10F2A0002046FFF7AFFF08E00023E385202284F823
:10F2B000422023632046FFF7A5FF002010BD00BFBA
:10F2C000C5F2010808B5806B0023C385202280F8B1
:10F2D00042200363FFF796FF08BD704790F8423065
:10F2E000222B69D18368B3F5805F4FD0826AB3F572
:10F2F000805F04D0002B56D10369002B53D10368E3
:10F300005B681370836A01338362C38D9BB2013BD8
:10F310009BB2C385002B51D100B583B00268D3687E
:10F3200023F02003D3600268D36823F48073D36092
:10F330000268536923F001035361202380F84230AF
:10F3400000234363036B012B33D100230363026863
:10F3500002F10C0353E8003F23F010030C3242E8A3
:10F3600000310029F3D103681A6812F0100F06D09B
:10F37000002201921A6801925B680193019B818DC2
:10F38000FFF7ABFF002003B05DF804FB0269002A21
:10F39000ACD1826A03685B68C3F308031380836A95
:10F3A00002338362B1E703685B6803F07F03137085
:10F3B000A8E7FFF7E9FDE5E7022070470020704766
:10F3C00010B582B0044602681368D068516913F022
:10F3D0000F0F09D113F0200F0CD010F0200F09D01F
:10F3E0002046FFF77BFF16E011F0010115D110F464
:10F3F000907F12D1216B012979D013F0800F03D0B7
:10F4000010F0800F40F0218113F0400F03D010F076
:10F41000400F40F01E8102B010BD13F0010F06D066
:10F4200010F4807F03D0626C42F00102626413F03A
:10F43000040F04D019B1626C42F00202626413F04E
:10F44000020F04D019B1626C42F00402626413F03E
:10F45000080F07D010F0200F00D119B1626C42F0F4
:10F4600008026264626C002AD5D013F0200F02D02B
:10F4700010F0200F29D123685B6903F04003626C10
:10F4800012F0080F00D163B32046FEF77DFF23681A
:10F490005B6913F0400F20D0226802F1140353E897
:10F4A000003F23F04003143242E800310029F3D139
:10F4B000E36B73B1694A1A65E06BF0F79BFF0028B4
:10F4C000A9D0E06B036D9847A5E72046FFF706FF3C
:10F4D000D1E72046FFF75AFD9DE72046FFF756FD8E
:10F4E00099E72046FFF752FD0023636493E713F08A
:10F4F000100F82D010F0100F3FF47FAF0023019364
:10F500001368019353680193019B536913F0400FF3
:10F510005FD0E26B13685B689BB2002B4AD0A18D71
:10F52000994247D9E385D369B3F5807F37D0226804
:10F5300002F10C0353E8003F23F480730C3242E8DD
:10F5400000310029F3D1226802F1140353E8003F8F
:10F5500023F00103143242E800310029F3D122687C
:10F5600002F1140353E8003F23F04003143242E851
:10F5700000310029F3D1202384F842300023236393
:10F58000226802F10C0353E8003F23F010030C3211
:10F5900042E800310029F3D1E06BF0F7E2FE0223EC
:10F5A0006363A18DE38D9BB2C91A89B22046FFF730
:10F5B00094FE30E7A18D99427FF42DAFD369B3F566
:10F5C000807F7FF428AF022363632046FFF785FE28
:10F5D00021E7A18DE38D9BB2C91A89B2E38D9BB25D
:10F5E000002B3FF418AF00293FF415AF226802F159
:10F5F0000C0353E8003F23F490730C3242E80030D0
:10F600000028F3D1226802F1140353E8003F23F0ED
:10F610000103143242E800300028F3D1202384F89B
:10F62000423000232363226802F10C0353E8003FB9
:10F6300023F010030C3242E800300028F3D10223FB
:10F6400063632046FFF749FEE5E62046FEF7CAFE63
:10F65000E1E62046FFF785FCDDE600BFE3EF0108A9
:10F6600008B5806B01234363036B012B02D0FFF7C6
:10F670008CFC08BD818D4908FFF72FFEF9E708B51E
:10F680000346806B1B681B6813F4807F2BD100231B
:10F69000C385026802F10C0353E8003F23F4807332
:10F6A0000C3242E800310029F3D1026802F1140360
:10F6B00053E8003F23F00103143242E800310029EF
:10F6C000F3D1026802F1140353E8003F23F0400332
:10F6D000143242E800310029F3D1202380F842306F
:10F6E000036B012B07D000234363036B012B0FD067
:10F6F000FFF74AFC08BD026802F10C0353E8003F23
:10F7000023F010030C3242E800310029F3D1EAE77C
:10F71000818DFFF7E2FDEDE790F84030012B19D025
:10F72000012380F84030242380F84130026802F140
:10F730000C0353E8003F43F001030C3242E8003170
:10F740000029F3D1202380F84130002380F8403095
:10F75000184670470220704790F84030012B1AD0AD
:10F76000012380F84030242380F84130026802F100
:10F770000C0353E8003F43F002030C3242E800312F
:10F780000029F3D1202380F841300023436380F81F
:10F790004030184670470220704790F84030012BE7
:10F7A0001AD0012380F84030242380F841300268C9
:10F7B00002F10C0353E8003F23F002030C3242E84D
:10F7C00000310029F3D1202380F841300023436326
:10F7D00080F84030184670470220704790F840305B
:10F7E000012B14D0012380F84030242380F84130CD
:10F7F0000268D36823F00C0343F00803D36020238E
:10F8000080F84130002380F84030184670470220CD
:10F81000704790F84030012B14D0012380F840301D
:10F82000242380F841300268D36823F00C0343F0AE
:10F830000403D360202380F84130002380F8403057
:10F84000184670470220704790F8413090F8420007
:10F8500018437047406C704781628285C2850023DF
:10F860004364222380F84230036923B10268D368DD
:10F8700043F48073D3600268536943F0010353611A
:10F880000268D36843F02003D3600020704708B5B6
:10F8900090F84230202B08D149B10AB9012008BDA7
:10F8A00000230363FFF7D8FFF9E70220F7E7012001
:10F8B000F5E790F84230202B29D110B582B00446EC
:10F8C00039B312B9012002B010BD01230363002334
:10F8D0004363FFF7C1FF0028F5D1236B012B01D053
:10F8E0000120F0E70023019323681A6801925B6806
:10F8F0000193019B226802F10C0353E8003F43F09F
:10F9000010030C3242E800310029F3D1DBE702207A
:10F9100070470120D7E730B583B0044613468162B3
:10F92000828500224264222084F84200E06B244D4C
:10F93000C563E06B234D0564E06B234DC564E06B4C
:10F94000026520680A46011DE06BF0F7D6FC00282E
:10F950002FD10023019323681A6801925B680193F9
:10F96000019B23695BB1226802F10C0353E8003F5D
:10F9700043F480730C3242E800310029F3D122684D
:10F9800002F1140353E8003F43F00103143242E84C
:10F9900000310029F3D1226802F1140353E8003F3B
:10F9A00043F04003143242E800310029F3D103B0A0
:10F9B00030BD10236364202384F842300120F6E731
:10F9C0007FF6010861F601088FEF010808B590F88D
:10F9D0004230202B08D149B10AB9012008BD0023CB
:10F9E0000363FFF798FFF9E70220F7E70120F5E747
:10F9F00090F84230202B27D110B582B0044629B3AD
:10FA000012B9012002B010BD012303630023436338
:10FA1000FFF781FF236B012B01D00120F2E70023C8
:10FA2000019323681A6801925B680193019B226825
:10FA300002F10C0353E8003F43F010030C3242E89C
:10FA400000310029F3D1DDE7022070470120D9E71A
:10FA50000B4B1B680B4AA2FB03235B0A41F2883263
:10FA600002FB03F31A46013B3AB1426B12F0800FDE
:10FA7000F8D0C5238363002070474FF000407047E3
:10FA8000DC000020D34D621084B00DF1040C8CE832
:10FA90000E000B461343039A1343049A1343059A2B
:10FAA0001343069A1343426822F4FD4222F07F0278
:10FAB00013434360002004B07047D0F880007047C3
:10FAC0000B68C0F8803000207047032303600020DB
:10FAD00070470346002018607047006800F003007C
:10FAE00070470B6883604B688A681343CA68134386
:10FAF0000A691343C2686FF30B021343C36000200B
:10FB000070470069C0B270471430405870470B68A6
:10FB100043624B6883628B68CA6813430A69134364
:10FB20004A691343C26A22F0F7021343C3620020FA
:10FB30007047006B7047D0F880007047C36A23F4A9
:10FB400080630B43C3620020704710B586B0044643
:10FB5000002301930293039304934FF4806305936E
:10FB600001A9FFF7BEFF2046FFF772FF06B010BDE8
:10FB700038B504460D46504B1B685049A1FB031392
:10FB80005B0A03FB02F21346013A002B5DD0636B64
:10FB900013F0450FF7D013F4006FF4D1636B13F03B
:10FBA000040F06D1636B13F0010F05D00120A06391
:10FBB0004DE00420A0634AE0C523A3632046FFF77D
:10FBC000A0FFA84201D0012041E000212046FFF71C
:10FBD0009BFF03463A481840C8B3002B38DB13F0AC
:10FBE000804F38D113F0005F37D113F0805F36D1EA
:10FBF00013F0006F36D113F0806F36D113F0807F91
:10FC000036D113F4000F36D113F4800F36D113F42C
:10FC1000001F36D113F4801F36D113F4802F36D154
:10FC200013F4003F36D113F4803F36D113F4004F64
:10FC300036D113F4804F36D113F4005F36D113F070
:10FC4000080F36D04FF4000001E04FF0004038BDFF
:10FC50004FF00070FBE74020F9E78020F7E74FF412
:10FC60008070F4E74FF40070F1E74FF48060EEE746
:10FC70004FF40060EBE74FF48050E8E74FF400509A
:10FC8000E5E74FF48040E2E74FF40040DFE74FF450
:10FC90000030DCE74FF48020D9E74FF40020D6E7AE
:10FCA0004FF48010D3E74FF40010D0E74FF48000FA
:10FCB000CDE74FF48030CAE7DC000020D34D62105E
:10FCC00008E0FFFD30B587B004460191102502958C
:10FCD00040230393002304934FF48063059301A909
:10FCE000FFF7FFFE41F2883229462046FFF740FF2A
:10FCF00007B030BD30B587B004460191112502959B
:10FD000040230393002304934FF48063059301A9D8
:10FD1000FFF7E7FE41F2883229462046FFF728FF29
:10FD200007B030BD30B587B0044601911225029569
:10FD300040230393002304934FF48063059301A9A8
:10FD4000FFF7CFFE41F2883229462046FFF710FF29
:10FD500007B030BD30B587B0044601911825029533
:10FD600040230393002304934FF48063059301A978
:10FD7000FFF7B7FE41F2883229462046FFF7F8FE2A
:10FD800007B030BD30B587B0044601911925029502
:10FD900040230393002304934FF48063059301A948
:10FDA000FFF79FFE41F2883229462046FFF7E0FE2A
:10FDB00007B030BD30B587B00446019120250295CB
:10FDC00040230393002304934FF48063059301A918
:10FDD000FFF787FE41F2883229462046FFF7C8FE2A
:10FDE00007B030BD30B587B004460191212502959A
:10FDF00040230393002304934FF48063059301A9E8
:10FE0000FFF76FFE41F2883229462046FFF7B0FE29
:10FE100007B030BD30B587B0044601912325029567
:10FE200040230393002304934FF48063059301A9B7
:10FE3000FFF757FE41F2883229462046FFF798FE29
:10FE400007B030BD30B587B0044601912425029536
:10FE500040230393002304934FF48063059301A987
:10FE6000FFF73FFE41F2883229462046FFF780FE29
:10FE700007B030BD30B587B0044600230193262576
:10FE800002954022039204934FF48063059301A9E5
:10FE9000FFF727FE4FF2186229462046FFF768FE5B
:10FEA00007B030BD30B587B00446002301930C2560
:10FEB00002954022039204934FF48063059301A9B5
:10FEC000FFF70FFE034A29462046FFF751FE07B011
:10FED00030BD00BF00E1F50530B587B004460192A2
:10FEE0000725029540230393002304934FF4806376
:10FEF000059301A9FFF7F5FD41F288322946204616
:10FF0000FFF736FE07B030BD30B587B0044601912B
:10FF10003725029540230393002304934FF4806315
:10FF2000059301A9FFF7DDFD41F2883229462046FD
:10FF3000FFF71EFE07B030BD30B587B00446019113
:10FF40000625029540230393002304934FF4806316
:10FF5000059301A9FFF7C5FD41F2883229462046E5
:10FF6000FFF706FE07B030BD30B587B0044600236A
:10FF70000193332502954022039204934FF480634A
:10FF8000059301A9FFF7ADFD41F2883229462046CD
:10FF9000FFF7EEFD07B030BD30B587B00446090469
:10FFA00001910325029540230393002304934FF40A
:10FFB0008063059301A9FFF794FD41F28832294639
:10FFC0002046FFF7D5FD07B030BD30B587B00446F9
:10FFD00001910D25029540230393002304934FF4D0
:10FFE0008063059301A9FFF77CFD41F28832294621
:10FFF0002046FFF7BDFD07B030BD30B587B00446E1
:020000040802F0
:10000000002301930D2502954022039204934FF49F
:100010008063059301A9FFF764FD41F28832294608
:100020002046FFF7A5FD07B030BD30B587B00446C8
:1000300001910625029540230393002304934FF476
:100040008063059301A9FFF74CFD41F288322946F0
:100050002046FFF78DFD07B030BD30B587B00446B0
:1000600001910825029540230393002304934FF444
:100070008063059301A9FFF734FD41F288322946D8
:100080002046FFF775FD07B030BD0146134B1B68D6
:10009000134AA2FB03235B0A41F2883202FB03F3FB
:1000A0001A46013BBAB14A6B12F0450FF8D012F470
:1000B000006FF5D14B6B13F0040F06D1486B10F0B5
:1000C000010005D1C5238B63704704208863704706
:1000D0000120886370474FF000407047DC0000202B
:1000E000D34D621010B586B004460023019302225E
:1000F0000292C022039204934FF48063059301A9F6
:10010000FFF7EFFC2046FFF7C0FF06B010BD10B5AB
:1001100086B00446019109230293C0230393002370
:1001200004934FF48063059301A9FFF7DAFC20469E
:10013000FFF7ABFF06B010BD0146104B1B68104A1D
:10014000A2FB03235B0A41F2883202FB03F31A4647
:10015000013B82B14A6B12F0450FF8D012F4006FE8
:10016000F5D1486B10F0040002D1C5238B637047B2
:100170000420886370474FF000407047DC00002087
:10018000D34D621010B586B0044641F0004141F4F1
:1001900080110191292302934023039300230493A8
:1001A0004FF48063059301A9FFF79BFC2046FFF7FE
:1001B000C3FF06B010BD10B586B0044601910123FF
:1001C000029340230393002304934FF48063059329
:1001D00001A9FFF786FC2046FFF7AEFF06B010BD71
:1001E000F8B505460E461746234B1B68234AA2FB6B
:1001F00003235B0A41F2883202FB03F31A46013BF8
:100200008AB36C6B14F0450FF8D014F4006FF5D17D
:100210006B6B13F0040F06D16B6B13F0010F05D05D
:100220000120A86321E00420A8631EE02846FFF710
:1002300068FCB04201D0012017E0C523AB63002168
:100240002846FFF761FC034610F4604008D013F421
:10025000804F0BD113F4004F0BD04FF4805004E0CB
:100260001B0C3B8001E04FF00040F8BD4FF4005004
:10027000FBE74FF48030F8E7DC000020D34D62103C
:1002800070B586B004460D460023019303260296FE
:100290004022039204934FF48063059301A9FFF772
:1002A00020FC2A4631462046FFF79AFF06B070BD73
:1002B0000146164B1B68164AA2FB03235B0A41F258
:1002C000883202FB03F31A46013BE2B14A6B12F09B
:1002D000450FF8D012F4006FF5D14B6B13F0040FFB
:1002E0000BD14B6B13F001030AD1486B10F04000A7
:1002F0000BD040228A6318467047042088637047F9
:100300000120886370474FF000407047DC000020F8
:10031000D34D621010B586B004464FF4D5730193E7
:100320000823029340230393002304934FF4806334
:10033000059301A9FFF7D5FB2046FFF7B9FF06B0EB
:1003400010BD00BF82B000230193019B01330193D4
:10035000019BB3F1706F1CD80369002BF5DA0A23F7
:10036000019302E0019B013B0193019B002BF9D11A
:10037000036943F001030361019B01330193019B76
:10038000B3F1706F08D8036913F0010FF4D10020A6
:1003900000E0032002B070470320FBE784B010B5F3
:1003A000044603A880E80E009DF81130012B21D1EE
:1003B000A36B23F48033A363E36823F4840323F063
:1003C0004003E360E36823F44013E3609DF81830D2
:1003D000012B0AD02046FFF7B5FF9DF80E30012B08
:1003E0001CD0BDE8104004B07047E36843F48013AC
:1003F000E360EFE7E36843F04003E3602046FFF784
:10040000A1FF9DF8153023B9A36B43F48033A36398
:10041000E3E7A36B23F48033A363DEE7A36843F031
:100420000603A360A36843F02003A360D9E7022A70
:100430000AD00922C36823F47053C360C36843EA37
:100440008223C36000207047234B0B44234A93420E
:100450002FD9234B0B44234A93422CD9A1F5740383
:10046000A3F51053204A934227D9A1F18373A3F532
:10047000E7431E4A934222D31D4B0B441D4A93422D
:100480001FD91D4B0B441D4A93421CD31C4B0B44DC
:100490001C4A934219D3A1F1B773A3F558531A4AD2
:1004A000934214D3194B0B44194A934211D2072299
:1004B000C0E70F22BEE70E22BCE70D22BAE70C22EE
:1004C000B8E70B22B6E70A22B4E70922B2E708220E
:1004D000B0E70622AEE700BF405327FFFF340C0011
:1004E000401E1BFF3F420F007F4F120020D613001B
:1004F00060B6E5FE5FE3160000D3CEFE40771B003A
:10050000C05BB3FEC091210020753800E05459FE55
:10051000E09C4100836843F0010383600020704742
:10052000836823F0010383600020704782B00023BA
:100530000193019B01330193019BB3F1706F15D8B7
:100540000369002BF5DA00230193890141F02001B2
:100550000161019B01330193019BB3F1706F08D8D6
:10056000036913F0200FF4D1002000E0032002B053
:1005700070470320FBE782B000230193019B013306
:100580000193019BB3F1706F13D80369002BF5DA67
:100590000023019310230361019B01330193019B0D
:1005A000B3F1706F08D8036913F0100FF4D1002075
:1005B00000E0032002B070470320FBE7D0F80038CA
:1005C0001943C0F800180020704784B0F8B50446FD
:1005D00007A880E80E00002306E003F1400204EBC8
:1005E00082020021516001330E2BF6D99DF826605E
:1005F00006BBD4F8043843F00203C4F80438A36BF4
:1006000043F40013A363A36B23F40023A363A36B3E
:1006100023F48023A3630023C4F8003E9DF8213017
:10062000012B15D19DF81F306BB900212046FFF733
:10063000C5FF11E0A36B23F40013A363A36B43F482
:100640000023A363E7E701212046FFF7B7FF03E09C
:1006500003212046FFF7B2FF10212046FFF766FF77
:10066000054600B101252046FFF785FF00B10125B1
:1006700004F5006C0023CCF81030CCF81430CCF822
:100680001C300DE04FF09040C2F8000902E000205D
:10069000C2F8000900220A614FF67F328A600133F6
:1006A0009DF81C1099420ED904EB431202F510611B
:1006B000D2F800090028EADA002BE3D14FF00060FD
:1006C000C2F80009E6E700230AE0BBB14FF090470B
:1006D000C2F8007B002202614FF67F328260013354
:1006E000994210D904EB431202F53060D2F8007B36
:1006F000002FEADB0027C2F8007BEBE74FF0006732
:10070000C2F8007BE6E7DCF8103023F48073CCF805
:1007100010300023A3616FF0804363619DF81E30A9
:100720001BB9A36943F01003A361A2690B4B1343E8
:10073000A3619DF822301BB1A36943F00803A361B4
:10074000012E04D02846BDE8F84004B07047A369E4
:1007500043F0804343F00403A361F3E700383C8097
:10076000D0F8083803F00603022B04D0062B04D07F
:100770002BB90020704702207047022070470F20DD
:10078000704710B591F800C04B78012B23D000F5CD
:10079000006ED0F81C380CF00F040122A24043EA8E
:1007A0000243C0F81C3800EB4C10D0F8003B13F4A7
:1007B000004F0ED1D0F8003B8A68C2F30A020979D3
:1007C00042EA8142134343F0805343F40043C0F8AC
:1007D000003B002010BDD0F81C280CF00F0E03FACF
:1007E0000EF39BB21343C0F81C3800EB4C10D0F84A
:1007F000003913F4004FECD1D0F800398A68C2F305
:100800000A02097942EA814242EA8C52134343F0D8
:10081000805343F40043C0F80039DAE710B50A7892
:100820004B78012B23D000EB421CDCF8003B13F487
:10083000004F0FD1DCF8004B8B68C3F30A0391F82B
:1008400004E043EA8E4343EA8253234343F40043E4
:10085000CCF8003BD0F83C38097801F00F010122B8
:100860008A4043EA0243C0F83C38002010BD00EB48
:10087000421CDCF8003913F4004F11D1DCF80039C8
:100880008C68C4F30A0491F804E044EA8E4444EA14
:100890008254234343F0805343F40043CCF800399F
:1008A000D0F83C28097801F00F0101238B409BB25E
:1008B0001343C0F83C38D8E730B40B784A78012AA3
:1008C00026D000EB4313D3F8002B002A52DBD0F8DC
:1008D0003C480A7802F00F024FF0010C0CFA02F2C9
:1008E00024EA0242C0F83C28D0F81C28097801F01C
:1008F0000F010CFA01FC22EA0C42C0F81C28D3F8C4
:10090000001B234A0A40C3F8002B002030BC70476C
:1009100000EB4313D3F80029002A1EDBD0F83C5823
:100920000A7802F00F02012404FA02F292B225EAD8
:100930000202C0F83C28D0F81C28097801F00F0109
:100940008C40A4B222EA0402C0F81C28D3F8001993
:10095000104A0A40C3F80029D7E7D3F8002942F02B
:100960000062C3F80029D3F8002942F08042C3F89E
:100970000029D3E7D3F8002B42F00062C3F8002B24
:10098000D3F8002B42F08042C3F8002B9FE700BF52
:100990000078F3EF007833EC0B784A78012A18D00E
:1009A00000EB4313D3F8002B002A38DBD3F8002BDD
:1009B00022F40042C3F8002BD0F81C38097801F06B
:1009C0000F0101228A4023EA0243C0F81C380020AC
:1009D000704700EB4313D3F80029002A12DBD3F849
:1009E000002922F40042C3F80029D0F81C28097815
:1009F00001F00F0101238B409BB222EA0303C0F8F0
:100A00001C38E4E7D3F8002942F00062C3F800295B
:100A1000D3F8002942F08042C3F80029DFE7D3F879
:100A2000002B42F00062C3F8002BD3F8002B42F0F9
:100A30008042C3F8002BB9E710B483B0024600230C
:100A40000193487801280BD00B7802EB4313D3F8BD
:100A5000000B00282DDB002003B05DF8044B70472D
:100A60000B7802EB4313D3F80049002C01DB002084
:100A7000F2E7D3F8004944F00064C3F800490B786A
:100A800002EB4313D3F8004944F08044C3F8004913
:100A9000019B01330193019C42F210739C42DBD80D
:100AA0000B7802EB4313D3F80039002BF0DB002066
:100AB000D2E7D3F8000B40F00060C3F8000B0B78CE
:100AC00002EB4313D3F8000B40F08040C3F8000B57
:100AD000019B01330193019842F21073984208D8A8
:100AE0000B7802EB4313D3F8003B002BF0DB002024
:100AF000B2E70120B0E710B59DF8084084B9033390
:100B00004FEA930E4FF0000C08E000EB023303F5C0
:100B1000805351F8044B1C600CF1010CF445F4D3E4
:100B2000002010BDF0B583B00C784B78012B2DD090
:100B300000EB441C0CF530631D696FF312051D6159
:100B40001D696FF3DC451D61002C40F0CE800C69FF
:100B50000CB18C680C618C680C621D69C4F31204C2
:100B60002C431C611C6944F400241C61012A00F020
:100B7000DF800B79012B00F0E180DCF8003B43F0D3
:100B80000443CCF8003B002003B0F0BD0B6973BBFD
:100B900000EB4413D3F810596FF3DC45C3F8105938
:100BA000D3F8105945F40025C3F81059D3F810595B
:100BB0006FF31205C3F81059012A54D000EB441406
:100BC000D4F8003943F00443C4F800390B79012B01
:100BD00072D00B69002BD6D0D0F83438097801F0E8
:100BE0000F0101228A401343C0F83438CBE700EBF1
:100BF000441303F510631D696FF312051D611D6930
:100C00006FF3DC451D6184B90E698D68AE4200D971
:100C10000D611D6945F400251D611D690E69C6F34E
:100C2000120C45EA0C051D61C6E70D698E68354456
:100C3000013DB5FBF6F51E691FFA85FC494F07EA31
:100C4000C54535431D610D79012DE6D11D6925F09E
:100C5000C0451D611D694FEA4C7C0CF0C04C45EA53
:100C60000C051D61D9E7CB691BB100EB4412C2F83A
:100C700014390B79012B08D000EB4414D4F8003957
:100C800043F00443C4F800397DE7D0F8083813F482
:100C9000807F08D100EB4412D2F8003943F00053B2
:100CA000C2F80039E8E700EB4412D2F8003943F00B
:100CB0008053C2F80039DFE7D0F8083813F4807F9A
:100CC0000CD1D4F8003943F00053C4F80039009235
:100CD0000B8A0A78C968FFF70EFF54E7D4F8003989
:100CE00043F08053C4F80039F1E70C6954B91C692A
:100CF0008D68C5F312052C431C611C6944F4002463
:100D00001C6133E78D682C44013CB4FBF5F4A4B2BC
:100D100004FB05F50D621D69124E06EAC4442C431E
:100D20001C611C690D6AC5F312052C431C611DE78B
:100D3000CA68002A3FF41DAF5A611AE7D0F8083894
:100D400013F4807F06D1DCF8003B43F00053CCF86D
:100D5000003B12E7DCF8003B43F08053CCF8003B4B
:100D60000BE700BF0000F81F10B5844608464FEAA5
:100D7000920E02F00302002305E00CF58051096891
:100D800040F8041B01337345F7D37AB10CF5805C4E
:100D9000DCF800400021CBB2DB0024FA03F300F8BA
:100DA000013B0131013A92B2002AF4D110BD0B7817
:100DB0004A78012A14D000EB4310D0F8002B002A07
:100DC00006DB2BB1D0F8003B23F08043C0F8003B9A
:100DD000D0F8003B43F40013C0F8003B00207047FC
:100DE00000EB4310D0F80029002A06DB2BB1D0F825
:100DF000003923F08043C0F80039D0F8003943F4BB
:100E00000013C0F80039E9E70B784A78012A0ED0C0
:100E100000EB4310D0F8003B23F40013C0F8003B74
:100E20000B79023BDBB2012B15D90020704700EB98
:100E30004310D0F8003923F40013C0F800390B79BF
:100E4000023BDBB2012BF0D8D0F8003943F08053DD
:100E5000C0F80039E9E7D0F8003B43F08053C0F810
:100E6000003BE2E710B50446002208E004EB421321
:100E70004FF67F31C3F80819C3F8081B01320E2A58
:100E8000F4D90022C4F81028C4F81428C4F81C2887
:100E90002046FFF770FB00B110BD10212046FFF780
:100EA00045FBF9E7D0F8003823F4FE63C0F80038BA
:100EB000D0F80038090101F4FE610B43C0F8003896
:100EC00000207047D0F8003E23F00303C0F8003E36
:100ED000D0F8043823F00203C0F80438002070472B
:100EE000D0F8003E23F00303C0F8003ED0F80438E9
:100EF00043F00203C0F8043800207047426980695B
:100F00001040704700EB411000F5A063D0F80805D1
:100F1000DB6818407047D0F8183800F50060C069E9
:100F20001840000C7047D0F8183800F50060C06910
:100F3000184080B2704700EB4111D1F8082B00F542
:100F40000060406910407047D0F81028D0F834385D
:100F500001F00F0C23FA0CF3DB01DBB2134300EBBF
:100F6000411000F5106080681840704743690B40DD
:100F700043617047406900F00100704738B505468D
:100F8000C36823F0C043C360012913D019BBC368F1
:100F900043F08043C36000240A20EEF74BFE0A347E
:100FA0002846FFF7E7FF08B1C72CF5D9C82C14D0A5
:100FB000002038BDC36843F00053C36000240A20FA
:100FC000EEF738FE0A342846FFF7D4FF0128EDD0AB
:100FD000C72CF4D9EAE70120EBE70120E9E7D0F8D4
:100FE00000396FF30A03C0F80039D0F8043843F42D
:100FF0008073C0F804380020704710B4046C154B9F
:101000009C4203D9D0F8003B002B16DB0024C0F82B
:10101000104BD0F8104B44F40024C0F8104BD0F81B
:10102000104B44F01804C0F8104BD0F8104B44F0AB
:10103000C044C0F8104B012903D000205DF8044BD8
:101040007047C0F8142BD0F8003B43F08023C0F861
:10105000003BF2E70A30544F84B038B5044605A887
:1010600080E80E000023C4F8003EA36B43F4001395
:10107000A363A36B23F40023A363A36B23F4802354
:10108000A363E36813F0400F11D19DF81730012BD3
:1010900006D0D4F8003423F00403C4F800340CE084
:1010A000D4F8003443F00403C4F8003405E0D4F865
:1010B000003423F00403C4F8003410212046FFF765
:1010C00035FA054600B101252046FFF754FA00B174
:1010D0000125002209E004EB42134FF0FF31C3F871
:1010E00008150021C3F80C1501329DF81530934204
:1010F000F1D80023A3614FF0FF3363618023636263
:1011000003F5C003A362094BC4F800319DF8163003
:101110001BB9A36943F01003A361A269044B1343F5
:10112000A3612846BDE8384004B07047E0004000A5
:10113000080020A300F5806CD0F8003423F00303EE
:10114000C0F80034D0F8003401F003021343C0F8B3
:101150000034012907D002290BD141F27073CCF879
:101160000430002070474BF68033CCF80430002068
:1011700070470120704730B583B0044600250195C3
:10118000D0F840340193019B23F02E030193019B7F
:1011900043F48073C0F840346420EEF74BFD019BAC
:1011A00023F48073C4F840340A20EEF743FD284648
:1011B00003B030BD82B000230193D0F840340193D6
:1011C000019B23F02E030193019B13F4805F01D157
:1011D00001290CD0019B13F4805F05D021B9019B3C
:1011E00023F48053C0F84034002002B07047019BC4
:1011F00043F48053C0F84034ECE782B000230193FD
:10120000D0F8403401930198C0F3414002B07047D8
:1012100000F58060806880B270472DE9F843914600
:101220001C469DF8245000EB411606F5A0634FF0D4
:10123000FF329A60032D71D8DFE805F00262025494
:1012400040F29D42DA6019F0800F45D1002700225C
:101250005A60DA6842F00202DA60D0F8183401F01D
:101260000F0101228A401343C0F81834836943F008
:101270000073836119F0800F52D14FF00008FFF71F
:10128000BCFF9DF82030022B4DD00022A30503F0B7
:10129000FE534FEAC92909F4F04943EA0903A904B6
:1012A00001F440210B43BDF82810C1F30A010B43A0
:1012B00043EA0803134343F48013C6F80035032DB3
:1012C00001D0012D05D1D6F8003543F00053C6F802
:1012D00000353846BDE8F883DA6842F48072DA6097
:1012E0000027B4E740F29D62DA6019F0800F01D167
:1012F0000027ACE7DA6842F48072DA600027A6E7DC
:1013000040F22522DA6019F0800F01D100279EE714
:10131000DA6842F4C072DA60002798E7012796E79E
:101320004FF40048ABE7022802D04FF40032ADE79B
:101330000022ABE770B584B04B788C79012C13D0C8
:101340000C6A002C4BD08D8A04EB050C0CF1FF3C91
:10135000BCFBF5FC1FFA8CFCBCF5807F41D92D024B
:10136000CD614FF4807C3CE0CC7824B18C8ACC6198
:101370004FF0010C3CE08C7C012C06D0012A26D0D9
:101380000C6ACC614FF0010C32E00C6ABC2C0FD916
:101390008C8ACC610C62CC68013C012C03D90124FD
:1013A000CC60A44624E00224CC604FF0010C1FE086
:1013B000CC61CC68013C012C04D90424CC604FF0F2
:1013C000010C15E00324CC604FF0010C10E00D6A15
:1013D0008C8AA542D4D9CC614FF0010C08E04FF0C3
:1013E000010CCD78002D60D08C8A04FB0CF4CC610C
:1013F000CC69C4F312046F4D05EACC452C4391F837
:1014000016C04FEA4C7C0CF0C04C00EB431303F5C4
:10141000A06E44EA0C04CEF8104012B18C69CEF8EC
:10142000144000F58065AC68D3F8006526F00056DE
:10143000C3F80065D3F800656FEA040C4FEA4C7CF2
:101440000CF0005C46EA0C06C3F800658C79012CB0
:101450002DD00024CEF80440D3F800450394039C1B
:1014600024F080440394CC78002C7DD0039C44F479
:1014700000440394039C44F000440394039CC3F889
:101480000045002A40F08780CB78002B40F0838015
:101490000B6A002B7FD0CA79002A7CD18A7C032A70
:1014A00072D8DFE802F0667B667BCC61A0E74E7CF9
:1014B0000C7C44EAC61444F00044CEF80440DEF844
:1014C0000C4044F06004CEF80C40CC79012C12D0D2
:1014D0008C7C012C1FD0032C1DD08C7C012CBBD10B
:1014E000CC78002CB8D1CC68013C032CB4D8DFE810
:1014F00004F01F262D34CC78002CE9D1DEF804400E
:1015000044F48034CEF80440DEF80C4044F040044B
:10151000CEF80C40DCE7CC79012CDED1CC78012C64
:10152000DBD1DEF8044044F48034CEF80440D4E744
:10153000DEF8044044F40044CEF804408CE7DEF8C2
:10154000044044F00E04CEF8044085E7DEF8044081
:1015500044F48044CEF804407EE7DEF8044044F4CE
:101560004044CEF8044077E7039C24F400440394FD
:1015700080E70333C26A92B2C3F38F039A4203D265
:10158000836943F020038361002300930B8C4A7826
:101590008969FFF7B0FA002004B070BD03332A69EF
:1015A00092B2C3F38F039A42EED2836943F0806311
:1015B0008361E9E70000F81F00F58060406980B2B0
:1015C000704770B483B00023019300EB411101F523
:1015D000A062D1F80035C3F38143D1F800555468B7
:1015E000866816F0200F08D0ED0FE40F2CB9002DFF
:1015F0005AD0012B58D0032B56D01BB3022B21D02D
:10160000D1F8003543F08043C1F80035D0F81034EC
:1016100013F47F0F4CD1D1F8003523F00043C1F80B
:101620000035D1F8003543F00043C1F80035019B87
:1016300001330193019BB3F57A7F35D81368002BF2
:10164000F5DB31E0D1F8003543F08043C1F80035D7
:10165000836813F0200F21D1C36A13F47F0F16D1D2
:10166000D1F8003523F00043C1F80035D1F800353A
:1016700043F00043C1F80035019B01330193019B06
:10168000B3F57A7F10D81368002BF5DB0CE0D1F8A6
:10169000003543F00043C1F8003505E0D1F80035CE
:1016A00043F00043C1F80035002003B070BC704720
:1016B000D1F8003543F00043C1F80035F4E700EB02
:1016C0004110064AC0F81025D0F8003523F08043B9
:1016D00043F00043C0F80035002070470000088048
:1016E00030B583B0044600230193FEF719FF1021A3
:1016F0002046FEF71BFF054600B101252046FEF7F8
:101700003AFF00B1012500220AE004EB4211D1F8B2
:10171000003523F0802343F08043C1F800350132C7
:101720000F2AF2D9002100E001310F2916D804EB6D
:10173000411000F5A062D0F8003523F4004343F0D7
:101740004043C0F80035019B01330193019BB3F581
:101750007A7FE9D81368002BF5DBE5E74FF0FF331C
:10176000C4F8143463612046FEF7D4FE284603B063
:1017700030BDD0F8083800F5006013F0010F03D039
:10178000436843F00103436000207047D0F80438F9
:1017900023F00103C0F804380020704710B5D0F8DA
:1017A000D43203F1B00250F822408CB100EB820039
:1017B00043687BB194F80002FF280DD09B6894F831
:1017C000012221469847FF2384F80032002010BDF3
:1017D0000320FCE70020FAE70020F8E70A23038053
:1017E000004870474C000020F8B506460F4F822194
:1017F000384600F066FC05460121384600F061FCE1
:1018000004468121384600F05CFC0DB11022AA711B
:101810001CB1402222710022627118B14022027173
:1018200000224271432333800048F8BD5800002055
:10183000F8B506460F4F8221384600F042FC0546B7
:101840000121384600F03DFC04468121384600F075
:1018500038FC0DB11022AA711CB140222271002265
:10186000627118B140220271002242714323338019
:101870000048F8BD58000020F8B506460F4F8221F9
:10188000384600F01EFC05460121384600F019FCE0
:1018900004468121384600F014FC0DB11022AA71D3
:1018A0001CB1002222710222627118B10022027161
:1018B00002224271432333800048F8BD58000020C3
:1018C00038B5D0F8D432B03350F8235095B104462F
:1018D00009F08AFBC5F80C02D4F8D432B03304EB1B
:1018E00083046368DB6805F50371D5F80402984743
:1018F000002038BD0320FCE738B5D0F8C852D0F836
:10190000D432B03350F8234084B301F00F0303EB1B
:10191000830200EB820252694AB103EBC30C05EB70
:101920008C05ED69B2FBF5FC05FB1C2292B100238E
:10193000C4F81432D0F8D432B03300EB83004368DB
:101940001B69ABB10A4604F50471D4F80802984744
:10195000002038BD03EB830300EB830300245C61AC
:101960002346224609F0A4FB2046F2E70320F0E7D5
:101970000020EEE7F0B583B0D0F8D43203F1B00226
:1019800050F8227000228DF80720ADF80420002FB7
:1019900078D004460D46097811F0600634D0202E28
:1019A00069D1EA882AB311F0800F0ED16B7887F8DD
:1019B0000032EA883F2A1AD8D2B287F80122394683
:1019C000204600F04FFF002659E0B03300EB8303C0
:1019D0005B689B68394668789847EA88072A28BF79
:1019E00007223946204600F027FF002647E0402224
:1019F000E3E7B03300EB83035B689B680022294672
:101A00006878984700263AE06F780B2F2ED8DFE8E9
:101A100007F006362D2D2D2D2D2D2D2D152490F86A
:101A20009C32032B04D0294600F088FB032626E0D5
:101A3000022201A900F000FF3E4620E090F89C320F
:101A4000032B04D0294600F079FB032617E001227E
:101A50000DF1070100F0F0FE11E090F89C32032B2D
:101A60000DD0294600F06AFB032608E0294600F065
:101A700065FB032603E0294600F060FB03263046A1
:101A800003B0F0BD0326FAE738B50446812109F01A
:101A9000E7FA002584F837500121204609F0E0FAE2
:101AA00084F877518221204609F0DAFA84F84B5005
:101AB0006564D4F8D43203F1B00254F822209AB10C
:101AC000B03304EB83035B685B689847D4F8D43287
:101AD000B03354F8230009F091FAD4F8D432B0337B
:101AE00044F82350C4F8BC52002038BD70B50446F9
:101AF0004FF4077009F07EFA002849D005464FF4EC
:101B0000077200210FF0FAFBD4F8D432B03344F856
:101B10002350C4F8BC52237C002B41D14FF40073F6
:101B200002228121204609F090FA012684F83760CC
:101B30004FF4007302223146204609F086FA84F8F9
:101B4000776110236364082303228221204609F071
:101B50007CFA012384F84B300026C5F80462D4F8DF
:101B6000D432B03304EB83035B681B689847C5F835
:101B70001462C5F81862D5F8042262B3257C1DBB37
:101B80004FF400730121204609F09AFA284670BDEF
:101B9000D4F8D432B033002244F823200225F5E7EC
:101BA000402302228121204609F04FFA012684F8C1
:101BB0003760402302223146204609F046FA84F875
:101BC000776110236364BEE740230121204609F0BA
:101BD00077FA0025DAE70225D8E739B1D0F8D43210
:101BE000B03300EB83004160002070470320704752
:101BF000D0F8D432B03350F823302BB1C3F80812E8
:101C0000C3F810220020704703207047D0F8D43268
:101C1000B03350F823301BB1C3F8041200207047D2
:101C20000320704708B5D0F8D432B03350F82320E1
:101C30008AB1D2F814320BB1012008BD0123C2F8D9
:101C40001432D2F810328362D2F80822812109F0CE
:101C50002FFA0020F1E70320EFE710B5D0F8D432D7
:101C6000B03350F8232092B1047C44B94FF4007390
:101C7000D2F80422012109F023FA204610BD4023A6
:101C8000D2F80422012109F01BFA0024F5E703240D
:101C9000F3E700BF98B108B503460020C3F8B802C7
:101CA000C3F8C402C3F8D00209B1C3F8B4120121C9
:101CB00083F89C121A70184609F04CF908BD0320ED
:101CC000704710B5044609F0B8F9012384F89C3236
:101CD000D4F8B8321BB15B682179204698470023BD
:101CE000C4F8C432C4F8B432C4F8D032204609F083
:101CF00094F910BD10B582B00023ADF80630B9B12B
:101D00000446C0F8B812D0F8D422CB6A43B1AE3240
:101D100050F82230DB6A0DF106009847C4F8D00273
:101D2000D4F8D8320133C4F8D832002002B010BD44
:101D30000320FBE708B509F078F908BD10B50446A3
:101D400009F07BF9D4F8B8321BB15B6821792046E1
:101D50009847002010BD0020704708B5D0F8B83271
:101D600013B11B68984708BD0020FCE708B5D0F800
:101D7000B8325B68984700B908BD0320FCE738B566
:101D8000044600F2AA25284600F0C4F90123C4F84D
:101D90009432B4F8B032C4F8983294F8AA1201F030
:101DA0001F03012B07D0022B0AD073B92946204606
:101DB00000F084FB38BD2946204600F0BAFBF9E765
:101DC0002946204600F0F7FBF4E701F080012046A9
:101DD00009F056F9EEE7F8B50446012380F89C3285
:101DE0000023C0F894324360C0F8A43280F8A032D7
:101DF000D0F8B832E3B15B68E3B1002198470746F9
:101E0000D0B9402300221146204609F01EF90126D0
:101E100084F863614025A4F860512B46002280219C
:101E2000204609F012F984F8236025843846F8BD6D
:101E30000027E6E70027E4E70327E2E70174002034
:101E4000704790F89C32042B04D090F89C32DBB29F
:101E500080F89D32042380F89C320020704790F86F
:101E60009C32042B01D00020704790F89D32DBB2E9
:101E700080F89C32F7E708B590F89C32032B01D02C
:101E8000002008BDD0F8B832002BF9D0DB69002B58
:101E9000F6D09847F4E708B5D0F8D432AE3350F80E
:101EA000233053B190F89C22032A01D0002008BDB2
:101EB0001B6A23B198470020F9E70320F7E70020C9
:101EC000F5E708B5D0F8D432AE3350F8233053B12B
:101ED00090F89C22032A01D0002008BD5B6A23B140
:101EE00098470020F9E70320F7E70020F5E70020F6
:101EF000704708B5012380F89C32D0F8B83223B17E
:101F00005B680179984710B908BD0020FCE7032001
:101F1000FAE7002070470020704738B504460D46A8
:101F2000002944D1D0F89432032B01D0084638BDA3
:101F3000D0F85831B0F86021934209D890F8AA320D
:101F400003F01F03012B12D0022B1ED0084613E012
:101F50009B1AC0F85831D0F864111144C0F86411CC
:101F60009A4238BF1A4600F08EFC2846DFE790F808
:101F7000AE12FFF7CEFF18B994F89C32032B09D0AC
:101F8000204600F088FC2846D1E790F8AE12FFF713
:101F9000C2FFF0E700F1AE0354F823301A69002ABB
:101FA000EED0C4F8D4021B6920469847E8E701F058
:101FB0007F01FFF7B0FF88B994F89C32032BB6D1AC
:101FC00000F1AE0354F823309A69002AAFD0C4F868
:101FD000D4029B69294620469847A8E70020A6E737
:101FE00038B504460D4600294BD1D0F89432022B67
:101FF00007D094F8A00218B1002384F8A032284634
:1020000038BD8269038C9A420DD89A4219D094F84F
:102010009C32032B29D08021204609F031F820463C
:1020200000F044FCE5E7D21A8261416A194441623A
:1020300000F010FC00231A461946204609F040F82B
:10204000D7E742699342E2D8D0F898329A42DED27A
:102050000022114600F0FEFB0021C4F898120B4646
:102060000A46204609F02CF8C3E7D4F8B832DA68FB
:10207000002AD0D00022C4F8D422DB68204698473A
:10208000C9E741F08001FFF746FF88B994F89C3218
:10209000032BB5D100F1AE0354F823305A69002A5E
:1020A000AED0C4F8D4025B69294620469847A7E71A
:1020B0000020A5E70B88027813440B8003781844AE
:1020C0007047428803789A4218D930B583B00446E5
:1020D0000D46ADF806306388BDF806209A420AD254
:1020E0000DF10601FFF7E6FF4378052BF3D1837866
:1020F000AB42F0D100E0002003B030BD00207047BB
:102100000346002002E00130C0B201331A78002AF1
:10211000F9D170470B7803704B7843708B78CA788D
:1021200043EA022343800B794A7943EA02238380FE
:102130008B79CA7943EA0223C380704710B50446FD
:10214000802108F09DFF0021204608F099FF10BD76
:1021500030B583B004460D460023ADF806304A88FA
:10216000130A013B062B00F2AA80DFE803F0041EED
:1021700032A8A88C9900D0F8B4321B680DF1060182
:10218000007C9847EA88002A00F0A380BDF806305A
:10219000002B00F099809A4228BF1A46ADF806201D
:1021A0000146204600F048FB8CE0037C43B9D0F8A0
:1021B000B8329B6A0DF10600984702234370E1E7AD
:1021C000D0F8B832DB6A0DF106009847022343705D
:1021D000D8E7D2B2052A52D8DFE802F003101D2A50
:1021E0003744D0F8B4325B6823B10DF10601007CAE
:1021F0009847C7E72946FFF7A1FF63E0D0F8B4325C
:102200009B6823B10DF10601007C9847BAE7294687
:10221000FFF794FF56E0D0F8B432DB6823B10DF13C
:102220000601007C9847ADE72946FFF787FF49E0A4
:10223000D0F8B4321B6923B10DF10601007C984738
:10224000A0E72946FFF77AFF3CE0D0F8B4325B699B
:1022500023B10DF10601007C984793E72946FFF76B
:102260006DFF2FE0D0F8B4329B6923B10DF1060168
:10227000007C984786E72946FFF760FF22E0294661
:10228000FFF75CFF1EE0037C33B9D0F8B8325B6B1C
:102290000DF10600984775E72946FFF74FFF11E05B
:1022A000037C43B9D0F8B8321B6B0DF10600984798
:1022B0000723437066E72946FFF740FF02E02946FF
:1022C000FFF73CFF03B030BD29462046FFF736FF3D
:1022D000F8E7204600F0DFFAF4E738B504468B88CB
:1022E000F3B9CB88E3B94B887F2B19D803F07F056E
:1022F00090F89C32032B0CD080F89E52294608F0AF
:10230000CFFE204600F0C7FA35B1022384F89C3294
:1023100009E0FFF713FF06E0012384F89C3202E096
:102320002046FFF70BFF38BD70B504460E468D788A
:102330002F4B1D70012D10D890F89C32DAB2022B71
:102340000FD0032A26D0FFF7F9FE294B1978204633
:10235000FFF70CFD0325284670BDFFF7EFFE0325B0
:10236000F9E7A5B145602946FFF7F7FC054638B106
:1023700031462046FFF7E2FE022384F89C32EAE76A
:10238000204600F088FA032384F89C32E3E700F04B
:1023900082FAE0E7CDB141688D4225D0C9B2FFF79E
:1023A000E5FC134B197861602046FFF7D6FC054623
:1023B000B0B131462046FFF7C1FE21792046FFF734
:1023C000D5FC022384F89C32C5E7022380F89C32B6
:1023D00045602946FFF7CAFC204600F05CFABAE7E0
:1023E000204600F058FAB6E700F055FA0025B2E7AB
:1023F000688E002008B5CB88012B0BD190F89C3259
:10240000DAB2022B09D9032A11D10122011D00F0F1
:1024100013FA01E0FFF792FE08BD52B23AB101464D
:10242000002341F8083F012200F006FAF4E7FFF725
:1024300085FEF1E708B590F89C32013B022B12D8DB
:10244000CB88022B0CD10123C360D0F8A4320BB18E
:102450000323C360022200F10C0100F0EDF908BD76
:10246000FFF76CFEFBE7FFF769FEF8E708B54B885E
:10247000012B04D0022B07D0FFF760FE08BDC0F887
:10248000A43200F008FAF9E78B881B0A80F8A03222
:1024900000F001FAF2E708B590F89C32013B022BFC
:1024A00009D84B88012B00D008BD0023C0F8A43206
:1024B00000F0F1F9F8E7FFF741FEF5E738B50C78E1
:1024C00004F06004202C06D0402C04D06CB1FFF73F
:1024D00035FE002407E0D0F8D432AE3350F8233074
:1024E0009B6898470446204638BD4D78092D1DD875
:1024F000DFE805F012191C161C08051C0F0BFFF76E
:1025000027FEF0E7FFF7E9FEEDE7FFF70DFF0446D2
:10251000E9E7FFF76FFFE6E7FFF78CFF2C46E2E7FE
:10252000FFF7A4FFDFE7FFF7B6FFDCE7FFF706FEE4
:10253000D9E770B505460C460B7803F06003202BF5
:1025400007D0402B05D023B1FFF7F8FD0026304619
:1025500070BD95F89C32013B022B26D821790129C8
:1025600005D921462846FFF7E9FD0026EFE7284672
:10257000FFF7CFFC68B900F1AE0255F82220916850
:1025800089B1C5F8D4029368214628469847064683
:1025900000E00326E388002BD9D1002ED7D12846AE
:1025A00000F079F9D3E70326F4E721462846FFF740
:1025B000C5FD0026CBE72DE9F04106460D468B8888
:1025C000DFB20C7804F06004202C08D0402C06D038
:1025D000DCB1FFF7B3FD00242046BDE8F0813946A9
:1025E0003046FFF798FC0446002840F0FD80C6F80E
:1025F000D40200F1AE0356F823309B68002BEBD0D9
:102600002946304698470446E6E791F80180B8F13C
:10261000010F31D0B8F1030F05D0B8F1000F67D02A
:10262000FFF78CFDD8E790F89C32DAB2022B04D089
:10263000032A12D0FFF782FDCEE70FB1802F04D11D
:1026400029463046FFF77AFDC6E7394608F018FDFF
:102650008021304608F014FDBEE74B8823B91FB136
:10266000802F01D0CB881BB1304600F014F9B3E7BE
:10267000394608F005FDF7E790F89C32DAB2022BF4
:1026800004D0032A12D0FFF759FDA5E70FB1802F20
:1026900004D129463046FFF751FD9DE7394608F041
:1026A000EFFC8021304608F0EBFC95E74B88002BCF
:1026B00092D117F07F0F17D1304600F0ECF8394671
:1026C0003046FFF728FC002886D1C6F8D40200F176
:1026D000AE0256F822209268002A00F08780294630
:1026E00030469047044677E7394608F0D1FCE3E7E7
:1026F00090F89C22D1B2022A06D003292AD029467A
:10270000FFF71CFD444667E70FB1802F14D113F08B
:10271000800F16D107F07F0707EB8707B90001F597
:10272000A87131440431002301F80E3F02223046E3
:1027300000F082F844464FE72946FFF7FFFC444685
:102740004AE707F07F0707EB8707B90010313144EC
:102750000431E8E75BB2002B20DB07F00F0202EB4D
:10276000820200EB820292F863412CB3002B27DB3C
:1027700007F07F0303EB83039C0004F5A874344443
:1027800004340FB1802F24D10023A373022204F15B
:102790000E01304600F050F844461DE707F00F02E6
:1027A00002EB820200EB820292F82340002CDDD182
:1027B0002946FFF7C3FC0FE72946FFF7BFFC0BE7ED
:1027C00007F07F0303EB83039C001034344404348C
:1027D000D7E73946304608F0F1FB10B10123A37367
:1027E000D4E70023A373D1E70024F5E60446F3E61B
:1027F00000B370B50D4616460446FFF781FC013064
:102800004300B3F5007F06D89BB233802B700323BF
:102810006B7002230AE04FF40073F6E7EA540134C8
:102820005A1CD2B20021A9540233DBB22278002A0A
:10283000F4D170BD704700BF08B513460222C0F83E
:1028400094224361416283610A46002108F030FC12
:10285000002008BD08B513460A46002108F028FCF0
:10286000002008BD08B513460322C0F89422C0F822
:102870005431C0F86411C0F858310A46002108F0FC
:102880001FFC002008BD08B513460A46002108F0C9
:1028900017FC002008BD08B50422C0F894220023CC
:1028A0001A46194608F004FC002008BD08B50522A8
:1028B000C0F8942200231A46194608F001FC0020B3
:1028C00008BD08B508F090FB08BD000008B5044B32
:1028D00003EB8002526852680344187A904708BD9F
:1028E000948E0020094B1B5C73B910B50446074B4E
:1028F00003EB8002526812680344187A904710B9BB
:10290000024B01221A5510BD00207047948E002002
:1029100038B5044C04EB80056D68AD680444207A3A
:10292000A84738BD948E002038B5044C04EB8005D0
:102930006D68ED680444207AA84738BD948E002065
:1029400010B5044B03EB8004646824690344187ACF
:10295000A04710BD948E0020002070474278007878
:1029600040EA02207047C378827842EA0322437823
:1029700043EA0223007840EA032070470170090A05
:10298000417070470170C1F307234370C1F30743DF
:102990008370090EC1707047944632B10A780131D4
:1029A00002700130BCF1010CF8D1704701700130A8
:1029B000013AFBD1704784469CF800000CF1010CF1
:1029C0000B780131C01A013A01D00028F4D07047C9
:1029D000034600E00133187808B18842FAD1704705
:1029E00030B400252B4601E001250133012B15D819
:1029F0001A01174CA258002AF6D00468A242F4D15A
:102A0000134A02EB0312546882689442EDD1104AD3
:102A100002EB0312946842699442E6D1022B0AD079
:102A2000A1B90B4A02EB03139B89B3F5807F0BD04E
:102A3000002030BC70472DB9022901D01220F8E7E0
:102A40000020F6E70020F4E71020F2E71020F0E77E
:102A50006C8E0020002000E00130012804D8030122
:102A6000034AD358002BF7D1023818BF0120704712
:102A70006C8E002070B4002300E00133012B13D8CA
:102A80001A01234CA45802689442F6D1204A02EB62
:102A90000312546882689442EFD11D4A02EB03127C
:102AA000946842699442E8D1022B08D0F9B1184ADF
:102AB00002EB031292894ABB4FF480721DE000239F
:102AC000012B05D81A01124CA2580AB10133F7E7BD
:102AD000022B19D00E4D1C0105EB031206682E5176
:102AE000846854604069906000209081DEE7084A65
:102AF00002EB03129289013292B2054901EB0311F4
:102B00008A81581C70BC70470020FBE70020F9E761
:102B10006C8E00200138012815D80D4B03EB0013F3
:102B20009B89B3F5807F03D043B1013B9BB200E0AA
:102B30000023074A02EB0012938133B903010020FE
:102B4000034AD0507047022070470020704700BFF2
:102B50006C8E0020002303E05DF8044B70470133C6
:102B6000012B11D81A0109498A588242F7D110B4B1
:102B70001A0100248C500133012BEDD81A010349AE
:102B80008A588242F7D1F3E7704700BF6C8E00206D
:102B90000239C369023B8B4204D94389006B01FBB4
:102BA00003007047002070470268C36A0433490A73
:102BB0005289B1FBF2F101E0091A0833186818B123
:102BC0008142F9D258680844704770B506460D46F0
:102BD00001F11A00FFF7C2FE3378032B00D070BD5D
:102BE000044605F11400FFF7B9FE44EA0040F6E799
:102BF00070B506460C46154691B204F11A00FFF76F
:102C0000BDFE3378032B00D070BD290C04F11400F5
:102C1000FFF7B4FEF8E72DE9F04180460E4601F1DA
:102C20001A00FFF79BFE50BB357825F04005013DAB
:102C300005EB450305EB83050127002404E04FF66F
:102C4000FF73984220D101340C2C0DD8114B185D24
:102C50003044FFF783FE002FF1D0132D12D828F84F
:102C6000150007460135EEE7337813F0400F0DD01D
:102C7000132D0DD8002328F81530012000E0002086
:102C8000BDE8F0810020FBE70020F9E70120F7E72D
:102C90000020F5E7F4D503082DE9F84380460F46F8
:102CA00091464B730F23CB7200240C73214607F11E
:102CB0001A00FFF763FE09F1FF3606EB460306EB49
:102CC0008306254602E001340C2C11D84FF6FF7321
:102CD0009D4202D038F8165001360C4B185D29463B
:102CE0003844FFF74BFE002DEDD14FF6FF75EAE7B4
:102CF0004FF6FF739D4202D038F816300BB949F0F9
:102D0000400987F80090BDE8F88300BFF4D50308B8
:102D100070B582B0054616461C460B22FFF73CFEF6
:102D2000052C11D807231FE001310F290CD803F01F
:102D3000010C0CEB44045B0814F4803FF4D084F4E1
:102D4000883484F02104EFE73388002BEAD0023680
:102D50000021EAE75A1E08336B4403F8081C2109D6
:102D60000F2C0AD913460C4604F00F0202F1300171
:102D70003929EFD902F13701ECE77E2102F108038E
:102D80006B4403F8081C002300E00133934209D28E
:102D9000E95C2029F9D105E02020591CE8540729D5
:102DA00009D80B46072AF7D802F10801694411F83F
:102DB000080C0132F1E702B070BD01464FF00B0C78
:102DC0000020C30143EA50030A78013152FA83F329
:102DD000D8B2BCF1010CF4D170470146006838B19B
:102DE000024613781F2B06D93A2B04D00132F8E79C
:102DF0004FF0FF3070473A2B01D000207047034658
:102E000013F8010B3038092808D89A4202D04FF045
:102E1000FF30704728B901320A6070474FF0FF3029
:102E200070474FF0FF3070470160002343608360BC
:102E3000704730B108B5006902F039FF00B10120D8
:102E400008BD002070472DE9F041C57815B9284626
:102E5000BDE8F0810446476B00F1380801233A468B
:102E600041464078FFF760FD0546A0B90023E370B6
:102E7000A36AFB1A226A9342E9D2A67808E0236A81
:102E80001F4401233A4641466078FFF74DFD013E5D
:102E9000012EF4D8DBE70125D9E770B5436B8B42EF
:102EA00002D10026304670BD04460D46FFF7CBFF29
:102EB00006460028F6D101232A4604F1380160783D
:102EC000FFF726FD10B101264FF0FF356563E9E7F6
:102ED00038B504460023C3704FF0FF334363FFF758
:102EE000DCFF30BB054604F23620FFF737FD4AF61B
:102EF000552398421FD194F83830E92B07D0A36BA3
:102F000003F0FF130D4A934201D0022514E004F1AF
:102F10006E00FFF728FD20F07F40094B98420BD050
:102F200004F18A00FFF71FFD064B984204D00225EA
:102F300002E0042500E00325284638BDEB009000A0
:102F400046415400464154332DE9F04F85B00E46BA
:102F5000174600230B60FFF740FF041EC0F24B81B1
:102F6000B94B03EB84031D6A002D00F0468128460F
:102F7000FFF75FFF002800F04581356007F0FE078E
:102F80002B7873B16878FFF7A1FC10F0010608D127
:102F9000002F00F0338110F0040F00F02F810A267B
:102FA0002CE100232B70E0B26870FFF79BFC10F05F
:102FB000010640F029811FB110F0040F40F0268176
:102FC00000212846FFF784FF02287ED0002704282E
:102FD00000F01E81012800F21D8105F14300FFF77A
:102FE000BDFCB0F5007F40F0178105F14E00FFF702
:102FF000B5FC044620B905F15C00FFF7B4FC0446BB
:103000002C6295F84820AA70531EDBB2012B00F207
:10301000058104FB02F895F84590A5F80A90B9F1EE
:10302000000F00F0FD8009F1FF3319EA030F40F0B3
:10303000F98005F14900FFF791FC8246288110F0E4
:103040000F0F40F0F18005F14B00FFF787FC83463E
:1030500020B905F15800FFF786FC834605F14600CC
:10306000FFF77CFC0246002800F0E08000EB08033C
:1030700003EB1A139B45C0F0DB80ABEB030BBBFBF0
:10308000F9F1CB45C0F0D6804FF6F570814234D8C7
:1030900040F6F570814268D94FF0020B2FE0002016
:1030A00004AB03EB840343F8100C0134032C0ED85B
:1030B00005F13800230103F5DF7318440379002B71
:1030C000EDD00830FFF74FFCEAE70024EEE70024DC
:1030D0000AE039462846FFF7FBFE01287FF677AF66
:1030E0000134032C3FF673AF04AB03EB840353F8B6
:1030F000107C002FEDD10320F2E74FF0030B01F11C
:103100000209C5F81C906F623A44AA623B442B63E3
:10311000BBF1030F2CD0BAF1000F00F091804244B4
:10312000EA62BBF1020F34D009EB490309F001094F
:1031300009EB530909F2FF13B4EB532FC0F082805F
:103140004FF0FF33AB616B6180232B71BBF1030F39
:1031500022D085F800B03C4A938C01339BB2938413
:10316000EB802846FFF7F6FC48E04FF0010BC6E77E
:1031700005F16200FFF7F2FB00285DD1BAF1000F04
:103180005CD105F16400FFF7EEFBE8624FEA8909C4
:10319000D0E74FEA4909CDE705F16800FFF7DEFB0C
:1031A0000128D6D1791C2846FFF777FE0028D0D118
:1031B00000232B7105F23620FFF7D0FB4AF655238A
:1031C0009842C6D105F13800FFF7CDFB1F4B98425E
:1031D000BFD105F50770FFF7C6FB1D4B9842B8D16C
:1031E00005F50870FFF7BFFBA86105F50970FFF74B
:1031F000BAFB6861ADE70B2600E00C26304605B04F
:10320000BDE8F08F0F26F9E70326F7E70A26F5E772
:103210000126F3E70D26F1E70D26EFE70D26EDE792
:103220000D26EBE70D26E9E70D26E7E70D26E5E796
:103230000D26E3E70D26E1E70D26DFE70D26DDE7A6
:103240000D26DBE70D26D9E76C8E00205252614136
:10325000727241612DE9F047012975D907460C4684
:103260001646C3698B4273D90378022B3ED0032BD9
:103270004FD0012B6ED101EB5108816A01EB58212F
:10328000FFF70BFE054600285FD107F1380A08F169
:103290000109C8F3080814F001041DD01AF8083019
:1032A00003F00F0343EA0613DBB20AF808300123E8
:1032B000FB70B96A01EB59213846FFF7EEFD054670
:1032C000002842D1C9F3080944B1C6F307130AF82C
:1032D00009300123FB7038E0F3B2E6E71AF8093051
:1032E000C6F3032223F00F031343F0E7816A01EBD7
:1032F0001421FFF7D2FD054638BB07F13800640002
:1033000004F4FF74B1B22044FFF738FB0123FB70D3
:103310001BE0816A01EBD411FFF7BFFD0546A0B9A0
:1033200026F0704607F13803A40004F4FE741C4430
:103330002046FFF718FB00F0704131432046FFF7AD
:1033400021FB0123FB7000E002252846BDE8F08741
:103350000225FAE70225F8E7F8B50568012954D9EE
:103360000C46EB698B4252D92B78022B2BD0032BC6
:1033700039D0012B4DD101EB5106A96A01EB562141
:103380002846FFF78AFD10B14FF0FF303EE0771C72
:10339000C6F308062E4496F83860A96A01EB572157
:1033A0002846FFF77AFDB0BBC7F308072F4497F80C
:1033B000383046EA032014F0010F01D0000925E05F
:1033C000C0F30B0022E0A96A01EB14212846FFF7A5
:1033D00064FD18BB05F13800640004F4FF74204458
:1033E000FFF7BCFA12E0A96A01EBD4112846FFF7F7
:1033F00054FDB0B905F13800A40004F4FE74204473
:10340000FFF7B1FA20F0704000E00120F8BD012084
:10341000FCE70120FAE74FF0FF30F7E74FF0FF300D
:10342000F4E74FF0FF30F1E72DE9F041D0F80080EC
:10343000B1F5001F3FD207460E4611F01F0F3DD1D8
:1034400041618468E4B998F80030022B01D9D8F8BA
:103450002C40ACB9B8F80830B3EB561F30D9D8F8C7
:103460002C30FB61BC61FB6993B303EB5623FB611A
:1034700008F13808C6F308014144396200201BE016
:10348000B8F80A506D02AE420FD321463846FFF716
:1034900063FF0446B0F1FF3F14D0012814D9D8F8D7
:1034A0001C30834212D9761BEDE721464046FFF7D8
:1034B0006FFBF861D6E70220BDE8F0810220FBE750
:1034C0000220F9E70120F7E70220F5E70220F3E701
:1034D0000220F1E72DE9F041054606680F4651B993
:1034E000D6F81480B8F1000F12D0F369434511D813
:1034F0004FF001080EE0FFF72FFF0346012847D9E0
:10350000B0F1FF3F49D0F269824246D8B84601E0A7
:103510004FF0010844460CE021462846FFF71CFF07
:10352000034678B1012838D0B0F1FF3F35D044458B
:1035300032D00134F369A342EED8B8F1010F29D992
:103540000224E9E74FF0FF3221463046FFF782FEC2
:103550000346B0B977B9A3B97461B269F369023BA4
:103560009A4201D8013AB261337943F001033371D1
:10357000234612E0224639463046FFF76BFE0346EB
:10358000E9E7012B01D0012307E04FF0FF3304E00E
:10359000012302E0002300E000231846BDE8F0818B
:1035A000F8B50C46056801292ED906461146EB6987
:1035B000A3422BD94AB14FF0FF322846FFF74AFE0B
:1035C000074610B123E0A24221D9274621463046C2
:1035D000FFF7C2FE0446E0B101281CD0B0F1FF3F66
:1035E0001BD0002239462846FFF734FE074670B943
:1035F000AB69EA69911E8B42E5D20133AB612B794D
:1036000043F001032B71DEE7022700E00227384672
:10361000F8BD0027FBE70227F9E70127F7E72DE9C7
:10362000F04706684569C369002B6CD0044688469C
:103630002035B5F5001F68D2C5F308073FB901333F
:10364000C361816979B93389B3EB551F07D96561C6
:1036500006F138033B4423620020BDE8F0870023D5
:10366000C3610420F9E77389013B13EA5529EED1C0
:10367000FFF772FE8246012849D9B0F1FF3F48D0DA
:10368000F369834237D8B8F1000F11D0A169204601
:10369000FFF720FF824600283DD001283DD0B0F141
:1036A000FF3F3CD03046FFF7CEFB28B10120D4E7E6
:1036B0000023E3610420D0E74FF40072002106F1FB
:1036C0003800FFF773F951463046FFF761FA70632F
:1036D000738999450BD20123F3703046FFF7B3FB92
:1036E000F8B909F10109736B01337363F0E7736B88
:1036F000A3EB09037363C4F818A051463046FFF7E3
:1037000047FAE061A3E70420A7E70420A5E7022029
:10371000A3E70120A1E707209FE702209DE7012002
:103720009BE7012099E7F8B504460E46076800219B
:10373000FFF77AFE0246C0B9002508E00135B54220
:1037400013D001212046FFF76AFF024668B9E169FC
:103750003846FFF7A2FB024638B9236A1B78E52BEF
:10376000ECD0002BEAD00025EBE7042A01D010466C
:10377000F8BD0722FBE72DE9F843044688460768B1
:103780004FF0FF094E4604252EE00F2B19D112F001
:10379000400F06D091F80D9002F0BF0263692363D9
:1037A0001646B24201D0FF2618E04B7B4B4501D0B4
:1037B000FF2613E0F868FFF72EFA88B3013EF6B251
:1037C0000CE026B90846FFF7F8FA48452BD04FF031
:1037D000FF33236327E0FF2600E0FF260021204679
:1037E000FFF71DFF0546F0B9E169E1B13846FFF783
:1037F00054FB0546B8B9216A0A789AB1CB7A03F02E
:103800003F03A371E52AE6D02E2AE6D023F020005C
:10381000082814BF002001204045B6D0FF26DDE770
:10382000FF26DBE704250DB10023E3612846BDE850
:10383000F88370B5044605684669016BB1F1FF3F36
:103840001AD10023B3B9E1692846FFF726FB0346E6
:1038500070B9226AE52111700122EA706269B242F0
:1038600006D200212046FFF7DAFE03460028EAD000
:10387000042B05D0184670BDFFF7D6FD0346E1E7DF
:103880000223F7E760B108B503460C2902D80B29DB
:1038900002D308BD0F29FCD0186902F012FAF8E72C
:1038A000704738B50D46044608B3006808B303787E
:1038B00013B3A288C3889A4203D0092000242C6045
:1038C00038BDFFF7B6FA10B90F200024F7E72368D8
:1038D0005878FEF7FBFF10F0010001D12468EEE7F5
:1038E00000212068FFF7CEFF09200024E7E7092028
:1038F000E5E704460920E2E709200024DFE72DE997
:10390000F04F83B006468946D1F800800368DD6831
:103910000024234612E0013718F807302F2BFAD085
:103920005C2BF8D04744C9F800701F2823D84FF00B
:10393000040824E025F814A001343B465F1C18F865
:1039400003001F28EED92F28E6D05C28E4D0132CE2
:1039500000F2DD80012102F029F98246002800F002
:10396000DA807F28E6D801466D48FFF731F8002855
:10397000E0D00620CCE04FF0000800E0013C44B16C
:1039800004F10043013B35F81330202BF6D02E2BE9
:10399000F4D0002325F81430002C00F0BE800B2258
:1039A000202106F12400FFF701F8002300E0013395
:1039B00035F81320202AFAD02E2AF8D01BB148F06F
:1039C000030800E0013C6CB104F10042013A35F813
:1039D00012202E2AF6D14FF0080B4FF0000ACDF836
:1039E00004A00AE0A2464FF0080B0022019204E076
:1039F0004C450BD048F003084B4603F1010935F85C
:103A00001370FFB1202FF5D02E2FF1D0DA4510D250
:103A10004C450ED07F2F3CD8002F4AD148F00308E8
:103A20005F2706EB0A0383F824704B460AF1010A6C
:103A3000E3E7BBF10B0F1FD04C4501D048F0030862
:103A40004C451CD296F82430E52B4ED0BBF1080F24
:103A50004FD0019B03F00C020C2A4FD003F003035C
:103A6000032B4BD018F0020F4AD1012B4CD0042A63
:103A700046D148F0080843E048F00308E2E7019B1C
:103A80009B00DBB2019323464FF00B0B4FF0080A6B
:103A9000B3E70021384602F089F810B948F002086F
:103AA000BCE7A0F180031F4A13441F7C48F00208C2
:103AB000B2E739461C48FEF78BFF0028AED1A7F1CC
:103AC00041039BB2192B04D8019B43F002030193DD
:103AD000A7E7A7F161039BB2192BA2D8019B43F082
:103AE00001030193203FBFB29BE7052386F82430F2
:103AF000ACE7019B9B00DBB20193AAE748F0020808
:103B000086F82F80002003E048F01008AFE7062079
:103B100003B0BDE8F08F0620FAE70620F8E700BF03
:103B200038EB0308F4D5030844EB03082DE9F04112
:103B3000D0F8008000238B75C369002B6BD005463D
:103B40000C46036BB3F1FF3F18D000231E46D8F894
:103B50000C205F1C32F8130068B1002102F026F837
:103B600030B1132E06D8A21990753B460136EEE708
:103B7000002600E0002626440023B375A67D00221F
:103B8000134610E0E52317E016B9A0182E27877515
:103B9000A0182E274772013210E010201CE0A01858
:103BA000837501320B460A2B1BD8286A591CC35C4B
:103BB000202BF7D0052BE5D00929E5D0A0184372BA
:103BC000002EEED1A3F14100C0B21928E7D8286A2F
:103BD000077B0829E1D808200742E0D02033DBB278
:103BE000DDE736B9A318002199752B6A1B7B03B951
:103BF0000A462244002353722B6ADB7A2372286A16
:103C00001C30FEF7B0FE2060286A1630FEF7ABFECF
:103C1000E080000CA080BDE8F0812DE9F0478146EE
:103C20000F4601F11A00FEF799FEC8BB3E7806F078
:103C30003F06013E06EB460306EB83064FF0010804
:103C4000002506E000202CE04FF6FF7398422AD1B1
:103C500001350C2D18D8184B585D3844FEF77EFE00
:103C60000446B8F1000FEFD0132EEBD801F0BCFFE3
:103C7000804606F1010A39F8160001F0B5FF8045CB
:103C8000E0D1A0465646E3E73B7813F0400F0CD056
:103C9000B8F1000F0BD039F8163053B9012000E00D
:103CA0000020BDE8F0870020FBE70120F9E70120B4
:103CB000F7E70020F5E700BFF4D503082DE9F84346
:103CC0000446D0F800800021FFF7AEFB064600282E
:103CD00064D14FF0FF3323634FF0FF094F460AE0F2
:103CE0004FF0FF332363FF2700212046FFF797FCA7
:103CF0000646002852D1E1694046FFF7CEF8064655
:103D000000284BD1256A2B78002B46D0EA7A02F0A6
:103D10003F01A171E52BE3D012F0080F14D00F2959
:103D2000DED194F82F2012F0400FDDD113F0400FB8
:103D300006D095F80D9003F0BF03626922631F4619
:103D4000BB421AD0FF27CFE70F29EAD027B9284670
:103D5000FFF733F8484521D094F82F3013F0010FC6
:103D600006D10B2204F124012846FEF724FEA8B157
:103D70004FF0FF332363FF27B6E76B7B4B4501D042
:103D8000FF27B1E72946D8F80C00FFF746FF10B12E
:103D9000013FFFB2A8E7FF27A6E704263046BDE8AB
:103DA000F88330B583B004460191056801E0013322
:103DB0000193019B1A782F2AF9D05C2AF7D00022B0
:103DC000A2601B781F2B1ED901A92046FFF797FD83
:103DD000034600BB2046FFF771FF94F82F200346EF
:103DE000E0B912F0040F16D1A37913F0100F1CD014
:103DF00005F138016369C3F3080319442846FEF747
:103E0000E4FEA060E0E7802384F82F3011462046CE
:103E1000FFF70AFB0346184603B030BD0428FAD169
:103E200012F0040FF7D10523F5E70523F3E72DE999
:103E3000F04385B0066890F82F3013F0A00F40F0E3
:103E40008A800746002400E00134F36833F8143018
:103E5000002BF9D107F124080C22414601A8FEF7F6
:103E60009BFD9DF80F3013F0010F1CD0402387F805
:103E70002F30012500E00135632D0BD82B46F26869
:103E800001A94046FEF744FF3846FFF717FF814679
:103E90000028F0D0642D64D0B9F1040F5DD19DF8F5
:103EA0000F3087F82F309DF80F3013F0020F06D037
:103EB0000C342D4BA3FB0434A408013400E001248E
:103EC00021463846FFF72FFC8146002845D1013CAA
:103ED0001CD1B9F1000F40D1F9693046FEF7DDFF82
:103EE0008146002839D120220021386AFEF75EFD84
:103EF0000B224146386AFEF74FFD97F82F303A6A99
:103F000003F0180313730123F37026E07969A1EB22
:103F100044113846FFF788FA8146F0B94046FEF76B
:103F20004CFF0546F9693046FEF7B7FF8146002889
:103F3000CFD12B46E2B2396AF068FEF7ADFE01231D
:103F4000F37000213846FFF76AFB81460028C0D194
:103F5000013CE7D1BDE74FF00609484605B0BDE892
:103F6000F0834FF00709F8E74FECC44E70B50446F4
:103F7000FEF769FF054648B92378032B08D00022D5
:103F800011466078FEF7DCFC00B10125284670BDC3
:103F90002379012BF3D104F138064FF4007200218C
:103FA0003046FEF703FD4AF6552104F23620FEF7AF
:103FB000E5FC0F493046FEF7E5FC0E4904F50770B5
:103FC000FEF7E0FCA16904F50870FEF7DBFC61690F
:103FD00004F50970FEF7D6FC626A013262630123C0
:103FE00031466078FEF7A0FC00232371C7E700BFCD
:103FF000525261417272416170B584B0019000917A
:104000001546039103A8FEF7E8FE041E2EDB1B4BAA
:1040100003EB84031E6A46B13046FEF79BFD306910
:1040200001F040FE20B300233370019B3BB100221E
:104030001A7001991031E0B201F024FED0B1019A5A
:104040000E4B03EB84031A62B2B1012D03D000249E
:10405000204604B070BD002201A96846FEF774FF37
:10406000044601460198FFF70DFCF1E70B24EFE74A
:104070000224EDE70224EBE70024E9E76C8E002040
:104080002DE9F0439DB00191002800F01081144605
:10409000064602F03F073A460EA901A8FEF754FF74
:1040A000054648B10023336029460E98FFF7EAFB26
:1040B00028461DB0BDE8F0830E9B0F9303AADA607B
:1040C00001990FA8FFF76DFE054660B99DF96B30A9
:1040D000002B2DDB04F03E01003918BF01210FA891
:1040E000FEF77EFC054614F01C0F77D075B3042D47
:1040F00020D047F00807002DD4D117F0080F30D199
:10410000002DCFD117F0080F01D047F040070E9BCC
:104110005B6B7362179BB362012F94BF0021012177
:104120000FA8FEF7A7FC3061002867D10225B9E788
:104130000625D8E7FEF78EFC18B947F008071225C8
:10414000DEE70FA8FFF773FE0546D2E79DF8423081
:1041500013F0110F40F0A58014F0040FCBD0082508
:10416000A0E705F051FD0446014617980E30FEF712
:1041700009FC214617981630FEF704FC179B2022F5
:10418000DA72DDF83880DDF85C9049464046FEF78B
:104190001CFD0446002249464046FEF729FD002149
:1041A00017981C30FEF7EEFB0E9B0122DA70002CF4
:1041B000A6D00E9BD3F83480002221460FA8FFF72B
:1041C000EFF9054600287FF46DAF41460E98FEF7E3
:1041D00064FE0546013C0E9B5C6191E7002D7FF477
:1041E00061AF9DF8423013F0100F5CD114F0020F54
:1041F00086D013F0010F83D0072553E70E9CDDF81E
:104200005C8041462046FEF7E0FCB06008F11C00EF
:10421000FEF7A9FBF0600021F1623460E388B3800F
:10422000377571753162B16106F130084FF4007273
:104230004046FEF7BBFB17F0200F2ED0F46864B3A6
:10424000B4610E9B5F897F02B16801E00225E41B27
:1042500065B9BC420AD93046FFF77EF8014601280D
:10426000F4D9B0F1FF3FF2D10125F0E7F161002D63
:104270007FF418AFC4F308037BB10E9F3846FEF7F6
:1042800087FC08B902250DE700EB542232620123B6
:1042900041467878FEF73CFB38B9002D3FF404AF77
:1042A00000E70725FEE60425FCE60125FAE60925D8
:1042B000FEE62DE9F04F85B004468846154699463E
:1042C0000023C9F8003003A9FFF7EBFA019068B9A1
:1042D000637D019353B9237D13F0010F0ED0E6687F
:1042E000A369F61AAE4275D32E4673E0019903987E
:1042F000FFF7C8FA019805B0BDE8F08F07210398D1
:10430000FFF7C0FA07230193F4E7E36A1BB12046E5
:10431000FEF74AFC6EE0E1692046FFF71DF869E010
:104320000225657529460398FFF7ACFA0195E1E788
:104330000125657529460398FFF7A4FA0195D9E789
:104340000225657529465846FFF79CFA0195D1E785
:104350000125657529460398FFF794FA0195C9E789
:10436000206AA0EB0A00A8426BD24FF4007204F15D
:10437000300108EB4020FEF70FFB62E0226A524555
:104380000DD094F91430002B5DDB0123524604F16B
:10439000300103984078FEF7BBFA002868D1C4F8D2
:1043A00020A0A369C3F30803C3F50075AE4200D291
:1043B000354604F130012A4619444046FEF7ECFA2E
:1043C000A844A3692B44A361D9F800302B44C9F851
:1043D0000030761B002E53D0A169C1F30803002BD7
:1043E000DFD1039B5F89013F17EA512708D10029DC
:1043F0008BD1A068012893D9B0F1FF3F98D0E0613C
:10440000DDF80CB0E1695846FEF7C2FB8246002891
:1044100096D0BA44750AB6F5007FAFD37B19BBF8C6
:104420000A20934200D9D51B2B46524641469BF8A1
:104430000100FEF76DFA00288AD194F91430002BA0
:104440008EDB6D02BCE7012304F130019BF8010013
:10445000FEF76AFA20B9237D03F07F03237594E702
:104460000125657529460398FFF70CFA019541E788
:104470000125657529460398FFF704FA019539E788
:1044800000210398FFF7FEF934E72DE9F04F85B0DE
:1044900004468846164699460023C9F8003003A909
:1044A000FFF7FFF9019060B9637D01934BB9237D5C
:1044B00013F0020F0DD0A369F342C0F0BE80DE43BB
:1044C000BBE001990398FFF7DDF9019805B0BDE85D
:1044D000F08F07210398FFF7D5F907230193F4E73D
:1044E000E36A002B36D02046FEF75EFB002800F082
:1044F000CE80012833D0B0F1FF3F38D0E061A3680F
:1045000003B9A06094F91430002B38DBDDF80CB04F
:10451000E1695846FEF73CFB8246002845D0BA4484
:10452000750AB6F5007F5DD37B19BBF80A2093426C
:1045300000D9D51B2B46524641469BF80100FEF799
:10454000F3F9002839D1216AA1EB0A01A9423CD331
:104550006D0263E0E1692046FEF7BCFFC6E7022575
:10456000657529460398FFF78DF90195ADE701259B
:10457000657529460398FFF785F90195A5E701239D
:10458000226A04F1300103984078FEF7CDF920B992
:10459000237D03F07F032375B8E701256575294660
:1045A0000398FFF76FF901958FE702256575294696
:1045B0005846FFF767F9019587E701256575294694
:1045C0000398FFF75FF901957FE74FF4007208EB5E
:1045D000412104F13000FEF7DFF9237D03F07F0372
:1045E0002375B5E7236A534503D0A269E3689A426D
:1045F0003BD3C4F820A0A369C3F30803C3F5007537
:10460000AE4200D2354604F130002A4641461844F5
:10461000FEF7C2F9237D63F07F032375A844A369E5
:104620002B44A361E268934238BF1346E360D9F894
:1046300000302B44C9F80030761B46B3A169C1F3A2
:104640000803002BD7D1039B5F89013F17EA51274D
:104650007FF458AF00297FF443AFA06800287FF4AF
:1046600048AF2046FEF736FF40E70123524604F1EB
:1046700030019BF80100FEF74BF90028B9D0012565
:10468000657529460398FFF7FDF801951DE7237D21
:1046900043F04003237500210398FFF7F3F814E774
:1046A00070B582B004460D460A290DD06368002B10
:1046B00008DB5E1C23441D733C2E09DC6660A36886
:1046C0000133A36002B070BD0D21FFF7E9FFEDE7F4
:1046D000214651F80C0B01AB3246FFF7D6FE019B89
:1046E0009E4202D04FF0FF36E8E70026E6E7426838
:1046F000002A10DB10B582B00446014651F80C0BBD
:1047000001ABFFF7C2FE48B96268019B9A4208D12B
:10471000A06802B010BD4FF0FF3070474FF0FF307F
:10472000F7E74FF0FF30F4E770B582B0044601A917
:10473000FFF7B7F8054678B9237D13F0400F0BD08B
:1047400013F0800F0FD105F05FFA0646616A0198F9
:10475000FEF7A3FB0546D0B129460198FFF792F872
:10476000284602B070BD0123226A04F1300101988D
:104770004078FEF7D9F820B9237D03F07F03237535
:10478000E1E701210198FFF77DF80125E8E7A56A37
:10479000EB7A43F02003EB72A26829462068FEF70B
:1047A00027FAE16805F11C00FEF7ECF8314605F147
:1047B0001600FEF7E7F8002105F11200FEF7DEF81B
:1047C000019B0122DA700198FFF7D0FB0546237D9B
:1047D00023F040032375BFE730B583B00446FFF7ED
:1047E000A3FF054610B1284603B030BD01A92046FD
:1047F000FFF757F805460028F5D12069FEF78AF93A
:10480000054608B90023236000210198FFF73AF814
:10481000E9E72DE9F04F83B004460D4601A9FFF703
:1048200040F80646A0B9667D96B9E36A002B00F011
:10483000A780B5F1FF3F13D0E768AF4200D32F4602
:10484000A761002F50D131460198FFF71BF803E014
:1048500031460198FFF716F8304603B0BDE8F08FF7
:10486000984658F804BBD4F808A0BAF1000F2FD02E
:104870004FF0020909F102095146002701370D46A0
:104880002046FEF769FD0146012813D9B0F1FF3F2C
:1048900017D001358542F1D0CB4505D3434643F8C7
:1048A000087BC8F804A09846019BDB698B4211D9AC
:1048B0008A46DFE70226667531460198FEF7E2FF79
:1048C000CAE70126667531460198FEF7DBFFC3E7AC
:1048D0004FF00209E36AC3F80090D94500F217814E
:1048E0000023C8F80030AEE707F1FF3949462046FB
:1048F000FEF75AF90146E061DDF804804046FEF714
:1049000047F9D8B1B8F80A50013D05EA59250544E0
:10491000C7F30807002F96D0226AAA4293D094F9D1
:104920001430002B11DB01232A4604F130010198D9
:104930004078FDF7EDFFE0B9256284E70226667551
:1049400031464046FEF79EFF86E7012304F1300121
:1049500098F80100FDF7E8FF20B9237D03F07F03FD
:104960002375E0E70126667531460198FEF78AFF58
:1049700072E70126667531460198FEF783FF6BE703
:10498000E368AB4204D2227D12F0020F00D11D4633
:10499000A3690022A261DDB1019AB2F80A804FEA50
:1049A000482873B16A1EB2FBF8F2013BB3FBF8F181
:1049B0008A4206D3C8F100021340A361EF1AE569E9
:1049C00004E0A06830B3E0612F460546002D49D1D0
:1049D000A369E268934204D9E360227D42F0400279
:1049E0002275C3F30803002B3FF42DAF226AAA42BD
:1049F0003FF429AF94F91430002B6DDB01232A46D4
:104A000004F1300101984078FDF782FF002877D14A
:104A1000256218E700212046FEF75CFD012804D03E
:104A2000B0F1FF3F08D0A060CDE7022666753146A1
:104A30000198FEF727FF0FE70126667531460198BA
:104A4000FEF720FF08E729462046FEF785FC0546CD
:104A5000B5F1FF3F29D0012D2ED9019BDB69AB4277
:104A60002AD9E561474510D9A7EB0807A369434454
:104A7000A361237D13F0020FE5D029462046FEF7FF
:104A800029FD05460028E3D10746A3693B44A361FD
:104A9000C7F30803F3B1DDF8048029464046FEF76A
:104AA00077F880B100EB572592E70126667531460D
:104AB0000198FEF7E7FECFE60226667531460198BB
:104AC000FEF7E0FEC8E60226667531464046FEF770
:104AD000D9FEC1E61D467BE7012304F130010198B0
:104AE0004078FDF721FF20B9237D03F07F03237574
:104AF00084E70126667531460198FEF7C3FEABE6F2
:104B00000126667531460198FEF7BCFEA4E6112623
:104B100099E630B58FB00191002845D005460022B6
:104B20000DA901A8FEF710FA044640B100232B603E
:104B300021460D98FEF7A6FE20460FB030BD0D9B16
:104B40002B6002AADA6001992846FFF72AF9044689
:104B500018BB95F92F30002B08DBAB7913F0100F41
:104B60001AD0296A0D98FEF730F8A8600D9BDB88F3
:104B7000AB8000212846FEF757FC044668B9AB68B5
:104B800013B900232B6108E000212846FDF772FFCE
:104B9000286110B9122402E00524042C02D0002C54
:104BA000C6D0C3E70524C1E70924C5E730B583B003
:104BB000044601A9FEF775FE054640B9206948B9CB
:104BC0000DB90023236000210198FEF75BFE284603
:104BD00003B030BDFDF79EFF0546F1E770B58CB020
:104BE00005460C460BA9FEF75CFE0646D8B9ACB1EB
:104BF0000B9BC3F80CD000212846FEF7BCFD04280F
:104C000000D0B8B921462846FEF790FF002128467B
:104C1000FEF705FD042806D0064604E000212846DC
:104C2000FEF702FC064631460B98FEF72BFE304697
:104C30000CB070BD0646F6E730B59BB001900D464E
:104C400000220DA901A8FEF77FF9044630B12146E4
:104C50000D98FEF717FE20461BB030BD0D9B02AA33
:104C6000DA6001990DA8FFF79CF804460028EED100
:104C70009DF96330002B06DB002DE8D029460DA8F6
:104C8000FEF754FFE3E70624E1E72DE9F04788B09B
:104C9000019089461446002207A901A8FEF754F99D
:104CA000074600285ED1079B23609A69DD69A91E2B
:104CB0008A4202D8C9F8002054E01E78012E05D09F
:104CC000D3F828A000242646A04632E0029302240E
:104CD0004FF0000804E00134079BDB69A34238D998
:104CE000214602A8FEF738FBB0F1FF3F30D0012883
:104CF00040D00028EFD108F10108ECE70AF10106E5
:104D000051460798FEF7C9F8074610BB079C383490
:104D1000B2464FF400760EE02046FDF71FFE08B9BC
:104D200008F101080234023E01E00434043E013D72
:104D30000FD0002EE2D0079B1B78022BECD0204630
:104D4000FDF711FE30F07043EFD108F10108ECE7F8
:104D50003746C9F80080079BC3F818801A7942F0DB
:104D600001021A7139460798FEF78CFD384608B0E3
:104D7000BDE8F0870227ECE730B583B0044601A90F
:104D8000FEF78FFD054610BB657D05BB237D13F047
:104D9000020F23D0A369E268934213D223BB0022FF
:104DA000A1682046FEF7FCFB05460023A360A3692B
:104DB000E360237D43F040032375002D3DD113F0C4
:104DC000800F2BD129460198FEF75CFD03E02946B0
:104DD0000198FEF757FD284603B030BD0721019822
:104DE000FEF750FD0725F6E7E1692046FEF7B4FA25
:104DF000B0F1FF3F0ED001280ED0002DD7D1019B7E
:104E0000DB698342D3D9E26901462046FEF7C8FB3D
:104E10000546CCE70125F0E70225C8E70123226A11
:104E200004F1300101984078FDF77EFD20B9237D23
:104E300003F07F032375C5E70125657529460198B1
:104E4000FEF720FDC7E7F0B5A9B0019002220DA939
:104E500001A8FEF779F80D9B1B93044630B121465B
:104E60000D98FEF70FFD204629B0F0BD02AADA60CA
:104E700001991BA8FEF795FF04460028EFD10221F7
:104E80001BA8FDF7ADFD04460028E8D19DF99B3035
:104E9000002B38DB9DF8725015F0010F35D10D9FB6
:104EA00023993846FDF791FE064615F0100F0FD1F5
:104EB000002CD4D11BA8FEF7BCFC04460028CED1A0
:104EC000D6B9002CCBD10D98FFF750F80446C6E7B1
:104ED0000E97109000210EA8FEF7A6FA04460028AF
:104EE000BDD100210EA8FEF746FC044610B10428EF
:104EF000DED1DFE70724DBE7002231461BA8FEF7FF
:104F00004FFB0446DDE70624A9E70724A7E72DE9C0
:104F1000F04F9DB0019002220EA901A8FEF714F8EF
:104F20000E9B0F93044638B121460E98FEF7AAFC5B
:104F300020461DB0BDE8F08F03AADA6001990FA8E2
:104F4000FEF72FFF002800F09680042801D00446C9
:104F5000EAE700210FA8FEF7BDFA0E9A53895B021B
:104F60001293814618B1012802D1022403E00724DC
:104F7000B9F1FF3F56D0002C4FD004F045FE8246D9
:104F8000002C57D10E9E49463046FDF701FE0546DE
:104F900006F138084FF4007200214046FDF706FD87
:104FA0000B2220214046FDF701FD4FF02E0B86F825
:104FB00038B0102386F84330514606F14E00FDF715
:104FC000E1FC4A4641460E98FDF712FE06F15807ED
:104FD000202241463846FDF7DFFC86F859B0119A89
:104FE0000E980378032B1FD03946FDF701FE0E9B68
:104FF0005E89F6B16F1C0E9B5D630122DA700E981C
:10500000FDF721FF0446A0B94FF40072002140468D
:10501000FDF7CCFC013E3D46EBE71046FDF713FFE4
:105020000446AAE70124A8E7C36A9342DCD1002220
:10503000DAE72CB1002249460FA8FEF7B1FA73E770
:105040000FA8FEF7F4FE04460028F3D1179C514642
:1050500004F11600FDF796FC4A4621460E98FDF72E
:10506000C7FD1023E3720E9B0122DA700E98FEF743
:105070007DFF044658E7082456E730B5AFB00190ED
:1050800000916846FDF7A9FE022213A901A8FDF7C9
:105090005BFF044630B121461398FEF7F3FB204630
:1050A0002FB030BD139B219302AADA60019921A889
:1050B000FEF777FE044648B99DF8B33013F0A00F11
:1050C00073D1022121A8FDF78BFC0446002CE2D10C
:1050D000152229990B310DA8FDF75EFC14AC342282
:1050E00021A92046FDF758FC00992046FEF759FEFD
:1050F000044658B9169A239B9A4201D0082407E027
:10510000199A269B9A4210D0082401E004280CD05A
:10511000002CC0D121A8FEF78CFB04460028BAD190
:105120001398FEF723FF0446B5E714A8FEF77FFEA9
:1051300004460028AFD11C9D13220DF1360105F164
:105140000D00FDF729FC9DF8343043F02003EB728D
:10515000139B0122DA70EB7A13F0100FD8D0239A48
:10516000169B9A42D4D0139C29462046FDF72DFD6C
:1051700001462046FDF70CFD014608B902248AE7E6
:105180002046FDF78AFE139B03F1580104460028D0
:1051900081D193F859202E2ABAD1169A1846FDF7D4
:1051A00027FD139B0122DA70B2E7062473E72DE98D
:1051B000F04F8DB009900F461546009309A8FDF7F2
:1051C0000CFE0028C0F20483954B03EB80031B6A9E
:1051D0000BB100221A70C4B22046FDF783FB10F019
:1051E000010F40F0F78210F0040F40F0F5820BAA97
:1051F00003212046FDF7A4FB38B90B9B2BB1B3F577
:10520000004F02D85A1E134201D001230B933DB127
:10521000B5F5007FC0F0E482B5F1807F00F2E28254
:105220006B1E2B40029340F0DF824FEA5529169BFC
:105230005B0A0393169E6FF30806002E00F0D682D9
:105240000AAA01212046FDF77BFB002840F0D0820E
:1052500017F00803049306D10A9B3E2B40F2CA8242
:105260003F23019301E0029B01930A99019BC91A14
:105270000A917F2940F2C082B5F5813F80F0BE825D
:1052800017F002000BD007F00703022B10D017F025
:10529000010F12D14FF0030A8E4649466CE017F019
:1052A000010F00F0AD824FF0020A8E46494663E0DE
:1052B0004FF0030A8E4649465EE04FF0020A8E46E2
:1052C000494659E0194657E04FF0030A54E091B1BE
:1052D0000F46BEFBF7F39D0005F207256D0AA3F507
:1052E0007F43F63B4F4A934200F28C82DDF80890F0
:1052F0004FF0200B55E04FEA5E450A4601274A4B26
:1053000003EB4203B3F89030002BE2D0AB42E0D87D
:1053100001327F00F3E74FEA1E350A46012701E01C
:1053200001327F00404B03EB4203B3F8A0304BB394
:10533000AB42F5D926E003EB430501356D08033593
:105340004FF0010A26E0934490443EE04FF6F57298
:1053500093424BD8002940F059827908012F0BD88D
:105360000E203AE240F6F57293425FD8002940F0F1
:1053700051827900802950D8BAF1030FA7D00029B3
:10538000C9D00F46BEFBF7F340F6F5729342D2D96F
:105390009D1C6D0005F2FF156D0A4FF020094FF0BE
:1053A000010B019B0BEB030805EB08034B44DDF8F5
:1053B0002CC00CEB0302013ACCF1000C02EA0C0207
:1053C000D21ABAF1030FBED0154403EB0713019AAA
:1053D0009B1A9E45C0F01882AEEB0B035B1BA3EB40
:1053E0000903B3FBF7F3BAF1030FAFD0BAF1020F21
:1053F0001CD14FF6F5729342B4D919B97B00402BFA
:105400007FF660AF00287FF45FAF002940F0008294
:1054100079008029B0D90E20DFE10E20DDE100BF48
:105420006C8E0020FFFFFE0FF4D50308CDF8189016
:10543000CDF814809846BAF1010F04D140F6F57307
:10544000984500F2E9814FF400720021DDF80090E8
:105450004846FDF7ABFA0B22B3494846FDF79CFAE4
:105460004FF40071CDF8009009F10B00FDF786FABA
:10547000009B5F731FFA8BF103F10E00FDF77EFABC
:105480000123009A137402F11100BAF1030F00F026
:105490008F804FF40071FDF771FA0A99B1F5803FE2
:1054A00080F0888089B2009B03F11300FDF766FA53
:1054B000F823009A53753F2102F11800FDF75EFAB8
:1054C000FF21009A02F11A00FDF758FA0199009A9B
:1054D00002F11C00FDF756FABAF1030F70D004F088
:1054E00093FB0146009A02F12700FDF74BFAA9B29F
:1054F000009A02F11600FDF741FA8023009880F827
:105500002430292380F82630132288492B30FDF7D8
:1055100043FA009B03F5FF794AF655214846FDF70B
:105520002DFA0123019A00992046FDF7FDF9002884
:1055300040F07481BAF1030F6FD032460021DDF8DC
:1055400000804046FDF732FA07974E46DDF80CB072
:10555000C146029B002B00F09D80079FB146BAF127
:10556000030F00F0D780069E059FDDF80C80DDF864
:1055700000B03546464528BF45462B463A46594673
:105580002046FDF7D1F9002840F04C812F44761BCE
:10559000EFD1BAF1030F00F0D3800A9BB3F5803F3F
:1055A00080F01481BAF1020F00F0BB800127C8E03F
:1055B000002170E7009B03F12000FDF7E3F977E796
:1055C00004F022FB0146009A02F14300FDF7DAF9EC
:1055D0002946009A02F12400FDF7D4F90221009A2D
:1055E00002F12C00FDF7CEF90121009A02F1300002
:1055F000FDF7C4F90621009A02F13200FDF7BEF969
:105600008023009880F84030292380F8423013220C
:1056100047494730FDF7C0F97BE70123019A06327D
:10562000DDF800B059462046FDF77EF94FF40072D0
:1056300000215846FDF7BAF93E495846FDF7A2F950
:105640003D49CDF800B00BF5F270FDF79BF908F17C
:10565000FF31009B03F5F470FDF794F90221009BE4
:1056600003F5F670FDF78EF94AF655214846FDF729
:1056700085F90123019A0732DDF800804146204672
:10568000FDF752F90123019A1A4441462046FDF7DD
:105690004BF952E7BAF1030F28D0BAF1010F37D016
:1056A0006FF007014846FDF76DF92F46DDF81480CD
:1056B00008953D465F4528BF5D462B464246494614
:1056C0002046FDF731F9002840F0AA804FF400721F
:1056D00000214846FDF76AF9A8447F1BE9D1CDF8BF
:1056E0001480089D029B0133029332E76FF007019B
:1056F0004846FDF747F94FF0FF3109F10400FDF787
:1057000041F96FF0704109F10800FDF73BF9CCE772
:105710000A49C7E73E46059FDDF80C80DDF800B07A
:1057200027E704270DE000BF4CEB03086CEB0308F0
:1057300058EB03085252614172724161F8FFFF0059
:105740000C27049BD3BB4FF400720021009E30460F
:10575000FDF72CF94AF655214846FDF70FF90025CB
:10576000304686F8BE51012680F8BF6180F8C061DE
:1057700080F8C15180F8C2710A9B01990B4443F62D
:10578000C162B3FBF2F3FE2280F8C3219A0842F013
:105790003F02074680F8C42180F8C53100F5E37068
:1057A000FDF7F0F80A9907F5E570FDF7EBF83346D9
:1057B0002A4639462046FDF7B7F8A8BB0022114615
:1057C0002046FDF7BDF840B1012006E00627B8E706
:1057D0000B2002E0032000E00A200DB0BDE8F08FAE
:1057E0001320FAE71320F8E71320F6E70E20F4E77A
:1057F0000120F2E70E20F0E70E20EEE71320ECE7A1
:105800001320EAE70E20E8E70E20E6E70E20E4E7A3
:105810000E20E2E70E20E0E70E20DEE70120DCE7C5
:105820000120DAE70120D8E70120D6E72DE9F04191
:1058300082B080460E4617460446002501E0A44685
:105840006446731EAB4213DD6B46012201A9384644
:10585000FEF72FFD009B012B0AD19DF804300D2B84
:10586000EDD0A4460CF8013B01350A2BE8D1644683
:10587000002323701DB1404602B0BDE8F081002036
:10588000FAE730B595B0054601AC2046FDF7CCFAF5
:1058900029462046FEF704FF2046FEF728FF15B0F4
:1058A00030BD10B594B0044601A8FDF7BDFA03E081
:1058B000013401A8FEF7F4FE21780029F8D101A8EF
:1058C000FEF715FF14B010BD0EB42DE9F0479DB0E2
:1058D000014625AC54F8046B08A8FDF7A5FA1B9403
:1058E0008CE0B31C2178302904D02D2906D0002566
:1058F00000240EE0F31C61780125F9E7F31C6178C0
:105900000225F5E704EB840401EB4404303C13F872
:10591000011BA1F13002D2B2092AF3D96C2903D0BC
:105920004C2901D01E4604E045F004051E4616F839
:10593000011B002900F0DB80A1F16103DBB2192B10
:1059400014D8A1F12003DBB2A3F14202162A52D8E7
:10595000DFE802F0613A42515151515151515151D8
:1059600051635151510E514251514F000B46EBE7DB
:105970001B9B1A1D1B92D3F80080002718F80730D4
:105980000BB10137FAE715F0020F0ED098F80010AE
:1059900081B108F1010808A8FEF782FEF6E7202190
:1059A0000DEB0100FEF77CFE2F467D1CA742F6D3CF
:1059B0002F46EBE77D1CA74220D220210DEB0100F2
:1059C000FEF76EFE2F46F5E71B9B1A1D1B921978FA
:1059D00008A8FEF765FE11E00A2015F0040F1ED09E
:1059E0001B9A171D1B971268442B23D04FF0000CF5
:1059F00036E01020F1E708A8FEF752FE344614F80E
:105A0000011B002973D025293FF46BAF08A8FEF7CE
:105A100047FE2646F2E70220DFE70820DDE7442BB9
:105A200004D01B9B1A1D1B921A68DFE71B9B1A1DD3
:105A30001B921A68002AD9DA524245F00805D5E7C8
:105A400027273B44DBB20CF1010730330CF170091E
:105A5000E94409F8703CC64510D81F2F0ED8BC4643
:105A60008646B2FBF0F700FB1723DBB290463A46BE
:105A7000092BE8D97829E3D00727E2E715F0080FCA
:105A800008D007F170030DEB03072D2307F8703CD6
:105A90000CF1020715F0010F03D04FF0300AB846A1
:105AA00007E04FF0200AFAE7514608A8FEF7F8FD94
:105AB000C84615F0020F04D108F10109A045F3D33F
:105AC000C846013F07F170036B4413F8701C08A827
:105AD000FEF7E6FD002FF4D104E0514608A8FEF7DA
:105AE000DFFDA84608F10105A045F6D386E708A822
:105AF000FEF7FDFD1DB0BDE8F04703B0704700BFE5
:105B0000134B5B7A13BB10B5044603F0FF00104B38
:105B100093F809C05FFA8CFC4FF0000E03F80CE01C
:105B200093F809C003EB8C0CCCF804405C7A1C445D
:105B300022725A7A541CE4B25C7230320A703A23F0
:105B40004B702F238B7081F803E010BD012070474C
:105B5000948E002008B50022FFF7D2FF08BD0D4B40
:105B60005B7A9BB10378303BDBB20A4A02EB8302DB
:105B700052686AB1074A02EB83010020486013446F
:105B80001872537A013BDBB25372704701207047A1
:105B900001207047948E002008B50021FFF7DFFF39
:105BA00008BD014B587A7047948E00207F2817D982
:105BB00031B1FF2813D880380A4B33F810007047F2
:105BC00000237F2B07D8074A32F81320824202D0E5
:105BD00001339BB2F5E703F18000C0B270470020AB
:105BE000704700BFA4D60308B0F5805F07D2234BEF
:105BF0001A88002A41D090423FD310B506E0204BCE
:105C0000F6E773461A88DAB1904219D303F1040E0D
:105C10005B88190ADBB203EB020C604504DB002948
:105C2000EFD10EEB4303EDE7082909D8DFE801F0D7
:105C300005090F1215181B1E2100841A3EF81400C6
:105C400010BD831A03F00103C01A80B2F8E71038C0
:105C500080B2F5E7203880B2F2E7303880B2EFE763
:105C60001A3880B2ECE7083080B2E9E7503880B2E9
:105C7000E6E7A0F5E35080B2E2E7704760D803089A
:105C8000A4D7030810B582B00C46002300930193FB
:105C90000121684600F022FA2060003818BF012078
:105CA00002B010BD08B500F099FA012008BD08B592
:105CB0004FF47A7100F036FA08B1002008BD0120D7
:105CC000FCE708B500F05DFA08BD0000842801D0AB
:105CD0000330704700207047062802D8033800B20E
:105CE000704784207047EFF30580003818BF01200B
:105CF000704708B502F048FB002008BD08B502F067
:105D0000F1FF012801D0012008BD0020FCE708B503
:105D1000FFF7E9FF10B102F0A7FB08BD02F09EFB00
:105D2000FBE72DE9F04387B00E464469C4B18569AD
:105D3000B5B14768D0F80080D0F81090B0F90800ED
:105D4000FFF7C4FF02950194009033464A4641464E
:105D5000384602F005F90590059807B0BDE8F083D4
:105D6000446805680769B0F90800FFF7AFFF05ABA5
:105D7000019300903346BAB22946204602F02DF92D
:105D80000128E9D00020E8E708B502F0A5FF08BD2A
:105D900008B502F055F9002008BD4FF0E0234FF0A0
:105DA0008052C3F8042DBFF34F8FBFF36F8F0020D5
:105DB000704710B504460846FFF788FF01462046A5
:105DC00002F0D6F9002010BD10B50446FFF78BFF96
:105DD00028B1204602F0B2F9FFF77EFF10BD204641
:105DE00002F09CF9FFF778FFF8E708B500B9012049
:105DF00002F0B6FC002008BD10B582B0134644681E
:105E00006CB1012909D0002201680194009101219F
:105E1000094803F0D3FB02B010BD0122F4E70129C9
:105E200007D00022016800910121034803F0AAFB7A
:105E3000F1E70122F6E700BF90DF030830B585B037
:105E40000446002303930D4601B90125FFF74BFFDC
:105E5000D0B10023009303AB2A460921204603F06A
:105E6000D7FB012802D0FF2005B030BD039BC3B192
:105E70004FF0E0234FF08052C3F8042DBFF34F8F53
:105E8000BFF36F8F0020EFE7002300932A46042121
:105E9000204603F0BDFB012801D0FF20E4E70020ED
:105EA000E2E70020E0E710B584B004460023039346
:105EB000FFF719FFB0B10022009203AB0821204682
:105EC00003F0A6FB01281BD1039BDBB14FF0E023BD
:105ED0004FF08052C3F8042DBFF34F8FBFF36F8F85
:105EE000002009E00022009213460321204603F01F
:105EF0008FFB012802D0FF2004B010BD0020FBE77B
:105F0000FF20F9E70020F7E710B582B00446FFF75D
:105F1000EAFE70B94FF0FF33009300231A460521C3
:105F2000204603F075FB012801D0FF2002E000208D
:105F300000E0822002B010BD30B585B004460D46A9
:105F4000002303930293FFF7CEFEB0B103AB00939F
:105F500002AB01222946204603F026F9012817D179
:105F6000039B93B14FF0E0234FF08052C3F8042D10
:105F7000BFF34F8FBFF36F8F07E002AB01222946BB
:105F8000204603F08DF8012805D1029805B030BDF8
:105F90004FF00040FAE74FF00040F7E770B584B0EB
:105FA00004460E46154600230293FFF79CFE48B1B7
:105FB0008223019304AB13E9070084E8070020461D
:105FC00004B070BD2B4602AA3146002003F012F83F
:105FD000012806D015B900230193EBE74023019374
:105FE000E8E7029B002B02DB08230193E2E786230C
:105FF0000193DFE708B5416819B1012001F03AF9D2
:1060000008BD012001F02BF9FAE730B583B0002379
:10601000019310B30C460546FFF765FEA0B101AA37
:106020000021284601F066FC012818D1019BC3B16C
:106030004FF0E0234FF08052C3F8042DBFF34F8F91
:10604000BFF36F8F002006E02146284601F0B0FA2A
:10605000012808D1002003B030BD8020FBE7FF20DD
:10606000F9E70020F7E7FF20F5E710B582B0044616
:1060700000230193FFF737FE98B101A9204601F0F4
:106080008FF901281AD1019BD3B14FF0E0234FF0D3
:106090008052C3F8042DBFF34F8FBFF36F8F0020E2
:1060A00008E000231A461946204601F008F80128A6
:1060B00002D0FF2002B010BD0020FBE7FF20F9E76F
:1060C0000020F7E710B50446FFF70DFE20B9204683
:1060D00001F03AFD002010BD8220FCE710B582B02F
:1060E00044687CB1012903D00024204602B010BDD1
:1060F00003230093234600221146012000F054FFA1
:106100000446F2E70129F0D103220021012000F02A
:1061100095FF04460028E8D000231A46194600F0EF
:10612000CEFFE2E770B582B00023019318B30C46AE
:106130000646FFF7D8FD0546A0B101AA002130466A
:1061400001F0D8FB012818D1019D8DB14FF0E0235B
:106150004FF08052C3F8042DBFF34F8FBFF36F8F02
:10616000002505E02146304601F022FA012806D13B
:10617000284602B070BD8025FAE7FF25F8E7FF2525
:10618000F6E710B582B0044600230193FFF7ABFD9C
:1061900098B101A9204601F003F901281AD1019B09
:1061A000D3B14FF0E0234FF08052C3F8042DBFF37A
:1061B0004F8FBFF36F8F002008E000231A46194667
:1061C000204600F07CFF012802D0FF2002B010BD65
:1061D0000020FBE7FF20F9E70020F7E710B50446B1
:1061E000FFF781FD20B9204601F0AEFC002010BD74
:1061F0008220FCE7F8B504464368033323F0030626
:10620000142000F0E1FC0546D8B123688360C66025
:1062100000230361206800F0D7FC07466860D0B116
:10622000206806FB00F000F0CFFC0646286050B165
:10623000002303E06A680021D154013322689A42A6
:10624000F8D82846F8BD686800F03EFD284600F002
:106250003BFD3546F5E7284600F036FD3D46F0E7C4
:1062600070B50446FFF73FFD58B1EFF311854FF0CD
:10627000500383F31188BFF36F8FBFF34F8F00215B
:1062800004E0054600F0F8FAF9E70131A2688A4215
:1062900011D923690B44B3FBF2F002FB103362689F
:1062A000D05C0028F1D10121D1542668E26803FBBB
:1062B0000266236100E00026FFF715FD18B185F3A3
:1062C0001188304670BD00F0F9FAFAE708B5FFF71B
:1062D000C7FF08B10023036008BD034698B1A1B110
:1062E00002688A4213D8891AC268B1FBF2F002FB35
:1062F000101070B9B1FBF2F19A688A420BD95B6851
:1063000000225A54704780207047802070478020B8
:106310007047802070478020704700B583B0826846
:1063200042B1C36833B1002100914168006800F0B8
:106330003BFE04E000224168006800F07FFE03B0ED
:106340005DF804FB30B585B004460191002303934A
:10635000154602B90125FFF7C6FCA8B1002303AA20
:1063600001A9204600F0B5FF012818D1039BC3B155
:106370004FF0E0234FF08052C3F8042DBFF34F8F4E
:10638000BFF36F8F002008E000232A4601A92046B2
:1063900000F095FE012806D1002005B030BDFF2099
:1063A000FBE70020F9E7FF20F7E770B584B004466B
:1063B000029100230193E1B10D4616460023039399
:1063C000FFF791FCF8B103AA01A9284601F092FA5F
:1063D000012815D000230093039BF3B14FF0E02375
:1063E0004FF08052C3F8042DBFF34F8FBFF36F8F70
:1063F00013E0802300939DE8070084E8070010E085
:1064000010230093E8E7324601A9284601F021F85D
:10641000012809D006B1402600969DE8070084E8CF
:106420000700204604B070BD10230093F5E770B557
:1064300084B00446036801934368029300230393E6
:1064400085680C2000F0C0FB2860A3681D68A5B11A
:106450002C60A3681D6800220421206800F0EEFD76
:106460006860A3681E68756855B101A8FFF7C2FE91
:10647000B060A3681D68AC6834B1284604B070BD34
:10648000304600F021FCF8E7284600F01DFC2546C8
:10649000F3E708B510B18068FFF7E2FE08BD10B55C
:1064A0000446FFF7F6FF014640B1002302E0002258
:1064B000CA540133226852689A42F8D8084610BD7F
:1064C00010B584B0019130B3044600230393FFF765
:1064D0000AFCA8B1002303AA01A9606800F0F9FE34
:1064E00001281AD1039BD3B14FF0E0234FF0805223
:1064F000C3F8042DBFF34F8FBFF36F8F002008E068
:1065000000231A4601A9606800F0D9FD012808D1CE
:10651000002004B010BD8020FBE7FF20F9E7002039
:10652000F7E7FF20F5E770B584B004460291E1B1CA
:106530000D46164600230393FFF7D5FBF8B103AAD7
:1065400001A9686801F0D6F9012815D0002300934D
:10655000039BF3B14FF0E0234FF08052C3F8042DBA
:10656000BFF34F8FBFF36F8F13E0802300939DE83D
:10657000070084E8070010E020230093E8E7324694
:1065800001A9686800F065FF012809D006B140261E
:1065900000969DE8070084E80700204604B070BD1F
:1065A00020230093F5E720B108B58068FFF795FE3A
:1065B00008BD8020704708B502F094FB012800D187
:1065C00008BD00F0C7F9FBE708B502F0BDF90020EF
:1065D00008BD10B50446FFF786FB78B1204601F0F0
:1065E00083FE01280DD14FF0E0234FF08052C3F815
:1065F000042DBFF34F8FBFF36F8F02E0204601F0F1
:106600002FFE002010BD08B501F01EFF002008BDC0
:1066100008B501F0DBFF012801D0FF2008BD0020F4
:10662000FCE708B501B9012102F048F8002008BDD7
:10663000812070470020704730B585B00446039133
:1066400089B10846154602A901F0A5F8012812D023
:1066500005B14025019504AB13E9070084E8070064
:10666000204605B030BD8023019304AB13E9070039
:1066700084E80700F4E710230193ECE710B5044623
:10668000FFF731FB18B1204601F0F2F910BD2046AA
:1066900001F0C6F9FAE708B501F0D5F908BD10B563
:1066A0000446FFF720FB20B9204601F04DFA0020F8
:1066B00010BD8220FCE708B5416819B1042000F044
:1066C000D9FD08BD042000F0CAFDFAE708B500F0C6
:1066D000E0FD012801D0FF2008BD0020FCE730B11B
:1066E00008B501F038F8012803D1002008BD80204A
:1066F0007047FF20FAE708B501F092F908BD00BF26
:1067000000F1080343604FF0FF328260C360036111
:1067100000230360704700230361704743684B60A8
:106720009A688A6051609960086103680133036068
:10673000704730B40D68B5F1FF3F11D000F1080388
:106740001C465B681A68AA42FAD963684B60996074
:106750008C606160086103680133036030BC70477E
:106760000469F2E70369416882688A6041685160A0
:106770005A68824206D0002202611A68013A1A6001
:106780001868704782685A60F5E700000000000052
:1067900082B0002301930D4B1B68B3F1FF3F08D07B
:1067A0004FF0500383F31188BFF36F8FBFF34F8F08
:1067B000FEE74FF0500383F31188BFF36F8FBFF3F1
:1067C0004F8F019B002BFCD002B07047D4000020FB
:1067D000D0480068006880F308884FF0000080F31C
:1067E000148862B661B6BFF34F8FBFF36F8F00DFBF
:1067F00000BFDFF82403016841F4700101607047B5
:106800004FF0807340F8043C21F0010140F8081C6F
:10681000054B40F80C3C40F8202C6FF0020340F888
:10682000243C4438704700BF91670208084B196840
:106830000868B0E8F04F80F30988BFF36F8F4FF01E
:10684000000080F311887047AFF30080AFF3008041
:1068500008760120074B1B68B3F57A7F08D04FF00C
:10686000500383F31188BFF36F8FBFF34F8FFEE7A1
:10687000704700BFD40000204FF0500383F311880D
:10688000BFF36F8FBFF34F8F0B4A13680133136051
:10689000012B00D070474FF0E023D3F8043D13F0F4
:1068A000FF0FF7D04FF0500383F31188BFF36F8FC2
:1068B000BFF34F8FFEE700BFD4000020094B1B68D9
:1068C00043B94FF0500383F31188BFF36F8FBFF3C9
:1068D0004F8FFEE7013B034A13600BB983F3118826
:1068E000704700BFD4000020EFF30980BFF36F8F23
:1068F000174B1A681EF0100F08BF20ED108A20E910
:10690000F04F10602DE909004FF0500080F311881E
:10691000BFF34F8FBFF36F8F01F0AAFF4FF000005E
:1069200080F3118809BC19680868B0E8F04F1EF0C0
:10693000100F08BFB0EC108A80F30988BFF36F8F87
:10694000704700BFAFF30080AFF30080AFF300806B
:106950000876012008B54FF0500383F31188BFF388
:106960006F8FBFF34F8F01F0A5FD28B14FF0E023EB
:106970004FF08052C3F8042D002383F3118808BD23
:106980004FF0E022002313619361054B1B6805491A
:10699000A1FB03139B09013B53610723136170475C
:1069A000DC000020D34D62104FF0E023D3F8002D1F
:1069B0003D4B9A421BD04FF0E023D3F8002D3B4BC8
:1069C0009A421DD030B583B0394B1A78D2B20192B9
:1069D000FF221A701B78DBB28DF803309DF803306C
:1069E00003F05003334A1370072353601BE04FF04A
:1069F000500383F31188BFF36F8FBFF34F8FFEE710
:106A00004FF0500383F31188BFF36F8FBFF34F8FA5
:106A1000FEE7284A5368013B53609DF803305B0052
:106A2000DBB28DF803309DF8033013F0800FF0D106
:106A3000204B5B68032B08D04FF0500383F3118881
:106A4000BFF36F8FBFF34F8FFEE71B02194A5360EE
:106A500003F4E0635360019BDBB2154A13704FF0FF
:106A6000E024D4F8203D43F47003C4F8203DD4F86A
:106A7000203D43F07043C4F8203DFFF781FF00251F
:106A80000D4B1D60FFF7B5FED4F8343F43F0404393
:106A9000C4F8343FFFF79CFE01F0EAFEFFF778FEF2
:106AA000284603B030BD00BF71C20F4170C20F4114
:106AB00000E400E0A08E0020D4000020EFF3058366
:106AC0000F2B0ED9114A9A5C114B1B789A4208D2AF
:106AD0004FF0500383F31188BFF36F8FBFF34F8FD5
:106AE000FEE74FF0E023D3F80C3D03F4E063084ADF
:106AF0005268934208D94FF0500383F31188BFF3D3
:106B00006F8FBFF34F8FFEE7704700BFF0E300E0E9
:106B1000A08E002008ED00E088ED00E0104A12F0A1
:106B2000070F1AD0D11D21F00701C1F566431344A8
:106B30000A460C490A60002048601344083B23F0D1
:106B400007038B6058601860981A50601360C86023
:106B500008614FF000434B6170474FF46643E8E72C
:106B6000C88E0020A88E0020164B1A461B68834250
:106B7000FBD3516802EB010C844509D0416800EB5E
:106B8000010C634509D00360904219D01060704732
:106B90004068014451601046F0E710B4094CA46805
:106BA000A3420BD05B681944416013681B68036003
:106BB000904200D010605DF8044B70470460F7E726
:106BC000704700BFA88E002038B5044601F03CFC99
:106BD0003C4B9B68ABB13B4B5B691C4214D1002C16
:106BE00068D004F1080214F0070F02D022F0070267
:106BF0000832D2B1334B1B6993421AD331490C6826
:106C00001DE0FFF78BFFE6E701F0E0FC0025D9F778
:106C100073FD15F0070F53D04FF0500383F3118825
:106C2000BFF36F8FBFF34F8FFEE701F0CFFC00255E
:106C3000EDE701F0CBFC0025E9E721461C4663683F
:106C4000934202D22368002BF7D11E4B9B68A342CC
:106C500014D00D68083523680B6063689B1A102BED
:106C600014D9A01810F0070F0CD04FF0500383F385
:106C70001188BFF36F8FBFF34F8FFEE701F0A6FCC3
:106C80000025C4E743606260FFF76EFF61680D4A4C
:106C900013695B1A1361D268934201D2094AD36027
:106CA000084B5A690A436260002222609A690132E5
:106CB0009A6100E0002501F089FC002DA9D1A6E72A
:106CC000284638BDA88E002098B338B50446A0F1F8
:106CD000080550F8043C174A5269134208D14FF096
:106CE000500383F31188BFF36F8FBFF34F8FFEE71D
:106CF00050F8081C41B14FF0500383F31188BFF3E3
:106D00006F8FBFF34F8FFEE723EA020340F8043C86
:106D100001F09AFB54F8042C064C236913442361B8
:106D20002846FFF721FFE3690133E36101F04EFCE0
:106D300038BD7047A88E0020014B1869704700BF0E
:106D4000A88E0020014BD868704700BFA88E002095
:106D50007047F8B5074601F077FB164B1B6893B1F7
:106D60004FF0FF3600252C4604E01B68114A92685C
:106D70009A420CD001345A68AA4200D91546B24250
:106D8000F3D21646F1E74FF0FF3600252C4601F00E
:106D90001DFC7D60BE60FC60FFF76EFD054B1A694F
:106DA0003A609A697A61DA69BA61DB683B61FFF738
:106DB00085FDF8BDA88E00200346406A18B11B6B04
:106DC0001868C0F10700704710B50446FFF754FD7E
:106DD000A26BE36B9A4204D00024FFF76FFD2046BC
:106DE00010BD0124F9E710B50446FFF745FDA36B7C
:106DF00023B90124FFF762FD204610BD0024F9E706
:106E000070B504461546866B026C5AB903681BB10F
:106E100000200136A66370BD806801F0CFFF00231B
:106E2000A360F6E76DB940680AF013FC6368226C52
:106E300013446360A268934219D3236863602846B1
:106E4000E7E7C0680AF005FCE368226C51429B1A30
:106E5000E3602268934202D2A3680B44E360022DF0
:106E600001D00020D5E726B1013E0020D1E7284619
:106E7000CFE70020CDE70346026C6AB110B50846A3
:106E8000D9681144D9609C68A14201D31968D960BE
:106E9000D9680AF0DEFB10BD704738B50546FFF72C
:106EA000EBFC95F8454064B201E0013C64B2002C73
:106EB0000ADD6B6A43B105F1240001F01DFE0028D4
:106EC000F3D001F001FFF0E7FF2385F84530FFF72D
:106ED000F5FCFFF7D1FC95F8444064B201E0013CB9
:106EE00064B2002C0ADD2B6943B105F1100001F0FA
:106EF00003FE0028F3D001F0E7FEF0E7FF2385F85A
:106F00004430FFF7DBFC38BD38B5E0B10D46044630
:106F1000FFF7B2FC2368E26B216C01FB0230A0603A
:106F20000020A0636360013A02FB0133E360FF23AA
:106F300084F8443084F84530FDB9236963B9FFF71C
:106F4000BDFC012038BD4FF0500383F31188BFF31F
:106F50006F8FBFF34F8FFEE704F1100001F0CCFDFF
:106F60000028ECD04FF0E0234FF08052C3F8042DFE
:106F7000BFF34F8FBFF36F8FE1E704F11000FFF70E
:106F8000BFFB04F12400FFF7BBFBD8E710B50346B5
:106F900002980C4631B90060C36304640121FFF715
:106FA000B3FF10BD0260F7E740B94FF0500383F321
:106FB0001188BFF36F8FBFF34F8FFEE710B584B01A
:106FC0001C46844653B192B189B94FF0500383F304
:106FD0001188BFF36F8FBFF34F8FFEE74FF0500361
:106FE00083F31188BFF36F8FBFF34F8FFEE76AB152
:106FF00048230393039B482B13D04FF0500383F394
:107000001188BFF36F8FBFF34F8FFEE70029EFD0DA
:107010004FF0500383F31188BFF36F8FBFF34F8F8F
:10702000FEE7039B012384F8463000949DF8183056
:107030006046FFF7ABFF204604B010BD40B94FF0EB
:10704000500383F31188BFF36F8FBFF34F8FFEE7B9
:10705000F0B583B00D461446064601FB00F04830FB
:10706000FFF7B2FD074650B1002380F8463000908C
:10707000234600F1480229463046FFF787FF38468D
:1070800003B0F0BD10B50446FFF7F6FB236823B943
:10709000A468FFF713FC204610BD0024F9E718B1DF
:1070A000026852B9806870474FF0500383F311882B
:1070B000BFF36F8FBFF34F8FFEE700207047F0B52F
:1070C00085B0019288B10F461D460446B1B1022D2C
:1070D00020D1E36B012B1DD04FF0500383F31188B7
:1070E000BFF36F8FBFF34F8FFEE74FF0500383F373
:1070F0001188BFF36F8FBFF34F8FFEE7036C002B38
:10710000E5D04FF0500383F31188BFF36F8FBFF3C7
:107110004F8FFEE701F0E6FD064658B9019B002BB4
:1071200048D04FF0500383F31188BFF36F8FBFF344
:107130004F8FFEE700263DE02A4639462046FFF7FE
:107140005FFE636A7BB948B14FF0E0234FF0805295
:10715000C3F8042DBFF34F8FBFF36F8FFFF7AEFB64
:10716000012005B0F0BD04F1240001F0C5FC0028A9
:10717000F4D04FF0E0234FF08052C3F8042DBFF35A
:107180004F8FBFF36F8FE9E7FFF798FB0020E8E729
:1071900002A801F04DFD012619E0002384F84430D7
:1071A00021E0002384F8453023E02046FFF775FEF8
:1071B00001F00CFAFFF760FBA26BE36B9A42BBD3C2
:1071C000022DB9D0019B002BDED0002EE0D0FFF7BE
:1071D00075FB01F039F9FFF74FFB94F8442052B2E8
:1071E000B2F1FF3FD9D094F8452052B2B2F1FF3F3F
:1071F000D7D0FFF763FB01A902A801F023FDD8B99E
:107200002046FFF7E1FD0028CFD0019904F11000DE
:1072100001F00CFC2046FFF740FE01F0D7F90028F2
:10722000C8D14FF0E0234FF08052C3F8042DBFF3D4
:107230004F8FBFF36F8FBDE72046FFF72EFE01F0A3
:10724000C5F900208DE748B108B5002181600160D3
:10725000C1600B460A46FFF732FF08BD704710B504
:10726000024600210120FFF7E9FE0446FFF7EBFF8D
:10727000204610BD10B582B00B460090002211468A
:107280000120FFF791FE0446FFF7DDFF204602B024
:1072900010BD38B538B10446856801F01DFD854242
:1072A0000AD0002038BD4FF0500383F31188BFF39C
:1072B0006F8FBFF34F8FFEE7E368013BE3600BB1D5
:1072C0000120EFE71A4619462046FFF7F8FE012095
:1072D000E8E72DE9F84390B10F4616461C460546EF
:1072E000B1B1022C20D1EB6B012B1DD04FF050031C
:1072F00083F31188BFF36F8FBFF34F8FFEE74FF01B
:10730000500383F31188BFF36F8FBFF34F8FFEE7F6
:10731000036C002BE5D04FF0500383F31188BFF3CB
:107320006F8FBFF34F8FFEE7FFF7C8FBEFF31188B6
:107330004FF0500383F31188BFF36F8FBFF34F8F6C
:10734000AA6BEB6B9A4206D3022C04D0002088F380
:107350001188BDE8F88395F845904FFA89F9AB6B31
:10736000224639462846FFF74BFDB9F1FF3F06D0CC
:1073700009F101035BB285F845300120E7E76B6A4C
:107380000BB90120E3E705F1240001F0B5FB18B1CA
:1073900026B101203060DAE70120D8E70120D6E7E6
:1073A00068B170B50C460546036C8BB14FF05003C5
:1073B00083F31188BFF36F8FBFF34F8FFEE74FF05A
:1073C000500383F31188BFF36F8FBFF34F8FFEE736
:1073D0000368EBB1FFF772FBEFF311864FF0500338
:1073E00083F31188BFF36F8FBFF34F8FAA6BEB6BE3
:1073F000934226D995F845305BB20132AA63B3F1C6
:10740000FF3F11D001335BB285F84530012019E010
:107410008368002BDED04FF0500383F31188BFF355
:107420006F8FBFF34F8FFEE76B6A0BB9012009E046
:1074300005F1240001F060FB38B144B10120206067
:1074400000E0002086F3118870BD0120FAE70120DA
:10745000F8E7F0B585B0019290B10F460446C1B18E
:1074600001F040FC064600BB019B002B5ED04FF0B4
:10747000500383F31188BFF36F8FBFF34F8FFEE785
:107480004FF0500383F31188BFF36F8FBFF34F8F1B
:10749000FEE7036C002BE3D04FF0500383F3118819
:1074A000BFF36F8FBFF34F8FFEE700263EE03946F4
:1074B0002046FFF7E0FC013DA563236923B9FFF7F0
:1074C000FDF9012005B0F0BD04F1100001F014FB3E
:1074D0000028F4D04FF0E0234FF08052C3F8042D81
:1074E000BFF34F8FBFF36F8FE9E7FFF7E7F9002096
:1074F000E8E702A801F09CFB012621E0002384F8C4
:10750000443029E0002384F845302BE02046FFF783
:10751000C4FC01F05BF809E02046FFF7BEFC01F077
:1075200055F82046FFF75FFC00283FD1FFF7A4F98C
:10753000A56B002DBBD1019B002BD6D0002ED8D03F
:10754000FFF7BCF900F080FFFFF796F994F844309C
:107550005BB2B3F1FF3FD1D094F845305BB2B3F1E9
:10756000FF3FCFD0FFF7AAF901A902A801F06AFBFB
:107570000028D1D12046FFF736FC0028C6D001995B
:1075800004F1240001F052FA2046FFF786FC01F0D6
:107590001DF80028CAD14FF0E0234FF08052C3F805
:1075A000042DBFF34F8FBFF36F8FBFE7002089E734
:1075B00070B584B0019158B10446036C8BB14FF0A3
:1075C000500383F31188BFF36F8FBFF34F8FFEE734
:1075D0004FF0500383F31188BFF36F8FBFF34F8FCA
:1075E000FEE701F07FFB054650B9019B5BB14FF010
:1075F000500383F31188BFF36F8FBFF34F8FFEE704
:107600000026354655E0064653E0013BA363236858
:107610003BB123694BB9FFF751F90126304604B05D
:1076200070BD01F091FCA060F3E704F1100001F0DF
:1076300063FA0028EFD04FF0E0234FF08052C3F8F8
:10764000042DBFF34F8FBFF36F8FE4E746B14FF0C8
:10765000500383F31188BFF36F8FBFF34F8FFEE7A3
:10766000FFF72CF9DAE702A801F0E2FA01252AE097
:10767000002384F8443032E0002384F8453034E0BD
:10768000FFF7FAF8A06801F03DFB0646FFF716F990
:107690003BE02046FFF701FC00F098FF09E02046A0
:1076A000FFF7FBFB00F092FF2046FFF79CFB002852
:1076B00042D1FFF7E1F8A36B002BA6D1019B002B71
:1076C000C4D0002DCFD0FFF7F9F800F0BDFEFFF7D2
:1076D000D3F894F844305BB2B3F1FF3FC8D094F8CC
:1076E00045305BB2B3F1FF3FC6D0FFF7E7F801A921
:1076F00002A801F0A7FA0028D1D12046FFF773FBBA
:107700000028C6D02368002BBAD0019904F12400C8
:1077100001F08CF92046FFF7C0FB00F057FF00286E
:10772000C7D14FF0E0234FF08052C3F8042DBFF3D0
:107730004F8FBFF36F8FBCE70EB900266EE7FFF7E0
:107740009BF82046FFF738FB0146A06801F090FB4C
:10775000FFF7B4F8F1E780B170B50C4605468668CE
:1077600001F0BAFA864211D021462846FFF720FFE1
:1077700080B1EB680133EB600CE04FF0500383F312
:107780001188BFF36F8FBFF34F8FFEE7EB680133B4
:10779000EB60012070BD70B584B0019290B10E46CF
:1077A0000446C1B101F09EFA054600BB019B002BC7
:1077B0005ED04FF0500383F31188BFF36F8FBFF398
:1077C0004F8FFEE74FF0500383F31188BFF36F8FA5
:1077D000BFF34F8FFEE7036C002BE3D04FF0500355
:1077E00083F31188BFF36F8FBFF34F8FFEE7002540
:1077F0003EE0E56831462046FFF73DFBE560636A01
:1078000023B9FFF75BF8012004B070BD04F1240038
:1078100001F072F90028F4D04FF0E0234FF08052CD
:10782000C3F8042DBFF34F8FBFF36F8FE9E7FFF766
:1078300045F80020E8E702A801F0FAF9012521E067
:10784000002384F8443029E0002384F845302BE0FD
:107850002046FFF722FB00F0B9FE09E02046FFF7C3
:107860001CFB00F0B3FE2046FFF7BDFA00283FD115
:10787000FFF702F8A36B002BBBD1019B002BD6D0E6
:10788000002DD8D0FFF71AF800F0DEFDFEF7F4FF68
:1078900094F844305BB2B3F1FF3FD1D094F8453057
:1078A0005BB2B3F1FF3FCFD0FFF708F801A902A800
:1078B00001F0C8F90028D1D12046FFF794FA00283A
:1078C000C6D0019904F1240001F0B0F82046FFF77A
:1078D000E4FA00F07BFE0028CAD14FF0E0234FF01D
:1078E0008052C3F8042DBFF34F8FBFF36F8FBFE7F4
:1078F000002089E72DE9F843B0B10D4690460446D3
:10790000D9B1FFF7DBF8EFF311874FF0500383F3A2
:107910001188BFF36F8FBFF34F8FA66BCEB90020D6
:1079200087F31188BDE8F8834FF0500383F3118883
:10793000BFF36F8FBFF34F8FFEE7036C002BE0D0D8
:107940004FF0500383F31188BFF36F8FBFF34F8F56
:10795000FEE794F844904FFA89F929462046FFF74C
:107960008AFA731EA363B9F1FF3F06D009F1010340
:107970005BB284F844300120D2E723690BB90120BF
:10798000CEE704F1100001F0B7F830B1B8F1000F04
:1079900005D00120C8F80000C2E70120C0E701209F
:1079A000BEE7F8B568B10D46044699B1236CEBB952
:1079B0004FF0500383F31188BFF36F8FBFF34F8FE6
:1079C000FEE74FF0500383F31188BFF36F8FBFF3CF
:1079D0004F8FFEE7036C002BE8D04FF0500383F38A
:1079E0001188BFF36F8FBFF34F8FFEE7FFF766F885
:1079F000EFF311864FF0500383F31188BFF36F8FBD
:107A0000BFF34F8FA36B1BB9002086F31188F8BD1D
:107A1000E76829462046FFF72EFAE7600120F4E7E1
:107A200040B110B50446FEF727FFA46BFEF746FFF2
:107A3000204610BD4FF0500383F31188BFF36F8FC2
:107A4000BFF34F8FFEE738B548B10546FEF714FF88
:107A5000EC6BAB6BE41AFEF731FF204638BD4FF0FC
:107A6000500383F31188BFF36F8FBFF34F8FFEE78F
:107A700008B1806B70474FF0500383F31188BFF358
:107A80006F8FBFF34F8FFEE718B1836B53B901209F
:107A900070474FF0500383F31188BFF36F8FBFF32C
:107AA0004F8FFEE70020704728B1826BC36B9A426C
:107AB0000AD0002070474FF0500383F31188BFF3C2
:107AC0006F8FBFF34F8FFEE7012070470023072B16
:107AD0000CD8074A52F833200AB10133F7E7044AB9
:107AE00042F8331002EBC30250607047704700BF8A
:107AF000C87401200023072B0BD8074A02EBC302EE
:107B00005268824201D00133F5E7034A52F833004C
:107B100070470020704700BFC87401200023072B66
:107B20000FD8084A02EBC3025268824201D00133E7
:107B3000F5E7044A002142F8331002EBC30251601A
:107B400070477047C874012038B110B50446FFF77C
:107B5000E5FF94F846304BB110BD4FF0500383F36E
:107B60001188BFF36F8FBFF34F8FFEE72046FFF7FB
:107B7000ABF8F1E770B504460D461646FEF77CFEFD
:107B800094F844305BB2B3F1FF3F0DD094F8453028
:107B90005BB2B3F1FF3F0BD0FEF790FEA36B5BB17E
:107BA0002046FFF77AF970BD002384F84430EDE7F2
:107BB000002384F84530EFE73246294604F12400DB
:107BC00000F07CFFECE700BF28B141690C4A91420C
:107BD0000AD0002070474FF0500383F31188BFF3A1
:107BE0006F8FBFF34F8FFEE7836A1432934202D048
:107BF0001BB100207047002070470120704700BF74
:107C000008750120074B9B6A1B6823B9054B4FF091
:107C1000FF32DA627047034B9A6AD268D2685268C0
:107C2000DA627047087501202DE9F04780460D465D
:107C300017469946089EDDF824A00A9C9200A521CB
:107C4000206B09F05BFB236B07F18042013A03EBE9
:107C5000820727F00707002D62D04FF0000CBCF11F
:107C60000F0F09D815F80C3004EB0C0282F83430F1
:107C700013B10CF1010CF2E7002384F84330062E17
:107C800000D90626E66266640025A564201DFEF77D
:107C900042FD04F11800FEF73EFD2461C6F107061F
:107CA000A6616462E564C4F8905184F894514FF47D
:107CB000A072294604F1500009F020FB1A4B6365BD
:107CC00003F16802A265D033E36501220023C4E911
:107CD0003A2343F20E33A4F8F0304AF6CD33A4F839
:107CE000F23041F23423A4F8F4304EF26D63A4F87C
:107CF000F6304DF6EC63A4F8F8300523A4F8FA301A
:107D00000B23A4F8FC304A4641463846FEF778FD7E
:107D10002060BAF1000F01D0CAF80040BDE8F0873A
:107D2000002384F83430AAE7B4A4012070B50024FD
:107D300007E004EB8402930010481844FEF7E0FCCF
:107D40000134062CF5D90E4C04F1BC063046FEF782
:107D5000D7FC04F1D0052846FEF7D2FC04F114004C
:107D6000FEF7CEFC04F1E400FEF7CAFC2046FEF765
:107D7000C7FCA662C4F8F85070BD00BF387501207A
:107D80000875012038B50546FEF776FD274BD3F878
:107D9000FC200132C3F8FC20D3F8003173B1234B2F
:107DA000D3F804318BB9214BD3F80031DA6AEB6A8E
:107DB0009A420AD81D4BC3F8005106E01B4BC3F88A
:107DC0000051D3F8FC30012B2CD0184CD4F80831DA
:107DD0000133C4F80831EB6A01229A40D4F80C113F
:107DE0000A43C4F80C2104F1300003EB8303291D7E
:107DF00000EB8300FEF792FCFEF760FDD4F804313F
:107E00007BB1D4F80031DA6AEB6A9A4209D24FF0BA
:107E1000E0234FF08052C3F8042DBFF34F8FBFF320
:107E20006F8F38BDFFF782FFCFE700BF08750120D5
:107E300010B50446503009F037FB94F8953163B122
:107E4000012B11D0022B0ED04FF0500383F3118879
:107E5000BFF36F8FBFF34F8FFEE7206BFEF734FF4A
:107E60002046FEF731FF10BD2046FEF72DFFFAE752
:107E700038B517E0FEF700FD0D4CD4F8F030DD68A2
:107E8000281DFEF76FFCD4F8FC30013BC4F8FC3031
:107E9000D4F81031013BC4F81031FEF70FFD28462D
:107EA000FFF7C6FF024BD3F81031002BE2D138BDEB
:107EB0000875012008B5FFF7DBFF074B1B6B012B93
:107EC000F9D94FF0E0234FF08052C3F8042DBFF3EF
:107ED0004F8FBFF36F8FEEE70875012070B5044632
:107EE0000D461E4BD3F81461D3F800010430FEF7A1
:107EF00039FC58B9194BD3F80021D26A01219140BD
:107F0000D3F80C2122EA0102C3F80C21B4F1FF3F9F
:107F10000FD03444114BD3F800315C60A64211D924
:107F20000E4BD3F8F800D3F800110431FEF701FC32
:107F300070BD002DEDD00948D0F800110431FEF7D6
:107F4000EDFBF5E7054DA86AD5F800110431FEF701
:107F5000F0FBEB6AA342EBD9EC62E9E7087501207C
:107F600030B587B00B9C8CB10C9DC5B14FF4CC756E
:107F70000495049DB5F5CC7F1AD04FF0500383F3E0
:107F80001188BFF36F8FBFF34F8FFEE74FF05003A1
:107F900083F31188BFF36F8FBFF34F8FFEE74FF06E
:107FA000500383F31188BFF36F8FBFF34F8FFEE74A
:107FB000049D0C9D2C63022485F8954100240394B4
:107FC000029505AC01940A9C0094FFF72DFE0C98D5
:107FD000FFF7D8FE059807B030BD2DE9F04385B016
:107FE0000746884614461E469000FEF7EDFD10B386
:107FF00081464FF4CC70FEF7E7FD0546A8B1C0F806
:108000003090002380F89531039302900D9B0193EB
:108010000C9B00933346224641463846FFF704FE48
:108020002846FFF7AFFE012007E04846FEF74CFE6A
:108030004FF0FF3001E04FF0FF3005B0BDE8F083B6
:1080400070B50446FEF718FC002C3DD0251D2846CF
:10805000FEF788FB88B9E26A02EB82012E4B03EB44
:1080600081031B6B4BB9012303FA02F22A49D1F8B1
:108070000C3123EA0203C1F80C31A36A1BB104F1ED
:108080001800FEF76FFB244BD3F808210132C3F828
:108090000821D3F80031A3421AD01F4AD2F8FC308D
:1080A000013BC2F8FC302046FFF7C2FEFFF7AAFDF5
:1080B000FEF704FC184BD3F8043123B1164BD3F868
:1080C0000031A34210D070BD134BD3F80041BDE77F
:1080D000114E294606F1E400FEF720FBD6F81031D8
:1080E0000133C6F81031E3E70B4BD3F8183143B135
:1080F0004FF0500383F31188BFF36F8FBFF34F8F9F
:10810000FEE74FF0E0234FF08052C3F8042DBFF399
:108110004F8FBFF36F8FD6E70875012010B5044667
:10812000FEF7AAFB24B1E46AFEF7C8FB204610BDA7
:10813000014BD3F80041F6E70875012010B504465D
:10814000FEF7BCFCEFF311834FF0500282F311886D
:10815000BFF36F8FBFF34F8F1CB1E06A83F31188B9
:1081600010BD024AD2F80041F7E700BF08750120B0
:10817000F8B5062908D94FF0500383F31188BFF3EF
:108180006F8FBFF34F8FFEE705460C46FEF774FB7B
:1081900085B16B6C9C4234D010D92F4AD2F80021A3
:1081A000AA4231D02C4AD2F80021D26AA2422DD95B
:1081B000002709E0284BD3F80051EAE7264AD2F815
:1081C0000021AA4224D00027EE6AB34222D06C6478
:1081D000AB69002B02DBC4F10704AC61696906EBF3
:1081E00086021E4B03EB8203994215D04FB14FF02C
:1081F000E0234FF08052C3F8042DBFF34F8FBFF33D
:108200006F8FFEF75BFBF8BD0027DDE70127DBE79B
:108210000127D9E7EC62DAE72C1D2046FEF7A2FA27
:1082200040B90122B2400C49D1F80C3123EA0203D3
:10823000C1F80C31E86A01228240074BD3F80C11D7
:108240000A43C3F80C21303300EB8000214603EBD6
:108250008000FEF763FAC9E7087501203875012030
:1082600078B170B504461F4BD3F80031834207D074
:10827000FEF702FB2046FFF7A7FC58B9FEF71EFBEE
:1082800070BD4FF0500383F31188BFF36F8FBFF3BE
:108290004F8FFEE7261D3046FEF764FAE36A01229F
:1082A0009A40104DD5F80C110A43C5F80C2105F180
:1082B000300003EB8303314600EB8300FEF72EFA18
:1082C000E26AD5F80031DB6A9A42D7D34FF0E02357
:1082D0004FF08052C3F8042DBFF34F8FBFF36F8F61
:1082E000CCE700BF08750120F8B5B0B30546FEF72E
:1082F000E5FBEFF311844FF0500383F31188BFF3D4
:108300006F8FBFF34F8F2846FFF75EFC064600B322
:108310001B4BD3F818315BBBEA6A194BD3F8003119
:10832000DB6A9A4222D200262F1D3846FEF71AFA3F
:10833000E86A01228240124BD3F80C110A43C3F8B9
:108340000C21303300EB8000394603EB8000FEF750
:10835000E5F984F311883046F8BD4FF0500383F3FC
:108360001188BFF36F8FBFF34F8FFEE70126DBE766
:1083700005F118010348FEF7D1F90026E9E700BF2F
:10838000087501201C75012010B588B000240594E3
:10839000069407AA06A905A801F04FFC059B0293C5
:1083A000069B019300942346079A1A491A48FFF73F
:1083B000D7FD1A4BC3F81C01E8B101F0B1F8012850
:1083C0001AD14FF0500383F31188BFF36F8FBFF3BF
:1083D0004F8F124BD3F80021503211490A604FF0F1
:1083E000FF32DA620122C3F804210022C3F814210B
:1083F000FEF7DAFA03E00020B0F1FF3F01D008B049
:1084000010BD4FF0500383F31188BFF36F8FBFF39C
:108410004F8FFEE780EB0308B57E02080875012048
:10842000C802002008B54FF0500383F31188BFF352
:108430006F8FBFF34F8F034B0022C3F80421FEF769
:1084400009FA08BD08750120034AD2F81831013332
:10845000C2F81831704700BF08750120014BD3F8EE
:10846000140170470875012008B5FEF727FB024B81
:10847000D3F8140108BD00BF08750120014BD3F8E3
:10848000FC00704708750120034610B103F1340069
:108490007047074BD3F80031002BF7D14FF0500352
:1084A00083F31188BFF36F8FBFF34F8FFEE700BFD9
:1084B000087501202DE9F041434BD3F81831002B0A
:1084C00076D1414BD3F814610136C3F81461CEB9AB
:1084D0009B6A1B6843B14FF0500383F31188BFF3CD
:1084E0006F8FBFF34F8FFEE7374B9A6AD3F8F810C0
:1084F0009962C3F8F820D3F820210132C3F8202173
:10850000FFF780FB304BDB6AB34246D94FF00008DF
:108510002D4AD2F80031DB6A03EB830399000A4449
:10852000136B012B01D94FF00108274BD3F82431ED
:10853000002B45D04FF0010842E04FF00108224BDC
:108540009B6A1B6863B3204B9B6ADB68DC686368CB
:108550009E422AD3271D3846FEF704F9A36A1BB1B1
:1085600004F11800FEF7FEF8E36A01229A40164D66
:10857000D5F80C110A43C5F80C2105F1300003EBC6
:1085800083039A0039461044FEF7C8F8E26AD5F82A
:108590000031DB6A9A42D0D2D1E74FF00008CEE733
:1085A000094B4FF0FF32DA62B2E7074AD362AFE716
:1085B000054AD2F828310133C2F828314FF00008BB
:1085C0004046BDE8F08100BF087501203A4BD3F862
:1085D000183143B94FF0500383F31188BFF36F8F05
:1085E000BFF34F8FFEE770B5FEF746F9324BD3F875
:1085F0001821013AC3F81821D3F81831002B56D1AD
:108600002D4BD3F8FC300BB9002451E000252A4B48
:108610005B692BB3284C236ADD6805F11800FEF76F
:10862000A1F82E1D3046FEF79DF8EB6A01229A4014
:10863000D4F80C110A43C4F80C2104F1300003EB08
:108640008303314600EB8300FEF768F8EA6AD4F84A
:108650000031DB6A9A42DAD30122C4F82421D6E73A
:108660000DB1FFF7CFFA144BD3F828418CB9124B58
:10867000D3F82441E4B14FF0E0234FF08052C3F827
:10868000042DBFF34F8FBFF36F8F012410E0013C27
:1086900008D0FFF70FFF0028F9D0074B0122C3F8DD
:1086A0002421F4E7044B0022C3F82821DFE700244B
:1086B000FEF704F9204670BD0875012038B558B1A1
:1086C0000C46054689B94FF0500383F31188BFF378
:1086D0006F8FBFF34F8FFEE74FF0500383F3118886
:1086E000BFF36F8FBFF34F8FFEE71C4BD3F81831EA
:1086F00043B14FF0500383F31188BFF36F8FBFF383
:108700004F8FFEE7FFF7A0FE144BD3F814012B6840
:108710001C44834209D9A34201D82C600EE0A04238
:1087200001D32C600AE02C6004E0A34201D8A042EF
:1087300012D22C600021201AFFF7D0FBFFF746FF72
:1087400048B94FF0E0234FF08052C3F8042DBFF337
:108750004F8FBFF36F8F38BD2C60EFE70875012096
:1087600010B5B0B10446104BD3F8183143B14FF0F7
:10877000500383F31188BFF36F8FBFF34F8FFEE772
:10878000FFF762FE00212046FFF7A8FBFFF71EFF60
:1087900048B94FF0E0234FF08052C3F8042DBFF3E7
:1087A0004F8FBFF36F8F10BD087501200C4BD3F8AE
:1087B000183143B14FF0500383F31188BFF36F8F2B
:1087C000BFF34F8FFEE710B50446FFF73DFE044AA6
:1087D000D2F828312344C2F82831FFF7F7FE10BD44
:1087E0000875012038B50C46054628B1FEF744F857
:1087F000EC64FEF763F838BD014BD3F80051F5E7A0
:108800000875012010B5044630B1FEF735F8E46C68
:10881000FEF754F8204610BD014BD3F80041F4E7B1
:1088200008750120034668B1EFF311824FF0500143
:1088300081F31188BFF36F8FBFF34F8FD86C82F332
:1088400011887047014BD3F80031EDE7087501201E
:1088500008B5034620B1DB6C33B10846984708BD24
:10886000024BD3F80031F6E70020F8E70875012045
:1088700008B5334BD3F8183123B1314B0122C3F87B
:10888000242108BD2E4B0022C3F82421D3F8003147
:108890001B6B1A68B2F1A53F03D15A68B2F1A53F2C
:1088A0001ED0274BD3F80001D3F800113431D7F78D
:1088B00021FF234AD2F80C31B3FA83F3DBB2C3F1C0
:1088C0001F0303EB830081000A44126B8AB94FF047
:1088D000500383F31188BFF36F8FBFF34F8FFEE711
:1088E0009A68B2F1A53FDCD1DB68B3F1A53FD8D1DE
:1088F000DFE7134A03EB830081001144486B4068B3
:108900004863303203EB830C4FEA8C0108310A4490
:1089100090420ED00A4903EB83039A000A44536B3A
:10892000DB68C1F80031D1F800315033054A1360DB
:10893000A7E7406862469100014A0A445063E9E7AC
:1089400008750120C802002038B50446FDF794FFE1
:1089500084B3251D2846FDF705FF88B9E26A02EBBE
:108960008201314B03EB81031B6B4BB9012303FAEB
:1089700002F22D49D1F80C3123EA0203C1F80C317F
:10898000A36A1BB104F11800FDF7ECFE2946264846
:10899000FDF7C4FE94F89431012B0FD0FDF78EFF44
:1089A000214BD3F804316BB91F4BD3F80031A342EC
:1089B0000FD038BD1C4BD3F80041CAE7002384F820
:1089C0009431EBE7FDF758FFFFF71CF9FDF776FF51
:1089D000EAE7154BD3F80431BBB1134BD3F8183188
:1089E00043B14FF0500383F31188BFF36F8FBFF390
:1089F0004F8FFEE74FF0E0234FF08052C3F8042D75
:108A0000BFF34F8FBFF36F8FD3E7074B1A68D3F8CD
:108A1000FC309A4204D1044B0022C3F80021C8E77D
:108A2000FFF726FFC5E700BF0875012060B110B54C
:108A30000C460A4AD2F800111831FDF77AFE0121DE
:108A40002046FFF74BFA10BD4FF0500383F3118817
:108A5000BFF36F8FBFF34F8FFEE700BF0875012094
:108A600078B110B514460246134BD3F818318BB9C0
:108A70004FF0500383F31188BFF36F8FBFF34F8F15
:108A8000FEE74FF0500383F31188BFF36F8FBFF3FE
:108A90004F8FFEE7084BD3F8000141F000418161A0
:108AA000D3F8001118311046FDF738FE0121204699
:108AB000FFF714FA10BD00BF0875012038B578B172
:108AC0000D4614460B4AD2F800111831FDF726FE68
:108AD0000CB14FF0FF3521462846FFF7FFF938BDAE
:108AE0004FF0500383F31188BFF36F8FBFF34F8FA5
:108AF000FEE700BF0875012038B5C368DC684CB3D9
:108B000004F118052846FDF72DFE1A4BD3F818314D
:108B10004BBB251D2846FDF725FEE06A0122824059
:108B2000144BD3F80C110A43C3F80C21303300EB7B
:108B30008000294603EB8000FDF7F0FDE26A0D4B53
:108B4000D3F80031DB6A9A4212D90120094BC3F8ED
:108B5000240138BD4FF0500383F31188BFF36F8FAA
:108B6000BFF34F8FFEE729460348FDF7D7FDE5E742
:108B70000020EEE7087501201C7501201E4BD3F87C
:108B8000183143B94FF0500383F31188BFF36F8F4F
:108B9000BFF34F8FFEE770B541F000410160C4683C
:108BA0000CB3FDF7DFFD261D3046FDF7DBFDE36A64
:108BB00001229A40104DD5F80C110A43C5F80C213A
:108BC00005F1300003EB8303314600EB8300FDF732
:108BD000A5FDE26AD5F80031DB6A9A4202D901228A
:108BE000C5F8242170BD4FF0500383F31188BFF303
:108BF0006F8FBFF34F8FFEE70875012068B110B586
:108C00000446FDF739FE094BD3F820212260D3F842
:108C100014316360FDF752FE10BD4FF0500383F333
:108C20001188BFF36F8FBFF34F8FFEE708750120E8
:108C3000034BD3F820210260D3F81431436070470E
:108C400008750120E8B170B50C46054611B3FDF773
:108C500013FE1C4BD3F814116B68C81A2268B2F1CA
:108C6000FF3F28D0DFF85CC0DCF820C12E686645E5
:108C700001D08B4224D9824215D8002323600124DD
:108C80001AE04FF0500383F31188BFF36F8FBFF3E7
:108C90004F8FFEE74FF0500383F31188BFF36F8FC0
:108CA000BFF34F8FFEE75B1A134423602846FFF79C
:108CB000BFFF002400E00024FDF700FE204670BD49
:108CC0000124F9E708750120024B0122C3F8242191
:108CD000704700BF08750120014BD3F800017047B1
:108CE00008750120064BD3F804313BB1044BD3F88F
:108CF00018310BB1002070470220704701207047E7
:108D000008750120002850D038B50446C36A294AA6
:108D1000D2F80021D26A93423ED28269002A06DB51
:108D2000244AD2F80021D26AC2F107028261616945
:108D300003EB8303204A02EB8303994206D01D4BC9
:108D4000D3F80031DB6AE362012038BD251D2846D7
:108D5000FDF708FD48B9E36A01229A401549D1F8A8
:108D60000C3123EA0203C1F80C31124BD3F8002175
:108D7000D06AE062012404FA00F2D3F80C110A432D
:108D8000C3F80C21303300EB8000294603EB800050
:108D9000FDF7C4FC2046D8E7426C064BD3F80031FF
:108DA000DB6A9A4203D30020CFE7002070470120FE
:108DB000CBE700BF0875012038750120002851D08D
:108DC00038B50446294BD3F80031834208D04FF020
:108DD000500383F31188BFF36F8FBFF34F8FFEE70C
:108DE000836C43B94FF0500383F31188BFF36F8F47
:108DF000BFF34F8FFEE7013B8364C16A426C91422F
:108E000032D00BB1002038BD051D2846FDF7AAFC65
:108E100080B9E36A03EB8301144A02EB8102126B0F
:108E200042B901229A401149D1F80C3123EA0203D8
:108E3000C1F80C31636CE362C3F10702A261012443
:108E400004FA03F1094AD2F80C010143C2F80C11EB
:108E5000303203EB8303294602EB8300FDF75EFC0F
:108E60002046D0E7002070470020CCE7087501209D
:108E7000002854D038B50446836C43B94FF05003F2
:108E800083F31188BFF36F8FBFF34F8FFEE7426C00
:108E90008A4200D20A46E16A914201D0012B00D0F9
:108EA00038BD1F4BD3F80031A3422FD0E262A36933
:108EB000002B02DBC2F10702A261626901EB8101B2
:108EC000184B03EB81039A42EAD1251D2846FDF792
:108ED00049FC48B9E36A01229A401149D1F80C31A2
:108EE00023EA0203C1F80C31E06A012282400C4BF4
:108EF000D3F80C110A43C3F80C21303300EB800087
:108F0000294603EB8000FDF709FCC9E74FF0500349
:108F100083F31188BFF36F8FBFF34F8FFEE7704766
:108F20000875012038750120064AD2F80031986989
:108F3000D2F80031DB6AD2F80021C3F10703936154
:108F4000704700BF08750120064BD3F800312BB1E4
:108F5000044BD3F80021936C01339364014BD3F895
:108F6000000170470875012038B505460C46FDF72D
:108F700083FC1F4BD3F80031D3F8903133B91C4B2D
:108F8000D3F80031012283F89421D4B9FDF796FC7F
:108F9000FDF772FC164BD3F80031D3F8904134B191
:108FA000F5B1134BD3F800310022C3F89021104BD8
:108FB000D3F80031002283F89421FDF77FFC20468E
:108FC00038BD11462046FEF789FF4FF0E0234FF0F1
:108FD0008052C3F8042DBFF34F8FBFF36F8FD5E7D7
:108FE000034BD3F80031621EC3F89021DFE700BFC6
:108FF00008750120F8B506460F4614461D46FDF7D4
:109000003BFC264BD3F8003193F89431022B0ED061
:10901000224AD2F80011D1F8903123EA0603C1F8B0
:109020009031D2F80031012283F89421E5B9FDF79F
:1090300045FCFDF721FC2CB1184BD3F80031D3F8D7
:1090400090312360154BD3F8003193F89431022B03
:1090500019D00024114BD3F80031002283F8942159
:10906000FDF72CFC2046F8BD11462846FEF736FFDA
:109070004FF0E0234FF08052C3F8042DBFF34F8F21
:10908000BFF36F8FD3E7054BD3F80021D2F89031AF
:1090900023EA0703C2F890310124DBE708750120B9
:1090A000F8B5B0B10F4614461D460646FDF7E4FB81
:1090B00015B1D6F890312B6096F89431DBB20222CC
:1090C00086F89421042C27D8DFE804F0110C181E30
:1090D00021004FF0500383F31188BFF36F8FBFF36C
:1090E0004F8FFEE7D6F890213A43C6F89021012B26
:1090F00020D00124FDF7E2FB2046F8BDD6F89021F0
:109100000132C6F89021F2E7C6F89071EFE7022B22
:1091100043D0C6F89071EAE7D6F89021B2F1FF3F4C
:10912000E5D04FF0500383F31188BFF36F8FBFF387
:109130004F8FFEE7341D2046FDF714FBF06A012235
:109140008240184BD3F80C110A43C3F80C2130337A
:1091500000EB8000214603EB8000FDF7DFFAB36AE5
:1091600043B14FF0500383F31188BFF36F8FBFF308
:109170004F8FFEE7F26A0B4BD3F80031DB6A9A425D
:109180000DD94FF0E0234FF08052C3F8042DBFF308
:109190004F8FBFF36F8F0124ACE70024AAE70124AF
:1091A000A8E700BF0875012018B32DE9F0410F466C
:1091B00014461D460646FDF781FCEFF311834FF080
:1091C000500282F31188BFF36F8FBFF34F8F984621
:1091D00015B1D6F890312B6096F89431DBB20222AB
:1091E00086F89421042C27D8DFE804F0110C181E0F
:1091F00021004FF0500383F31188BFF36F8FBFF34B
:109200004F8FFEE7D6F890213A43C6F89021012B04
:1092100020D0012088F31188BDE8F081D6F8902194
:109220000132C6F89021F2E7C6F89071EFE7022B01
:109230004BD0C6F89071EAE7D6F89021B2F1FF3F23
:10924000E5D04FF0500383F31188BFF36F8FBFF366
:109250004F8FFEE7B36A43B14FF0500383F3118899
:10926000BFF36F8FBFF34F8FFEE71A4BD3F8183160
:109270002BBB341D2046FDF775FAF06A01228240AF
:10928000144BD3F80C110A43C3F80C21303300EB14
:109290008000214603EB8000FDF740FAF26A0D4B97
:1092A000D3F80031DB6A9A4211D9069B13B101232E
:1092B000069A13600120074BC3F82401AAE706F1C0
:1092C00018010548FDF72AFAE8E70020A2E7012087
:1092D000A0E700BF087501201C750120F8B5E8B1B2
:1092E0000D460446FDF7EAFBEFF311834FF0500201
:1092F00082F31188BFF36F8FBFF34F8F1E4694F830
:109300009421022384F89431D4F890310133C4F8C5
:109310009031012A0BD086F31188F8BD4FF050032D
:1093200083F31188BFF36F8FBFF34F8FFEE7A36AFC
:1093300043B14FF0500383F31188BFF36F8FBFF336
:109340004F8FFEE7164BD3F818311BBB271D38464D
:10935000FDF708FAE06A01228240114BD3F80C11A4
:109360000A43C3F80C21303300EB8000394603EB8D
:109370008000FDF7D3F9E26A094BD3F80031DB6ACC
:109380009A42C8D90DB101232B60054B0122C3F8C5
:109390002421C0E704F118010248FDF7BFF9EAE70C
:1093A000087501201C75012010B5044650B1FDF769
:1093B00063FA94F89431022B08D00024FDF77EFA6A
:1093C000204610BD044BD3F80041F0E7002384F899
:1093D00094310124F2E700BF0875012070B50C46F6
:1093E000054680B1FDF748FA094BD3F80031D3F8B0
:1093F0009061D5F8903123EA0403C5F89031FDF768
:109400005DFA304670BD024BD3F80051EAE700BF69
:1094100008750120064B1A6813682BB901230360F5
:1094200023B9D368186870470023F8E70020704715
:109430003476012008B54160006191420CD8D21AFF
:1094400083699A4201D3012008BD011D094B586868
:10945000FDF76FF90020F7E79A4201D2994206D250
:10946000011D044B1868FDF764F90020ECE70120AA
:10947000EAE700BF3476012070B582B0FDF7FCF951
:10948000124B9B681BB1FDF719FA02B070BD0F4C6F
:1094900004F10C063046FDF733F904F120052846A7
:1094A000FDF72EF9266065600023009304F1340374
:1094B00004F17C020C210A20FDF776FDA060002853
:1094C000E1D00349FEF702FBDDE700BF347601205F
:1094D00088EB03082DE9F041079F41B94FF0500395
:1094E00083F31188BFF36F8FBFF34F8FFEE70646FC
:1094F00014461D4688468FB1FFF7BEFF3E60C7F891
:109500001880FD61069B3B62381DFDF704F92CB104
:1095100097F8243043F0040387F82430BDE8F08145
:1095200010B588B0FFF7A8FF134B9B68D3B1002498
:109530000594069407AA06A905A800F089FB059BD7
:109540000293069B0193062300932346079A0B4937
:109550000B48FEF705FD084BC3F8F40010B10120DD
:1095600008B010BD4FF0500383F31188BFF36F8F25
:10957000BFF34F8FFEE700BF3476012090EB030866
:109580000D9902082DE9F04182B00446884617463D
:109590001D462820FDF718FB064658B1002380F829
:1095A00024300190089B00932B463A4641462046C2
:1095B000FFF790FF304602B0BDE8F08110B584B0EF
:1095C0008446282003900398282808D04FF05003A1
:1095D00083F31188BFF36F8FBFF34F8FFEE70398BC
:1095E000079860B10220079C84F824000194069833
:1095F00000906046FFF76EFF079804B010BD4FF073
:10960000500383F31188BFF36F8FBFF34F8FFEE7D3
:10961000B8B19C4603461848806858B300B585B079
:1096200001910292039305291CDCFFF75BFB0228E2
:1096300010D000231A4601A90F488068FDF73FFDAE
:1096400015E04FF0500383F31188BFF36F8FBFF322
:109650004F8FFEE70023069A01A907488068FDF7AF
:109660002EFD04E00023624601A9FDF732FE05B09D
:109670005DF804FB0020704734760120214B1B6805
:109680001A68002A38D070B582B00BE00021009132
:109690000B4632462046FFF7BBFFF0B1194B1B6863
:1096A0001A681AB3DB681E68DC68251D2846FDF7BA
:1096B00059F8236A2046984794F8243013F0040F91
:1096C000ECD0A36933449E42E0D263602461294612
:1096D0000C4B1868FDF72DF8E0E74FF0500383F3CB
:1096E0001188BFF36F8FBFF34F8FFEE7054A5168B4
:1096F0001160536002B070BD024A5168116053603E
:10970000704700BF3476012038B50546FEF7A6FE47
:109710000446084BD3F8F830834206D800232B6068
:10972000044BC3F8F840204638BDFFF7A7FF0123DC
:109730002B60F5E73476012070B582B006460D4601
:1097400017490968C968CC68201DFDF70BF894F823
:1097500024C01CF0040F08D12CF0010C84F824C0A4
:10976000236A2046984702B070BDA16933462A4655
:1097700031442046FFF75EFE0028F1D00021009121
:109780000B4632462046FFF743FF0028E8D14FF052
:10979000500383F31188BFF36F8FBFF34F8FFEE742
:1097A0003476012070B582B006460C46FEF74CFEBA
:1097B00001A8FFF7A9FF019B33BB0546E4B9B042FE
:1097C00013D22246711B124B9868FEF7D3F9FEF7AD
:1097D000FDFED8B94FF0E0234FF08052C3F8042DBE
:1097E000BFF34F8FBFF36F8F10E0FEF7EFFE2946F8
:1097F0003046FFF7A1FF09E0054A526812680AB92E
:109800000124DEE71C46DCE7FEF7E0FE02B070BD97
:109810003476012010B586B0002203A93A4B98682F
:10982000FDF717FE00286DD0039B002BF4DB059C91
:10983000636913B1201DFCF795FF02A8FFF764FFD1
:109840000246039B092BE7D8DFE803F00505052F47
:10985000364E05052F3694F8243043F0010384F882
:109860002430049BA16919442046FFF7E3FD00283A
:10987000D2D0236A2046984794F8243013F0040F7E
:10988000CAD0A269002100910B46049802442046E8
:10989000FFF7BEFE0028BFD14FF0500383F31188BD
:1098A000BFF36F8FBFF34F8FFEE794F8243023F0A0
:1098B000010384F82430AFE794F8243043F0010327
:1098C00084F824300499A16129B10346014420465B
:1098D000FFF7B0FDA0E74FF0500383F31188BFF30B
:1098E0006F8FBFF34F8FFEE794F8243013F0020F11
:1098F00004D023F0010384F824308DE72046FDF7DF
:10990000E3F989E706B010BD3476012000B583B0D5
:1099100001A8FFF77FFD0199FFF744FFFFF77AFFEA
:10992000F6E7074BD3F8F40000B170474FF050034F
:1099300083F31188BFF36F8FBFF34F8FFEE700BF34
:109940003476012008B1806970474FF0500383F3EB
:109950001188BFF36F8FBFF34F8FFEE738B568B143
:109960000C460546FCF788FF8CB195F8243043F08F
:10997000040385F82430FCF7A1FF38BD4FF05003F5
:1099800083F31188BFF36F8FBFF34F8FFEE795F816
:10999000243023F0040385F82430ECE768B110B5D7
:1099A0000446FCF769FF94F8243013F0040F0DD13E
:1099B0000024FCF783FF204610BD4FF0500383F3D3
:1099C0001188BFF36F8FBFF34F8FFEE70124F0E7DD
:1099D00008B1406870474FF0500383F31188BFF31C
:1099E0006F8FBFF34F8FFEE708B1006870474FF0ED
:1099F000500383F31188BFF36F8FBFF34F8FFEE7E0
:109A000068B110B50446FCF737FF94F8243013F022
:109A1000010F0DD10024FCF751FF204610BD4FF07F
:109A2000500383F31188BFF36F8FBFF34F8FFEE7AF
:109A30000124F0E740B110B50446FCF71DFFE469CE
:109A4000FCF73CFF204610BD4FF0500383F3118814
:109A5000BFF36F8FBFF34F8FFEE738B538B10C46B9
:109A60000546FCF709FFEC61FCF728FF38BD4FF015
:109A7000500383F31188BFF36F8FBFF34F8FFEE75F
:109A800000207047704700B583B0009313460A4624
:109A900001460448EDF760F800B1012003B05DF81D
:109AA00004FB00BF2C85012000B583B00093134652
:109AB0000A4601460348EDF777F900B1012003B0EB
:109AC0005DF804FB2C85012008B513460A460146C3
:109AD0000248EDF73BFB00B1012008BD2C850120B9
:109AE00008B513460A4601460248EDF7CBFB00B124
:109AF000012008BD2C85012008B50A46014603480F
:109B0000EDF75EFC00B1012008BD00BF2C850120EF
:109B100008B50348EDF7B8FF043818BF012008BDA9
:109B20002C85012008B501460148EDF73BFF08BD33
:109B30002C850120704708B5FFF7FCFF08BD704772
:109B400008B500F029FB08BD704708B500F02EFBF2
:109B500008BD00B583B001238DF8073000F056F83A
:109B600010B900238DF807309DF8070003B05DF8A9
:109B700004FB08B5FFF7EDFF012801D0012008BD67
:109B80000148EDF79DFEFAE72C85012010B582B063
:109B900000240194154B1A6B42F480021A631B6B6C
:109BA00003F480030193019B224605213A20E6F746
:109BB0006FF93A20E6F77CF9224605213B20E6F7CB
:109BC00067F93B20E6F774F9224605214420E6F7C1
:109BD0005FF94420E6F76CF9224605214620E6F7B6
:109BE00057F94620E6F764F902B010BD003802408C
:109BF00010B5034C21460348FBF7ACFF207110BDA4
:109C00003077012080DA03080020704708B54FF450
:109C100080410448E6F758FF08B9012008BD00203C
:109C2000FCE700BF0004024008B501F063F8012022
:109C3000FCF7DBF8FBE770477047044B036003F564
:109C4000CC730B6080231360704700BFA07B0120A2
:109C500010B4064B03F56674046003F5A6630B604D
:109C60004FF4807313605DF8044B7047A07B0120B4
:109C700010B588B00DF1040C084C0FCCACE80F0007
:109C800094E807008CE80700002101A8FCF749F8D8
:109C9000034BC3F8300908B010BD00BF54DA030805
:109CA000A07B01202DE9F0418AB005AD0024059488
:109CB000069407940894099401943D4B1A6B42F062
:109CC00004021A631A6B02F004020192019A0294D0
:109CD0001A6B42F080021A631A6B02F08002029241
:109CE000029A03941A6B42F001021A631A6B02F093
:109CF00001020392039A04941A6B42F002021A635F
:109D00001B6B03F002030493049B2A4F22464FF47B
:109D100000513846E6F7DFFEDFF8A0802246182122
:109D20004046E6F7D8FE244E224605213046E6F7A7
:109D3000D2FE012220213046E6F7CDFE4FF400533B
:109D40000593112306930794089429463846E6F7AD
:109D50004FFD0723059306940127079729464046A0
:109D6000E6F746FD182305930697079408942946BD
:109D70004046E6F73DFD2523059306970794089492
:109D800029463046E6F734FD47F202430593069430
:109D9000079729463046E6F72BFD402305930694A6
:109DA000079429463046E6F723FD0AB0BDE8F08166
:109DB0000038024000080240000402400000024057
:109DC00008B50B480B4B03600B4B436000238360CB
:109DD000C3604FF48042026143618361C3610362E7
:109DE000E7F72CFC00B908BD00F05EF8FBE700BF08
:109DF000D484012000540040801A060030B589B098
:109E00000023039304930593069307930268144B6E
:109E10009A4201D009B030BD00250195114C236B49
:109E200043F002032363236B03F002030193019BBE
:109E30004FF44073039312230493032306930423E4
:109E4000079303A90848E6F7D3FC0295236C43F473
:109E500000132364236C03F400130293029BD9E7DD
:109E600000540040003802400004024002680B4BDE
:109E70009A4200D0704710B5094A136C23F40013BE
:109E80001364084C4FF480712046E6F795FD4FF4BB
:109E900000712046E6F790FD10BD00BF0054004061
:109EA000003802400004024072B6FEE710B594B0DC
:109EB00008AC30220021204607F020FA002303934B
:109EC00004930593069307930193204A116C41F084
:109ED00080511164126C02F080520192019A029337
:109EE0001B4A116841F440411160126802F440427B
:109EF0000292029A032208924FF4803209920122C0
:109F00000B9210210C9102220E920F931091F023CC
:109F100011931292052313932046EBF7BFFD80B9EE
:109F20000F23039302230493002305934FF48052DD
:109F300006920793032103A8ECF75AF818B914B056
:109F400010BDFFF7B1FFFFF7AFFF00BF00380240C1
:109F50000070004008B5E5F723FEFFF7A7FFFFF705
:109F6000A1FEFFF713FE00F013FA00F021FCFFF74B
:109F700027FF00F025F9FFF73BFE00F0F1FD00F0B0
:109F80003DFD00F045FCD6F75FFBFFF771FEFBF7E8
:109F9000B0FEFEE708B5074B01221A70FFF7B8FDC7
:109FA00020B9044A137803F0FE031370014B1878AC
:109FB00008BD00BFD800002010B584B00446174B80
:109FC00001221A70FBF79AFE18B9144B187804B0E6
:109FD00010BDFFF7CEFD80B1104B1B78012BF4D0E4
:109FE0000F4B1B687BB10E4B1B68002BEDD10B4A4E
:109FF000137843F001031370E7E72046FFF7CAFF29
:10A00000064B1870E8E7074B0FCB8DE80F000021D7
:10A010006846FCF782F9024B1860E4E7D80000209C
:10A020002885012070DA030808B5FFF7B3FF08BDE3
:10A0300038B50546FBF76BFE0446FBF768FE001BD0
:10A04000A84205D2FFF764FD0028F6D1002001E008
:10A050004FF0FF3038BD70B584B00C4615461E4633
:10A0600047F23050FFF7E4FF002829DB324629464B
:10A070002046FFF729FD08B1012022E047F23052C7
:10A08000114B196801A8FCF790F9019B102B01D026
:10A09000012016E0029B012B01D0012011E0FBF70B
:10A0A00036FE0446FBF733FE001B47F22F5398425F
:10A0B00004D8FFF72DFD0028F4D102E0012000E0D4
:10A0C000012004B070BD00BF2885012070B584B0A8
:10A0D0000C4615461E4647F23050FFF7A9FF0028F0
:10A0E00029DB324629462046FFF7FAFC08B1012059
:10A0F00022E047F23052114B196801A8FCF755F9DC
:10A10000019B102B01D0012016E0029B022B01D0F5
:10A11000012011E0FBF7FBFD0446FBF7F8FD001BF7
:10A1200047F22F53984204D8FFF7F2FC0028F4D1ED
:10A1300002E0012000E0012004B070BD288501206C
:10A1400030B589B0134B187810F001041BD11546B7
:10A1500003291CD8DFE801F002040A100C4613E0C2
:10A160006846FFF7DFFC069B2B600DE06846FFF7B3
:10A17000D9FC079B2B8007E06846FFF7D3FC079BC1
:10A180005B0A2B6000E00324204609B030BD0424A4
:10A19000FAE700BFD800002008B500220221024BD8
:10A1A0001868FCF7CFF808BD2885012008B5002203
:10A1B0000121024B1868FCF7C5F808BD288501206D
:10A1C000054B064A1A6000225A609A60DA601A61EA
:10A1D0005A619A61704700BF2C850120002C014014
:10A1E0002DE9F04F89B00023039304930593069360
:10A1F000079302684D4B9A4202D009B0BDE8F08F38
:10A2000004460025009503F586335A6C42F400623B
:10A210005A645A6C02F400620092009A01951A6B1B
:10A2200042F001021A631A6B02F001020192019AD4
:10A2300002951A6B42F002021A631B6B03F00203D1
:10A240000293029B402303934FF00209CDF8109034
:10A250004FF0010BCDF814B0032606964FF00C0812
:10A26000CDF81C800DEB080739463148E6F7C0FAF7
:10A270004FF400430393CDF8109005950696CDF862
:10A280001C80DFF8B8A039465046E6F7B1FA8023C3
:10A290000393CDF81090CDF814B00696CDF81C803D
:10A2A00039465046E6F7A4FA2248234BC0F88430DA
:10A2B0004FF00063C0F88830C0F88C50C0F8905060
:10A2C0004FF48063C0F894304FF48053C0F8983056
:10A2D0004FF48043C0F89C302023C0F8A030C0F871
:10A2E000A4500423C0F8A830C0F8AC604FF40003B9
:10A2F000C0F8B0304FF40013C0F8B4308430E5F744
:10A3000040FF78B90B4A02F184032364C2F8BC40D1
:10A31000E363002205213120E5F7BAFD3120E5F79E
:10A32000C7FD6AE7FFF7C0FDECE700BF002C014066
:10A33000000002402C8501205864024000040240C5
:10A3400002680F4B9A4200D0704710B504460D4A80
:10A35000536C23F40063536440210B48E6F72CFB55
:10A3600048F280010948E6F727FB206CE5F770FF0B
:10A37000E06BE5F76DFF3120E5F79EFD10BD00BFF6
:10A38000002C01400038024000000240000402405E
:10A3900008B50D480D4B03604FF4827343600023F2
:10A3A0008360C360036143614FF400728261C361E3
:10A3B0000362436283620A23C362EDF7A6FE00B91B
:10A3C00008BDFFF771FDFBE710860120003001405A
:10A3D0002DE9F04389B0002303930493059306937A
:10A3E00007930268314B9A4202D009B0BDE8F0836E
:10A3F00004460025009503F584335A6C42F48052DC
:10A400005A645A6C02F480520092009A01951A6BB9
:10A4100042F001021A631A6B02F001020192019AE2
:10A4200002951A6B42F002021A631B6B03F00203DF
:10A430000293029BA02303934FF00209CDF81090E2
:10A440004FF00308CDF818800527079703AE314673
:10A450001748E6F7CDF910230393CDF81090059532
:10A46000CDF81880079731461248E6F7C1F912482F
:10A47000124B83654FF08063C365402303664566D6
:10A480004FF480638366C566056745678567C56762
:10A490005830E5F776FE30B9074B03F15802A26455
:10A4A000C3F89040A1E7FFF7FFFCF5E7003001405B
:10A4B0000000024000040240108601204064024077
:10A4C00002680B4B9A4200D0704710B50446094A07
:10A4D000536C23F480535364A0210748E6F76CFAC9
:10A4E00010210648E6F768FAA06CE5F7B1FE10BD4A
:10A4F00000300140003802400000024000040240E9
:10A5000000B583B0002200920D4B596C41F480419C
:10A510005964596C01F48041009100990192196CC1
:10A5200041F0805119641B6C03F080530193019B2F
:10A530000F216FF00100E5F7ABFC03B05DF804FB01
:10A5400000380240FEE7FEE7FEE7FEE7FEE7704761
:10A5500008B5E5F73FFBFEF7C5FB012800D108BDB4
:10A56000FCF7F8F9FBE708B50148F4F729FF08BD47
:10A57000A487012008B50248EDF70EFB08BD00BF17
:10A580002C85012008B50248E5F7D9FF08BD00BFBA
:10A590006886012008B50248E5F7D1FF08BD00BF75
:10A5A000B085012008B50248EAF731FF08BD00BFB9
:10A5B000889B012008B50248E5F7C1FF08BD00BF30
:10A5C000EC87012008B50248E5F7B9FF08BD00BFD8
:10A5D0004C88012070470120704708B507F00CF83F
:10A5E000162303604FF0FF3008BD08B54FF0FF3170
:10A5F000FFF7F3FFFEE770B50C461646002506E0B0
:10A60000AFF30080214601F8010B01350C46B5423D
:10A61000F6DB304670BD70B50C461646002504E0EA
:10A6200014F8010BAFF300800135B542F8DB30467A
:10A6300070BD4FF0FF3070474FF400534B60002067
:10A64000704701207047002070470EB44FF0FF3074
:10A6500003B0704708B506F0CFFF0A2303604FF040
:10A66000FF3008BD08B506F0C7FF022303604FF0B6
:10A67000FF3008BD4FF0FF3070474FF400534B6080
:10A680000020704708B506F0B7FF1F2303604FF0A6
:10A69000FF3008BD08B506F0AFFF0B2303604FF095
:10A6A000FF3008BD08B506F0A7FF0C2303604FF08C
:10A6B000FF3008BD10B503460C4A0D490D4800682F
:10A6C00040B10C4800680344521A934206D8094A24
:10A6D000136010BD0748084C0460F2E706F08CFFD9
:10A6E0000C2303604FF0FF30F3E700BF00000220AF
:10A6F00080000000C886012000A60120034AD2F88D
:10A70000883043F47003C2F88830704700ED00E0F1
:10A71000224B9B6803F00C03042B11D0082B13D0A1
:10A72000002B37D11E4B1F4A1A601C4B9B68C3F38A
:10A7300003131D4AD15C1A4A1368CB40136070475B
:10A74000174B1A4A1A60F0E7144B59685A6802F01E
:10A750003F0211F4800F13D0144BB3FBF2F30F4AF6
:10A760005268C2F3881202FB03F30C4A5268C2F328
:10A77000014201325200B3FBF2F3094A1360D4E7FD
:10A78000084BB3FBF2F3054A5268C2F3881202FB8E
:10A7900003F3EAE7024B034A1A60C6E700380240B7
:10A7A000DC0000200024F40094DA030840787D01E6
:10A7B00010B58CB003AC24220021204606F09EFD8B
:10A7C00000230193029311484FF0804202604360DE
:10A7D00083604FF0FF32C260036183610123039302
:10A7E000059309932146F0F75BF848B900230193DC
:10A7F000029301A90548F3F715FD20B90CB010BD6F
:10A80000FFF752FBF2E7FFF74FFBF7E7CC8601209B
:10A8100000B585B000230093019302930393184879
:10A82000184A8264C36403654FF6FF72426583650C
:10A8300003664830EFF756FFB0B91348EFF7D6FF7D
:10A84000A8B9002200920123019302920392694663
:10A850000D48F0F77FF968B902210B48F3F749FD7D
:10A8600058B905B05DF804FBFFF71EFBE5E7FFF7FD
:10A870001BFBE6E7FFF718FBEEE7FFF715FBF0E73A
:10A88000CC860120004801401487012000B589B022
:10A89000002302930393049305930693079303689D
:10A8A000164A934205D0164A93420FD009B05DF87C
:10A8B00004FB00230093134B5A6C42F001025A64CC
:10A8C0005B6C03F001030093009BEFE7022302930C
:10A8D0000D4B069302A8EBF7F5FC60B9002301933A
:10A8E000084B5A6C42F480225A645B6C03F4802358
:10A8F0000193019BDAE7FFF7D7FAEFE70000014089
:10A90000004801400038024000031900F0B589B04A
:10A910000023039304930593069307930368B3F10D
:10A92000804F01D009B0F0BD0024009403F50E3330
:10A930001A6C42F001021A641A6C02F001020092D1
:10A94000009A01941A6B42F001021A631A6B02F02A
:10A9500001020192019A02941A6B42F002021A63F8
:10A960001B6B03F002030293029B4FF4004303931B
:10A97000022704970126079603AD29460648E5F706
:10A9800037FF0823039304970594069407962946F6
:10A990000248E5F72DFFC5E7000002400004024031
:10A9A00000B587B0002301930293039304930593AA
:10A9B00002680F4B9A4202D007B05DF804FB0023F7
:10A9C00000930C4B1A6B42F001021A631B6B03F0ED
:10A9D00001030093009B4FF48073019302230293C1
:10A9E0000123059301A90448E5F702FFE4E700BF4E
:10A9F00000000140003802400000024010B596B04F
:10AA0000002412941394149415941094119409949E
:10AA10000A940B940C940D940E940F9420222146CA
:10AA200001A806F06BFC3048304BC0F89030C0F8FD
:10AA30009440C0F898403223C0F89C30C0F8A04041
:10AA4000C0F8A440C0F8A8409030EFF74BFE0028B3
:10AA500037D14FF48053129312A92548F0F7E7F944
:10AA6000002831D12248EFF769FE00282FD10023BA
:10AA70001093119310A91E48F3F7D4FB50BB302359
:10AA8000099300220A920B920C920D920E920F9251
:10AA900009A91748EFF78AFFF8B900230193029339
:10AAA0000393049305934FF400520692089301A96F
:10AAB0000F48F3F7F5FB98B90D48FFF771FF16B093
:10AAC00010BDFFF7F1F9C4E7FFF7EEF9CAE7FFF7AA
:10AAD000EBF9CCE7FFF7E8F9D1E7FFF7E5F9DCE7B9
:10AAE000FFF7E2F9E8E700BFCC8601200000014053
:10AAF0005C87012003680A4A934203D0094A9342C3
:10AB000007D0704702F59C32536C23F00103536465
:10AB1000704702F57042536C23F480235364F0E7CE
:10AB2000000001400048014008B50368B3F1804FC0
:10AB300000D008BD074A136C23F0010313644FF4DF
:10AB400000410548E5F738FF08210448E5F734FFE0
:10AB5000EFE700BF0038024000000240000402405E
:10AB600008B50A480A4B03604FF4E1334360002301
:10AB70008360C36003610C2242618361C361F3F7A8
:10AB80002DFD00B908BDFFF78FF9FBE7A487012071
:10AB90000010014030B589B000230393049305935E
:10ABA00006930793026803F1804303F588339A42C2
:10ABB00001D009B030BD04460025019503F594335A
:10ABC0005A6C42F010025A645A6C02F01002019260
:10ABD000019A02951A6B42F001021A631B6B03F093
:10ABE00001030293029B4FF4C06303930223049377
:10ABF000032306930723079303A92948E5F7F8FDE4
:10AC00002848294B83644FF00063C364056545659C
:10AC10004FF480638365C56505664FF480734366B2
:10AC20008566C5664830E5F7ACFA98BB1D4800F16B
:10AC30004803E363C0F880401C4BC0F8A8304FF0D5
:10AC40000063C0F8AC304023C0F8B0300023C0F837
:10AC5000B4304FF48062C0F8B820C0F8BC30C0F8FF
:10AC6000C030C0F8C430C0F8C830C0F8CC30A8300C
:10AC7000E5F787FA88B90B4B03F1A802A263C3F882
:10AC8000E040002205212520E5F702F92520E5F71F
:10AC90000FF98EE7FFF708F9C8E7FFF705F9EAE7CC
:10ACA00000000240A487012088640240B86402408A
:10ACB00002680D4B9A4200D0704710B504460B4A0B
:10ACC000536C23F0100353644FF4C0610848E5F758
:10ACD00073FEE06BE5F7BCFAA06BE5F7B9FA252047
:10ACE000E5F7EAF810BD00BF00100140003802404F
:10ACF0000000024008B500220F491048F6F7CAFFCD
:10AD000070B90F490D48F6F7F5FF60B90D490B48CA
:10AD1000F6F763FF50B90948F7F70CF848B908BDD2
:10AD2000FFF7C2F8EDE7FFF7BFF8EFE7FFF7BCF872
:10AD3000F1E7FFF7B9F8F2E728010020AC8801201D
:10AD40009C000020E0000020002070470020704799
:10AD50000020704710B50146044C2046F6F756FF18
:10AD60002046F6F77AFF002010BD00BFAC88012016
:10AD700038B5074D074C002229462046F6F738FF24
:10AD800005F500612046F6F741FF002038BD00BF01
:10AD9000888B0120AC880120094BD3F8BC32D3F852
:10ADA00014320BB10120704710B5054C0A4601461C
:10ADB0002046F6F71DFF2046F6F734FF10BD00BF12
:10ADC000AC88012030B589B0002303930493059328
:10ADD000069307930368B3F1A04F01D009B030BDCB
:10ADE00003AA00250195174C236B43F0010323634D
:10ADF000236B03F001030193019B4FF4C0530393B2
:10AE000002230493032306930A23079311460E4853
:10AE1000E5F7EEFC636B43F0800363630295636CBC
:10AE200043F480436364636C03F480430293029BA6
:10AE30002A4605214320E5F72BF84320E5F738F8AB
:10AE4000CCE700BF003802400000024008B50368AC
:10AE5000B3F1A04F00D008BD064A536B23F0800326
:10AE600053634FF4C0510448E5F7A6FD4320E5F7CE
:10AE700023F8F0E7003802400000024008B500F275
:10AE80009C41D0F8E004F6F77AFF08BD08B501EB65
:10AE9000C10300EB8303D3F86022D0F8E004F7F796
:10AEA0003CF808BD08B501EBC10300EB83031A6A47
:10AEB000D0F8E004F7F794F808BD08B5D0F8E0043E
:10AEC000F6F7D9FF08BD10B50446C379022B09D1A6
:10AED0000121D4F8E004F6F7B1FFD4F8E004F6F766
:10AEE0007AFF10BDFEF7E0FFF2E710B50446D0F898
:10AEF000E004F6F7A6FF2268D2F8003E43F0010313
:10AF0000C2F8003EE37A23B1024A136943F0060314
:10AF1000136110BD00ED00E008B5D0F8E004F6F7CD
:10AF20009EFF08BD08B5D0F8E004F6F7CAFF08BDDB
:10AF300008B5D0F8E004F6F7AEFF08BD08B5D0F8C4
:10AF4000E004F6F7D4FF08BD08B5D0F8E004F6F742
:10AF5000D0FF08BD02780AB10020704710B5034643
:10AF60001548C0F8E034C3F8C8024FF0A0430360AE
:10AF7000042303710222C27100238371427283721F
:10AF8000C37203738373C373E9F7E1FE80B90A4C9C
:10AF900080212046EAF77AFD402200212046EAF788
:10AFA0004FFD802201212046EAF74AFD002010BD16
:10AFB000FEF77AFFEBE700BF889B0120D0F8C8328C
:10AFC00011F0800F08D101F07F0101EBC10103EB0B
:10AFD000810393F85602704701F07F0101EBC10134
:10AFE00003EB8103987D704708B5D0F8C802EAF7F3
:10AFF00049F908BD004870476CA00120704708B5AA
:10B00000E4F718FE08BD032805D8DFE800F00504C2
:10B010000205012070470320704708B5D0F8C80228
:10B02000E9F717FFFFF7EFFF08BD08B5D0F8C80232
:10B03000E9F726FFFFF7E7FF08BD08B5D0F8C8021B
:10B04000E9F740FFFFF7DFFF08BD08B594461A4651
:10B050006346D0F8C802EAF772F8FFF7D4FF08BDDC
:10B0600008B5D0F8C802EAF7B0F8FFF7CCFF08BD82
:10B0700008B5D0F8C802EAF7A9FCFFF7C4FF08BD7D
:10B0800008B5D0F8C802EAF72BF9FFF7BCFF08BDF6
:10B0900008B5D0F8C802EAF766F9FFF7B4FF08BDB3
:10B0A00008B5D0F8C802EAF737F8FFF7ACFF08BDDB
:10B0B00008B5D0F8C802EAF7EEF8FFF7A4FF08BD1C
:10B0C00008B5D0F8C802EAF7B8F8FFF79CFF08BD4A
:10B0D00012230B8000487047F400002004230B80EB
:10B0E0000048704708010020002393421ED200B59B
:10B0F00010E00CF1370C01F813C000014FEA430CCB
:10B100000CF1010C4FF0000E01F80CE00133DBB242
:10B11000934209D24FEA107CB0F1204FE9D20CF1F2
:10B12000300C01F813C0E8E75DF804FB704738B550
:10B130000B4BD3F8100AD3F8144AD3F8183AC018B6
:10B1400000D138BD074D082205F11A01FFF7CCFFE9
:10B15000042205F12A012046FFF7C6FFF1E700BFF0
:10B160000070FF1FF400002008B51A230B80FFF7C2
:10B17000DEFF014808BD00BF0C01002008B50A46EB
:10B1800028B905490548F7F733FB034808BD0249CC
:10B190000248F7F72DFBF8E78CA20120A4EB030887
:10B1A00010B50A46034C21460348F7F721FB204619
:10B1B00010BD00BF8CA20120BCEB030808B50A46F5
:10B1C00028B905490548F7F713FB034808BD0249AC
:10B1D0000248F7F70DFBF8E78CA20120D0EB03083B
:10B1E00008B50A4628B905490548F7F701FB0348A1
:10B1F00008BD02490248F7F7FBFAF8E78CA20120E4
:10B20000DCEB030881F0004102E000BF83F0004363
:10B2100030B54FEA41044FEA430594EA050F08BFF1
:10B2200090EA020F1FBF54EA000C55EA020C7FEAB5
:10B23000645C7FEA655C00F0E2804FEA5454D4EB32
:10B240005555B8BF6D420CDD2C4480EA020281EAFC
:10B25000030382EA000083EA010180EA020281EA34
:10B260000303362D88BF30BD11F0004F4FEA013186
:10B270004FF4801C4CEA113102D0404261EB410195
:10B2800013F0004F4FEA03334CEA133302D052421B
:10B2900063EB430394EA050F00F0A780A4F10104D7
:10B2A000D5F1200E0DDB02FA0EFC22FA05F2801811
:10B2B00041F1000103FA0EF2801843FA05F35941F7
:10B2C0000EE0A5F120050EF1200E012A03FA0EFC76
:10B2D00028BF4CF0020C43FA05F3C01851EBE371A0
:10B2E00001F0004507D54FF0000EDCF1000C7EEBBD
:10B2F00000006EEB0101B1F5801F1BD3B1F5001FFB
:10B300000CD349085FEA30004FEA3C0C04F1010419
:10B310004FEA445212F5800F80F09A80BCF1004F42
:10B3200008BF5FEA500C50F1000041EB045141EAC4
:10B33000050130BD5FEA4C0C404141EB0101013C8D
:10B3400028BFB1F5801FE9D291F0000F04BF01467C
:10B350000020B1FA81F308BF2033A3F10B03B3F14E
:10B3600020020CDA0C3208DD02F1140CC2F10C02DE
:10B3700001FA0CF021FA02F10CE002F11402D8BF3C
:10B38000C2F1200C01FA02F120FA0CFCDCBF41EA08
:10B390000C019040E41AA2BF01EB0451294330BDD7
:10B3A0006FEA04041F3C1CDA0C340EDC04F11404B4
:10B3B000C4F1200220FA04F001FA02F340EA03008B
:10B3C00021FA04F345EA030130BDC4F10C04C4F1D1
:10B3D000200220FA02F001FA04F340EA03002946B1
:10B3E00030BD21FA04F0294630BD94F0000F83F4FB
:10B3F000801306BF81F480110134013D4EE77FEADE
:10B40000645C18BF7FEA655C29D094EA050F08BF29
:10B4100090EA020F05D054EA000C04BF194610460A
:10B4200030BD91EA030F1EBF0021002030BD5FEA4E
:10B43000545C05D14000494128BF41F0004130BD76
:10B4400014F580043CBF01F5801130BD01F00045CA
:10B4500045F0FE4141F470014FF0000030BD7FEA3D
:10B46000645C1ABF194610467FEA655C1CBF0B4638
:10B47000024650EA013406BF52EA033591EA030F4F
:10B4800041F4002130BD00BF90F0000F04BF002147
:10B49000704730B54FF4806404F132044FF000057A
:10B4A0004FF0000150E700BF90F0000F04BF0021F3
:10B4B000704730B54FF4806404F1320410F0004559
:10B4C00048BF40424FF000013EE700BF42004FEA54
:10B4D000E2014FEA31014FEA02701FBF12F07F43D1
:10B4E00093F07F4F81F06051704732F07F4208BF88
:10B4F000704793F07F4F04BF41F40021704730B58F
:10B500004FF4607401F0004521F000411CE700BFDA
:10B5100050EA010208BF704730B54FF000050AE05D
:10B5200050EA010208BF704730B511F0004502D55E
:10B53000404261EB41014FF4806404F132045FEA60
:10B54000915C3FF4D8AE4FF003025FEADC0C18BF09
:10B5500003325FEADC0C18BF033202EBDC02C2F1FB
:10B56000200300FA03FC20FA02F001FA03FE40EA8D
:10B570000E0021FA02F11444BDE600BF70B54FF091
:10B58000FF0C4CF4E06C1CEA11541DBF1CEA13556F
:10B5900094EA0C0F95EA0C0F00F0DEF82C4481EAD7
:10B5A000030621EA4C5123EA4C5350EA013518BFF7
:10B5B00052EA033541F4801143F4801338D0A0FBE4
:10B5C00002CE4FF00005E1FB02E506F00042E0FB91
:10B5D00003E54FF00006E1FB03569CF0000F18BF97
:10B5E0004EF0010EA4F1FF04B6F5007F64F540743F
:10B5F00004D25FEA4E0E6D4146EB060642EAC621D2
:10B6000041EA55514FEAC52040EA5E504FEACE2E3E
:10B61000B4F1FD0C88BFBCF5E06F1ED8BEF1004F41
:10B6200008BF5FEA500E50F1000041EB045170BDBD
:10B6300006F0004646EA010140EA020081EA030101
:10B64000B4EB5C04C2BFD4EB0C0541EA045170BDFD
:10B6500041F480114FF0000E013C00F3AB8014F177
:10B66000360FDEBF002001F0004170BDC4F10004C0
:10B67000203C35DA0C341BDC04F11404C4F1200541
:10B6800000FA05F320FA04F001FA05F240EA02009C
:10B6900001F0004221F0004110EBD37021FA04F6D2
:10B6A00042EB06015EEA430E08BF20EAD37070BD8C
:10B6B000C4F10C04C4F1200500FA04F320FA05F0EB
:10B6C00001FA04F240EA020001F0004110EBD370ED
:10B6D00041F100015EEA430E08BF20EAD37070BD5D
:10B6E000C4F1200500FA05F24EEA020E20FA04F336
:10B6F00001FA05F243EA020321FA04F001F00041E5
:10B7000021FA04F220EA020000EBD3705EEA430E55
:10B7100008BF20EAD37070BD94F0000F0FD101F084
:10B720000046400041EB010111F4801F08BF013CBD
:10B73000F7D041EA060195F0000F18BF704703F0FB
:10B740000046520043EB030313F4801F08BF013D82
:10B75000F7D043EA0603704794EA0C0F0CEA13553E
:10B7600018BF95EA0C0F0CD050EA410618BF52EAF8
:10B770004306D1D181EA030101F000414FF00000FE
:10B7800070BD50EA410606BF1046194652EA43060C
:10B7900019D094EA0C0F02D150EA013613D195EA80
:10B7A0000C0F05D152EA03361CBF104619460AD1C8
:10B7B00081EA030101F0004141F0FE4141F47001D2
:10B7C0004FF0000070BD41F0FE4141F4780170BDC2
:10B7D00070B54FF0FF0C4CF4E06C1CEA11541DBF27
:10B7E0001CEA135594EA0C0F95EA0C0F00F0A7F829
:10B7F000A4EB050481EA030E52EA03354FEA013156
:10B8000000F088804FEA03334FF0805545EA131368
:10B8100043EA12634FEA022245EA111545EA106530
:10B820004FEA00260EF000419D4208BF964244F1C7
:10B83000FD0404F5407402D25B084FEA3202B61AE6
:10B8400065EB03055B084FEA32024FF480104FF4BA
:10B85000002CB6EB020E75EB030E22BFB61A75462E
:10B8600040EA0C005B084FEA3202B6EB020E75EBC1
:10B87000030E22BFB61A754640EA5C005B084FEA29
:10B880003202B6EB020E75EB030E22BFB61A7546F6
:10B8900040EA9C005B084FEA3202B6EB020E75EB01
:10B8A000030E22BFB61A754640EADC0055EA060EC2
:10B8B00018D04FEA051545EA16754FEA06164FEA05
:10B8C000C30343EA52734FEAC2025FEA1C1CC0D1B1
:10B8D00011F4801F0BD141EA00014FF000004FF03E
:10B8E000004CB6E711F4801F04BF01430020B4F1FF
:10B8F000FD0C88BFBCF5E06F3FF6AFAEB5EB030CB7
:10B9000004BFB6EB020C5FEA500C50F1000041EBB3
:10B91000045170BD0EF0004E4EEA113114EB5C0480
:10B92000C2BFD4EB0C0541EA045170BD41F4801153
:10B930004FF0000E013C90E645EA060E8DE60CEA5B
:10B94000135594EA0C0F08BF95EA0C0F3FF43BAF78
:10B9500094EA0C0F0AD150EA01347FF434AF95EA2F
:10B960000C0F7FF425AF104619462CE795EA0C0F13
:10B9700006D152EA03353FF4FDAE1046194622E7E0
:10B9800050EA410618BF52EA43067FF4C5AE50EABA
:10B9900041047FF40DAF52EA43057FF4EBAE12E7AA
:10B9A0004FF0FF3C06E000BF4FF0010C02E000BF8B
:10B9B0004FF0010C4DF804CD4FEA410C7FEA6C5C6E
:10B9C0004FEA430C18BF7FEA6C5C1BD001B050EA11
:10B9D000410C0CBF52EA430C91EA030F02BF90EAFC
:10B9E000020F0020704710F1000F91EA030F58BFBB
:10B9F000994208BF90422CBFD8176FEAE37040F01D
:10BA0000010070474FEA410C7FEA6C5C02D150EABA
:10BA1000013C07D14FEA430C7FEA6C5CD6D152EA75
:10BA2000033CD3D05DF8040B704700BF844610463A
:10BA300062468C461946634600E000BF01B5FFF739
:10BA4000B7FF002848BF10F1000F01BD4DF808ED09
:10BA5000FFF7F4FF0CBF012000205DF808FB00BFDA
:10BA60004DF808EDFFF7EAFF34BF012000205DF834
:10BA700008FB00BF4DF808EDFFF7E0FF94BF012081
:10BA800000205DF808FB00BF4DF808EDFFF7CEFF82
:10BA900094BF012000205DF808FB00BF4DF808EDC1
:10BAA000FFF7C4FF34BF012000205DF808FB00BF92
:10BAB0004A0011D212F5001211D20DD56FF478732D
:10BAC000B3EB62520ED44FEAC12343F0004343EA82
:10BAD000505323FA02F070474FF00000704750EACD
:10BAE000013002D14FF0FF3070474FF00000704737
:10BAF0004FEA4102B2F1E04324BFB3F5001CDCF190
:10BB0000FE5C0DD901F0004C4FEAC0024CEA5070C7
:10BB1000B2F1004F40EB830008BF20F001007047F6
:10BB200011F0804F21D113F13872BCBF01F00040F9
:10BB3000704741F480114FEA5252C2F11802C2F12B
:10BB4000200C10FA0CF320FA02F018BF40F00100AC
:10BB50004FEAC1234FEAD32303FA0CFC40EA0C005E
:10BB600023FA02F34FEA4303CCE77FEA625307D19B
:10BB700050EA01331EBF4FF0FE4040F440007047D2
:10BB800001F0004040F0FE4040F40000704700BF6C
:10BB900053B94AB9002908BF00281CBF4FF0FF3134
:10BBA0004FF0FF3000F0E2B8ADF1080C6DE904CEC3
:10BBB00003F07CFADDF804E0DDE9022304B070470D
:10BBC00000F1340191E838009C46A6464CF8045D2B
:10BBD00090E8FF0FE54600BD90EC210B704700BFD9
:10BBE00080EC210B704700BF90EC200B704700BF2A
:10BBF00080EC200B704700BFD0EC200B704700BFDB
:10BC0000C0EC200B704700BFF0EC0201F0EC021119
:10BC1000F0EC0221F0EC0231F0EC0241F0EC0251C8
:10BC2000F0EC0261F0EC0271F0EC0281F0EC0291B8
:10BC3000F0EC02A1F0EC02B1F0EC02C1F0EC02D1A8
:10BC4000F0EC02E1F0EC02F1704700BFE0EC020121
:10BC5000E0EC0211E0EC0221E0EC0231E0EC024108
:10BC6000E0EC0251E0EC0261E0EC0271E0EC0281F8
:10BC7000E0EC0291E0EC02A1E0EC02B1E0EC02C1E8
:10BC8000E0EC02D1E0EC02E1E0EC02F1704700BF31
:10BC9000B0FC0181B0FC0191B0FC01A1B0FC01B18C
:10BCA000704700BFA0FC0181A0FC0191A0FC01A194
:10BCB000A0FC01B1704700BFEC4600B52DE9005073
:10BCC0002DE9FF1F4FF000032DE90C0001A903F03F
:10BCD000C7FCDDF840E012B0704700BFEC4600B58D
:10BCE0002DE900502DE9FF1F4FF000032DE90C0056
:10BCF00001A903F0F3FCDDF840E012B0704700BF8B
:10BD0000EC4600B52DE900502DE9FF1F4FF0000370
:10BD10002DE90C0001A903F003FDDDF840E012B0AD
:10BD2000704700BFEC4600B52DE900502DE9FF1F1C
:10BD30004FF000032DE90C0001AB03F0C7FCDDF868
:10BD400040E012B0704700BFEC4600B52DE900504E
:10BD50002DE9FF1F4FF000032DE90C0001AA03F0AD
:10BD60003DFDDDF840E012B0704700BF704700BFF6
:10BD700010F8012B11F8013B012A28BF9A42F7D095
:10BD8000D01A7047034613F8012B002AFBD1181A6A
:10BD900001387047000000000000000000000000B3
:10BDA00001F0FF01102A2BDB10F0070F08D010F86C
:10BDB000013B013A8B422DD010F0070F42B3F6D170
:10BDC000F0B441EA012141EA014122F007047FF089
:10BDD00000070023F0E80256083C85EA010586EAE0
:10BDE000010685FA47F5A3FA87F586FA47F6A5FA1C
:10BDF00087F68EB9EED1F0BC01F0FF0102F0070228
:10BE000032B110F8013B013A83EA010313B1F8D1D2
:10BE10000020704701387047002D06BF35460338B3
:10BE2000073815F0010F07D1013015F4807F02BFEC
:10BE3000013015F4C03F0130F0BC0138704700BF3D
:10BE40000348044B834202D0034B03B118477047A9
:10BE50001803002018030020000000000548064BCE
:10BE60001B1AD90F01EBA301491002D0034B03B1F8
:10BE70001847704718030020180300200000000036
:10BE800010B5064C237843B9FFF7DAFF044B13B122
:10BE90000448AFF300800123237010BD8CA401205F
:10BEA000000000002C36030808B5054B1BB10549FE
:10BEB0000548AFF30080BDE80840FFF7CFBF00BFE3
:10BEC0000000000090A401202C3603084FF005006C
:10BED00070474FF0050070474FF0050070474FF076
:10BEE000050070474FF0050070474FF005007047A0
:10BEF0004FF005007047012070474FF00500704774
:10BF00004FF0050070474FF0050070474FF00500F7
:10BF100070474FF00500704781807047C1807047BF
:10BF2000024A0260024A0260704700BF94D40308CC
:10BF300020DB03084FF0050070474FF00500704705
:10BF40004FF0050070474FF0050070474FF00500B7
:10BF500070474FF0050070474FF0050070474FF0F5
:10BF6000050070474FF0050070474FF0050070471F
:10BF70000020704781807047C18070474FF00500F6
:10BF800070474FF0050070474FF0050070474FF0C5
:10BF9000050070474FF005007047012070474FF0D3
:10BFA000050070474FF0050070474FF005007047DF
:10BFB0004FF0050070474FF0050070474FF0050047
:10BFC00070474FF0050070474FF00500704710B5FF
:10BFD00082B002680191B0F914100091946BB0F92D
:10BFE000103000221146A04702B010BD4FF00500EE
:10BFF000704700207047406801FB00F070470379EC
:10C000008B4202D2C91A41717047C91A0431417179
:10C0100070474FF005007047024A0260024A026012
:10C02000704700BFF0D30308E4DB0308024A026054
:10C03000024A0260704700BFFCD40308B8DB030863
:10C04000024A0260024A0260704700BFCCC1030886
:10C0500004DC0308024A0260024A0260704700BF23
:10C06000905B030854DC030810B50446C06810B1A7
:10C07000012102F093FB204610BD000010B50446DC
:10C08000044B40F80C3BE2F70AFC034B23602046CC
:10C0900010BD00BF28D4030870DB030810B50446A8
:10C0A000044B0360044B03600C2102F077FB204635
:10C0B00010BD00BF94D4030820DB030810B504466C
:10C0C000084B036005238380C380074B03608160B6
:10C0D0000C30E2F7D9FB03E0024B236002F060FB77
:10C0E000204610BD70DB030828D4030810B50446B1
:10C0F000064B40F80C3BE2F7D2FB054B23601021C6
:10C10000204602F04BFB204610BD00BF28D4030898
:10C1100070DB030810B50446044B0360044B036056
:10C12000102102F03BFB204610BD00BFF0D30308F6
:10C13000E4DB030810B50446044B0360044B0360C2
:10C140008C2102F02BFB204610BD00BFFCD403085D
:10C15000B8DB030810B50446044B0360044B0360CE
:10C160002C2102F01BFB204610BD00BFCCC10308F0
:10C1700004DC030810B50446044B0360044B036061
:10C18000202102F00BFB204610BD00BF905B03088E
:10C1900054DC03084FF0000070474FF00000704778
:10C1A0004FF0000070474FF0000070474FF0000064
:10C1B0007047000010B50446064B40F8283BE2F7F4
:10C1C00028FE04F11400E2F7D0FB201DE2F7CDFBBE
:10C1D000204610BD08EC030810B50446FFF7EAFF3F
:10C1E0004C21204602F0DAFA204610BD08B5E2F7ED
:10C1F000B9F908BD08B5FCF76FFDFCF703FB08BDF6
:10C200002DE9F8430446884617461E46BDF820909F
:10C210000546184B45F8043B0023102209F10201A2
:10C220002846E2F7ADFB0023BDF82420494604F17F
:10C230001400E2F7A5FB04E02846E2F796FB02F0C3
:10C24000AFFA0A9B63620023A3620B9AE26284F84E
:10C250003030094A6263A4639DF8302084F83C20A2
:10C260002364A4F8448084F84670A6642046BDE8A0
:10C27000F88300BF08EC030843E7000810B5044644
:10C28000E1F74EFD064B2360002323626362A36245
:10C29000012284F82C20236384F83430204610BD1A
:10C2A000A4D2030810B50446E1F73AFD0C4B236015
:10C2B000002323626362A362012284F82C2023639B
:10C2C00084F8343084F8353084F8363084F83720F8
:10C2D0004FF0FF32A263A4F84030204610BD00BFEB
:10C2E00008D0030810B50446E1F71AFD124B23608D
:10C2F000002323626362A362E3626FF07F422263E2
:10C3000084F8343084F8353004F13800FFF7CAFF80
:10C3100004F17C00FFF7C6FF0BE02046074B40F816
:10C32000383FE1F713FD2046E1F710FD02F038FA3F
:10C33000F9E7204610BD00BF84D5030808D00308E4
:10C3400038B50446E1F7ECFC324B2360002323624E
:10C350006362A36284F82C3023634FF47F426263EC
:10C360000122A263E36322644FF0004363646FF031
:10C370000043A3644FF0FF33E36404F15005284603
:10C38000E1F7CEFC244B236500232367636784F821
:10C390007830E36704F18000FFF770FF04F1B80024
:10C3A000FFF76CFF0023C4F8F030C4F8F430C4F891
:10C3B000F830C4F8FC30C4F80031C4F80431C4F8D3
:10C3C0000831C4F80C31C4F81031C4F8143184F8C1
:10C3D0001831DEF7E3F818E02046104B40F8B83F7C
:10C3E000E1F7B4FC20460D4B40F8803FE1F7AEFC8E
:10C3F000094B23652846E1F7A9FC2046E1F7A6FC96
:10C4000002F0CEF9EEE7F3E7F7E7C4F81C012046A7
:10C4100038BD00BFD0360308E0D10308A4D203081A
:10C4200038B50446084B0360084D40F87C5FE1F7DF
:10C430008DFC204640F8385FE1F788FC2046E1F7A4
:10C4400085FC204638BD00BF84D5030808D003080A
:10C4500010B50446FFF7E4FFC021204602F09EF924
:10C46000204610BD2DE9F04F83B00446E1F758FC9B
:10C47000794B2360002323626362A362E362236338
:10C4800004F1340301931D4607260DE0734B2B6026
:10C49000002385F820306B62AB624FF0FF32EA6216
:10C4A00085F8303016443435002E03DB2846E1F79A
:10C4B00037FCEBE704F5EA752F46072601E0013E5D
:10C4C0003837002E03DB3846FFF7D8FEF7E704F5D0
:10C4D0006576B046072702E0013F08F1C008002F4B
:10C4E00003DB4046FFF7FEFEF6E704F694173846F6
:10C4F000E1F716FC5A4BC4F894390023C4F8B43958
:10C5000004F6B8184046FFF7EDFE04F678294846D1
:10C51000FFF7E8FE04F6383A5046E1F701FC514BCC
:10C52000C4F8383B0023C4F8583BC4F85C3B84F89B
:10C53000603BC4F8643B04F6683B5846E1F7F0FB07
:10C54000494BC4F8683B0023C4F8883BC4F88C3BD3
:10C55000C4F8903B84F8943BC4F8983BC4F89C3BE7
:10C56000DEF71CF871E0019B002B69D0C6F10705CE
:10C570003423019A03FB0525019B9D4260D0374B74
:10C5800045F8343D2846E1F7E1FBF5E7002D4BD0B7
:10C59000C6F10706382303FB0656AE4244D0334BA0
:10C5A00046F8383D3046E1F7D1FBF6E78EB3C7F1E8
:10C5B0000707C02303FB0767B7422AD0C03F3846AE
:10C5C000FFF72EFFF8E7284BC4F8683B5846E1F721
:10C5D000BDFB244BC4F8383B5046E1F7B7FB484657
:10C5E000FFF71EFF4046FFF71BFF1D4BC4F89439B1
:10C5F0003846E1F7ABFB04F69417B74209D0C03FC9
:10C600003846FFF70DFFF8E7E3E7E8E7EAE7ECE78E
:10C61000F1E704F56576AE4206D0144B46F8383D96
:10C620003046E1F793FBF6E704F5EA75019B9D427E
:10C6300006D00A4B45F8343D2846E1F787FBF5E77D
:10C640002046E1F783FB02F0ABF8C4F8A00B2046CC
:10C6500003B0BDE8F08F00BFC840030848C303081B
:10C6600030D10308E0D1030888D10308A4D203081D
:10C6700000B583B0002280F8F12380F85523D0F86C
:10C680006813C0F86C13019201AA0349D8F75DF949
:10C6900003B05DF804FB00BF74DC030838B5044642
:10C6A0000B4B03600B4D40F8B85FE1F74FFB2046A2
:10C6B00040F8805FE1F74AFB2046074B40F8503FC7
:10C6C000E1F744FB2046E1F741FB204638BD00BFBF
:10C6D000D0360308A4D20308E0D1030810B50446FD
:10C6E000FFF7DCFF4FF49071204602F057F8204628
:10C6F00010BD00002DE9F0470446002303604360AD
:10C700008360C36003740A2242618361C361203085
:10C71000E1F7B8F904F14C063046E1F701FB554B5F
:10C72000E3640023E366236784F87430A36704F1AD
:10C730007C073846E1F7F4FA4F4BE36704F19C00BD
:10C74000FFF79CFD04F1D4084046FFF7F9FD04F51E
:10C75000FA75AA464FF0020903E009F1FF390AF120
:10C76000C00AB9F1000F03DB5046FFF7BBFDF4E749
:10C77000424B04F2344C93E807008CE8070004F5C0
:10C78000886E03F10C0CBCE80F00AEE80F00BCE8AB
:10C790000F00AEE80F009CE80F008EE80F0004F5D4
:10C7A0008E694846FFF79EFD04F5A66A5046FFF7DE
:10C7B00099FDDDF7F3FE3EE0F5B1C9F10209C023B2
:10C7C00003FB0959A94517D0A9F1C0094846FFF74D
:10C7D00027FEF7E75046FFF723FE4846FFF720FE07
:10C7E00004F23449A94507D0A9F1C0094846FFF72A
:10C7F00017FEF7E7F1E7F3E74046FFF74FFF204664
:10C800001F4B40F89C3FE1F7A1FA1B4BE36738460A
:10C81000E1F79CFA174BE3643046E1F797FA2046BC
:10C82000184B40F8203FE1F791FA01F0B9FFE6E735
:10C83000EBE7EFE7F3E7C4F8F0050023C4F8F435BD
:10C84000C4F8F835C4F8FC3584F80036C4F804366A
:10C85000C4F80836C4F80C36C4F81036C4F81436D8
:10C8600084F81836C4F81C36C4F820362046BDE8D3
:10C87000F08700BFE0D1030888D1030848360308D9
:10C88000A4D2030810D303082DE9F0410446002385
:10C890000360436083600373012303731030E1F787
:10C8A000F1F804F13C052846E1F73AFA354BE36329
:10C8B0000023E365236684F86430A36604F16C0604
:10C8C0003046E1F72DFA304BE36604F18C00FFF7B8
:10C8D000D5FC04F1C400FFF7E5FC04F58477384685
:10C8E000FFF700FD04F5E4784046FFF7FBFCDDF7B9
:10C8F00055FE29E04046FFF793FD3846FFF790FDCF
:10C900002046224B40F8C43FE1F720FA2046204B56
:10C9100040F88C3FE1F71AFA1B4BE3663046E1F72B
:10C9200015FA184BE3632846E1F710FA2046194B35
:10C9300040F8103FE1F70AFA01F032FFDDE7DFE7E8
:10C94000E4E7E9E7EDE7F1E7C4F888020023C4F87B
:10C950008C32C4F89032C4F8943284F89832C4F817
:10C960009C32C4F8A032C4F8A432C4F8A832C4F887
:10C97000AC3284F8B032C4F8B432C4F8B8322046CD
:10C98000BDE8F081E0D1030888D1030808D003088E
:10C99000A4D2030810D3030870B50546254B0360E5
:10C9A000254BC0F8683B00F66830E1F7CFF9234B20
:10C9B000C5F8383B05F63830E1F7C8F905F67820B8
:10C9C000FFF72EFD05F6B810FFF72AFD1C4BC5F842
:10C9D000943905F69410E1F7B9F915F5657608D0A4
:10C9E00005F69414A64204D0C03C2046FFF718FD7B
:10C9F000F8E715F5EA760AD005F56574A64206D083
:10CA0000104B44F8383D2046E1F7A0F9F6E715F160
:10CA100034060AD005F5EA74A64206D00A4B44F85B
:10CA2000343D2046E1F792F9F6E72846E1F78EF922
:10CA3000284670BDC840030888D10308E0D1030828
:10CA400030D10308A4D2030848C3030810B5044634
:10CA5000FFF7A2FF40F6A431204601F09FFE2046DA
:10CA600010BD000010B5044600F5E470FFF7D8FCD7
:10CA700004F58470FFF7D4FC20460F4B40F8C43F08
:10CA8000E1F764F920460D4B40F88C3FE1F75EF981
:10CA900020460B4B40F86C3FE1F758F92046094B14
:10CAA00040F83C3FE1F752F92046074B40F8103F71
:10CAB000E1F74CF9204610BD08D00308A4D20308C2
:10CAC00088D10308E0D1030810D3030870B50446E9
:10CAD00000F5A660FFF7A4FC04F58E60FFF7A0FC4C
:10CAE00014F5FA7608D004F2344503E0C03D284638
:10CAF000FFF796FCAE42F9D104F1D400FFF7CEFD6A
:10CB000020460C4B40F89C3FE1F720F920460A4BA9
:10CB100040F87C3FE1F71AF92046084B40F84C3FBB
:10CB2000E1F714F92046064B40F8203FE1F70EF9F3
:10CB3000204670BDA4D2030888D10308E0D10308C1
:10CB400010D3030870B50446334B036000F5D95089
:10CB50001430FFF7BBFF04F5C3501830FFF782FF16
:10CB600004F5BD501830FFF75BFC04F5B7501830E2
:10CB7000FFF756FC04F5B1501830FFF751FC04F5EF
:10CB80008053264AC3F8E02504F5AF50E1F7DEF8FC
:10CB900004F5A456103656B104F5AF55AE4206D092
:10CBA0001E4B45F8383D2846E1F7D0F8F6E714F576
:10CBB0005D660AD004F5A4551035AE4205D0A5F542
:10CBC00090752846FFF76AFDF7E7144DC4F8985DA5
:10CBD00004F69850E1F7BAF8C4F8605D04F55660C1
:10CBE000E1F7B4F8C4F8285D04F62850E1F7AEF890
:10CBF0000B4BC4F8F83C04F6F840E1F7A7F804F64C
:10CC00003840FFF70DFC04F19400FFF7C5FE204605
:10CC1000FFF7D0FA204670BD8C360308A4D2030873
:10CC2000E0D1030810B50446FFF78CFF42F28C11E7
:10CC3000204601F0B3FD204610BD00002DE9F04F65
:10CC40008BB0044600F505532C33002504951422BF
:10CC5000039202930823019320230093964B022210
:10CC60004FF4C061FFF7CCFA2046944B40F84C3BA0
:10CC70004022294604F042FBC4F88C50C4F890507E
:10CC800004F1940308931846FFF7ECFB04F63843CD
:10CC900009931846FFF726FB04F6F84B5846E1F7D0
:10CCA0003FF8874BC4F8F83CC4F8185DC4F81C5D25
:10CCB00084F8205DC4F8245D04F62850FFF7DEFAFE
:10CCC00004F55660FFF7DAFA04F69850FFF7D6FA43
:10CCD00004F55D6307931E46052502E0013D06F558
:10CCE0009076002D03DB3046FFF72AFBF6E704F5CC
:10CCF000A45510352F46052601E0013E3837002E99
:10CD000003DB3846FFF7BAFAF7E704F5AF50FFF751
:10CD1000B5FA04F5B15618363046FFF7E3FA04F5D4
:10CD2000B75718373846FFF7DDFA04F5BD5808F154
:10CD300018084046FFF7D6FA04F5C35909F1180957
:10CD40004846FFF7A1FD04F5D95A0AF1140A5046E6
:10CD5000FFF7D0FC04F50053032283F85821DDF7D8
:10CD60001DFC04F50053C3F85C01D8F764FE04F51C
:10CD70000053C3F86001D6F76DFE04F50053C3F805
:10CD80006401D9F709FC82E0079B002B53D0C5F161
:10CD900005054FF49073079A03FB0525079B9D42F9
:10CDA00049D0A5F590752846FFF778FCF6E7B5B3AE
:10CDB000C6F10506382303FB0656AE422FD0414B81
:10CDC00046F8383D3046E0F7C1FFF6E75046FFF73A
:10CDD0007DFE4846FFF746FE4046FFF721FB3846FA
:10CDE000FFF71EFB3046FFF71BFB04F58053354A67
:10CDF000C3F8E02504F5AF50E0F7A8FF04F5AF56FF
:10CE0000AE420CD02F4B46F8383D3046E0F79EFF3F
:10CE1000F6E7DEE7E0E7E2E7E4E7E6E7EEE704F57A
:10CE2000A4551035079B9D4205D0A5F59075284661
:10CE3000FFF734FCF6E7234BC4F8983D04F698500E
:10CE4000E0F784FF1F4BC4F8603D04F55660E0F73F
:10CE50007DFF1C4BC4F8283D04F62850E0F776FF10
:10CE6000174BC4F8F83C5846E0F770FF0998FFF7F5
:10CE7000D7FA0898FFF790FD2046FFF79BF901F0DD
:10CE80008FFCDFE7E5E7EBE7F0E7F2E7F4E704F52F
:10CE90000053C3F868010022C3F87421C3F8782155
:10CEA000C3F87C2183F88021C3F88421C3F888214A
:10CEB00020460BB0BDE8F08F78DC03088C36030801
:10CEC000E0D10308A4D20308B0F904007047B0F918
:10CED00006007047B0F908007047B0F90A007047C3
:10CEE000B0F90C007047B0F90E007047007C704735
:10CEF00001747047006B20B108B503689B689847C0
:10CF000008BD00207047006B20B108B50368DB68DE
:10CF1000984708BD0020704710B50446D6F7D4FDE9
:10CF200010B1044B987810BD94F81C34014AD05CC1
:10CF3000F9E700BFA440030810B590F8E3430CB133
:10CF4000204610BDD9F728FB8368032BF8D10124B4
:10CF5000F6E7000010B50446D6F7B6FD10B1044B55
:10CF6000986810BD94F81C24014B53F82200F8E790
:10CF70008040030810B50446D6F7A6FD10B1044B57
:10CF8000986810BD94F81C24014B53F82200F8E770
:10CF9000B440030870B504463E4B036000F5B5503D
:10CFA0001830FFF73DFA04F5AF501830FFF738FAA4
:10CFB00004F5A9501430FFF733FA04F5A3501430E8
:10CFC000FFF72EFA04F59D501430FFF729FA04F507
:10CFD00097501430FFF724FA04F580552E4EC5F80B
:10CFE000BC6204F595501C30E0F7B0FEC5F88462D1
:10CFF00004F594500430E0F7A9FE04F58E50043097
:10D00000FFF70EFA04F588500430FFF709FA04F62A
:10D01000C4564EB104F586550435AE4204D0C03D29
:10D020002846FFF7FDF9F8E71B4BC4F88C3D04F6E2
:10D030008C50E0F78BFE04F6CC40FFF7F1F904F6D4
:10D040004C0646B104F6CC45AE4204D0C03D28465D
:10D05000FFF7E6F9F8E714F5C67609D004F64C05B3
:10D06000AE4205D0A5F590752846FFF717FBF7E708
:10D0700014F13C060AD004F5C675AE4206D0064B44
:10D0800045F8383D2846E0F761FEF6E7034B23609C
:10D09000204670BD44370308A4D2030844EC0308BB
:10D0A00010B50446FFF776FF41F29C71204601F06F
:10D0B00075FB204610BD00002DE9F84F0546E0F74E
:10D0C0002FFE7A4B2B6000232B626B62AB626FF0FA
:10D0D0007F42EA62764A2A63764A6A63AB63EB630D
:10D0E0002B6405F14400E0F7CDFC05F170084446DF
:10D0F000022609E0704B236000232362636284F8F8
:10D100002830E362013E3034002E03DB2046E0F796
:10D1100007FEEFE705F580794C4602260DE0674BE8
:10D120002360002384F820306362A3624FF0FF3253
:10D13000E26284F8303016443434002E03DB20469B
:10D14000E0F7EEFDEBE705F5CE7A574602260AE05A
:10D15000013C0BF1380B002C03DB5846FFF78EF82F
:10D16000F6E7013E7037002E02DBBB460124F2E7F2
:10D1700005F53B742046E0F7D3FD4F4BC5F8EC3284
:10D180000023C5F80C33C5F8103385F81433C5F8FF
:10D19000183305F547763046E0F7C2FD484BC5F831
:10D1A0001C33DDF7FBF97CE0B8F1000F6DD0C6F160
:10D1B0000204302303FB0484444566D03E4B44F80C
:10D1C000303D2046E0F7C2FDF6E7B9F1000F51D03F
:10D1D000C6F10204342303FB04944C454AD0374B78
:10D1E00044F8343D2046E0F7B1FDF6E76FB1C4F1F5
:10D1F0000104382303FB0474A74206D0314B44F8E2
:10D20000383D2046E0F7A2FDF6E7BAF1000F26D040
:10D21000C6F10204702303FB04A454451FD0294B1C
:10D2200044F8383D2046E0F791FDF6E7244BC5F879
:10D230001C333046E0F78AFD1F4BC5F8EC32204620
:10D24000E0F784FD05F53B74544508D01D4B44F8C8
:10D25000383D2046E0F77AFDF6E7EDE7F2E705F521
:10D26000CE744C4506D0154B44F8343D2046E0F7CB
:10D270006DFDF6E705F58074444506D00E4B44F885
:10D28000303D2046E0F762FDF6E728460E4B40F8B9
:10D29000443FE0F75BFD2846E0F758FD01F080FAD7
:10D2A000F9E7C5F83C032846BDE8F88FE4530308C6
:10D2B0008080800040404000E0D1030848C303085C
:10D2C00088D10308A4D2030810D30308F8B5044694
:10D2D0000025056045608560C5601030E0F7D2FB31
:10D2E000E563256404F144052846E0F719FD244B65
:10D2F000636400236366A36684F86C302367636706
:10D3000004F178063046FEF7EDFF04F59C773846C9
:10D31000FEF7E8FFDDF742F915E03846FFF780F841
:10D320003046FFF77DF8164B63642846E0F70EFDA4
:10D330002046144B40F8103FE0F708FD01F030FAAA
:10D34000EEE7F0E7F4E7C4F8F8010023C4F8FC3195
:10D35000C4F80032C4F8043284F80832C4F80C323D
:10D36000C4F81032C4F81432C4F81832C4F81C32AD
:10D3700084F82032C4F82432C4F828322046F8BD9C
:10D38000E0D1030810D3030810B50446D3F7F3FB2C
:10D3900042F2107104F5AF50E0F7A8FC10BD000098
:10D3A00070B50446224B0360224BC0F81C3300F5D5
:10D3B0004770E0F7CBFC204BC4F8EC3204F53B702F
:10D3C000E0F7C4FC14F5CE760AD004F53B75AE4206
:10D3D00006D01A4B45F8383D2846E0F7B7FCF6E78B
:10D3E00014F580760AD004F5CE75AE4206D0144B03
:10D3F00045F8343D2846E0F7A9FCF6E714F170063D
:10D400000AD004F58075AE4206D00B4B45F8303D8E
:10D410002846E0F79BFCF6E720460A4B40F8443FDD
:10D42000E0F794FC2046E0F791FC204670BD00BF79
:10D43000E453030888D10308E0D10308A4D2030809
:10D4400048C3030810D3030810B50446FFF7A8FF2C
:10D450004FF45071204601F0A1F9204610BD0000A4
:10D4600010B5044600F59C70FEF7DAFF04F1780071
:10D47000FEF7D6FF2046064B40F8443FE0F766FC37
:10D480002046044B40F8103FE0F760FC204610BDFA
:10D49000E0D1030810D3030810B50446024B036023
:10D4A000FEF788FE204610BDB83D030810B50446BF
:10D4B000044B0360FEF77EFE5021204601F06EF91A
:10D4C000204610BDB83D030810B50446034B036069
:10D4D000034B0360E0F73AFC204610BDE03D030833
:10D4E00048C3030810B50446054B0360054B0360B1
:10D4F000E0F72CFC3421204601F050F9204610BD05
:10D50000E03D030848C3030810B586B00446002375
:10D51000049303930293019300930A4B02224FF466
:10D52000C061FEF76DFE084B2360DDF737F804E0BD
:10D530002046FEF73FFE01F033F9E064204606B0D6
:10D5400010BD00BFBCDD0308B83D030810B504469C
:10D55000054B036000F59560E1F7A1F92046FEF761
:10D5600029FE204610BD00BF703E030810B50446DA
:10D57000FFF7ECFF40F29C61204601F00FF92046D6
:10D5800010BD000030B587B0044600F224430125E9
:10D590000495039502938423019320230093384B31
:10D5A00002224FF4C061FEF72BFE364B23600023AE
:10D5B000E364A4F8503384F852333F2284F85323B1
:10D5C00084F8545384F85533C4F85833C4F85C33A2
:10D5D000C4F86033C4F86433C4F86853C4F86C33D7
:10D5E00084F8E33384F8E53384F80E5484F80F3478
:10D5F0000322C4F8102484F81434C4F8183484F8CE
:10D600001C3484F81D34A4F81E34A4F82034A4F883
:10D61000223404F59560E1F737F904E02046FEF77F
:10D62000C9FD01F0BDF8184D04F2AC4C05F128031A
:10D630000FCBACE80700ACF8003004F2BC4C05F1AD
:10D64000380EBEE80F00ACE80F00BEE80F00ACE8F3
:10D650000F009EE807008CE80700502205F16401E6
:10D6600004F59D6003F0F5FF4FF4B27205F1B401CB
:10D6700004F5A76003F0EDFF204607B030BD00BF02
:10D68000D8DD0308703E0308683E030800B583B088
:10D690000023019301AA0349D7F757F903B05DF8B6
:10D6A00004FB00BF1CE8030800B583B0002301930E
:10D6B00001AA0349D7F749F903B05DF804FB00BF9D
:10D6C00020E8030810B50446024B0360FEF772FD24
:10D6D000204610BD8C4D030810B50446044B036072
:10D6E000FEF768FDC821204601F058F8204610BD1D
:10D6F0008C4D030830B587B004460025049503958A
:10D700000295019500950E4B02228021FEF778FDCF
:10D710000C4901F108032360E56425656565A5658D
:10D72000E5652566C4F86350A566E566256754225D
:10D73000283104F1740003F08CFF204607B030BD9F
:10D7400024E80308844D03084FF0000070470000F0
:10D7500010B504465422034903F07BFF00236365A0
:10D76000204610BD184E030838B50446144B03601C
:10D7700000F2FC40FEF754FE04F23C40FEF750FE7F
:10D7800004F55E70FEF74CFE04F51670FEF786FF9A
:10D790000C4DC4F8205204F50870E0F7D7FA04F5F0
:10D7A000AE70FEF73DFE04F13C00FEF777FF204629
:10D7B00040F8045FE0F7CAFA034B2360204638BD07
:10D7C000CC520308A4D2030844EC030810B5044665
:10D7D000FFF7CAFF40F2E451204600F0DFFF204689
:10D7E00010BD10B5044600F6FC30E0F78EFA04F6E2
:10D7F0003840E2F709F910BD10B504464FF0FF318B
:10D8000000F6FC30E0F772FA04F63840E2F715F95A
:10D8100010BD0000F8B50646E0F734F9304B336030
:10D820000023F362336306F134073D460F2401E021
:10D83000013C3835002C03DB2846FEF71FFDF7E7D7
:10D840004FF4A662002106F56D7003F057FD00232A
:10D85000C6F8E43806F6E8042046E0F761FA214B02
:10D86000C6F8E8380023C6F80839C6F80C3986F837
:10D870001039C6F81439C6F81839C6F81C39C6F874
:10D880002039DCF78BFE27E0FFB1C4F10F04382309
:10D8900003FB0474BC4218D0134B44F8383D2046B7
:10D8A000E0F754FAF6E70F4BC6F8E8382046E0F701
:10D8B0004DFA06F56D74BC4207D00B4B44F8383D69
:10D8C0002046E0F743FAF6E7F3E7084B33603046CB
:10D8D000E0F73CFA00F064FFC6F824093046F8BDD2
:10D8E000D85A0308E0D10308A4D2030810D30308D0
:10D8F00070B506460E4B03600E4BC0F8E83800F6D4
:10D90000E800E0F723FA16F134050AD006F56D7445
:10D91000A54206D0084B44F8383D2046E0F716FAF9
:10D92000F6E7064B33603046E0F710FA304670BD3C
:10D93000D85A0308E0D10308A4D2030810D303087F
:10D9400070B50646204B036000F5D8500C30FEF74A
:10D9500067FD06F5D2500C30FEF762FD06F5C950A2
:10D960000830FEF79BFE06F58054184DC4F8F058B9
:10D9700006F5C7501030E0F7E9F906F5BE500C3057
:10D98000FEF78CFEC4F8945706F5BC501430E0F74F
:10D99000DDF906F56660FFF7ABFF06F63440FFF7EA
:10D9A0005FFD06F234455DB106F6344406E0403CC6
:10D9B0002046064B40F8083FE0F7C8F9A542F6D1EB
:10D9C000034B3360304670BD10530308A4D20308E4
:10D9D00044EC030810B50446FFF7B2FF41F6F031FE
:10D9E000204600F0DBFE204610BD10B50446FFF7D0
:10D9F0007FFF40F62811204600F0D0FE204610BDE3
:10DA00002DE9F84304460F4616460025056045609B
:10DA10008560C5601030E0F735F8E563256404F1F2
:10DA200044052846E0F77CF9254B636400236366D0
:10DA3000A36684F86C302367636704F17808404676
:10DA4000FEF750FC04F59C794846FEF74BFCDCF7EA
:10DA5000A5FD15E04846FEF7E3FC4046FEF7E0FC76
:10DA6000174B63642846E0F771F92046154B40F8E0
:10DA7000103FE0F76BF900F093FEEEE7F0E7F4E714
:10DA8000C4F8F8010023C4F8FC31C4F80032C4F82B
:10DA9000043284F80832C4F80C32C4F81032C4F8E6
:10DAA0001432C4F81832C4F81C3284F82032C4F896
:10DAB0002432C4F82832E76326642046BDE8F883A0
:10DAC000E0D1030810D3030870B50646104B03607D
:10DAD00000F52560FEF7A4FC06F62400FFF7C0FC65
:10DAE00006F224555DB106F62404A54207D0403C59
:10DAF0002046084B40F8083FE0F728F9F5E706F123
:10DB00005800FFF74DFC044B3360304670BD00BF3A
:10DB100050530308A4D2030844EC030810B504468C
:10DB2000FFF7D2FF40F63C31204600F037FE20469A
:10DB300010BD70477047000010B50446024B0360EB
:10DB4000FEF738FB204610BD7054030810B504469C
:10DB5000044B0360FEF72EFB5C21204600F01EFE06
:10DB6000204610BD7054030810B50446024B0360F4
:10DB7000E0F7ECF8204610BD9854030810B50446B1
:10DB8000044B0360E0F7E2F83821204600F006FE7F
:10DB9000204610BD9854030810B50446024B03609C
:10DBA000E0F7D4F8204610BDF054030810B5044641
:10DBB000054B0360E0F7CAF84FF4A271204600F06D
:10DBC000EDFD204610BD00BFF054030830B587B00E
:10DBD0000446002504950395029501950095104B88
:10DBE00002224FF4C061FEF70BFB0E4B236084F85A
:10DBF0004C50012384F84D3084F84E50DCF7CEFCB5
:10DC00002065D7F718FF6065E1F715FB04E02046B3
:10DC1000FEF7D0FA00F0C4FDA065204607B030BD85
:10DC2000F4EA03087054030810B504460F4B036070
:10DC300000F5C650E0F733FE04F5C3501430E0F7AA
:10DC4000F3FF04F5C1500830E0F7EEFF04F5C150D2
:10DC50000430E1F723F82046054B40F8543FE0F745
:10DC600075F82046FEF7A6FA204610BD4C5B030867
:10DC700010D3030810B50446FFF7D6FF41F6C401E0
:10DC8000204600F08BFD204610BD10B504464FF431
:10DC90008072002103F032FB002306E004EBC30195
:10DCA000002244F833204A6001331F2BF6D9204666
:10DCB00010BD00002DE9F04186B004460025049512
:10DCC0000395029501950095344B01224FF4806134
:10DCD000FEF796FA324B2360E564256504F154089B
:10DCE00021464046DFF7B9FEC4F8805084F88450DE
:10DCF00084F8855084F88650C4F88850C4F88C5055
:10DD000004F5805686F81057A6F81257A6F814574F
:10DD1000A6F81657A6F8185704F5B8501A30FFF7AA
:10DD2000B4FF86F81A58C6F81C58C6F8205804F5EF
:10DD3000C15504352846E0F7A4FF04F5C15608365E
:10DD40003046E0F765FF04F5C35714373846E0F76F
:10DD50005FFF04F5C650E0F797FD17E03846E0F79F
:10DD600063FF3046E0F760FF2846E0F797FF204664
:10DD70000C4B40F8543FDFF7E9FF2046FEF71AFA54
:10DD800000F00EFDEDE7EFE7F1E7F6E7064BC3F82D
:10DD90000080204606B0BDE8F08100BF10EB03080C
:10DDA0004C5B030810D30308DC8D002001460023E0
:10DDB000184601E0013001331F2B13D831F833200E
:10DDC000002AF7D101EBC3029288002AF2D101EBBD
:10DDD000C3025288002AEDD101EBC302D288002A87
:10DDE000E9D0E7E7704700231F2B10D830F8332025
:10DDF0007AB900EBC30292886AB900EBC302528879
:10DE00005AB900EBC302D2884AB90133ECE70120CA
:10DE100070470020704700207047002070470020A6
:10DE20007047034600201F2810D833F830206AB905
:10DE300003EBC00292884AB903EBC00252882AB9A8
:10DE400003EBC002D2880AB90130ECE77047024602
:10DE5000002000E001301F2812D832F83030002BAB
:10DE6000F8D102EBC0039B88002BF3D102EBC00377
:10DE70005B88002BEED102EBC003DB88002BE9D1DD
:10DE8000704730F831306BB900EBC1039B885BB948
:10DE900000EBC1035B884BB900EBC100C3883BB109
:10DEA0000020704700207047002070470020704716
:10DEB0000120704770B5064600250EE006EBC5034D
:10DEC00006EBC40256F83400516846F83500596034
:10DED000002346F83430536001351F2D10D82946F1
:10DEE0003046FFF7CEFF0028F6D06C1C1F2CF3D86D
:10DEF00021463046FFF7C5FF0028DFD00134F5E7A3
:10DF000070BD38B504460D46FFF78BFF1F2801D9B9
:10DF1000002038BD04EBC00354F830105A68296063
:10DF20006A60002244F830205A602046FFF7C2FFA2
:10DF30000120EEE72DE9F04F83B005464FF0000ACF
:10DF4000CDF804A04AE001341F2C45D821462846CC
:10DF5000FFF797FF0028F6D105EBCA077E8805EB8F
:10DF6000C4014B880093B0469E4228BF984635F8BE
:10DF70003AC035F83400E646844538BF8646B7F8DF
:10DF80000690CB884A46994528BF1A46BF8889889B
:10DF9000BB468F4238BF8B46F045D4D95A45D2D9BB
:10DFA000009A844501D925F83A008F4202D905EB41
:10DFB000CA008180964202D205EBCA014A80994587
:10DFC00002D205EBCA02D38005EBC402002345F858
:10DFD00034305360012301930AF1010ABAF11F0F93
:10DFE00008D851462846FFF74CFF0028F4D10AF123
:10DFF0000104A9E7DDF80480404603B0BDE8F08FD6
:10E0000038B504460D46FFF722FF1F2810D804EB51
:10E01000C00329686A6844F830105A602046FFF748
:10E0200089FF0028FAD12046FFF744FF012038BDC0
:10E030002B882288934200D22380AB88A288934207
:10E0400000D2A3806B886288934200D96380EB88FA
:10E05000E2889342E2D9E380E0E74FF005007047A1
:10E06000014B0360704700BF94EC030800797047D0
:10E0700040797047C088704738B50C46856803689A
:10E080001B69984700FB045038BD8068704700004A
:10E0900001EBC101014800EB81007047C45B03083C
:10E0A000024A0260024A0260704700BFB8EC0308EF
:10E0B00094EC030810B50446044B0360044B036062
:10E0C0000C2100F06BFB204610BD00BFB8EC03082C
:10E0D00094EC030810B50446034B03600C2100F0D8
:10E0E0005DFB204610BD00BF94EC0308014800EB27
:10E0F00041107047C47F0308024A0260024A02606E
:10E10000704700BFF8EC030894EC030810B5044610
:10E11000044B0360044B03600C2100F03FFB2046DE
:10E1200010BD00BFF8EC030894EC030801EB4101BB
:10E13000014800EB41007047C49F0308024A026097
:10E14000024A0260704700BF34ED030894EC0308F4
:10E1500010B50446044B0360044B03600C2100F02F
:10E160001DFB204610BD00BF34ED030894EC0308EE
:10E17000014800EBC1007047C4A50308024A0260D1
:10E18000024A0260704700BF70ED030894EC030878
:10E1900010B50446044B0360044B03600C2100F0EF
:10E1A000FDFA204610BD00BF70ED030894EC030893
:10E1B00001EB4101014800EB81007047C4AD030849
:10E1C000024A0260024A0260704700BFACED0308D9
:10E1D00094EC030810B50446044B0360044B036041
:10E1E0000C2100F0DBFA204610BD00BFACED0308A7
:10E1F00094EC0308014800EBC1007047C4B9030860
:10E20000024A0260024A0260704700BFE8ED03085C
:10E2100094EC030810B50446044B0360044B036000
:10E220000C2100F0BBFA204610BD00BFE8ED03084A
:10E2300094EC030808B503685B69427912B90121BF
:10E24000984708BD0021FBE70120704710B50C4638
:10E25000FAF748FD022803D02046E1F7EBFC10BD99
:10E260002046E0F7A2FDFAE710B582B004468DF82B
:10E270000710006A417903685B69003918BF012102
:10E280009847E06903685B6901220DF1070198472F
:10E29000206AFFF7CFFF02B010BD38B504460D4627
:10E2A000406AFFF7C7FF29462046FFF7DDFF38BD6C
:10E2B00038B504460D46406A417903685B69003908
:10E2C00018BF0121984729462046FFF7CDFF38BDEA
:10E2D00010B582B0044600238DF80730006A4179FA
:10E2E00003685B69003918BF01219847E06903683A
:10E2F0009B6901220DF107019847206AFFF79AFFF9
:10E300009DF8070002B010BD10B50446024B036033
:10E31000DFF71CFD204610BD40C2030810B50446BF
:10E32000044B0360DFF712FD3021204600F036FA7F
:10E33000204610BD40C2030810B50446024B0360DE
:10E34000DFF704FD204610BD98C2030810B504464F
:10E35000044B0360DFF7FAFC2421204600F01EFA8C
:10E36000204610BD98C2030810B50446024B036056
:10E37000DFF7ECFC204610BDF0C2030810B50446E0
:10E38000044B0360DFF7E2FC2821204600F006FA88
:10E39000204610BDF0C2030810B50446024B0360CE
:10E3A000DFF7D4FC204610BD48C3030810B504466F
:10E3B000044B0360DFF7CAFC3421204600F0EEF97D
:10E3C000204610BD48C3030810B50446024B036045
:10E3D000DFF7BCFC204610BD08D0030810B504468A
:10E3E000044B0360DFF7B2FC4421204600F0D6F96D
:10E3F000204610BD08D00308006B20B108B50368A3
:10E400009B68984708BD00207047006B20B108B595
:10E410000368DB68984708BD00207047006B20B197
:10E4200008B503681B69984708BD002070470000C5
:10E4300010B50446024B0360DFF788FC204610BD90
:10E4400080D0030810B50446024B0360DFF77EFC62
:10E45000204610BDD8D0030810B50446024B036017
:10E46000DFF774FC204610BD30D1030810B5044618
:10E47000024B0360DFF76AFC204610BD88D1030819
:10E4800010B50446024B0360DFF760FC204610BD68
:10E49000E0D1030810B50446044B0360DFF756FCD7
:10E4A0005821204600F07AF9204610BD80D003089C
:10E4B00010B50446044B0360DFF748FC28212046D2
:10E4C00000F06CF9204610BDD8D0030810B5044602
:10E4D000044B0360DFF73AFC2421204600F05EF98C
:10E4E000204610BD30D1030810B50446044B03602C
:10E4F000DFF72CFC2021204600F050F9204610BD0B
:10E5000088D1030810B50446044B0360DFF71EFCF6
:10E510003021204600F042F9204610BDE0D103082A
:10E5200010B50446024B0360DFF710FC204610BD17
:10E53000A4D2030810B50446044B0360DFF706FCC1
:10E540003821204600F02AF9204610BDA4D2030845
:10E55000006B20B108B503681B69984708BD00200F
:10E560007047000010B50446024B0360DFF7EEFB76
:10E57000204610BD10D3030810B50446044B0360B9
:10E58000DFF7E4FB2C21204600F008F9204610BDFF
:10E5900010D303084FF0050070474FF0000070479C
:10E5A0004FF005007047000010B50446064B40F8D8
:10E5B000743BE0F773FB04F17000E0F770F920465C
:10E5C000FDF7F8FD204610BD40D5030810B5044600
:10E5D000FFF7EAFF7821204600F0E0F8204610BD62
:10E5E00030B587B004460025049503950295019542
:10E5F0000095174B03228021FDF702FE154B236087
:10E60000E56425656565A565E565A4F86050A4F831
:10E610006250A4F864506423A36684F86C5084F8B4
:10E620006D5004F170052846E0F72EF904F17400EE
:10E63000E0F727FB08E02846E0F731F92046FDF730
:10E64000B9FD00F0ADF8F9E7204607B030BD00BFD6
:10E650002CEB030840D50308DFF834D00D480E49F1
:10E660000E4A002302E0D458C4500433C4188C422C
:10E67000F9D30B4A0B4C002301E013600432A24291
:10E68000FBD3FCF73BF802F0BDFFFBF763FC7047E0
:10E69000000002200000002018030020040D0408E0
:10E6A0001803002000A60120FEE70B46014618468D
:10E6B00002F092BC7FB500241023CDE90234036838
:10E6C00015469E6912686B46CDE90044B0479DF837
:10E6D000043003F00603062B03BF009B2B600120D0
:10E6E000204604B070BD009890420CBF0620012067
:10E6F0007047000010B5034B0360044600F037FC80
:10E70000204610BD3CEE030810B50446FFF7F2FFAB
:10E710002046082100F042F8204610BD2DE9F041C6
:10E720001F46DDE90834DDF8188098450646154691
:10E7300007D1079900F01EFC18B165710020BDE8F3
:10E74000F0813946304600F015FC0028F6D0012350
:10E75000C4F800802571A371F0E738B515461C4652
:10E7600000F008FC20B10823E36006232560237134
:10E7700038BD2DE9F04105460C4616461F4600F00F
:10E78000F9FB48B9032F07D82368324629462046AB
:10E790005B69BDE8F0411847BDE8F081DBF775BD66
:10E7A0001EB400F090F81EBCFDF798FA0378472BD2
:10E7B00017D143784E2B14D18378552B11D1C378C0
:10E7C000432B0ED10379432B0BD143792B2B08D14B
:10E7D00083792B2B05D1C07901288CBF0020012023
:10E7E00070470020704700002DE9F3411F46037871
:10E7F000C479472B02460D4612D143784E2B0FD1D8
:10E800008378552B0CD1C378432B09D10379462B40
:10E8100006D143794F2B03D18379522B00D1F4B128
:10E820001046FFF7C3FF00230193D8B9154C2368A6
:10E8300020469B68984700B3019B1B680193022602
:10E840002B6801AAD3F81080214601232846C0472F
:10E85000A8B1019B3B60304602B0BDE8F081019455
:10E86000094CE4E752F8201C012C1ABF0C4602F1B7
:10E87000580151F8784C0191D9E70126E0E70646A6
:10E88000E9E700BFACEE030880EE030810B50446CC
:10E8900000F032F802462046A4F12001FFF786FF7F
:10E8A00060B154F8043C0133012B44F8043C03D11B
:10E8B000936844F8083C9160012010BD9368002BD8
:10E8C000F9D000F0A9FA10B500F016F882680146F8
:10E8D0000AB900F0A1FA02F120042046FFF766FF12
:10E8E00040B1D369013BD36113B9906988609361EA
:10E8F000204610BD8860FBE700487047A8A40120AF
:10E9000030B500231A4610F8015B05F07F049440EF
:10E9100023432C0602F10702F5D40B6030BD30B55D
:10E9200000231A4610F8014B04F07F0595402B4355
:10E93000250602F10702F5D41F2A06D8640642BF55
:10E940004FF0FF3404FA02F213430B6030BD50283D
:10E950002DE9F3410646884615461F4608D1D01CCE
:10E9600020F0030050F8044B3C6002B0BDE8F08199
:10E9700000F00F030C2B2ED8DFE803F025071D2530
:10E98000292D2D2D2D182125290001A92846FFF715
:10E99000B7FF019C002CE7D006F07003102B08BFD6
:10E9A000A8464444330648BF2468DDE701A9284649
:10E9B000FFF7B5FFEDE7284630F8024BEAE72846B7
:10E9C00030F9024BE6E7284650F8044BE2E72846C8
:10E9D00050F8084BDEE701F0F7FB08B50346FF2BC4
:10E9E00008460DD003F07003302B0FD004D8202B35
:10E9F00008D005D901F0E8FB402B0BD0502BF9D102
:10EA0000002008BDBDE8084001F0DBBBBDE80840C0
:10EA100001F0D4BBBDE8084001F0C0BB70B50C46A6
:10EA20000146204615461E46FFF7D7FF33460146EE
:10EA30002A462046BDE87040FFF789BF73B50C46F3
:10EA40001546064608B101F0A9FB2246286012F8D7
:10EA5000011BFF291CD02B1D3046FFF7DFFF0246AC
:10EA6000104610F8013BFF2B14D010232B7501A981
:10EA7000FFF746FF019B0344EB6010F8013B6B7509
:10EA800001A9FFF73DFF019B03442B6102B070BD5C
:10EA90006860E5E72B750023EEE71FB503AB009335
:10EAA00000230A46194600F04BFE039805B05DF8B6
:10EAB00004FB00002DE9F04F00F0030395B04FF088
:10EAC0000009012B0C461546CDF8249011D0022BDD
:10EAD00004D0002B74D110F0080673D029462046CC
:10EAE00001F046FB18B1092015B0BDE8F08F0820F1
:10EAF000FAE710F008065AD002231E430EAF002397
:10EB000000970C22194628460E9400F041FE062E6E
:10EB10005AD1D4F83080B8F1000F00F06381D4E905
:10EB20000A7A4FF0030B002F1ADA0EAA5146284634
:10EB30008DF84C90FFF782FF119E9DF84C002946FE
:10EB4000FFF74BFFFB4306EB8303002253F8221031
:10EB5000002940F04A81C4E90A200422C4E90C23B8
:10EB600000230DAE1A461946009628460D9400F073
:10EB70000FFE002319460122009628460D9700F04B
:10EB800007FE0F212846FFF788FF00F0010040EA4A
:10EB9000080000230D9000960F221946284600F029
:10EBA000F7FDBBF1020F00F0228107209CE70F6AFE
:10EBB00010460D21FFF771FF87429DD106239CE788
:10EBC00001F002FB012398E7284601F0EDFA8246A6
:10EBD000002883D03A46014628468DF84C90FFF72E
:10EBE0002DFF9DF84C90119B039329468346484680
:10EBF000FFF7F3FE0F21049010902846FFF74DFF1A
:10EC000020F0010808F1FF330593129F5F4517D8E4
:10EC10000027B8464FF0010BF20740F1D380BBF15B
:10EC2000020F3FF45BAF0D212846099EFFF735FF29
:10EC3000C4E90A7AC4E90806C4F83080062053E71C
:10EC40009DF84D805A460AAB41460020FFF7E6FE8C
:10EC50000BAB024641460020FFF7E0FE0CAB02463C
:10EC600041460020FFF7DAFE0DA9FFF749FE0A9A98
:10EC70000E9B1344059A9342834655D80B9A13442E
:10EC8000059A9342C1D9DDF83080B8F1000F01D068
:10EC90000F9B98440D9800283ED001383844B8F1B5
:10ECA000000F3FF41BAF16F0080306933ED0472336
:10ECB00023704E2363705523A3704323E3704623D0
:10ECC00023714F2363715223A3710023E371002347
:10ECD00005930BA9FFF723FE0CA90790FFF71FFE72
:10ECE0000B9F002F6BD0022E5DD0002F42DDB9F1BB
:10ECF000FF0F3BD009F00703042B3FF661AF01A2E1
:10ED000052F823F03FED0208C1EB020871ED020852
:10ED10003FED020869ED0208B8F1000F3FF4DEAEE6
:10ED200000274FF0020B77E7BB466EE7E379012B34
:10ED30000CBF54F8203C04F158030993C7E70422A0
:10ED400003990DAB02FB171248460499FFF7FFFD2C
:10ED50000D9931B13CB309AB00222046FFF744FDC9
:10ED600008B34FF0030B57E70822E9E70022E7E773
:10ED70000222E5E7039A6FF04043DB1B02EB830BB3
:10ED8000BCB1069AAAB9099B0D93ABF1040B5BF8D1
:10ED9000041F0029E5D00DAB002259442046FFF79F
:10EDA00023FD0028F3D00C9828B3079B0344184692
:10EDB0008FE7039A52F82330002BF4D1D1E70123D7
:10EDC0000593F0E7330709D5BBF1010F01D100F03E
:10EDD00023F8002FBFF6C4AE00F030F8BBF1010FEE
:10EDE0007FF4A1AE204600F0F8F80132AEE62046EE
:10EDF000FFF74CFDD9E6059B002B91D16EE600BFD5
:10EE000008B5804701F0E0F9024B1868BFF35B8F4B
:10EE1000704700BF4C01002008B5FFF7F5FFFFF772
:10EE2000EFFF08B58047FFF7F7FF0000024B1868B7
:10EE3000BFF35B8F704700BF4801002008B5FFF7A4
:10EE4000F5FFFFF7EEFF0268D207034605D44278CC
:10EE500002B1FFDE01205870704700207047002388
:10EE600043707047012303607047000010B5034BE7
:10EE700003600446FFF73EFC204610BDF0EE030899
:10EE800010B50446FFF7F2FF20460C21FFF786FC81
:10EE9000204610BD2DE9F041DDF81880904506466A
:10EEA0000F4615461C460BD0B0680368CDF8188095
:10EEB0001E6A2A4623463946B446BDE8F0416047FB
:10EEC000194600F057F80028EED00620BDE8F08182
:10EED0002DE9F14F0D461946DDE90A4BDDE90CA697
:10EEE00081461746984600F045F890B1002D3460F1
:10EEF000377109DB2C44A24514BF01240624B471E8
:10EF0000002001B0BDE8F08F0235F9D10123B371C3
:10EF1000F6E7544506D15946484600F02BF808B1AB
:10EF20007771EDE7D9F808000368CDE90CA6CDE9C3
:10EF30000A4BDC693A4643462946A44601B0BDE87F
:10EF4000F04F60472DE9F04107460C4615461E4636
:10EF5000FFF703FC48B9B86803689F692A4633463F
:10EF60002146BC46BDE8F0416047BDE8F0817047EE
:10EF700000207047814208B50ED0406803782A2BE4
:10EF80000CD049680B782A2B08BF0131FCF7F0FE42
:10EF9000B0FA80F0400908BD0120FCE70020FAE744
:10EFA0000378472B17D143784E2B14D18378552BF8
:10EFB00011D1C378432B0ED10379432B0BD1437965
:10EFC0002B2B08D183792B2B05D1C07901288CBF3D
:10EFD0000020012070470020704710B5044648B15A
:10EFE00000F03BF82046FFF7DBFF18B154F8140C93
:10EFF000FFF706FFFFF710FF38B50246FFF7D0FF17
:10F00000044640B152F8184C0025104600F025F88F
:10F010001DB1FFF713FF0125F7E72046FFF701FFBA
:10F020000378472B17D143784E2B14D18378552B77
:10F0300011D1C378432B0ED10379432B0BD14379E4
:10F040002B2B08D183792B2B05D1C07901288CBFBC
:10F050000020012070470020704738B50446FFF7B4
:10F060004BFC056802462046A4F12001FFF7D8FFBB
:10F0700028B90DB1FFF7D0FE1160284638BD54F80D
:10F080000C3C002BB4BFC3F10103013344F80C3C2A
:10F0900053688D4203F1FF33536020461CBF44F890
:10F0A000105C1160656A00F049FBE6E72DE9F04766
:10F0B000089D0F4604468C46002B48D18A421646CE
:10F0C00061D9B2FA82F34BB1C3F1200201FA03FC19
:10F0D00020FA02F29E4042EA0C0C9C404FEA164E87
:10F0E000B7B2BCFBFEF1220C0EFB11CC42EA0C4283
:10F0F00001FB07F0904209D9B21801F1FF3C80F002
:10F10000EE80904240F2EB8002393244121AA4B2EF
:10F11000B2FBFEF00EFB102244EA024400FB07F7AC
:10F12000A74209D9341900F1FF3280F0DA80A742F2
:10F1300040F2D7803444023840EA0140E41B002109
:10F140001DB1DC400023C5E90043BDE8F0878B42D8
:10F1500006D90DB1C5E9000100210846BDE8F087D8
:10F16000B3FA83F1002948D1BB4202D3824200F2B4
:10F170000781841A67EB030201209446002DE4D036
:10F18000C5E9004CE1E7002A00F09280B2FA82F370
:10F19000002B40F0A8808A1A4FEA164E1FFA86FC10
:10F1A0000121200CB2FBFEF70EFB172240EA0242BF
:10F1B0000CFB07F0904207D9B21807F1FF3802D2D2
:10F1C000904200F2E2804746121AA4B2B2FBFEF06F
:10F1D0000EFB102244EA02440CFB00FCA44507D9B4
:10F1E000341900F1FF3202D2A44500F2CB80104660
:10F1F000A4EB0C0440EA0740A2E7C1F120068B40D3
:10F2000022FA06FC4CEA030C07FA01F420FA06F392
:10F21000F7404FEA1C49234300FA01F81FFA8CFE1D
:10F22000B7FBF9F01C0C09FB107744EA074400FB1C
:10F230000EF7A74202FA01F20AD91CEB040400F10E
:10F24000FF3A80F09B80A74240F2988002386444E5
:10F25000E41B9FB2B4FBF9F309FB134447EA0444EF
:10F2600003FB0EFEA64509D91CEB040403F1FF378E
:10F2700080F08280A6457FD9023B644443EA004087
:10F28000A4EB0E04A0FB02E7BC427346B94663D36D
:10F2900060D05DB1B8EB030264EB090404FA06F632
:10F2A00022FA01F31E43CC40C5E9006400214CE77B
:10F2B0006208480842EAC1710B0C43EA00438AB273
:10F2C00042EA0342B3FBF6F1E407B4463746B646DA
:10F2D0001F23B0FBF6F0D21B41EA004161E7614613
:10F2E00014E7104628E7C3F1200120FA01F29E40FE
:10F2F00027FA01F19F403A434FEA164E1FFA86FC67
:10F30000B1FBFEF70EFB1710110C41EA004107FBA1
:10F310000CF8884504FA03F43AD9711807F1FF3064
:10F3200001D288451FD8A1EB0801B1FBFEF808FB0C
:10F330000CF70EFB181192B242EA0142BA422FD2E8
:10F34000B21808F1FF31C6D2BA42C4D2A8F1020104
:10F350003244C0E7F0459CD2BEEB020367EB0C07DA
:10F360000138B94695E7A6EB08084144B81EB1FB41
:10F37000FEF808FB0CF7DCE73B467FE7504667E703
:10F380000846FBE63444023832E7023F32441BE7CA
:10F39000A1EB08013846B1FBFEF808FB0CF7C8E703
:10F3A000414698E703685A004CBF43F0004323F0FE
:10F3B00000431844704700BF2DE9F04759B301F1ED
:10F3C000FF380546164647464FF0000A0AEB07018C
:10F3D00001EBD171491005EBC1094846FFF7E2FF87
:10F3E00088454FEAC104034610D004F10800B34237
:10F3F000284407D8FFF7D6FF0138B04208D201F100
:10F40000010AE3E78A4506D04F1EDFE7B042F9D88C
:10F410004846BDE8F0874FF000094846BDE8F08750
:10F42000012806D0022802D028B9044870470448B1
:10F430007047044870470020704700BF15FB020862
:10F4400025FB02081DFB020830B5224B83B00446A1
:10F450008D1E43B301A92846AFF30080F0B1019996
:10F460002A46FFF7A9FF0146C0B1FFF79BFF4B6893
:10F47000A064012B2BD0002B01F1040025DBFFF74A
:10F4800091FF002323650368E064002B12DBFFF784
:10F4900089FF03460020236103B030BD002309200B
:10F4A000236103B030BD0C4B0C49C91AC910184672
:10F4B0000191D5E7C3F30360FFF7B2FF031E0CBF52
:10F4C00009200020236103B030BD0123DAE70023C7
:10F4D0000520E0E700000000CCFD0308EC0C040868
:10F4E0000368DA0710B5044606D49B0700F1500004
:10F4F00009D5FCF779FB2368590709D51A070ED5FA
:10F50000DB0613D510BDFCF767FB23685907F5D45C
:10F5100004F1D800FCF770FB23681A07F0D404F557
:10F52000AC70FCF771FB2368DB06EBD404F5EC70E0
:10F53000BDE81040FCF7ACBB0346006800B11844BE
:10F54000704700BF704700BF70B504460E46316C6F
:10F550002046FFF779FF054688B9326C626123695E
:10F5600032462146012098470828F0D0072806D1C6
:10F570002846316CFFF7E6FF301DFCF721FB00F059
:10F5800023FE00BF2DE9F04F0D1DD0F80C90D0F8F0
:10F5900018A0074614460FCDADF5777D0DF10C0C84
:10F5A000ACE80F000FCDACE80F000FCDACE80F00BA
:10F5B00095E80F0002AE4FF0000E8CE80F000DF53D
:10F5C000F878C6F800E021E0336C7B614FF4F47208
:10F5D0003146404602F03DF83B69424639465846BE
:10F5E0009847D8F83830B3642146CDE9006A05461B
:10F5F0003B4601203A46C847044618BB4FF4F47214
:10F600004146304602F025F8082D19D1316C3846B4
:10F61000FFF71AFF093405465FFA84FB0028D3D0B0
:10F62000B36BB3643A46CDE9006A3B464BF0100138
:10F630000120C84730B928460DF5777DBDE8F08F29
:10F64000072D05D0092528460DF5777DBDE8F08FFB
:10F650002046316CFFF776FF03A8FCF7B1FA00BF34
:10F66000F0B5CB6BFBB001F1040C0B640F46054603
:10F67000BCE80F0001AC0FC4BCE80F000FC4BCE82D
:10F680000F000FC49CE80F004FF0FF3E84E80F000E
:10F690006E46CDF800E006E02B69324629469847D1
:10F6A0000828044608D1316C2846FFF7CDFE002813
:10F6B000F2D009207BB0F0BD3046FFF711FF062CD9
:10F6C000F7D139462846FFF73FFF00BFC160D96B2D
:10F6D0008261196400221946FFF754BF70B5C668ED
:10F6E00043690B64AEB903690A4604460D460146F8
:10F6F00002209847072805D008280FD12946204620
:10F70000FFF722FF3046296CFFF71CFF281DFCF78E
:10F7100057FA0122FFF736FF00F056FD00F054FDC6
:10F72000C26808B532B1CA6B0A64BDE8084000225D
:10F73000FFF728BFFFF794FF092008BD704700BFFF
:10F74000052915D8DFE801F00A0314030305012099
:10F750007047009A436C13600020704743B90F2A2A
:10F7600006D800EB820200205368009A13607047AD
:10F770000220704700B585B00A46002303A9009116
:10F780001946FFF7DDFF039805B05DF804FB00BFE5
:10F79000052915D8DFE801F00A0314030305012049
:10F7A0007047009B1B6843640020704743B90F2AD1
:10F7B00006D8009B00EB82021B6853600020704754
:10F7C0000220704710B584B0002303AC039200946C
:10F7D0000A461946FFF7DCFF04B010BD2DE9F041E1
:10F7E000D36BADF5107D02F1040C136407460E4691
:10F7F000BCE80F000DF15C0EAEE80F00BCE80F0096
:10F80000AEE80F00BCE80F00AEE80F009CE80F0068
:10F8100016AC4FF0FF388EE80F006D46C4F800803C
:10F8200010E0FFF7CFFF31462046B8470346224697
:10F830000820294683B92B699847052880460DD0B2
:10F84000092809D0216C2846FFF7FEFD03460C214C
:10F850002A462046002BE4D04FF009082046FFF747
:10F860003FFE40460DF5107DBDE8F0812DE9F04FDB
:10F870001646CA6C89B00D4652F8041B069200F079
:10F88000030CE3B10C0C8DF81D400904E4B20591A2
:10F8900002EB840202218DF81C10296DBCF1020FCD
:10F8A00008BFAA6B11F001080FD005A9304600F07F
:10F8B000DFFA002839D1082009B0BDE8F08F09022D
:10F8C00005918DF81D300321E5E71768002FECD076
:10F8D00000F008010191E346CDF808809A46BAF19C
:10F8E000020F26D01788548802F10409AA6C24F06C
:10F8F00001030F21304603EB0208FFF73BFF804571
:10F9000015D827F0010202EB0803834294BF0023BD
:10F910000123640004F0020407F001072743012FCC
:10F920000BD0022F50D0002F45D00920C4E7002370
:10F93000EFE7546802F10809D8E7BBF1000F73D173
:10F94000CBB1D9F80430D9F80020991C4FEAD27213
:10F95000EBD005F158040133049400F0CC8009F198
:10F960000400FFF7E9FD04AB01462846FEF73CFF23
:10F97000002840F0978009F108021768002FAED1E7
:10F9800005A93046DDF8088000F072FA0028CCD1D5
:10F99000B8F1000F8FD00F213046FFF7EBFE0E219C
:10F9A00002463046FFF70EFF594A0F213046FFF757
:10F9B00009FF072080E7BBF1000F02D0002B40F0C9
:10F9C000878009F10402D8E7D9F8004024F0004804
:10F9D000BBF1000F0FD12BB1019B002B3CD0B8F134
:10F9E000000F39D0002C01DA09F1040908F10102F5
:10F9F00009EB8202C1E70D213046FFF7BBFE2F6AFB
:10FA00008742EFD1AB6A9945ECD100240423C5E9C4
:10FA10000B434B44C5F828806B63D9F80030A342F0
:10FA200070DB01230293E1E70D213046FFF7A2FED0
:10FA30002C6A84429FD1AB6A99459CD14846FFF716
:10FA4000B1FC0F2102463046FFF7BCFE2A460021DA
:10FA50003046FFF7B7FEACE705F15803CDF80CB020
:10FA600009F10407B34600241E460BE0384604960D
:10FA7000FFF762FD0022014604AB2846FEF7B4FE04
:10FA80000437F8B9444504F10104EFD10D2158467B
:10FA9000FFF770FE049BC5F828900246C5E90823CD
:10FAA000062009E704460D213046FFF763FE049E59
:10FAB0002862022C04BFEE6205F12C06C5E9096933
:10FAC0000620F9E65E46D9F80040DDF80CB089E77B
:10FAD0004846FFF767FC09F104030446AB63284678
:10FAE000FEF7D4FE00283FF420AF22460F21304617
:10FAF000FFF768FE5DE730460D21FFF73BFE264627
:10FB00002862DBE708F1010209EB820097E700BFFA
:10FB1000F9EF02080023FFF7A9BE00BF0123FFF79A
:10FB2000A5BE00BF0223FFF7A1BE00BF2DE9F04133
:10FB30000646C4B01446052908D8DFE801F016309F
:10FB40000773980B3A19102A40F2B780022044B08C
:10FB5000BDE8F081836B002CF8D153F8042B42648C
:10FB60008363002044B0BDE8F081002BEED1856BAB
:10FB70001FFA84FC012006F1040E00FA03F111EAD9
:10FB80000C0F2A4604D052F8041B4EF823101546D9
:10FB90000133102BF1D1A004E3D4B563E1E7012BCD
:10FBA0004FEA1447A4B2CDD0052BCFD107EB040800
:10FBB000B8F1200FCAD80F2F40F2BD80002CD0D052
:10FBC00002685107A04600F11B81019302AC204658
:10FBD000FCF716F8D6F838C0019B102F4FF0FF3213
:10FBE00039464FF0020E38BF102118FB0E2E04EBE1
:10FBF000C10184397246604650F8045B41F8045FE5
:10FC0000013A551CF8D10CF1040C012B0CEB8E02BF
:10FC100000F0D5800F2FB26340F2FA802046FBF748
:10FC2000EBFF9EE7032B91D1A7B207EB1443102BF8
:10FC30004FEA14448AD80368190700F1A38022AD63
:10FC40002846FCF703F87A00B06B05EBC404531E9A
:10FC500042B1011B625844F8042B013B5A1CF9D1F4
:10FC600000EBC700B0632846FBF7CEFF79E7002B17
:10FC70007FF46CAF102C3FF669AF0368D80679D4D7
:10FC800022AD2846FCF70EF8B76B294600234FF04B
:10FC9000010C0CFA03F22242384603F1010303D0AF
:10FCA00050F8042B0A600746042B01F10401F0D13F
:10FCB000B7632846FBF7ECFF53E7102F3FF446AF3E
:10FCC0000268D10708D5304622F0030240F8502BD5
:10FCD0000193FBF785FF019B019322AD2846FBF7BB
:10FCE0007FFFD6F838C0002C6BD0019B4FF0000886
:10FCF00002214FF0FF3214FB012E05EBC70104393E
:10FD00007246604650F8044B41F8044F013A541CC7
:10FD1000F8D10CF1040C0CEB8E0CB8F1000F39D1BA
:10FD2000012B4ED00F2FC6F838C03FF61AAF284629
:10FD3000FBF75AFF15E70268B8F1100F02F0010156
:10FD40002AD851B1304622F0010242F0020240F8B6
:10FD5000502B0193FBF74CFF019B019322AD2846EA
:10FD6000FBF746FF019B002CE1D0D6F838C04FF0DE
:10FD70000008BDE723F01003336006F5EC70FBF7D5
:10FD800091FF7DE723F00803036000F5AC70FBF7FB
:10FD90005DFF54E702AC20E7D1B9550726D422AD68
:10FDA00028460193FBF724FF02A8FBF729FFA8F1DF
:10FDB0001008D6F838C0019BC7F1100498E79446A4
:10FDC00022AD0CF10403B3632846FBF705FFC8E638
:10FDD00022F0010242F0020240F8502B0193FBF79F
:10FDE00007FF3268019B12F0040FD8D0304622F092
:10FDF000040240F8D82B0193FBF702FF019BCEE7EA
:10FE000022F0040240F8D82B0193FBF7F9FEDDE65F
:10FE100022A8FBF7E9FE01E7027A03467AB9427AA3
:10FE2000A2B14168013A10B44272086803220C1D65
:10FE30001A7202025C60000E10BC1A607047006803
:10FE4000013A1A7202021A60000E7047B020704721
:10FE500000B585B003AA0023009219460C22FFF7D3
:10FE60006FFC039805B05DF804FB00BFFFF7F0BF1F
:10FE70002DE9F043064685B00D4600272846FFF7DA
:10FE8000CBFFB028044600F0218103065ED500F0C8
:10FE9000F003A02B1DD033D8802B00F08780902B4F
:10FEA0002AD100F00D030D2B26D00DF108080023F8
:10FEB00000F00F021946CDF800803046FFF740FCF5
:10FEC0000023CDF800800D2219463046FFF760FC74
:10FED000D4E7C34303F007034FF47F621A410107DD
:10FEE00002F47F6201D542F4804200231946304675
:10FEF000FFF71CFE0028C1D0092005B0BDE8F08343
:10FF0000B02B68D0C02B3FD1C62800F0CC80C728CA
:10FF100000F0DF8000F0F803C02B00F0EC80C82870
:10FF200000F0F780C928E7D12846FFF775FF0203E4
:10FF300000F00F0002F4702201300243012105237A
:10FF40003046FFF7F3FD002898D0D5E78300DBB2F9
:10FF500003F104080DF1080900231946CDF80090BB
:10FF60000D223046FFF7ECFB029ACDF800906006B8
:10FF70004CBFA2EB080242440023029219460D2214
:10FF80003046FFF705FC79E700F0F803D02BB3D13A
:10FF900000F007020132052342F40022012130461D
:10FFA000FFF7C4FD00283FF469AFA5E72846FFF737
:10FFB00033FF24022043B0F5004F9DD004010023FD
:10FFC000A2B219463046FFF7B1FD002894D1C4F320
:10FFD000C030074352E7A0F1B103042B00F2B58013
:10FFE000DFE803F05729160C030003AA0023009250
:10FFF00019460D223046FFF7A3FB3FE700231A46C0
:020000040803EF
:1000000005213046FFF792FD00283FF437AF73E734
:100010002846FFF701FF020300F00F00013002F451
:1000200070220123024319463046FFF77FFD002866
:100030003FF424AF60E700230DF108090D221946B3
:10004000CDF800903046FFF77BFB2846FFF7E4FE33
:100050000206029C4FF002080CD500F07F0000FA67
:1000600008F0044428460294FFF7D6FE030608F180
:100070000708F2D400FA08F004F5017420440023C4
:100080000290CDF800900D2219463046FFF780FB14
:10009000F4E62846FFF7C0FE431EDBB20E2B0246F5
:1000A0007FF623AF28E72846FFF7B6FE020300F0ED
:1000B0000F00013002F47022032302431946304638
:1000C000FFF734FD00283FF4D9AE15E76FB30020E9
:1000D00013E72846FFF7A0FE431EDBB20E2B0246B5
:1000E0003FF60AAF002304213046FFF71FFD00282A
:1000F0003FF4C4AE00E700F00F020132032342F4E4
:10010000202219463046FFF711FD00283FF4B6AE15
:10011000F2E62846FFF780FE00F0F00200F00F0341
:100120001032013343EA023208E702AC3B4639465B
:1001300000940E223046FFF703FB0F2200943B464B
:1001400039463046FFF724FBC1E700F0FC03B42B2F
:100150003FF4D2AE00F007020132012342F4002244
:1001600019463046FFF7E2FC00283FF487AEC3E6AD
:1001700010B5C26C536884B04FF0030C08321C02F7
:1001800008461B0E01A9019402928DF80CC08DF84F
:100190000D30FFF76DFE04B010BD00BF08B5FFF7CE
:1001A00065FE806C08BD00BF08B5FFF75FFEC06C40
:1001B000C37900EB8300083008BD00BF08B500F02C
:1001C00003F808B5FFF7FAFF08B5062001F054F967
:1001D0000120FAF70AFA002100F06EBE0A2200217F
:1001E00000F0F0BE0A22002100F0ECBE38B5104B42
:1001F0001D682A6B0446B2B9182001F0E5FD0246DD
:10020000286320B90B4B0C48462101F039FA0B4901
:100210000B4BC0E900130B4B83600B238381002140
:100220000120C2E9040100231461536138BD00BFFD
:10023000C80200202CEF030843EF03080E33CDABB8
:1002400034126DE6ECDE0500164B10B51C68226B0F
:10025000B2B9182001F0B8FD0246206320B9124B54
:100260001248522101F00CFA1149124BC0E9001357
:10027000114B83600B23838100210120C2E904011B
:1002800013690E4854690E49584301FB0400A3FB4F
:100290000131013340EB0100C2E9043020F000409D
:1002A00010BD00BFC80200202CEF030843EF030875
:1002B0000E33CDAB34126DE6ECDE05002DF4515853
:1002C0002D7F954C70B504460D4645EC104B1646F7
:1002D00002F0BCF951EC100B7EB1C5F30A53C3F127
:1002E0006B03002B09DD1B0503F17F55002405F589
:1002F000401522462B46FBF741F941EC100B70BD2F
:100300002DE9F04F9DB00E461592002204901892F0
:100310004FF000084FF0000917910A782B2A0D467C
:1003200001F101011DD00BD80D2A06D8082AF3D8F7
:100330007AB100230B939A4683E0202AECD0F8E7A9
:100340002D2A10D10122691C17910B926A78002A7C
:1003500037D1159B1796002B40F0958542464B46AA
:100360002AE00022EFE700210B91302A40F09B8029
:100370006A7802F0DF02582A5AD102930B9B01934C
:1003800018AB0093814A049819AB17A901F048FAF9
:1003900010F00F06044605D0062E14D101350023B7
:1003A00017950B93159B002B40F06F850B9B002B33
:1003B000D4D0424609F1004343EC102B1DB0BDE8F8
:1003C000F08F0D46D1E7189A3AB135211AA802F0FC
:1003D00037FA1899049801F0FDFD013E042E06D865
:1003E000DFE806F014031E211400DDE91A89E00598
:1003F00048BF49F0004929F000431B0D1B05002BA5
:10040000D0D101F0F9F822230360CBE7DDE91A83AC
:10041000199A23F4801302F2334243EA0259E6E7C1
:10042000DFF87091E3E76FF000494FF0FF38DEE747
:10043000013517952B78302BFAD0002BB2D04FF026
:10044000010A00272B460E97BB460A21184613F8CF
:10045000014BA4F13002092A28D94D49012200F0AC
:1004600062FF002834D00020CDE9060022465C4619
:10047000652A01D0452A14D124B95AEA00033FF471
:1004800068AF0024179E731C179372782B2A73D0C1
:100490002D2A77D04FF0000CA2F13003092B7FD921
:1004A000179600239EE04FF0000ACAE7BBF1080F41
:1004B000D8BF0E9A1793DBBF01FB0242303A01FB13
:1004C00007420E92C8BFA2F130070BF1010BBDE746
:1004D000179B5A1C17925A78BBF1000F34D0069024
:1004E0005C46A2F13003092B12D901230793BFE721
:1004F000179B5A1C17925A780130302AF8D0A2F173
:100500003103082B00F2C6840690179D0020044694
:10051000303A00F1010311D006991944069123469F
:1005200020440A21834203F101040FD1082B18DC77
:100530000E990A2303FB01230E930023179A511CE3
:10054000179152781846CCE75846D6E7082B04DCBA
:100550000E9C4C430E940133E4E7102CD8BF4F435C
:10056000F9E70F2BDCBF0A2303FB0727E5E7002190
:100570000123CDE9061380E74FF0000CB31C17935D
:10058000B27889E74FF0010CF8E700BF5CF103088F
:100590009CEF03080000F07F179B5A1C17925A78B3
:1005A000302AF9D0A2F13103082B3FF67AAF179B1E
:1005B0000593A2F1300E013317931A78A2F130019E
:1005C00009293CD905995B1A082B44F61F633CDCCA
:1005D0009E457146A8BF19460591BCF1000F02D097
:1005E000059B5B420593002C50D15AEA00007FF432
:1005F000D9AE079B002B7FF4ACAE692A29D026DC4C
:10060000492A26D04E2A7FF4A4AEA14917A801F0AA
:1006100029FB00283FF49DAE179B1B78282B2FD178
:100620009C491AAA17A801F031FB052828D11B9B69
:10063000DDF8688043F0FF4949F4E009B2E60A2199
:1006400001FB0E22A2F1300EB5E70593C5E76E2A35
:10065000D9E7914917A801F005FB00283FF479AECE
:10066000179B8E49013B17A8179301F0FBFA10B9AD
:10067000179B01331793DFF834924FF0000891E68F
:10068000874800F0F5FF59EC108B8BE6DDE9053269
:100690000E989B1ABBF1000F08BFA346102C0A93BB
:1006A000A246A8BF4FF0100AFAF7EEFE092C8046CA
:1006B000894613DC0A9B002B3FF474AE0A9B73DD62
:1006C000162B5ADC774901EBC301D1E90001424600
:1006D0004B46FAF753FF8046894663E6714B03EBBE
:1006E000CA0353E91223FAF749FF80463846894680
:1006F000FAF7CAFE02460B4640464946FAF788FD1D
:100700000F2C80468946D5DD0A9BA4EB0A0A9A4441
:10071000BAF1000F40F397802AF00F061AF00F0A83
:1007200051D1B6F59A7F5EDC0023DFF87CA136114B
:10073000404649461F46012E79D10BB18046894675
:100740005949A9F1547901EBC70142464B46D1E919
:100750000001FAF713FF554B0A460B4054498B42F0
:10076000804640D8A1F580118B4286BFDFF84491C6
:100770004FF0FF3802F1547932E00A9AC4F12503B0
:100780009342C1DB474DC4F10F0405EBC40142465F
:100790004B46D1E90001FAF7F1FE0A9B1C1B05EB61
:1007A000C405D5E9002394E71633ADDBDDE9052365
:1007B0009A1A3C4B03EBC203D3E900234046494657
:1007C000FBF706F887E7374901EBCA0142464B467B
:1007D000D1E90001FAF7D2FE80468946002EA0D169
:1007E00000230793A0E0002405940E940694049A35
:1007F000DFF8B890222313604FF000080E9B002B07
:100800003FF4D0AD1899049801F0E4FB06990498E0
:1008100001F0E0FBDDE9040101F0DCFB0E99049836
:1008200001F0D8FB0498214601F0D4FBBAE5F207A9
:1008300004D5DAE90023FAF7A1FE01230137761087
:100840000AF1080A77E7CBD0CAF1000A4FEA2A1664
:100850001AF00F0A0DD11F2E2EDD002405940E94E0
:100860000694049A22234FF000084FF00009136009
:10087000C4E70C4B03EBCA0340464946D3E90023C7
:10088000FAF7A6FF80468946002EA9D0E3E700BF0D
:10089000A7EF030848F103089EEF0308A1EF030840
:1008A00048F00308D0F20308A8F203080000F07F24
:1008B0000000A07CFFFFEF7F16F0100318BF6A2333
:1008C000764F0793404649460023F20704D5D7E9FF
:1008D0000023FAF753FE0123761007F10807F4D13D
:1008E0000BB180468946079BB3B1C9F30A52C2F1E6
:1008F0006B03002B49460FDD1F2B57DD342BDEBF6A
:100900004FF0FF33C2F14B0293404FF00008CCBFD1
:100910004FF05C7903EA0109002200234046494672
:10092000FBF794F8002898D10E9B00930498234677
:100930005A46294601F0B6FB0E9000283FF453AF0B
:10094000DDE905239B1A0A9A002AA8BF0023129307
:10095000002422EAE273149305940E9B04985968CC
:1009600001F0FAFA069000283FF441AF0E9B1A6995
:10097000023203F10C0192000C3000F06AFE49ECE7
:10098000108B04981AAA19A9CDE90C8901F0CEFEA2
:10099000189000283FF42BAF0498012101F018FCB7
:1009A0000590034648B90023059320E74FF0FF3236
:1009B00002FA03F303EA0808AEE7199D1A9A002D1C
:1009C000ABBF129B149B149E129FACBFEF185E1B13
:1009D000079BED1A1544324B013D9D42C2F1360290
:1009E0004FDA5B1B1F2BA2EB03024FF001013CDC33
:1009F00001FA03FA4FF0000BBD18079BAF421644F3
:100A00001E443B46A8BF2B46B342A8BF3346002B2B
:100A1000C2BFED1AF61AFF1A129B002B16DDDDE994
:100A200004011A4601F094FC05900028BBD0014651
:100A3000189A049801F0E2FB0F9000283FF4D7AE1B
:100A40001899049801F0C6FA0F9B1893002D1BDC2F
:100A50000A9B002B26DD149A0699049801F078FC75
:100A60000690F8B900230693C1E6C5F17F4505F568
:100A70007F0505F57B45E23501FA05FB4FF0010ADC
:100A8000BAE74FF0000BF9E7189904982A4601F0ED
:100A9000BBFC18900028DBD1A9E600BF70F1030869
:100AA00002FCFFFF002E07DD06990498324601F094
:100AB000ABFC06900028D5D0002F08DDDDE904014D
:100AC0003A4601F0A1FC059000283FF490AE069A4A
:100AD0001899049801F022FD044600283FF487AEDF
:100AE000C3680F9300230599C36001F0FBFC002845
:100AF0003CDA0F9B53EA08035ED1C9F313034D465A
:100B0000002B59D129F000431B0D1B05B3F1D66F03
:100B100052D9636913B92369012B4DDD21460122A6
:100B2000049801F071FC0599044601F0DBFC0028F3
:100B300042DDAD4B079A2B40002A5FD0B3F1D66F50
:100B40005CD8B3F15C7F7FF68CAEA84B404649463B
:100B50000022FAF713FDA44B0B4080468946002B78
:100B60007FF450AE049A222313604BE64D4662D1C7
:100B70000F9AC9F3130342B39D4A934228D1079BAE
:100B80004146EBB1984B2B40B3F1D46F4FF0FF329D
:100B900019D81B0DC3F16B0302FA03F3994217D165
:100BA000944B9D4202D101313FF421AE8E4B2B403C
:100BB00003F580194FF00008079B002BC5D121E6F3
:100BC0004FF0FF33EAE71346E8E753EA0803B0D0F3
:100BD000BBF1000F1BD01BEA050FEDD00F9B079A4E
:100BE00040464946B3B1FFF76DFBDDE90C0153EC1C
:100BF000102BFAF70DFB80468946DDE7A3F580133D
:100C00006FEA13596FEA09594FF0FF38D4E71AEA2F
:100C1000080FE2E7FFF756FBDDE90C0153EC102B60
:100C2000FAF7F4FA0022002380468946FAF70EFF0D
:100C30000028C1D015E60599204601F0CFFD57ECFC
:100C4000106B00224FF0804330463946FAF712FF0E
:100C5000002870D00F9B002B7BD1B8F1000F56D12C
:100C6000C9F31303002B58D1634B00223046394699
:100C7000FAF7F6FE002859D1604B0022304639467B
:100C8000FAF77CFC82468B460BF10043CDF820A09E
:100C90000993554B544A2B401393594B2A409A427F
:100CA000DDE9086740F0B080A5F1547949EC108B7C
:100CB00001F0CCFCDDE9082351EC100BFAF75EFCE7
:100CC00042464B46FAF7A4FA474D4E4A0D4095422C
:100CD000804645D90D9A474B9A4203D10C9B01336C
:100CE0003FF485ADDFF80C914FF0FF381899049868
:100CF00001F070F90699049801F06CF9DDE904013E
:100D000001F068F90498214601F064F925E6B8F18C
:100D1000010F02D1002D3FF4A4AD9FED2B7BDFF836
:100D2000D8B08DED087B4FF0000AB2E7DFF8CCB009
:100D30004FF0000AA8E7314B002230463946FAF757
:100D40001DFC0F9B82468B46002B9DD0CDE908AB46
:100D50009FE79FED1F7B8DED087B5BEC17AB98E762
:100D600001F15479079B002BC0D129F00043139A5D
:100D70001B0D1B059A42B9D15046594602F020FC82
:100D8000FAF7CEFB02460B4650465946FAF73EFAB2
:100D90000F9AC9F3130343EA0803134306460F46A9
:100DA0006BD00DA3D3E90023FAF75AFE00287FF495
:100DB00029AD0BA3D3E9002330463946FAF76EFE7E
:100DC000002893D01EE500BF000000000000F0BF27
:100DD000000000000000F03F9535A094FFFFDF3FCA
:100DE00035E5AF350000E03F0000F07F00005039EE
:100DF000FFFF0F00FFFFEF7F0000F03F0000E03F2C
:100E00000000E07FFFFF9F7C079B13B3139BB3F1B0
:100E1000D46F1ED824A3D3E9002350465946FAF7CD
:100E200029FE90B159465046FAF742FE012838BFD4
:100E30000120FAF729FB0F9B82468B46D3B901F1BB
:100E4000004310901193DDE91067139A07F1D66300
:100E50009F1A9DED0C0B01F0F9FB304653EC102B63
:100E60003946FAF78BFBDDE90C23FAF7D1F9804616
:100E7000894677E7CDE910ABE5E70DA3D3E9002379
:100E8000FAF7EEFD9CE700230B93159A179B13606E
:100E9000FFF78CBA652A3FF46AAB452A3FF467AB8B
:100EA00001230793FFF7A1BB0000C0FFFFFFDF4155
:100EB0009535A094FFFFCF3F0A4601460248034BF9
:100EC0000068FFF71DBA00BFC80200205C010020C7
:100ED000242B2DE9F0478646904601D8012B06D1F8
:100EE00000F08AFB162303600020BDE8F087344839
:100EF0000D462A4615F8014B065D16F00806F8D196
:100F00002D2C10D12C780126951C33F0100215D110
:100F1000302C0DD12A7802F0DF02582A08D16C78E3
:100F2000023510230AE02B2C04BF2C78951CECE72B
:100F3000002BF6D1302C14BF0A23082306F1004CF5
:100F40000CF1FF3C0022BCFBF3F9104603FB19CA6D
:100F5000A4F13007092F0FD83C46A3421BDD571CD4
:100F600007D0814514D301D1A24511DB00FB03401A
:100F7000012215F8014BEBE7A4F14107192F01D825
:100F8000373CEAE7A4F16107192F04D8573CE4E79E
:100F90004FF0FF32EDE7531C08D12223CEF800308A
:100FA0006046B8F1000FA0D0691E06E006B14042CD
:100FB000B8F1000F99D0002AF6D1C8F8001094E7D4
:100FC00099F1030813460A46014602480068FFF7F4
:100FD0007FBF00BFC802002010B504460448134676
:100FE00020B10A4602202146AFF3008010BD00BFA9
:100FF00000000000034B1B5C03F00303012B08BF40
:101000002030704799F10308002310B50446C0E969
:101010000033C0E90433836081814366C281836108
:10102000194608225C3000F069F90D4B63620D4BE4
:10103000A3620D4BE3620D4B23630D4B24629C4274
:1010400006D003F16802944202D0D0339C4205D10D
:1010500004F15800BDE8104000F0F8BA10BD00BF20
:10106000FD1103081F120308571203087D1203081D
:10107000B4A40120024A0349034800F06BB800BF42
:1010800050010020BD2F0308CC02002041680C4B0A
:10109000994210B5044601D001F090FFA168094BB8
:1010A000994202D0204601F089FFE168064B99423F
:1010B00004D02046BDE8104001F080BF10BD00BF45
:1010C000B4A401201CA5012084A501200C4B0D4ACD
:1010D0000D4810B504211A600022FFF795FF0A4B56
:1010E00001221C46092103F16800FFF78DFF04F17E
:1010F000D0000222BDE810401221FFF785BF00BFDB
:10110000ECA5012075100308B4A40120014800F0EB
:101110009EBA00BFF5A50120014800F099BA00BFB2
:10112000F5A5012010B50446FFF7F0FF236A1BB1B7
:10113000BDE81040FFF7F0BF044B2362044B1B686F
:10114000002BF5D1FFF7C2FFF2E700BF8D100308B7
:10115000ECA501202DE9F8430746884614460026F1
:10116000D4E90195B9F1010905D52468002CF7D11E
:101170003046BDE8F883AB89012B07D9B5F90E30AD
:10118000013303D029463846C04706436835E9E7AE
:101190000CB430B5184B0C1E1D689DB008DA8B23BB
:1011A0002B604FF0FF301DB0BDE8304002B07047FB
:1011B0004FF40273ADF814304FF000031B9314BFCB
:1011C00004F1FF332346049307934FF6FF73029015
:1011D0000690ADF81630209A21AB02A9284601935B
:1011E00001F0E0FB431CBCBF8B232B60002CDAD04A
:1011F000029B00221A70D6E7C802002010B50C46E8
:10120000B1F90E1000F0C0F90028ABBF636DA389DF
:101210001B1823F48053ACBF6365A38110BD2DE977
:10122000F0411F468B89DB0505460C46164605D561
:10123000B1F90E100223002200F094F9A389B4F949
:101240000E1023F48053A38132463B462846BDE866
:10125000F04100F0BFB910B50C46B1F90E1000F026
:1012600081F9B4F90C30421C0BBF23F4805343F4D2
:101270008053A381A38118BF606510BDB1F90E1022
:1012800000F002B930B51446002C9BB005461A4652
:1012900005DA8B2303604FF0FF301BB030BD4FF4F5
:1012A0000273ADF80C304FF00003199314BF04F132
:1012B000FF332346029305934FF6FF730091049189
:1012C000ADF80E3069461E9B01F06CFB431CBCBFA1
:1012D0008B232B60002CE0D0009B00221A70DCE7EF
:1012E00007B5009313460A46014603480068FFF716
:1012F000C9FF03B05DF804FBC802002002440346A6
:10130000934200D1704703F8011BF9E7C9B20346C5
:10131000184613F8012B12B18A42F9D170470029FF
:1013200018BF0020704710B56AB10139841810F851
:10133000012B11F8013F9A4203D1A04201D0002AAB
:10134000F5D1D01A10BD1046FCE710B5013903469F
:1013500032B111F8014F03F8014B013A002CF7D1DB
:101360001A440021934200D110BD03F8011BF9E794
:10137000164B70B51E68726C04460D46F2B95020CB
:1013800000F022FD0246706420B9114B11485B2128
:1013900000F076F90023C0E90033C0E90233C0E968
:1013A0000433C0E90A33C0E90C33C0E90E33C0E9A5
:1013B0001033C0E912338361037743622946204624
:1013C0000123BDE8704000F007B800BFC80200204C
:1013D0002CEF0308AAEF0308F0B5044608B9146817
:1013E00044B1204614F8015B0F4617F8016B1EB993
:1013F00065B91560002005E0B542F6D1002BF0D1AB
:1014000014600370F0BD1C460CE01DB9274614F8AB
:10141000013B0E4616F8015BAB42F6D1002BF2D031
:1014200000233B701460EDE71F2938B505460C46D4
:1014300004D9162303604FF0FF3038BDC26B12B1E0
:1014400052F821304BB9284600F0C2F82246014636
:101450002846BDE8384000F0A9B8012B0AD0591C35
:1014600003D1162303600120E7E7002142F824108E
:10147000204698470020E0E7024B01461868FFF736
:10148000D3BF00BFC802002038B5064D0023044674
:1014900008462B60F9F7CDF8431C02D12B6803B145
:1014A000236038BDF0A501202D4B1B68834270B529
:1014B000044653D0C3691BB3DB6863B10025E369FD
:1014C000DB685959B1B90435802DF8D1E36920465C
:1014D000D96800F0F3F8E369196811B1204600F00B
:1014E000EDF8E3699D685DB1294620462D6800F05E
:1014F000E5F8F8E70E68204600F0E0F83146E1E74D
:10150000616911B1204600F0D9F8E16911B12046B6
:1015100000F0D4F8216B11B1204600F0CFF8616BD8
:1015200011B1204600F0CAF8A16B11B1204600F0BD
:10153000C5F8A16C11B1204600F0C0F8616C11B182
:10154000204600F0BBF8E16A11B1204600F0B6F881
:10155000236A1BB12046BDE87040184770BD00BF2C
:10156000C802002038B5074D04460846114600223F
:101570002A601A46F9F767F8431C02D12B6803B1B9
:10158000236038BDF0A5012038B5074D0446084654
:10159000114600222A601A46F9F72DF8431C02D1A1
:1015A0002B6803B1236038BDF0A5012038B5074D85
:1015B00000230446084611462B60F9F70EF8431C39
:1015C00002D12B6803B1236038BD00BFF0A5012014
:1015D000F9F701B838B5074D044608461146002210
:1015E0002A601A46F9F717F8431C02D12B6803B199
:1015F000236038BDF0A50120014B1868704700BF7B
:10160000C802002070B50D4B0D4D5B1B9C100026D1
:10161000A64209D102F00AF80A4D0B4B5B1B9C1045
:101620000026A64205D170BD55F8043B9847013607
:10163000EEE755F8043B98470136F2E7EC0C040856
:10164000EC0C0408EC0C0408000D0408704770470B
:1016500070470A44914200F1FF3300D1704710B542
:1016600011F8014B03F8014F9142F9D110BD000070
:101670009FED010B704700BF000000000000F87FE5
:101680001FB514461A46094B1B680546D8684CB16D
:10169000074B0091CDE9013406492B4601F0B6FC19
:1016A000FEF792FD044B1C46F3E700BFC802002082
:1016B0000DF003081AF0030848F0030838B5054692
:1016C000002941D051F8043C0C1F002BB8BFE4188E
:1016D00000F036FC1D4A136833B963601460284675
:1016E000BDE8384000F032BCA34208D92068211878
:1016F0008B4201BF19685B6809182160EDE71A4643
:101700005B680BB1A342FAD911685018A0420BD103
:1017100020680144501883421160E0D118685B686A
:10172000536008441060DAE702D90C232B60D6E737
:10173000206821188B4204BF19685B68636004BF8E
:10174000091821605460CAE738BD00BFFCA501201C
:101750000369B3EB611F2DE9F0434FEA611200F119
:10176000140445DD11F01F0104EB830604EB820530
:101770000CD100F110072946B14234D39B1A9B00CB
:10178000EA1E964238BF0023234415E054F8227025
:10179000C1F12008CF4005F1040EA1467645F4467C
:1017A00015D89A1A9200043A0135AE4238BF002289
:1017B000A318A75007B104331A1BA3424FEAA20291
:1017C00008BF0023026108BF4361BDE8F083DCF875
:1017D00000C00CFA08FC4CEA070749F8047B5EF8E5
:1017E000047BCF40DAE751F804CB47F804CFC3E7D6
:1017F0002346E1E7A0F13003092B02D82038C0B21C
:101800007047A0F16103052B01D84738F7E7A0F135
:101810004103052B01D82738F1E70020704700006D
:101820002DE9F04F85B08A4602930B6801909046EF
:101830009C1CA14614F8010B3028FAD0A9EB030335
:10184000A3F1020BFFF7D6FF0546002868D1A04997
:1018500001224846FFF767FD0746002867D199F83F
:1018600001002646FFF7C6FF002862D023461878FD
:101870003028994603F10103F9D0FFF7BBFFB0FA16
:1018800080F56D094FF0010B4A461646013230785B
:10189000FFF7B0FF0028F8D18D4901223046FFF74D
:1018A00042FD00283FD144B9741C2246164601323D
:1018B0003078FFF79FFF0028F8D1A41BA7003378EA
:1018C00003F0DF03502B3ED173782B2B33D02D2B1D
:1018D00034D0711C00240878FFF78CFF431EDBB264
:1018E000182B30D8A0F1100211F8010FFFF782FF7A
:1018F00000F1FF3C5FFA8CFCBCF1180F4FF00A03BB
:101900001ED904B152421744CAF80010EDB1BBF120
:10191000000F0CBF06250025284605B0BDE8F08F56
:1019200000252C46B0E7002CC7D12746C7E74E4616
:101930002F460125C3E70024B11CCCE70124FBE7B7
:1019400003FB0200CEE73146DEE7A6EB0903013BCD
:101950002946072B0ADC019800F0FEFA044640B93C
:101960005C4B0246E4215C48FFF78AFE01315B10C4
:10197000EFE700F1140A002355469B46B14537D3E3
:1019800045F804BBA5EB0A05AD102561584600F0EB
:10199000D3FB6D01D8F800602D1AB54254DDAD1BA4
:1019A0002946204600F06FFF814678B16B1E591121
:1019B00003F01F025AF821104FF0010909FA02F250
:1019C0000A4203D04B4536DC4FF002092946204637
:1019D000FFF7BEFE2F44D8F80830BB4242DA019828
:1019E000214600F0F7FA0E9A00231360A32593E72F
:1019F00016F8012D2E2A12D0202B04D145F804BB55
:101A00004FF0000B5B4630780393FFF7F3FE039B28
:101A100000F00F0098404BEA000B0433AEE7B145ED
:101A2000EAD82B49039301223046FFF77CFC039B45
:101A30000028E1D1A2E7A91E204600F024FF0028DB
:101A4000C2D04FF00309C1E709DA751B214601989E
:101A50002A4600F0D9FC7F1B044600F1140A4FF01F
:101A60000009B8E7D8F80450BD426FDDED1BAE4267
:101A700034DCD8F80C30022B22D0032B24D0012BDD
:101A800015D1AE4213D1012E0BD1029AD8F80430F1
:101A9000136001232361CAF800300E9B62251C608D
:101AA0003AE7711E204600F0EEFE0028EDD10198C5
:101AB000214600F08FFA0E9A0023136050252BE781
:101AC0000F9B002BF3D1E0E70F9B002BDDD1EEE75E
:101AD0009CEF030849F003085AF003086F1EB9F1A0
:101AE000000F30D127B13946204600F0CCFE8146A8
:101AF0007A1101235AF8222007F01F07BB40134236
:101B00002946204618BF49F00209FFF721FED8F800
:101B10000470761B0225B9F1000F47D0D8F80C30BD
:101B2000022B15D0032B17D0012B09D119F0020F6E
:101B300006D0DAF8003049EA030919F0010F0ED196
:101B400045F0100532E04FF00109D1E70125E2E749
:101B50000F9BC3F101030F930F9B002BF0D0D4F820
:101B600010B004F114034FEA8B0A03EB8B014FF022
:101B7000000C184653F8042BB2F1FF3F1BD0013282
:101B80000260022D04F114033CD1D8F80020013A80
:101B9000B24209D17111012253F8213006F01F061B
:101BA00002FA06F61E423AD145F020050E9B1C6053
:101BB000029B1F60B0E6994243F804CCD9D8A368D1
:101BC0009B4517DB61680198013100F0C5F981463A
:101BD00018B91A4B02468421C5E62269023204F183
:101BE0000C0192000C30FFF734FD2146019800F003
:101BF000F1F94C4623695A1C04EB8303226101224C
:101C00005A61BEE722695A450BDD01212046FFF7E4
:101C10009FFDD8F808300137BB42FFF6E0AE012542
:101C2000C2E716F01F06FAD05344C6F1200653F857
:101C3000040C00F081FAB042E7DBF0E749F003085A
:101C4000C2F10802920070B5C2F120064368046830
:101C500003FA06F52C43D340046040F8043F884261
:101C6000F4D370BD30B50368013311F8014B14B9DA
:101C70000360012030BD13F8012BA2F14105192D9D
:101C800098BF2032A242F0D00020F3E72DE9F04FB8
:101C90000B6801685E1102EB860613F01F0387B024
:101CA00018BF04360025371F82469046019346F838
:101CB000045CB9463C460295AB464A784B1C0393FC
:101CC00042B3104605910492FFF794FD002853D1CA
:101CD000049A0599202A18D8029B9B4513DD4C4590
:101CE00006D2072D04DC2A4649462046FFF7A8FF06
:101CF000444554D90023A4F1040944F8043CCDF828
:101D000008B04C461D460399D7E7292A59D102311C
:101D1000CAF80010BBF1000F53D04C4506D2072D76
:101D200004DC2A4649462046FFF78AFF444538D955
:101D3000A8F10402234653F8041B42F8041F9F42F3
:101D4000F9D23B1B23F003030134033EB44288BFA6
:101D5000002308F10402134400211A4604339F4271
:101D60001160FAD23B681BB9474528D101233B607B
:101D7000052007B0BDE8F08F0135082D0BF1010BF0
:101D800006DD4445BFD9002344F8043C0125043C4A
:101D9000226800F00F0040EA02102060B3E7082537
:101DA000B1E7019B002BDDD0C3F120034FF0FF32E0
:101DB000DA4056F8043C134046F8043CD2E7043FAE
:101DC000D0E70420D5E70000024B0146186800F078
:101DD00025B800BFC802002070B50F4E0C46316810
:101DE000054611B901F03EF930602146284601F060
:101DF00039F9431C03D14FF0FF34204670BDC41C99
:101E000024F00304A042F8D0211A284601F02AF950
:101E10000130F2D1EFE700BFF8A501202DE9F8432A
:101E2000CD1C25F0030508350C2D38BF0C25002DE1
:101E3000064601DBA94204D90C2333600020BDE82B
:101E4000F883DFF8D48000F07BF8D8F800301C4627
:101E500044BB29463046FFF7BFFF431C044658D118
:101E6000D8F800402746002F43D1002C4BD02368E0
:101E70003946304604EB030901F0F4F8814542D1BC
:101E800021686D1A29463046FFF7A6FF01303AD087
:101E900023682B442360D8F800305A6862BBC8F826
:101EA00000700FE02268521B20D40B2A17D9611949
:101EB000A342256018BF5960636808BFC8F80010C6
:101EC00062514B60304600F041F804F10B00231DD5
:101ED00020F00700C21A1CBF1B1AA350AFE76268AC
:101EE000A3420CBFC8F800205A60EBE723466468A1
:101EF000AEE73C467F68B6E71A465B68A342FBD173
:101F000000235360DEE70C233360304600F01EF8F8
:101F100094E70560D6E700BFFCA5012082B001B9B7
:101F200001A942B14BB113780B601278101E18BF93
:101F3000012002B070471046FBE76FF00100F8E7A0
:101F40000148FFF784BB00BFF4A501200148FFF75B
:101F50007FBB00BFF4A5012070B5C46905460E46DD
:101F600084B91020FFF730FF0446E86128B9024623
:101F7000164B17486B21FFF783FB0023C0E90133A1
:101F80000360C360E36853B921220421284601F0AD
:101F900079F8EB69E060DB680BB9002070BD53F89D
:101FA000260030B1026843F826200023C0E903333D
:101FB000F4E7012101FA06F4621D9200284601F0BF
:101FC00061F80028E9D0C0E90164EEE72CEF0308CE
:101FD000BBF0030870B5C66905460C4676B91020FB
:101FE000FFF7F2FE0246E86120B9094B09488F214C
:101FF000FFF746FBC0E901660660C6603CB1EB69CD
:102000006268DB6853F82210216043F8224070BDFB
:102010002CEF0308BBF003082DE9F0410D690746DA
:102020000C461E4601F1140C0020DCF8003099B279
:1020300002FB01611E0C0B0C02FB063389B201305E
:1020400001EB034185424CF8041B4FEA1346ECDCDC
:102050000EB3A368AB4219DC616838460131FFF763
:102060007BFF804628B902460C4B0D48BA21FFF78A
:1020700007FB2269023204F10C0192000C30FFF7D9
:10208000E8FA21463846FFF7A5FF444604EB8503EE
:1020900001355E6125612046BDE8F08149F0030805
:1020A000BBF003082DE9F8430C4615461F460922EC
:1020B0000833064693FBF2F3002101229A4209DB22
:1020C0003046FFF749FF40B90246194B1948D32162
:1020D000FFF7D6FA52000131F0E7089B4361092D62
:1020E0004FF00103036116DD04F10908C1462C44D9
:1020F00019F8013B0146303B0A223046FFF78CFFBE
:10210000A145F5D1A844A8F108042D1B63199F42ED
:1021100004DCBDE8F8830A340925F6E714F8013B2E
:102120000146303B0A223046FFF776FFEEE700BF5C
:1021300049F00308BBF00308B0F5803F034636BF03
:10214000030400201020B3F1807F3CBF1B02083045
:10215000B3F1805F3CBF1B010430B3F1804F3CBF43
:102160009B000230002B05DB13F0804F00F10100D3
:1021700008BF202070470368024613F007000BD009
:10218000D90721D4980749BF5B089B080120136039
:102190005CBF13600220704799B209B91B0C102074
:1021A000D9B209B908301B0A190704BF1B0904304A
:1021B000990704BF9B080230D90703D45B0800F1DC
:1021C000010003D013607047002070472020704743
:1021D00010B50C460121FFF7BFFE024628B9054B9A
:1021E000054840F24511FFF74BFA012344610361B2
:1021F00010BD00BF49F00308BBF003082DE9F04F04
:10220000D1F81090D2F810A0D14585B08846144678
:1022100004DB53460C46CA4690469946A36861685B
:102220000AEB0906B342B8BF0131FFF795FE30B99A
:102230000246454B45484FF4B171FFF721FA00F1D2
:10224000140505EB86072B460022BB421FD304F181
:10225000140C08F114010CEB8A0301EB89020292C1
:102260001A1B153A22F0030215349C4288BF002243
:102270000192029A03918A420CD8002E03DD57F88E
:10228000043D002B5DD0066105B0BDE8F08F43F83A
:10229000042BDAE7B1F800A0BAF1000F24D0E04631
:1022A000A9464FF0000E58F8042BD9F800401FFA49
:1022B00082FBA4B20AFB0B444FEA124BD9F8002070
:1022C00074444FEA124E0AFB0BE202EB1442A4B232
:1022D00044EA0244434549F8044B4FEA124EE2D81F
:1022E000019AAA18C2F804E0039AB2F802800431F5
:1022F000B8F1000F23D02A68E6469146AA464FF06F
:10230000000BBEF8004008FB04B404EB194492B281
:1023100042EA04424AF8042B5EF8042BDAF80090F3
:102320004FEA124B1FFA89F208FB0B2202EB144210
:1023300073454FEA124BE4D8019C2C1962600435B6
:1023400097E7013E99E700BF49F00308BBF0030897
:102350002DE9F843174612F0030280460D4607D0D8
:10236000264C013A002354F82220FFF755FE05467B
:10237000BF103FD0D8F81C4094B91020FFF724FDBF
:102380000446C8F81C0030B902461D4B1D4840F2F7
:10239000B311FFF775F90023C0E901330360C3608F
:1023A000A66846B940F271214046FFF711FF0023AD
:1023B000A060064603602C464FF0000907F00103B9
:1023C0007F1053B1294632464046FFF717FF21469A
:1023D00005464046FFF7FEFD67B1306838B9324622
:1023E00031464046FFF70AFF3060C0F800900646CD
:1023F0002C46E3E72846BDE8F88300BF9CF20308BB
:102400002CEF0308BBF003082DE9F84F0C46496890
:10241000236903EB6218A368074615464FEA621A60
:1024200008F101094B450BDB3846FFF795FD0646E1
:1024300048B90246294B2A484FF4EF71FFF720F9BB
:1024400001315B00EEE7002300F1140C00F11002F3
:102450001946534535DB22692AEAEA7A0CEB8A0CE5
:1024600004F1140315F01F0E614603EB82022CD019
:10247000CEF1200A002518688B4600FA0EF028439A
:10248000CBF8000053F8045B9A4201F1040125FAED
:102490000AF5F0D8131B153B23F0030304F11501D3
:1024A0008A4238BF00239C44CCF8045005B9C14689
:1024B0003846C6F810902146FFF78CFD3046BDE83F
:1024C000F88F42F8041F0133C3E753F8045B0D6033
:1024D0009A4201F10401F8D8E9E700BF49F0030886
:1024E000BBF003080A6903460069801A30B50ED1B3
:1024F0001433143103EB820401EB820154F8045DC0
:1025000051F8042D954203D005D24FF0FF3030BD75
:10251000A342F3D3FBE70120F9E700002DE9F74FD1
:102520008A460646114650461446FFF7DBFF051E55
:1025300012D129463046FFF70FFD024628B9414B1C
:1025400040F237214048FFF79BF80123C0E90435EA
:10255000104603B0BDE8F08FBCBF5346A2463046DC
:10256000DAF80410BABF1C4601250025FFF7F4FC79
:10257000024618B9334B40F24521E3E7DAF8107010
:102580002669C5600AF1140904F1140E00F114055E
:102590000AF1100309EB87080EEB86060193AB46A0
:1025A0004FF0000C019B5EF8040B53F804AF01934D
:1025B0001FFA8AF3194683B2CB1A000C6344C0EBAE
:1025C0001A4000EB23409BB243EA004376454BF8A8
:1025D000043B4FEA204CE5D8331B153B153423F060
:1025E0000303A64238BF0023E8184B441C1D0430E7
:1025F0002646A5EB0905464506EB050E0ED308F168
:102600000301091B21F003010133984538BF002164
:10261000014451F8043D9BB1176199E756F8041B3A
:10262000E2464FEA11491CFA81FC514409EB2C495E
:1026300089B241EA09414FEA294CCEF80010DAE7A5
:10264000013FE6E749F00308BBF0030882B08DEDD7
:10265000000B019A0F4B1340A3F15073002B08DCC1
:102660005B42B3F1A07F4FEA235204DA4FF4002318
:102670001341002208E0A2F114031E2BDABF4FF031
:102680000042DA40012200231946104641EC100BAB
:1026900002B070470000F07F2DE9F041066900F1BB
:1026A000140808EB8606371F56F8042C1046FFF76F
:1026B00043FDC0F120030A280B601B4915DCC0F163
:1026C0000B0C22FA0CF3B84543EA010534BF56F867
:1026D000083C0023153002FA00F023FA0CF3034300
:1026E0001C4645EC104BBDE8F081B8453ABF56F8A2
:1026F000083CA6F1080700230B3812D0C0F12001D6
:1027000023FA01F482402243474542F07F558CBFB3
:1027100057F8042C00228340CA4045F44015134367
:10272000DEE742EA0105DBE70000F03F2DE9F74371
:102730000F46012159EC108B1646FFF70DFC04469D
:1027400030B90246234B244840F20F31FEF798FF80
:10275000C9F30A55C9F313030DB143F48013019370
:10276000B8F1000323D068460093FFF704FD0099F9
:10277000D8B1019AC0F1200302FA03F30B43C2401F
:1027800063610192019BA361002B0CBF0122022215
:102790002261A5B1A5F2334505443D60C0F1350085
:1027A0003060204603B0BDE8F0836161EAE701A82C
:1027B000FFF7E1FC019B636120300122E8E704EBB5
:1027C0008203A0F2324038601869FFF7B5FCC0EB15
:1027D0004210E5E749F00308BBF003082DE9F04F8C
:1027E00085B0CDE9001002A9FFF756FF009803A9B4
:1027F00055EC104BFFF750FF019B1969009B1B69BB
:10280000C91ADDE902329B1A5BEC10AB03EB4113F2
:10281000002BCEBF2A46C3EB03335A462F46D94678
:10282000CCBF02EB035702EB03594B4652462046FE
:102830003946F8F7CDFF41EC100B05B0BDE8F08F3D
:10284000013970B549111469013102F1140300EB2B
:10285000810103EB8404051FA3420CD3A31A113B8F
:1028600023F003031132944238BF0023184400239D
:10287000884205D370BD53F8046B45F8046FEBE74D
:1028800040F8043BF4E700F1140200694B11984250
:1028900010B511DB0ADD11F01F0107D052F82340FB
:1028A00024FA01F000FA01F18C420BD102EB830310
:1028B000934203D8002010BD0346F7E753F8041DE8
:1028C0000029F5D00120F6E70346084641B1FF2A6A
:1028D00004D98A221A604FF0FF3070470A70012035
:1028E00070472DE9F0478E681F46BE4282460C466F
:1028F0009046334653D8B1F90C0010F4906F2BD0AA
:1029000065692368096905EB4505A3EB010905EB3A
:10291000D5757B1C6D104B44AB422A4684BF1D46C7
:102920002A46430527D511465046FFF777FA064653
:1029300058B321694A46FEF78CFEA38923F49063BD
:1029400043F08003A381266165614E44A5EB090530
:102950002660A5603E463B461F4620683A464146F3
:1029600000F066FBA3689B1BA36023683B442360C5
:102970000020BDE8F087504600F098FB064600288E
:10298000E1D121695046FEF799FE0C23CAF80030C8
:10299000A38943F04003A3814FF0FF30E9E73E46AF
:1029A000DBE700002DE9F04F98468B891B069DB0B0
:1029B00007460D46144610D50B6973B94021FFF741
:1029C0002DFA2860286130B90C233B604FF0FF30AE
:1029D0001DB0BDE8F08F40236B61002309932023D5
:1029E0008DF82930CDF80C803023DFF89C818DF8EC
:1029F0002A304FF0010923469A4613F8012B0AB1F9
:102A0000252AF9D1BAEB040B0BD05B4622462946A6
:102A10003846FFF766FF013000F0A780099A5A4454
:102A200009929AF80030002B00F09F8000234FF0AD
:102A3000FF32CDE905230AF1010A049307938DF8CB
:102A400053301A935446052214F8011B4E48F9F7E7
:102A5000A7F9049AD8B9D00644BF20238DF8533083
:102A6000110744BF2B238DF853309AF800302A2BDE
:102A700015D0079A544600204FF00A0C214611F851
:102A8000013B303B092B4BD9B0B1079214E0A0EBCE
:102A9000080309FA03F313430493A246D2E7039B06
:102AA000191D1B680391002BBBBF5B4242F0020261
:102AB00007930793B8BF049223782E2B0AD163782B
:102AC0002A2B32D1039B1A1D1B68039243EAE3733E
:102AD00002340593DFF8C0A0217803225046F9F7AD
:102AE0005FF938B1049BA0EB0A00402282401343F7
:102AF0000134049314F8011B24488DF82810062291
:102B0000F9F74EF9002836D0214B1BBB039B073346
:102B100023F0070308330393099B334409936AE7BF
:102B20000CFB02320C460120A8E700230134059378
:102B300019464FF00A0C204610F8012B303A092AAA
:102B400003D9002BC6D00591C4E70CFB0121044634
:102B50000123F0E703AB00932A460E4B04A9384645
:102B6000AFF30080421C0646D6D1AB895B063FF529
:102B70002DAF09982CE703AB00932A46054B04A917
:102B8000384600F079F8EDE715F103081FF1030866
:102B900000000000E32803081BF103082DE9F047BB
:102BA000164698468A680B69DDF820909342B8BFB4
:102BB0001346336091F8432007460C460AB10133AF
:102BC00033602368990642BF336802333360256857
:102BD00015F0060506D104F1190AE36832689B1A5C
:102BE000AB4226DC94F843302268003B18BF012337
:102BF00092062BD404F1430241463846C8470130BF
:102C00001ED02368226903F00603042B02BFE56887
:102C10003368ED1AA3680CBF25EAE57500259342D9
:102C2000C4BF9B1AED1800261A34B5421AD10020F1
:102C300008E00123524641463846C847013003D1D7
:102C40004FF0FF30BDE8F0870135C6E7E1185A1CA8
:102C5000302081F84300224494F8451082F8431054
:102C60000233C7E70123224641463846C8470130B0
:102C7000E6D00136D9E700002DE9FF470F7E0C9E14
:102C8000782F914680460C469A4601F1430207D8B8
:102C9000622F0AD8002F00F0D280582F00F0B780A2
:102CA00004F1420684F842703AE0A7F16303152B61
:102CB000F6D801A151F823F0112D0308252D0308A2
:102CC000A12C0308A12C0308A12C0308A12C0308A4
:102CD000252D0308A12C0308A12C0308A12C03080F
:102CE000A12C0308252E03084F2D0308DB2D030814
:102CF000A12C0308A12C0308472E0308A12C0308CC
:102D00004F2D0308A12C0308A12C0308E32D030871
:102D100033681A1D1B68326004F1420684F84230A1
:102D200001239DE033682068191D3160060601D536
:102D30001D6803E04506FBD5B3F90050002D03DA0A
:102D40002D236D4284F8433059480A2310E021684E
:102D50003368080653F8045B02D4490648BFADB295
:102D60006F2F5348336059D10823002184F8431052
:102D70006668A660002E05DB21682E4321F0040161
:102D800021604DD01646B5FBF3F103FB1157C75D2B
:102D900006F8017D2F46BB420D46F4D9082B0BD116
:102DA0002368DF0708D5236961689942DEBF3023B5
:102DB00006F8013C06F1FF36921B2261CDF800A017
:102DC0004B4603AA21464046FFF7E8FE01304CD1AE
:102DD0004FF0FF3004B0BDE8F087236843F02003D4
:102DE00023603448782784F84570236831681F06CB
:102DF00051F8045B02D45F0648BFADB23160D90719
:102E000044BF43F0200323601DB11023ADE72848E1
:102E1000E9E7236823F020032360F6E70A23A4E709
:102E20001646BBE7336825686169181D30602E06B9
:102E30001B6801D5196002E06806FBD519800023E4
:102E400023611646BAE733681A1D32601E6862684D
:102E500000213046F8F7A4FF08B1801B606063686A
:102E60002361002384F84330A8E7236932464946AA
:102E70004046D0470130ABD023689B0713D4E068AD
:102E8000039B9842B8BF1846A4E70123324649463F
:102E90004046D04701309BD00135E36803995B1A67
:102EA000AB42F2DCEBE7002504F11906F5E700BFC1
:102EB00026F1030837F10308B1F90C202DE9F041A0
:102EC000160705460C4651D44B68002B02DC0B6CF0
:102ED000002B49DDE66A002E46D0002312F4805212
:102EE0002F682B6031D0626DA389590705D56368BF
:102EF000D21A636B0BB1236CD21A0023E66A216AE3
:102F00002846B047421CB4F90C3006D129681D2967
:102F100046D8294ACA40D60742D500226260D90461
:102F20002269226004D5421C01D12B6803B9606577
:102F3000616B2F60C1B104F14403994202D028466D
:102F4000FEF7BCFB002363630EE0216A01232846E1
:102F5000B0470246501CC7D12B68002BC4D01D2B94
:102F600001D0162B1AD12F6000201EE00F69002F10
:102F7000FAD093070E6808BF4B690F6018BF002393
:102F8000A6EB07088B60B8F1000FEDDD216AA66A99
:102F900043463A462846B047002808DCB4F90C30CE
:102FA00043F04003A3814FF0FF30BDE8F0810744B8
:102FB000A8EB0008E7E700BF0100402038B50B6927
:102FC00005460C4613B90025284638BD18B1036ADA
:102FD0000BB9FEF7A7F8B4F90C30002BF3D0626EF2
:102FE000D00704D4990502D4A06DFEF730FB284623
:102FF0002146FFF761FF636EDA070546E4D4A38933
:103000009B05E1D4A06DFEF723FBDDE70EB403B50D
:10301000014603AB054853F8042B0068019300F008
:103020009DF802B05DF804EB03B07047C8020020C1
:10303000884210B501EB020402D98442234607D826
:10304000431EA14207D011F8012B03F8012FF8E726
:103050000244824200D110BD13F8011D02F8011D87
:10306000F7E7000038B5064D0023044608462B60FC
:10307000F7F720FB431C02D12B6803B1236038BD56
:10308000F0A5012070B5A1FB025434B92946FEF722
:10309000C5FE064628B9304670BD0C2202600026E7
:1030A000F9E72A462146FEF729F9F4E72DE9F04130
:1030B000074614460D4621B9BDE8F0411146FEF71A
:1030C000ADBE2AB9FEF7FAFA25462846BDE8F081DA
:1030D00000F0EEF98442064602D8B4EB500FF4D863
:1030E00021463846FEF79AFE804608B94546ECE789
:1030F000B4422246294628BF3246FEF7AAFA29469C
:103100003846FEF7DBFAF1E79368013B002B10B479
:10311000936008DA9469A34201DB0A2903D15DF8C0
:10312000044B00F033B91368581C1060197008463E
:103130005DF8044B7047F8B506460F461446D5189F
:10314000AC4201D1002007E014F8011B3A4630469A
:10315000FFF7DAFF431CF3D1F8BD00002DE9F04F73
:103160000D469DB014469846064618B1036A0BB941
:10317000FDF7D8FF6B6ED90705D4AB899A0502D449
:10318000A86DFEF764FAAB891B0701D52B699BB9C3
:103190002946304600F038F970B16B6EDC0704D573
:1031A0004FF0FF301DB0BDE8F08FAB899805F7D424
:1031B000A86DFEF74DFAF3E70023099320238DF85D
:1031C0002930CDF80C803023DFF8AC818DF82A301F
:1031D0004FF0010923469A4613F8012B0AB1252A1C
:1031E000F9D1BAEB040B0BD05B4622462946304698
:1031F000FFF7A1FF013000F0A780099A5A44099215
:103200009AF80030002B00F09F8000234FF0FF322F
:10321000CDE905230AF1010A049307938DF8533091
:103220001A935446052214F8011B5348F8F7B8FDC9
:10323000049AD8B9D10644BF20238DF85330130720
:1032400044BF2B238DF853309AF800302A2B15D029
:10325000079A544600204FF00A0C214611F8013B12
:10326000303B092B4BD9B0B1079214E0A0EB080317
:1032700009FA03F313430493A246D2E7039B191DF3
:103280001B680391002BBBBF5B4242F00202079315
:103290000793B8BF049223782E2B0AD163782A2B88
:1032A00032D1039B1A1D1B68039243EAE373023475
:1032B0000593DFF8D4A0217803225046F8F770FD7B
:1032C00038B1049BA0EB0A00402282401343013432
:1032D000049314F8011B29488DF828100622F8F7EA
:1032E0005FFD00283FD0264B1BBB039B073323F019
:1032F000070308330393099B3B4409936AE70CFBDC
:1033000002320C460120A8E7002301340593194638
:103310004FF00A0C204610F8012B303A092A03D945
:10332000002BC6D00591C4E70CFB01210446012304
:10333000F0E703AB00932A46124B04A93046AFF3E3
:1033400000800746781CD6D16B6ED90705D4AB89AF
:103350009A0502D4A86DFEF77BF9AB895B063FF5B1
:103360001FAF09981EE703AB00932A46054B04A93B
:103370003046FFF781FCE4E715F103081FF103086D
:1033800000000000373103081BF10308F8B50E46B2
:103390001446054618B1036A0BB9FDF7C3FEA369CD
:1033A000A360A3891A0701D5236943B9214628469A
:1033B00000F02AF818B14FF0FF373846F8BD2368FF
:1033C0002269981A6369F6B28342374605DC2146C2
:1033D0002846FFF7F3FD0028EDD1A368013BA36069
:1033E00023685A1C22601E706269431C9A4204D0F2
:1033F000A389DB07E1D50A2EDFD121462846FFF756
:10340000DDFD0028D9D0D6E738B5284B0546186829
:103410000C4618B1036A0BB9FDF784FEB4F90C3001
:103420001A0721D4D80607D409222A6043F04003A2
:10343000A3814FF0FF3030E0590712D5616B41B1E5
:1034400004F14403994202D02846FEF737F90023DD
:1034500063630022B4F90C3062602269226023F0B9
:10346000240343F00803A38122693AB99A0501D5E0
:10347000180603D52146284600F046F8B4F90C306A
:1034800013F001020AD00022A26062695242A261D6
:10349000226942B913F08000C8D138BD990758BFDE
:1034A0006269A260F4E70020F7E700BFC8020020CD
:1034B00051F8043C181F002BBCBF0B58C0187047B4
:1034C00070B50C46B1F90E10002996B015461E468F
:1034D0000ADAA18911F0800113D14FF48062002033
:1034E00031602A6016B070BD6A4600F047F80028C7
:1034F000EFDB019901F47041A1F5005359425941A4
:10350000EBE700214022EAE78B8973B59E07054669
:103510000C4607D504F1470323602361012363614F
:1035200002B070BD01AB6A46FFF7CAFF009E284695
:103530003146FEF773FCB4F90C3038B99A05EFD474
:1035400023F0030343F00203A381E3E743F0800386
:10355000A381019B2060C4E90406002BE0D0B4F9EC
:103560000E10284600F01CF80028D9D0A38923F0BB
:10357000030343F00103A381D2E7000038B5074DF0
:1035800000230446084611462B60F7F755F8431C04
:1035900002D12B6803B1236038BD00BFF0A5012024
:1035A00038B5064D0023044608462B60F7F749F866
:1035B000431C02D12B6803B1236038BDF0A5012064
:1035C00038B50022002304460D46F8F749FA28B919
:1035D00020462946BDE8384000F00AB8204605F1EB
:1035E000004100F005F8404261EB410138BD00BFE9
:1035F000D0B50C4B002206460F46F7F7BFFFF8F791
:1036000057FA0446F7F740FF074B0022F7F7B6FFDB
:1036100002460B4630463946F7F7F8FDF8F748FA08
:103620002146D0BD0000F03D0000F041F8B500BFDC
:10363000F8BC08BC9E467047F8B500BFF8BC08BC93
:043640009E467047EB
:10364800010000000A000000640000000000000003
:103658000000000000000000000000000000000062
:103668000000000000000000000000000000000052
:103678000000000000000000000000000000000042
:10368800BC360308EDC1020845CB020825CC020868
:103698002D0F00081B07000805070008CB0C0008C1
:1036A800ADC1020831314170706C69636174696F32
:1036B8006E000000F0EE0308AC360308F8EB0308D0
:1036C80000000000303703089DC60208DDC6020866
:1036D8006DDC0008EDDC00080BDD000891DC00085B
:1036E800A7DC00089DDD000815190008A5180008CA
:1036F80085190008C9CE0208CFCE0208D5CE020827
:10370800DBCE0208E1CE0208E7CE0208EDCE0208C1
:10371800F1CE0208BDDC000831304461746157699C
:103728006E646F7700000000F0EE0308203703088E
:10373800E0D30308000000008437030895CF02088F
:10374800A1D00208552300082D2A0008D71E00081A
:10375800F71F0008992B0008050000000A00000068
:1037680064000000F4010000313644697265637436
:10377800436F6E74726F6C5363720000F0EE03084F
:103788007037030834EC0308D7D7FBFBFBFBFBFBC4
:10379800FBFBFBFBFBFBFBFBFBFBFBFBFBFBFBFB71
:1037A800FBFBD7D7D7FBFB000000000000000000A0
:1037B80000000000000000000000000000FBFBD734
:1037C800FBFB000000000000316268686231000005
:1037D80000000000000000000000FBFBFB000000F0
:1037E800000006689393699393936837000000007C
:1037F80000000000000000FBFB000000003193689F
:1038080099C4CAC499686968620000000000000091
:10381800000000FBFB000000319393CBFBCACACA2F
:10382800FBFB99686862376862683100000000FB3A
:10383800FB0000009399FBC49368939399CAFBC457
:103848006868626293689962000000FBFB000038B8
:1038580093FB9968939999999999C4FBC4686831BD
:1038680099936899310000FBFB000068CAC468930B
:103878009999999AC4C499CAFB936862629968999C
:10388800930000FBFB003193F56893999999C4C4A0
:10389800C4CA9968CACA626831999393993100FB7E
:1038A800FB006299C469939999C4C4CACA9993934D
:1038B80099FB93683799C468C43700FBFB0062CA58
:1038C80093939999C4C4CACACA99C4C468FB9A6232
:1038D8006268C462933700FBFB0068FB68939999A0
:1038E80099C4CACA9993C49962CACA99933868385C
:1038F800683100FBFB0068FB689393999999C4CAE7
:1039080099376899CA9464646AC5C438623100FBFF
:10391800FB0062F56893939399C4CACACA31999B0C
:1039280034343A3A3A3464CA620000FBFB0062CA93
:1039380093939399C4CACACAFBCA9B343A3A3A3A8F
:103948003A643A3A9A0000FBFB003799999399999F
:10395800999999CACBF53464F5F53B3B9BFB9534B3
:10396800953100FBFB003193CA6993999999C4CAB0
:10397800CA9B3A3BF5FBF59BFBFB6A3A3A9300FB83
:10398800FB000062CA9393939399C4CACA653B3BF0
:103998003BCBFBFBFB6A353B35C400FBFB00003728
:1039A80093CA68939399C4C4CA653B110B9BFBFBEC
:1039B800FB0B0B3B35C400FBFB00000062C4999273
:1039C80093999999CA6B3B0B71FBFBFBFBCB110BD2
:1039D800359A00FBFB0000003162C49968939999FD
:1039E80099CB0B3BFBFB6A11CBFB9B0B656200FB86
:1039F800FB00000000376299CA99939399FB3B0B2F
:103A08006B6A1111119B0A0BCB0000FBFB00000035
:103A1800000037626299CACACA99CB3B0B0B0B0BE1
:103A28000B0B0B9B310000FBFB000000000000317A
:103A380062623737373862CA9B3B0B0B0B6BCB3153
:103A4800000000FBFBFB0000000000000006313115
:103A5800313106003199CACA9A6200000000FBFBA6
:103A6800D7FBFB0000000000000000000000000081
:103A7800000000000000000000FBFBD7D7D7FBFBCD
:103A8800FBFBFBFBFBFBFBFBFBFBFBFBFBFBFBFB7E
:103A9800FBFBFBFBFBFBD7D7D7D7FBFBFBFBFBFBFE
:103AA800FBFBFBFBFBFBFBFBFBFBFBFBFBFBFBFB5E
:103AB800FBFBD7D7D7FBFB0000000000000000008D
:103AC80000000000000000000000000000FBFBD721
:103AD800FBFB0000000000003162686862310000F2
:103AE80000000000000000000000FBFBFB000000DD
:103AF8000000066893936993939368370000000069
:103B080000000000000000FBFB000000003193688B
:103B180099C4CAC49968696862000000000000007E
:103B2800000000FBFB000000319393CBFBCACACA1C
:103B3800FBFB99686862376862683100000000FB27
:103B4800FB0000009399FBC49368939399CAFBC444
:103B58006868626293689962000000FBFB000038A5
:103B680093FB9968939999999999C4FBC4686831AA
:103B780099936899310000FBFB000068CAC46893F8
:103B88009999999AC4C499CAFB9368626299689989
:103B9800930000FBFB003193F56893999999C4C48D
:103BA800C4CA9968CACA626831999393993100FB6B
:103BB800FB006299C469939999C4C4CACA9993933A
:103BC80099FB93683799C468C43700FBFB0062CA45
:103BD80093939999C4C4CACACA99C4C468FB9A621F
:103BE8006268C462933700FBFB0068FB689399998D
:103BF80099C4CACA9993C49962CACA6262316838B8
:103C0800683100FBFB0068FB689393999999C4CAD3
:103C1800993768623199FB6262316237623100FB21
:103C2800FB0062F56893939399C4CACACA313131CB
:103C38003193FB6262316231620000FBFB0062CAB1
:103C480093939399C4CACACAFB9931313193FB62E1
:103C580062313831310000FBFB003799999399990B
:103C6800999999CACBF5CA696899F5626231313177
:103C7800000000FBFB003193CA6993999999C4CA63
:103C8800CACACACACACAC46237310600000000FBE1
:103C9800FB000062CA9393939399C4CACACACACA5A
:103CA80099FB936231000000000000FBFB00003725
:103CB80093CA68939399C4C4C4C4C4C4C4F5626263
:103CC80000000000000000FBFB00000062C49992A5
:103CD8009399999999C49999F593623100000000D4
:103CE800000000FBFB0000003162C49968939999B9
:103CF800999999CA9937370000000000000000FB25
:103D0800FB00000000376299CA99939399C4F5990A
:103D18003737310000000000000000FBFB00000006
:103D2800000037626299CACACA99623737310000FF
:103D380000000000000000FBFB0000000000003154
:103D4800626237373738373106000000000000005C
:103D5800000000FBFBFB0000000000000006313102
:103D68003131000000000000000000000000FBFBF3
:103D7800D7FBFB000000000000000000000000006E
:103D8800000000000000000000FBFBD7D7D7FBFBBA
:103D9800FBFBFBFBFBFBFBFBFBFBFBFBFBFBFBFB6B
:103DA800FBFBFBFBFBFBD7D7000000003C3E0308F6
:103DB800EDC1020899D40208ADD40208E93200081E
:103DC8009BC10208A1C10208A7C1020899340008D2
:103DD800000000005C3E0308C9D40208E5D40208CC
:103DE8006DDC0008EDDC00080BDD000891DC000844
:103DF800A7DC00089DDD0008EBB7000849B70008FC
:103E0800F9320008C9CE0208CFCE0208D5CE020882
:103E1800DBCE0208E1CE0208E7CE0208EDCE0208AA
:103E2800F1CE0208BDDC000839477261706844654C
:103E38006D6F0000F0EE0308303E0308F8EB03084E
:103E48003135536F756E64436F6E74726F6C426F69
:103E580078000000F0EE0308483E0308A0C30308FA
:103E68000000000098400308EDC102084DD5020883
:103E78006DD50208A5380008AF490008DB380008EE
:103E8800A7C10208ADC10208580059005A004100F4
:103E9800420043002A00000084DD0308BCE7030851
:103EA8008CDC0308C4E7030884DC0308C8E70308BC
:103EB800D0E7030824E70308D8E70308E0E7030886
:103EC800E8E70308B0E60308B8E60308C4E6030811
:103ED800D0E60308DCE60308F0E6030804E7030875
:103EE80018E703082CE703083CE70308F8E303088E
:103EF800ACE303089CE3030854E7030864E70308FA
:103F08006CE7030890E7030800E40308A0E7030848
:103F1800ACE70308A4DF0308A8DF0308C0DF030831
:103F2800D4DF0308E8DF0308F8DF030808E0030824
:103F380020E0030834E0030840E0030850E00308E9
:103F480064E0030870E0030888E0030894E00308CD
:103F5800ACE00308BCE00308D0E0030810E703085E
:103F6800E8E00308FCE0030818E1030834E103086B
:103F780050E1030870E103088CE10308A0E103089D
:103F8800B4E10308D0E10308ECE1030808E2030800
:103F980028E2030840E203085CE2030874E203082D
:103FA8008CE20308A8E20308BCE20308DCE2030889
:103FB800FCE2030818E3030834E3030850E30308AA
:103FC80064E3030884E303089CE30308ACE3030801
:103FD800BCE30308D0E30308E4E30308F8E30308B9
:103FE80000E403080CE4030828E403083CE403089D
:103FF8005CE403087CE4030890DF030890DF03080F
:1040080090DF030898E40308A8E40308B8E4030869
:10401800CCE40308DCE4030890DF030890DF03081E
:1040280090DF030890DF030890DF0308ECE403083F
:10403800FCE4030814E5030830E5030854E5030825
:1040480070E5030888E50308A4E50308BCE5030850
:10405800CCE50308E8E503080CE6030828E60308AE
:1040680044E6030860E6030874E603088CE60308E0
:1040780098E60308A4E60308E803000010270000F8
:10408800E8030000384772626C436F6D6D000000F2
:10409800F0EE03088C400308F8EB03080304030060
:1040A800F0E70308F8E7030804E803080CE8030846
:1040B80010E8030818E8030800000000204103087E
:1040C80099C902084DCA02086DDC0008A15300080E
:1040D8005154000891DC0008A7DC00089DDD0008A9
:1040E8009F5300089D530008E1540008C9CE0208F8
:1040F800CFCE0208D5CE0208DBCE0208E1CE0208F8
:10410800E7CE0208EDCE0208F1CE0208BDDC0008B9
:104118003648656164657200F0EE030818410308CB
:10412800E0D30308C7C7C7C7C7C7C7C7C7C7C7FF3D
:10413800FFFFF6F6F6F6FFFFFFFFC7C7C7C7C7C7FB
:10414800C7C7C7C7C7C7C7C7C7C7C7C7C7C7C7C7F7
:10415800C7C7C7C7FFAD5B5B52A4A4A4A4A4A4A40B
:104168005BA4A4F6FFC7C7C7C7C7C7C7C7C7C7C722
:10417800C7C7C7C7C7C7C7C7C7C7FFA45BADF6FFD1
:10418800FFF6ADADADADADF6FFFFF6A45BA4FFC77E
:10419800C7C7C7C7C7C7C7C7C7C7C7C7C7C7C7C7A7
:1041A800C7F600F6FFF6ADADADF6FFFFFFFFF6ADC3
:1041B800A45BA4F6AD09ADADFFC7C7C7C7C7C7C7DE
:1041C800C7C7C7C7C7C7C7F6520909A45BADFFF67B
:1041D800A4A4A4A4A4A4A4A4ADF6AD525B00A4A472
:1041E8005BFFC7C7C7C7C7C7C7C7C7C7C7C7F65BC8
:1041F800FFAD090952A45BA4F6FFFFF6F6FFFFFF27
:10420800AD095B5BA4A4A4FFF65BFFC7C7C7C7C71C
:10421800C7C7C7C7C7FF52FFFFA4FFAD520952A4C3
:104228005B5B0052A45B0952A45B5B5BF6FFADA429
:10423800FFADA4C7C7C7C7C7C7C7C7C7FF5BF6FFD8
:10424800ADFFFF5BADAD5209525BF65209F6095B53
:104258005B09FFFFA4F6FF5BF6FF52FFC7C7C7C79E
:10426800C7C7C7C7FF52FFFFADFFF6A4FFA4F6A458
:104278000900A4ADA4000009F6F6A4FFFF5BFFF651
:10428800A4FFADADC7C7C7C7C7C7C7C7F652FFF6B4
:10429800FFFFA4F6FFA4FFFF5B5B0009090000AD68
:1042A800ADFF5BFFFF5BFFFFA4FFF65BFFC7C7C760
:1042B800C7C7C7C7F652FFF6F6FFA4FFFFADFFFF5B
:1042C80052F609000000A45BF6FF5BFFFF5BFFF6F8
:1042D800A4FFAD5BFFC7C7C7C7C7C7C7F609FFFFBE
:1042E800ADFFF6F6FFA4ADA45252ADF6ADA4095247
:1042F800A45BF6FFA4F6FFA4F6FFA452FFC7C7C746
:10430800C7C7C7C7F652ADFFF6F6FFA4ADA45B5208
:104318005BF6F6ADADF6AD095252ADA4A4FFADA45F
:10432800FFF65B52FFC7C7C7C7C7C7C7F65BA4F688
:10433800FFF6ADAD5B5B5BADADADADA4A4A4A4AD24
:10434800AD5B525BADAD5BFFFF52F6005BF6FFC79E
:10435800C7C7C7C7F652FF5BADF6A45B09A4A4ADF7
:10436800ADFFFFFFFFFFF6A45BA4AD5B5252ADF6B5
:1043780052F6F6ADFF5B5BFFC7C7C7C7F600FFFF86
:104388000952095BADADF6FFF6ADADA4A4A4ADF638
:10439800FFF6ADA4A4525209A4FF5BFFFFFFF65B32
:1043A800A4FFC7C7F65B5BFF00AD00A4FFFFF6AD37
:1043B800F6ADADADADADADADADF6FFFFAD00A45BF7
:1043C800A4ADA4FFFFFFFFAD00FFC7C7F6A4ADA4CF
:1043D800F6ADA4ADA4A4A4F6FFFFFF5200FFFFFFB3
:1043E800F6AD5B52A45BA4A4AD52FFFFFFF6ADF699
:1043F8005BFFC7C7F6A4FFADA4F6ADF6FFFFF6ADA9
:10440800A4A4A45BA4A4ADA4ADF6FFFFFFA4ADAD26
:1044180052FFFFFFADADADFF5BFFC7C7F65BFFFF08
:10442800F652ADF6FFFFFFFFFFFFFFFFFFFFFFFFA5
:10443800FFFFFFFFFFAD52A4FFFFADADFFA4A4FF38
:10444800A4FFC7C7F609FFFFFF525B5B5BF6F6FFE9
:10445800FFFFFFFFFFFFFFFFFFFFF6AD5B5BF6FF10
:10446800F6ADF6FFFFFFFFFFA4FFC7C7F600F6FF94
:10447800A45209FFF6ADA45BA4F6ADF6F6ADF6AD11
:10448800A4A4A4ADFFFFFFADF6FFFFFFFFFFFFFFF2
:10449800A4FFC7C7F65B52F6F65BA4FFFFFFFFFF5A
:1044A800F6ADA4005BA4ADF6FFFFFFFFFFADADFFC7
:1044B800FFFFFFFFFFF652FF52F6C7C7F652AD5B8C
:1044C800F6FFFFFFFFFFFFFFFFF652F6FFFFFFFFBC
:1044D800FFFFFFF6A4F6FFFFFFFFFFFFFFF6A4AD07
:1044E800A452F6C7FF52F6A4095BFFFFFFFFF6AD23
:1044F800F652A4FFFFFFFFFFFFFFADADFFFFFFFF79
:10450800FFFFFFFFF6A45BF6F6A45BFFC7F652FFBA
:10451800520009ADF652000000095252ADFFFFFFEC
:10452800ADADFF52ADFFFFFFFFFFFFADADF65BA4E2
:10453800F6FF5BFFC7C7AD5BF6A4ADA400F6AD5BA5
:104548005BA4A4A4095BAD5BF6FFFFF6FFFFFFFFCA
:10455800FFF6ADFFFFADADFFFFAD5BFFC7C7FFAD1A
:1045680052F6FFF6A4A4A4FFAD5B5200AD09F6AD68
:10457800FFFFFFFFFFFFFFF6ADF6FFF6ADF6FFF614
:1045880052A4FFC7C7C7C7C7F6525BADADA4F6A410
:104598005BA4090052AD52FFFFFFFFADADFFADAD0B
:1045A800FFFFADF6FFFF5B52F6FFC7C7C7C7C7C718
:1045B800C7FFF652A4A4AD5B5209000900AD52FF33
:1045C800FFFFFF5BAD5BF6FFF6ADFFFFAD09ADFF8B
:1045D800C7C7C7C7C7C7C7C7C7C7C7FF5BADA4009B
:1045E8005209525200A452FFFFFFF6ADF65B5BADD5
:1045F800F6FFF65BA4FFC7C7C7C7C7C7C7C7C7C704
:10460800C7C7C7FFA4AD5B5B00525BAD005209F69C
:10461800FFAD5BF6FFADF6FFFFA45BF6C7C7C7C7E4
:10462800C7C7C7C7C7C7C7C7C7C7C7C7F65BADA48C
:10463800ADA4F6A40900A45252F6FFAD5BFFFFAD8E
:1046480052ADFFC7C7C7C7C7C7C7C7C7C7C7C7C749
:10465800C7C7C7C7C7A4A4AD5BAD5BA40009F6F67E
:10466800AD5BADFFADF652A4FFC7C7C7C7C7C7C785
:10467800C7C7C7C7C7C7C7C7C7C7C7C7C7FF5BA419
:10468800A40952AD00ADC7C7C7FFAD5B0952F6C755
:10469800C7C7C7C7C7C7C7C7C7C7C7C7C7C7C7C7A2
:1046A800C7C7C7C7FFAD5252ADFFF600A4FFC7C7C3
:1046B800C7C7C7FFF6FFC7C7C7C7C7C7C7C7C7C7E3
:1046C800C7C7C7C7C7C7C7C7C7C7C7C7F60000ADEB
:1046D800FFF652F6C7C7C7C7C7C7C7C7C7C7C7C741
:1046E800C7C7C7C7C7C7C7C7C7C7C7C7C7C7C7C752
:1046F800C7C7C7C7FF000009A45BFFC7C7C7C7C7AD
:10470800C7C7C7C7C7C7C7C7C7C7C7C7C7C7C7C731
:10471800C7C7C7C7C7C7C7C7C7C7C7C7FFA400009A
:10472800ADFFC7C7C7C7C7C7C7C7C7C7C7C7C7C7F3
:10473800C7C7C7C7C7C7C7C7C7C7C7C7C7C7C7C701
:10474800C7C7C7C7C7C7C7C7C7C7C7C7C7C7C7C7F1
:10475800C7C7C7C7C7C7C7C7C7C7C7C7C7C7C7C7E1
:10476800C7C7C7C7C7C7C7C7C7C7C7C7C7C7C7C7D1
:10477800C7C7FFA4A4A4ADAD5BADA4A45BFFC7C726
:10478800C7C7C7C7C7C7C7C7C7C7C7C7C7C7C7C7B1
:10479800C7C7C7C7C7C7C7C75BA4FFFFFFFFFFFFE0
:1047A800ADFFFFFFFFFF5BA4C7C7C7C7C7C7C7C722
:1047B800C7C7C7C7C7C7C7C7C7C7C7C7C7C7A4ADBE
:1047C800FFFFF65B52520000000052525BFFFFFFF2
:1047D800A4A4C7C7C7C7C7C7C7C7C7C7C7C7C7C7A7
:1047E800C7C7C7C7FFA4FFF6AD0000095BA4A45B59
:1047F8005BA4A4A4090052ADF6FFA4FFC7C7C7C7AE
:10480800C7C7C7C7C7C7C7C7C7C7C7ADADFFF609BB
:10481800005BADADFFFFFFA4ADFFFFFFA4AD5200ED
:1048280052F6FFADADC7C7C7C7C7C7C7C7C7C7C752
:10483800C7C7A4FFFF5B0052FFFFFFFFFFFFFF0991
:10484800A4FFFFFFFFFFFFFF0900A4FFFFA4C7C7E6
:10485800C7C7C7C7C7C7C7C7C7A4FFFF5B00A4FFB1
:10486800FFFFFFFFFFFFFFADA4FFFFFFFFFFFFFFFD
:10487800FF5B005BFFFFADC7C7C7C7C7C7C7C7C7D1
:10488800F6ADFF5B00F6FF0000FFFF5B00000000D5
:10489800000000005BFFFF0000FFF600A4FFADFF73
:1048A800C7C7C7C7C7C7C7C75BFF5B00FFFFFF0016
:1048B80009520000525BADFFFFAD52520000A40048
:1048C80000FFFFF600A4FFA4C7C7C7C7C7C7C75BD9
:1048D800FFF6005BFFFFFFFF000052FFFFFFFFFF37
:1048E800FFFFFFFFFF090000FFFFFFFF5B00F6FF70
:1048F8005BC7C7C7C7C7C7ADF65252FFFFFFFF0068
:1049080000ADFFFFFFFFFFFFFFFFFFFFFFFFA4005A
:1049180000FFFFFFFF5252FFA4C7C7C7C7C75BFF0F
:104928005B00FFFFFFFF0000FFFFFFFFFFFFFFFF30
:10493800FFFFFFFFFFFFFFF60900FFFFFFFF00ADCE
:10494800FF52C7C7C7C7A4FF0052FFFFFF5B00ADF8
:10495800FFFFFFFFFFFFFFFFFFFFFFFFFFFFFFFF5F
:10496800A400A4FFFFFF5B09FF5BC7C7C7A4FFF64E
:1049780000FFF6FFFF0009FFFFFFFFFFFFFFFFFF3C
:10498800FFFFFFFFFFFFFFFFFF0900FFFFFFAD0075
:10499800FFFFF6C7C7A4FF0909AD00005200FFFFDB
:1049A800FFFFFFFFFFFFFFFFFFFFFFFFFFFFFFFF0F
:1049B800FFFF00520000F6095BFF5BC7C75BFF52B1
:1049C8005BFF52000052FFFFFFFFFFFFFFFFFFFFEB
:1049D800FFFFFFFFFFFFFFFFFFFF09005209FFA4D2
:1049E80052FFA4C7C7A4FF00ADFFFFFF005BFFFF96
:1049F800FFFFFFFFFFFFFFFFFFFFFFFFFFFFFFFFBF
:104A0800FFFF5B00FFFFFFA45BF6ADC7C7ADF65B1A
:104A1800ADFFFFFF00F6FFFFFFFFFFFFFFFFFFFFF8
:104A2800FFFFFFFFFFFFFFFFFFFFAD00FFFFFFA43A
:104A380000FF09C7C7A4AD00F6FFFFAD00FFFFFFE9
:104A4800FFFFFFFFFFFFFFFFFFFFFFFFFFFFFFFF6E
:104A5800FFFFAD00F6FFFF5BA4FFA4C7C7ADAD091C
:104A6800FFFFFFA400FFFFFFFFFFFFFFFFFFFFFFA8
:104A7800FFFFFFFFFFFFFFFFFFFFAD00ADFFFFAD33
:104A8800F6FF5BC7C7ADF609A4FFFFFF00ADFFFF48
:104A9800FFFFFFFFFFFFFFFFFFFFFFFFFFFFFFFF1E
:104AA800FFFFAD00FFFFFFA400FF52C7C7A4FF0030
:104AB800ADFFFFFF005BFFFFFFFFFFFFFFFFFFFFF3
:104AC800FFFFFFFFFFFFFFFFFFFF5B00FFFFFFA4EC
:104AD80052FFADC7C75BFF09A4FF00520052FFFF9A
:104AE800FFFFFFFFFFFFFFFFFFFFFFFFFFFFFFFFCE
:104AF800FFFF0900F600FFA452FFA4C7C7A4FF09DF
:104B080052AD00005B00FFFFFFFFFFFFFFFFFFFF4D
:104B1800FFFFFFFFFFFFFFFFFFF600A40000F609FD
:104B28005BFF5BC7C7ADFFF600F6FFFFFF0052FF54
:104B3800FFFFFFFFFFFFFFFFFFFFFFFFFFFFFFFF7D
:104B4800FF0900FFFFFFF600FFFFFFC7C7C75BF6BF
:104B5800525BFFFFFF5200ADFFFFFFFFFFFFFFFFAC
:104B6800FFFFFFFFFFFFFFFFA40052FFFFFF5209F7
:104B7800FF5BC7C7C7C7A4FFA400FFFFFFFF000074
:104B8800F6FFFFFFFFFF00000000FFFFFFFFFFAD84
:104B98000000FFFFFFFF00ADFF5BC7C7C7C7C7A483
:104BA800F6525BFFFFFFFF0009A4FFFFFFAD00FF08
:104BB800FF00FFFFFFFFA40000FFFFFFFF005BF601
:104BC800A4C7C7C7C7C7C7A4FFAD00A4FFFFFFFF9F
:104BD800000009FFFF5200FFFF00ADFFF652000082
:104BE800FFFFFFFF5B00ADFFA4C7C7C7C7C7C7C7A5
:104BF8005BFFA400F6FFFF0052A40000095200006A
:104C08000000525200005B0000FFFFF600ADFF5BA2
:104C1800C7C7C7C7C7C7C7C7FFF6FF5200ADFF0959
:104C280000FFFFA40000000000000000A4FFFF0038
:104C380009FFAD005BFFADFFC7C7C7C7C7C7C7C779
:104C4800C7ADFFFF5B005BFFFFFFFFFFFFFFFF5BE1
:104C58005BFFFFFFFFFFFFFFFFA4005BFFF6F6C748
:104C6800C7C7C7C7C7C7C7C7C7C7A4FFFFA4000030
:104C7800FFFFFFFFFFFFFF0000FFFFFFFFFFFFFF3A
:104C88000000ADFFF6ADC7C7C7C7C7C7C7C7C7C707
:104C9800C7C7C7ADADFFF65B005BADADFFFFFFA4B7
:104CA800A4FFFFFFADAD090052ADFFADADC7C7C74B
:104CB800C7C7C7C7C7C7C7C7C7C7C7C7FF5BFFF649
:104CC800A40900005B5BF6A4A4F65B5B090009ADD0
:104CD800FFFF5BFFC7C7C7C7C7C7C7C7C7C7C7C720
:104CE800C7C7C7C7C7C7A4A4FFF6FF5B5B0909000E
:104CF800005B09525BFFFFFFA4A4C7C7C7C7C7C7AC
:104D0800C7C7C7C7C7C7C7C7C7C7C7C7C7C7C7C72B
:104D1800A45BF6FFFFFFF6FFFFF6FFFFFFF6A4A474
:104D2800C7C7C7C7C7C7C7C7C7C7C7C7C7C7C7C70B
:104D3800C7C7C7C7C7C7C7C7C7C7C7ADA45BF652EA
:104D480052AD52A4A4C7C7C7C7C7C7C7C7C7C7C735
:104D5800C7C7C7C7C7C7C7C7C7C7C7C7C7C7C7C7DB
:104D6800C7C7C7C7C7C7C7C7C7C7C7C7C7C7C7C7CB
:104D7800C7C7C7C7C7C7C7C7C7C7C7C700000000D7
:104D88000C4E0308EDC10208C5D60208D9D60208A0
:104D98001D5A00089BC10208A1C10208A7C1020848
:104DA800095C00080000024002000000000000004A
:104DB800000002400400000000000000000402405F
:104DC800000400000000000000040240020000008F
:104DD8000000000000040240001000000000000075
:104DE8000004024000200000000000000000024013
:104DF800010000000000000038496E7075744472AC
:104E080076000000F0EE0308004E0308F8EB0308F4
:104E18000000000002000000000000000100000087
:104E28000000000001000000050000000A0000006A
:104E380064000000010000000200000005000000FE
:104E480032000000B400000068010000D002000039
:104E5800100E0000C8000000320000000A00000028
:104E6800D007000000000000963007772C610EEE96
:104E7800BA51099919C46D078FF46A7035A563E9A9
:104E8800A395649E3288DB0EA4B8DC791EE9D5E0D0
:104E980088D9D2972B4CB609BD7CB17E072DB8E7CF
:104EA800911DBF906410B71DF220B06A4871B9F324
:104EB800DE41BE847DD4DA1AEBE4DD6D51B5D4F45D
:104EC800C785D38356986C13C0A86B647AF962FDC2
:104ED800ECC9658A4F5C0114D96C0663633D0FFA0F
:104EE800F50D088DC8206E3B5E10694CE44160D515
:104EF800727167A2D1E4033C47D4044BFD850DD2FF
:104F08006BB50AA5FAA8B5356C98B242D6C9BBDB11
:104F180040F9BCACE36CD832755CDF45CF0DD6DC0C
:104F2800593DD1ABAC30D9263A00DE518051D7C8B3
:104F38001661D0BFB5F4B42123C4B3569995BACF3E
:104F48000FA5BDB89EB802280888055FB2D90CC65F
:104F580024E90BB1877C6F2F114C6858AB1D61C1D8
:104F68003D2D66B69041DC760671DB01BC20D298F7
:104F78002A10D5EF8985B1711FB5B606A5E4BF9F84
:104F880033D4B8E8A2C9077834F9000F8EA8099677
:104F980018980EE1BB0D6A7F2D3D6D08976C6491E2
:104FA800015C63E6F4516B6B62616C1CD8306585FB
:104FB8004E0062F2ED95066C7BA5011BC1F40882D8
:104FC80057C40FF5C6D9B06550E9B712EAB8BE8B19
:104FD8007C88B9FCDF1DDD62492DDA15F37CD38CA2
:104FE800654CD4FB5861B24DCE51B53A7400BCA3A0
:104FF800E230BBD441A5DF4AD795D83D6DC4D1A4D2
:10500800FBF4D6D36AE96943FCD96E34468867ADA8
:10501800D0B860DA732D0444E51D03335F4C0AAA47
:10502800C97C0DDD3C710550AA41022710100BBE4A
:1050380086200CC925B56857B3856F2009D466B991
:105048009FE461CE0EF9DE5E98C9D9292298D0B0C6
:10505800B4A8D7C7173DB359810DB42E3B5CBDB773
:10506800AD6CBAC02083B8EDB6B3BF9A0CE2B603F4
:105078009AD2B1743947D5EAAF77D29D1526DB04A9
:105088008316DC73120B63E3843B64943E6A6D0DF4
:10509800A85A6A7A0BCF0EE49DFF099327AE000A3F
:1050A800B19E077D44930FF0D2A3088768F2011ED2
:1050B800FEC206695D5762F7CB67658071366C1969
:1050C800E7066B6E761BD4FEE02BD3895A7ADA108A
:1050D800CC4ADD676FDFB9F9F9EFBE8E43BEB7176B
:1050E800D58EB060E8A3D6D67E93D1A1C4C2D838F5
:1050F80052F2DF4FF167BBD16757BCA6DD06B53F5B
:105108004B36B248DA2B0DD84C1B0AAFF64A033699
:10511800607A0441C3EF60DF55DF67A8EF8E6E3118
:1051280079BE69468CB361CB1A8366BCA0D26F2561
:1051380036E2685295770CCC03470BBBB9160222AE
:105148002F260555BE3BBAC5280BBDB2925AB42BC3
:10515800046AB35CA7FFD7C231CFD0B58B9ED92CD8
:105168001DAEDE5BB0C2649B26F263EC9CA36A753D
:105178000A936D02A906099C3F360EEB85670772F4
:1051880013570005824ABF95147AB8E2AE2BB17B5B
:10519800381BB60C9B8ED2920DBED5E5B7EFDC7CE2
:1051A80021DFDB0BD4D2D38642E2D4F1F8B3DD6839
:1051B8006E83DA1FCD16BE815B26B9F6E177B06F34
:1051C8007747B718E65A0888706A0FFFCA3B066621
:1051D8005C0B0111FF9E658F69AE62F8D3FF6B61AE
:1051E80045CF6C1678E20AA0EED20DD75483044E50
:1051F800C2B30339612667A7F71660D04D476949DE
:10520800DB776E3E4A6AD1AEDC5AD6D9660BDF40F0
:10521800F03BD83753AEBCA9C59EBBDE7FCFB247A3
:10522800E9FFB5301CF2BDBD8AC2BACA3093B35388
:10523800A6A3B4240536D0BA9306D7CD2957DE5491
:10524800BF67D9232E7A66B3B84A61C4021B685D6A
:10525800942B6F2A37BE0BB4A18E0CC31BDF055AE3
:105268008DEF022D00000000020000000000000089
:10527800010000000000000001000000050000001F
:105288000A000000640000000100000002000000A5
:105298000500000032000000B400000068010000B2
:1052A800D0020000100E0000C8000000320000000C
:1052B8000A000000D0070000000000000000000005
:1052C800FC52030869D70208CDD7020845690008CF
:1052D800516C0008A566000855670008B168000809
:1052E80031354F766572726964654374726C5363C5
:1052F80072000000F0EE0308E852030834EC0308DB
:10530800000000003C53030841D90208D5D902081F
:10531800BD71000859740008C9700008C7770008F3
:10532800E17A0008313350726F6772616D53656EB0
:1053380064657200F0EE03082C53030834EC03088C
:1053480000000000D0530308C9DA02081DDB020878
:105358009D860008D1870008B58100088D81000866
:1053680055880008A8E90308B0E90308BCE9030860
:10537800D0E90308E4E90308F8E9030808EA0308A0
:1053880018EA030828EA030838EA030848EA030881
:1053980058EA030868EA030878EA030888EA030871
:1053A80098EA0308A8EA0308B8EA0308C8EA030861
:1053B800D4EA0308E8EA0308313153657474696E66
:1053C8006773536372000000F0EE0308C0530308CC
:1053D80034EC0308000000003C540308A1D3020881
:1053E80049D402086DDC0008618D00087F8D000833
:1053F80091DC0008A7DC00089DDD00085F8D00082F
:105408005D8D0008978D0008C9CE0208CFCE02082E
:10541800D5CE0208DBCE0208E1CE0208E7CE0208AC
:10542800EDCE0208F1CE0208BDDC000834546162FA
:1054380073000000F0EE030834540308E0D30308B7
:1054480000000000FF00000000FF00000000FF0057
:10545800FF00FF00FFFF000000FFFF00404040008A
:10546800000000008C5A0308EDC1020839DB02086D
:105478004DDB02080D9500089BC10208A1C1020876
:10548800A7C10208C198000800000000A85A030834
:1054980069DB02087DDB02086DDC0008EDDC000832
:1054A8000BDD000891DC0008A7DC00089DDD000882
:1054B80033DB0208F1930008BBDC0008C9CE020800
:1054C800CFCE0208D5CE0208DBCE0208E1CE020814
:1054D800E7CE0208EDCE0208F1CE020823950008B7
:1054E80000000000C45A030899DB0208ADDB02087B
:1054F8006DDC0008EDDC00080BDD000891DC00081D
:10550800A7DC00089DDD000835DB0208919400083F
:10551800BBDC0008C9CE0208CFCE0208D5CE0208EF
:10552800DBCE0208E1CE0208E7CE0208EDCE020883
:10553800F1CE0208BDDC00080001020304050607DD
:1055480008090A0B0C0D0E0F03070B0F02060A0EB3
:105558000105090D0004080C0F0E0D0C0B0A0908B3
:1055680007060504030201000C0804000D090501E3
:105578000E0A06020F0B07030001000000010100DC
:105588000001000000000000000100000001000010
:1055980000010100000000000000010000000100FF
:1055A80000010100000000000001000000010000EF
:1055B80000010000000100000000000000010100DF
:1055C80000010100000000000000010000010100CE
:1055D80000010000000000000001000000010100BF
:1055E8000000010000000000510A710FA114811889
:1055F800510A710FA1148118510A710FA114811851
:10560800510A710FA1148118510A6110A114811B4C
:10561800510A6110A114811B510A6110A114811B48
:10562800510A6110A114811B510AC10D6112211781
:10563800510AC10D61122117510AC10D61122117BA
:10564800510AC10D61122117510A710FA114811855
:10565800510A710FA1148118510A710FA1148118F0
:10566800510A710FA1148118310961102117811B8A
:10567800310961102117811B310961102117811B24
:10568800310961102117811B410C710F6112E11E54
:10569800410C710F6112E11E410C710F6112E11E84
:1056A800410C710F6112E11E3108410CA114E11E79
:1056B8003108410CA114E11E3108910BA114811B82
:1056C8003108910BA114811BB107410CA114E11EF3
:1056D800B107410CA114E11EB107C10D611071138E
:1056E800B107C10D710F7113510A410C710FA1144B
:1056F800510A410C710FA114510A710FA11481189C
:10570800510A710FA1148118310961128118811B86
:10571800310961128118811B310961102117811B20
:10572800310961102117811B410C710F6112811819
:10573800410C710F61128118410C61128118E11E30
:10574800410C61128118E11E910B2117E11EA12263
:10575800910B2117E11EA122910BA114211DA12259
:10576800910BA114211DA122710F61122117B124DF
:10577800710F61122117B124C10DE11EB124412E10
:10578800C10DE11EB124412E010DE11EB124C13D20
:10579800010DE11EB124C13D410C2117E11EB124C8
:1057A800410CE115E11EB124910B2117E11EA12244
:1057B800910B2117E11EA122910BE11EA122412E7E
:1057C800910BE11EA122412E910B2117211DA1222F
:1057D800910B2117211DA122910B211DA122412EE0
:1057E800910B211DA122412E710FC13D412EB124E3
:1057F800E11E412EB124E11E2117C13DE11E2117F2
:1058080061126110710FC10D410CC13D412EB124CF
:10581800E11E412EB124E11E2117B124E11E2117FA
:1058280061125111710F410C910B412EA122E11E01
:105838002117A122E11E2117A114E11E211D211704
:105848005111710F910E910B3109611221176112DB
:10585800710FE11E2117710FC109E11E2117711384
:10586800710F811B2117710FA1146152C13D0131C4
:105878003129C13D01313129E11E01313129E11EB2
:1058880081182117A114611261106152C13D0131C3
:105898003129C13D01313129E11E01313129E11E92
:1058A80081182117A1146110710FC13D412E3129B2
:1058B800E11E412E3129E11E811B3129E126E11E1D
:1058C8002117A1147113710FB107710F71132117EB
:1058D800E11EE126412EC13D01313129E11E811829
:1058E80021177113710FC109510A710FA114811881
:1058F800510A710FA1148118510A710FA11481184E
:10590800510A710FA1148118510A6110A114811B49
:10591800510A6110A114811B510A6110A114811B45
:10592800510A6110A114811B510AC10D611221177E
:10593800510AC10D61122117510AC10D61122117B7
:10594800510AC10D61122117510A710FA114811852
:10595800510A710FA1148118510A710FA1148118ED
:10596800510A710FA1148118310961102117811B87
:10597800310961102117811B310961102117811B21
:10598800310961102117811B410C710F6112E11E51
:10599800410C710F6112E11E410C710F6112E11E81
:1059A800410C710F6112E11E3108410CA114E11E76
:1059B8003108410CA114E11E3108910BA114811B7F
:1059C8003108910BA114811B3108710FA1148118A2
:1059D8003108710FA11481183108C10DA1142117C4
:1059E8003108C10DA11421173108410CA114E11E81
:1059F8003108410CA114E11E3108910BA114811B3F
:105A08003108910BA114811BB107710FA1148118E2
:105A1800B107710FA1148118B107C10D71132117B6
:105A2800B107C10D71132117510A6152C13D0131EE
:105A38003129E11E8118A114710FC13D01313129AD
:105A4800E11E8118A114710F410C01313129013176
:105A5800412EC13DC14D815CD1A4C13D01313129E7
:105A6800E11E8118A114710F5F0A0F0047414D45CF
:105A7800204F56455200000000000000365465745F
:105A880072697300F0EE0308845A0308F8EB030800
:105A98003131546574726973536861706500000030
:105AA800F0EE0308985A0308E0D30308313254652E
:105AB800747269734275636B65740000F0EE0308D5
:105AC800B45A0308E0D3030800000000385B030859
:105AD800F1D80208EBD90208D3DA0008D99F0008E8
:105AE800359D00084FDC0008A7DC00089DDD000894
:105AF80015D70008B1D6000865D70008C9CE020836
:105B0800CFCE0208D5CE0208DBCE0208E1CE0208CD
:105B1800E7CE0208EDCE0208F1CE0208BDDC00088F
:105B280091D900083754657874426F7800000000F6
:105B3800F0EE03082C5B030870D303080000000094
:105B48007C5B0308EDC1020829DC020875DC020849
:105B580097AA00089BC10208A1C10208A7C10208B0
:105B6800EDA500083130446973706C617944727630
:105B780000000000F0EE03086C5B0308F8EB030874
:105B880000000000B85B030855C0020875C1020890
:105B980061AC0008F3AC0008F5AA0008D5AB000812
:105BA800FFBF02085BE0020836465436323336003F
:105BB800F0EE0308B05B030810DB030800000000E8
:105BC80000000000000000000000000000000000CD
:105BD80000000000000000000000000000000000BD
:105BE80000000000780084000201020102014A015D
:105BF800020102014A013201020102018400780017
:105C080000000000000000007800FC00FE01FE011A
:105C1800FE01B601FE01FE01B601CE01FE01FE0144
:105C2800FC0078000000000000000000CC00FE012D
:105C3800FE01FE01FE01FE01FE01FC00FC00FC006D
:105C480078007800300030000000000000000000FC
:105C58003000300078007800FC00FC00FE01FE01F6
:105C6800FC00FC00780078003000300000000000E4
:105C78000000000030007800780078003000CC0088
:105C8800FE01FE01CC003000300078007800FC00F6
:105C980000000000000000003000300078007800AC
:105CA800FC00FE01FE01FE01FE01B4003000780098
:105CB8007800FC0000000000000000000000000068
:105CC800000000000000300078007800300000007C
:105CD800000000000000000000000000FF03FF03B8
:105CE800FF03FF03FF03FF03FF03CF0387038703BC
:105CF800CF03FF03FF03FF03FF03FF03FF03FF03BC
:105D08000000000000000000000000000000780013
:105D1800CC0084008400CC00780000000000000063
:105D280000000000FF03FF03FF03FF03FF03FF035F
:105D3800870333037B037B0333038703FF03FF03DB
:105D4800FF03FF03FF03FF03000000000000C00380
:105D580000038003C00260027800CC00860186013F
:105D68008601CC0078000000000000000000000060
:105D78007800CC00860186018601CC0078003000CE
:105D88003000FC003000300030000000000000004F
:105D98000000000020002000E000E000E000E0013A
:105DA80020012001200120003000380038001800B0
:105DB800000000000000000000018001E00138013F
:105DC8009801C801680138018801C801CC01CE00DA
:105DD8000E000600000000000000000000000000A7
:105DE8000000000020002401F80088000401880059
:105DF800F80024012000000000000000000000005E
:105E080000000000000006001E007E00FE017E006B
:105E18001E00060000000000000000000000000056
:105E2800000000000000000000008001E001F8010F
:105E3800FE01F801E0018001000000000000000000
:105E4800000000000000000030007800FC00B400F2
:105E5800300030003000300030003000B400FC006A
:105E6800780030000000000000000000CC00CC00EA
:105E7800CC00CC00CC00CC00CC00CC00CC00CC00BA
:105E880000000000CC00CC00000000000000000072
:105E9800FC019E019E019E019E019E019E019C01A6
:105EA8009801980198019801980198010000000054
:105EB80000000000FC0086018E011C0038006C0008
:105EC800CC00D8007000E000C00186018601FC000B
:105ED80000000000000000000000000000000000BA
:105EE800000000000000000000000000FE01FE01AC
:105EF800FE01FE01000000000000000030007800F4
:105F0800FC00FC0030003000300030003000300071
:105F1800FC00FC00780030000000000000000000D9
:105F280030007800FC00FC00300030003000300009
:105F38003000300030003000300030000000000039
:105F48000000000030003000300030003000300029
:105F58003000300030003000FC00FC0078003000D9
:105F68000000000000000000000000000000000029
:105F78006000E000FE01FE01E0006000000000009B
:105F88000000000000000000000000000000000009
:105F980000000000000018001C00FE01FE011C00AB
:105FA80018000000000000000000000000000000D1
:105FB80000000000000000000000000000000000D9
:105FC800000006000600FE000000000000000000BF
:105FD8000000000000000000000000000000480071
:105FE800CC00FE01FE01CC004800000000000000CB
:105FF8000000000000000000000000003000300039
:1060080078007800FC00FC00FE01FE0100000000A2
:106018000000000000000000000000000000000078
:10602800FE01FE01FC00FC00780078003000300022
:106038000000000000000000000000000000000058
:106048000000000000000000000000000000000048
:106058000000000000000000000000000000000038
:1060680000000000300078007800780078007800A0
:1060780030003000300030000000000030003000F8
:106088000000000000000000CC00CC00CC000000A4
:1060980000000000000000000000000000000000F8
:1060A8000000000000000000000000000000CC001C
:1060B800CC00CC00CC00FE01CC00CC00FE01CC0012
:1060C800CC00CC00CC000000000000000000000064
:1060D80030003000FC00B601B6013E003800700008
:1060E800F001B601B601FC003000300000000000ED
:1060F8000000000084018E00CA004A006E002400DF
:10610800300010009800C8014C014401C60182000B
:1061180000000000000000003C0066004200420051
:1061280066003C0018003C01E601C2004200C200C3
:10613800E6013C01000000000000000030003000D3
:106148002000100000000000000000000000000017
:1061580000000000000000000000000000006000D7
:10616800300030003000180018001800180018001F
:1061780018001800180030003000300060000000DF
:10618800000018003000300030006000600060003F
:106198006000600060006000600030003000300087
:1061A80018000000000000000000000000000000CF
:1061B8000000CC007800FE017800CC000000000050
:1061C80000000000000000000000000000000000C7
:1061D80000000000000030003000FE0130003000F8
:1061E80000000000000000000000000000000000A7
:1061F8000000000000000000000000000000000097
:1062080000000000000000003000300020001000F6
:106218000000000000000000000000000000000076
:106228000000FE0100000000000000000000000067
:106238000000000000000000000000000000000056
:106248000000000000000000000000000000000046
:1062580030003000000000000000000080018001D4
:10626800C000C00060006000300030001800180056
:106278000C000C00060006000000000000000000F2
:106288007800CC008601C601C601A601A6019601C8
:1062980096018E018E018601CC0078000000000076
:1062A80000000000300038003E00300030003000B0
:1062B8003000300030003000300030003000FE0187
:1062C80000000000000000007800CC008601860174
:1062D80080018001C0006000300018000C0006003A
:1062E8000600FE0100000000000000007800CC005D
:1062F8008601860180018001F8008001800180010B
:1063080086018601CC007800000000000000000033
:10631800300030001800180018000C000C006C0049
:10632800660066006600FE01600060000000000074
:1063380000000000FE0106000600060006007E00C0
:10634800C00080018001800186018601CC007800B0
:106358000000000000000000E001300018000C0000
:106368000C0006007E00C6008601860186018601B3
:10637800CC0078000000000000000000FE01800151
:1063880080018001C000C000C000600060006000A3
:106398003000300030003000000000000000000035
:1063A8007800CC00860186018601CC007800CC00FC
:1063B8008601860186018601CC0078000000000075
:1063C800000000007800CC00860186018601860165
:1063D8008C01F8018001C000C000600030001E0080
:1063E80000000000000000000000000000000000A5
:1063F8000000300030000000000000000000000035
:106408003000300000000000000000000000000024
:106418000000000000003000300000000000000014
:1064280000000000300030002000100000000000D4
:1064380000000000C0006000300018000C000600DA
:106448000C00180030006000C000000000000000D0
:106458000000000000000000000000000000FE0135
:1064680000000000FE010000000000000000000025
:1064780000000000000000000000000006000C0002
:10648800180030006000C0006000300018000C00E8
:10649800060000000000000000000000FC00CE0123
:1064A80086018001C001C00060006000300030003B
:1064B8000000000030003000000000000000000074
:1064C8007C00C60083018301F3019B019B019B01B2
:1064D800DB01B301030003008601FC00000000009B
:1064E800000000007800CC00860186018601860144
:1064F80086018601FE0186018601860186018601E4
:1065080000000000000000007E00C6008601860131
:106518008601C6007E00C6008601860186018601C6
:10652800C6007E0000000000000000007800CC00DB
:106538008601860106000600060006000600060021
:1065480086018601CC0078000000000000000000F1
:106558007E00C600C6008601860186018601860186
:10656800860186018601C600C6007E000000000084
:1065780000000000FE0106000600060006000600F6
:10658800FE00060006000600060006000600FE01E2
:106598000000000000000000FE01060006000600E2
:1065A800060006000600FE000600060006000600BB
:1065B8000600060000000000000000007800CC0083
:1065C80086018601060006000600E60186018601AE
:1065D80086018601CC007800000000000000000061
:1065E800860186018601860186018601FE018601F3
:1065F8008601860186018601860186010000000069
:1066080000000000FE013000300030003000300093
:106618003000300030003000300030003000FE0123
:10662800000000000000000080018001800180015E
:10663800800180018001800180018001860186013E
:10664800CC007800000000000000000086018601F0
:10665800C600E600660036001E001E003600660012
:10666800E600C60086018601000000000000000068
:1066780006000600060006000600060006000600E2
:1066880006000600060006000600FE0100000000E5
:1066980000000000860186018601CE01CE01CE01F0
:1066A800FE01B601B601B6018601860186018601A2
:1066B8000000000000000000860186018E018E01A6
:1066C8009E019601B601A601E601C601C601860132
:1066D8008601860100000000000000007800CC0060
:1066E800860186018601860186018601860186016A
:1066F80086018601CC007800000000000000000040
:106708007E00C6008601860186018601C6007E00DD
:10671800060006000600060006000600000000004D
:10672800000000007800CC00860186018601860101
:10673800860186018601860186018601CC007800E3
:106748006000C000000000007E00C60086018601CF
:1067580086018601C6007E006600C600C600C60027
:10676800C600860100000000000000007800CC0090
:106778008601860106001E003C00F000E001800151
:1067880086018601CC0078000000000000000000AF
:10679800FE013000300030003000300030003000A2
:1067A80030003000300030003000300000000000C1
:1067B80000000000860186018601860186018601A7
:1067C800860186018601860186018601CC00780053
:1067D8000000000000000000860186018601860195
:1067E80086018601CC00CC00CC00480078007800F7
:1067F8003000300000000000000000008601860123
:106808008601860186018601B601B601B601CC0073
:10681800CC00CC00CC00CC00000000000000000040
:106828008601860186018601CC00CC0078007800BC
:10683800CC00CC008601860186018601000000009C
:106848000000000086018601860186018601860116
:10685800CC00FC0078003000300030003000300000
:106868000000000000000000FE0180018001C0005F
:10687800C00060003000180018000C000C00060072
:106888000600FE010000000000000000780018006B
:106898001800180018001800180018001800180030
:1068A8001800180018007800000000000000000020
:1068B800060006000C000C0018001800300030001C
:1068C80060006000C000C00080018001000000007E
:1068D8000000000078006000600060006000600058
:1068E8006000600060006000600060006000780088
:1068F80000000000000000003000F800CE01000099
:10690800000000000000000000000000000000007F
:10691800000000000000000000000000000000006F
:10692800000000000000000000000000000000005F
:1069380000000000000000000000FF03000000004D
:1069480030003000100020000000000000000000AF
:10695800000000000000000000000000000000002F
:106968000000000000000000000000000000F80027
:1069780084018001FC01860186018601C601BC01F3
:1069880000000000000000000600060006000600E7
:1069980006007600CE008601860186018601860102
:1069A800CE0076000000000000000000000000009B
:1069B800000000000000F8008C0106000600060038
:1069C800060006008C01F80000000000000000002E
:1069D80080018001800180018001B801CC0186011D
:1069E8008601860186018601CC01B80100000000FD
:1069F8000000000000000000000000000000780017
:106A0800CC0086018601FE01060006008C01F80014
:106A18000000000000000000F000980118001800B5
:106A28001800FE00180018001800180018001800B8
:106A3800180018000000000000000000000000001E
:106A4800000000000000B801CC0186018601860123
:106A58008601CC01B8018001CE007800000000005A
:106A6800060006000600060006007600CE00860135
:106A780086018601860186018601860100000000E4
:106A880000000000300030000000000000003C0062
:106A98003000300030003000300030003000FC00A2
:106AA800000000000000000060006000000000001E
:106AB8000000780060006000600060006000600016
:106AC800600060006C00380000000000060006004E
:106AD8000600060006008601C600660036001E0095
:106AE8003E006600C60086010000000000000000AD
:106AF8003C00300030003000300030003000300002
:106B080030003000300030003000FC000000000091
:106B18000000000000000000000000000000CE009F
:106B2800FE01B601B601B601B601B601B60186018D
:106B3800000000000000000000000000000000004D
:106B480000007600CE008601860186018601860156
:106B5800860186010000000000000000000000001F
:106B68000000000000007800CC0086018601860144
:106B780086018601CC0078000000000000000000BB
:106B8800000000000000000000007600CE00860132
:106B98008601860186018601CE0076000600060081
:106BA8000000000000000000000000000000B80124
:106BB800C40186018601860186018601C401B801E7
:106BC80080018001000000000000000000000000BB
:106BD8000000E600FE010E000600060006000600A2
:106BE8000600060000000000000000000000000091
:106BF800000000000000FC00860106001C003000B8
:106C0800E00080018601FC00000000000000000098
:106C180000003000300030003000FC003000300050
:106C280030003000300030003000E000000000008C
:106C380000000000000000000000000000008601C5
:106C4800860186018601860186018601C601BC018E
:106C5800000000000000000000000000000000002C
:106C6800000086018601860186018601CC00480065
:106C78007800300000000000000000000000000064
:106C88000000000000008601B601B601B601B60199
:106C9800B601CC00CC00CC000000000000000000D1
:106CA8000000000000000000000086018601CC0002
:106CB800FC003000FC00CC008601860100000000CA
:106CC8000000000000000000000000000000860135
:106CD8008601860186018601CC00CC007800300050
:106CE80018000E0000000000000000000000000076
:106CF8000000FE018001C0006000300018000C0098
:106D08000600FE010000000000000000E000300066
:106D18003000300030003000300018003000300003
:106D28003000300030003000E000000000000000BB
:106D380030003000300030003000300030000000FB
:106D480030003000300030003000300030003000BB
:106D5800000000001C00300030003000300030001F
:106D6800300060003000300030003000300030006B
:106D78001C000000000000009801660000000000F0
:106D880000000000000000000000000000000000FB
:106D9800000000000000000000000000300030008B
:106DA8007800CC00CC008601860186018601860128
:106DB80086018601FE01FE010000000000000000BF
:106DC800FC00CE0186018001C001C00060006000A7
:106DD80030003000000000003000300000000000EB
:106DE80000000000FC00CE0186018001C001C00047
:106DF800600060003000300000000000300030000B
:106E080000000000000000003000300020001000EA
:106E1800000000000000000000000000000000006A
:106E2800000000000000000000000000FC00CE018F
:106E380086018001C001C0006000600030003000A1
:106E480000000000300030000000000000000000DA
:106E5800CC00CC00CC0000000000000000000000C6
:106E6800000000000000000000000000000000001A
:106E780000000000000000000000000000003000DA
:106E8800300000000000000000000000300030006A
:106E9800000000002000200020002000200020002A
:106EA80020002000FF0320002000200020002000F8
:106EB80020002000200020002000200020002000CA
:106EC800200020002000FF030000FF032000200016
:106ED80020002000200020002000200000000000EA
:106EE800FC00CE0186018001C001C0006000600086
:106EF80030003000000000003000300000000000CA
:106F08000000000084018E00CA004A006E002400C0
:106F1800300010009800C8014C014401C6018200ED
:106F28000000000000000000FC00CE018601800186
:106F3800C001C000600060003000300000000000A8
:106F480030003000000000000000000000000000D9
:106F5800C0006000300018000C0006000C0018008B
:106F680030006000C00000000000000000000000C9
:106F7800FC00CE0186018001C001C00060006000F5
:106F88003000300000000000300030000000000039
:106F980000000000FC00CE0186018001C001C00095
:106FA8006000600030003000000000003000300059
:106FB8000000000000000000FC00CE0186018001F6
:106FC800C001C00060006000300030000000000018
:106FD800300030000000000000000000FC00CE017E
:106FE80086018001C001C0006000600030003000F0
:106FF8000000000030003000000000000000000029
:10700800FC00CE0186018001C001C0006000600064
:1070180030003000000000003000300000000000A8
:1070280000000000300030002000100000000000C8
:107038000000000000000000000000000000000048
:1070480000000000000000003000300020001000A8
:107058000000000000000000000000000000000028
:10706800000000000000000000000000CC00CC0080
:10707800CC0000000000000000000000000000003C
:1070880000000000000000000000000000000000F8
:10709800CC00CC00CC000000000000000000000084
:1070A80000000000000000000000000000000000D8
:1070B8000000000000000000000000000000300098
:1070C8007800780030000000000000000000000098
:1070D80000000000000000000000000000000000A8
:1070E800000000000000FE01000000000000000099
:1070F8000000000000000000000000000000000088
:1071080000000000000000000000FE010000000078
:107118000000000000000000000000000000000067
:10712800FC00CE0186018001C001C0006000600043
:107138003000300000000000300030000000000087
:1071480000000000FE013000300030003000300048
:1071580030003000300030003000300030003000A7
:107168000000000000000000FC00CE018601800144
:10717800C001C00060006000300030000000000066
:107188003000300000000000000000000000000097
:1071980006000C00180030006000C00060003000DD
:1071A80018000C00060000000000000000000000AD
:1071B800FC00CE0186018001C001C00060006000B3
:1071C80030003000000000003000300000000000F7
:1071D80000000000FC00CE0186018001C001C00053
:1071E8006000600030003000000000003000300017
:1071F8000000000000000000FC00CE0186018001B4
:10720800C001C000600060003000300000000000D5
:10721800300030000000000000000000FC00CE013B
:1072280086018001C001C0006000600030003000AD
:1072380000000000300030000000000000000000E6
:107248000000000000000000000000000000000036
:107258000000000000000000000000000000000026
:10726800CC003000860186018601860186018601F0
:107278008601FC0180018001800186018601FC00F5
:107288000000000000000000000048004800300036
:107298000000860186018601860186018601FC01BF
:1072A800800182018601FC0000000000FC00CE0184
:1072B80086018001C001C00060006000300030001D
:1072C8000000000030003000000000000000000056
:1072D80000007A01CE0184008601860186018601BC
:1072E80086018400CE017A01000000000000000041
:1072F80000000000FC00CE0186018001C001C00032
:1073080060006000300030000000000030003000F5
:1073180000000000200020002000200020002000A5
:107328002000200020002000200020002000200055
:10733800200020002000200000000000FC00860142
:107348008E011C0038006C00CC00D8007000E000F2
:10735800C00186018601FC0000000000CC00CC00C2
:10736800FE0106000600060006000600FE000600F4
:1073780006000600060006000600FE0100000000E8
:107388000000000000000000000000000000F800FD
:107398008C01060006000600060006008C01F800B5
:1073A80000000000000000007800CC008601860183
:1073B800060006007E00060006000600860186011B
:1073C800CC00780000000000000000000000000071
:1073D800C0006000300018000C0006000C00180007
:1073E80030006000C0000000000000000000000045
:1073F8000000000000000000000000003F00200026
:107408002000200020002000200020002000200074
:107418000000000000000000000000000000000064
:107428000000FE0100000000000000000000000055
:1074380000000000000000007E00C60086018601F2
:1074480086018601C6007E006600C600C600C6002A
:10745800C600860100000000860186013000300069
:107468003000300030003000300030003000300094
:10747800300030003000FE0100000000000038003D
:107488006C00C600C6006C00380000000000000058
:1074980000000000000000000000000000000000E4
:1074A80000000000000000000000000000003000A4
:1074B8003000FE0130003000000000000000000035
:1074C8000000000000000000FC00CE0186018001E1
:1074D800C001C00060006000300030000000000003
:1074E800300030000000000000000000FC00CE0169
:1074F80086018001C001C0006000600030003000DB
:107508000000000030003000000000000000000013
:10751800FC00CE0186018001C001C000600060004F
:107528003000300000000000300030000000000093
:1075380000000000000000000000000000008601BC
:10754800860186018601FC0180018001800180019D
:107558000000000000000000FC019E019E019E0149
:107568009E019E019E019C01980198019801980135
:1075780098019801000000000000000000000000D1
:107588000000000000000000000030003000000093
:1075980000000000000000000000000000000000E3
:1075A800CC00CC000000000000007800CC00860170
:1075B8008601FE01060006008C01F80000000000AC
:1075C80000000000B30173027302B30137003700F3
:1075D8003700FF033B003B003B0033003300330020
:1075E8000000000000000000000000000000000093
:1075F8000000F8008C01060006007E000600060068
:107608008C01F800000000000000000000000000ED
:1076180006000C00180030006000C0006000300058
:1076280018000C0006000000000000000000000028
:10763800FC00CE0186018001C001C000600060002E
:107648003000300000000000300030000000000072
:1076580000000000FC00CE0186018001C001C000CE
:107668006000600030003000000000003000300092
:107678000000000000000000FC00CE01860180012F
:10768800C001C00060006000300030000000000051
:10769800300030000000000000000000CC00CC00EA
:1076A8000000000000003C003000300030003000D6
:1076B800300030003000FC00000000000000000036
:1076C800F8018C0186018601860186018601860102
:1076D800FE01860186018601860186010000000000
:1076E80000000000FE010600060006000600060075
:1076F8007E00C6008601860186018601C6007E00DE
:1077080000000000000000007E00C600860186011F
:107718008601C6007E00C6008601860186018601B4
:10772800C6007E000000000000000000FE01060008
:107738000600060006000600060006000600060011
:107748000600060006000600000000000000000019
:10775800F8018C0186018601860186018601860171
:1077680086018601860186018601FF030303030360
:1077780000000000FE0106000600060006000600E4
:10778800FE00060006000600060006000600FE01D0
:107798000000000000000000330333033201B6018B
:1077A800B601B400FC00FC00B400B601B601320119
:1077B8003303330300000000000000007C00C60013
:1077C800820180018001C000F000C00080018001BA
:1077D80080018201C6007C0000000000000000005B
:1077E8008601860186018601C601C601E601A60159
:1077F800B60196019E018E018E01860100000000EF
:10780800200030009601860186018601C601C60166
:10781800E601A601B60196019E018E018E01860140
:10782800000000000000000086018601C600E60096
:10783800660036001E001E0036006600E600C60020
:10784800860186010000000000000000F001980198
:107858008C018601860186018601860186018601E2
:1078680086018601860186010000000000000000F4
:10787800860186018601CE01CE01CE01FE01B60148
:10788800B601B60186018601860186010000000066
:1078980000000000860186018601860186018601B6
:1078A800FE01860186018601860186018601860120
:1078B80000000000000000007800CC00860186016E
:1078C8008601860186018601860186018601860178
:1078D800CC0078000000000000000000FE018601D6
:1078E8008601860186018601860186018601860158
:1078F8008601860186018601000000000000000064
:107908007E00C6008601860186018601C6007E00CB
:10791800060006000600060006000600000000003B
:10792800000000007800CC008601860106000600F1
:10793800060006000600060086018601CC007800D5
:107948000000000000000000FE01300030003000A0
:10795800300030003000300030003000300030009F
:1079680030003000000000000000000086018601A1
:1079780086018601860186018601FC01800180015D
:10798800800186018601FC00000000000000000064
:1079980030003000FE013303330333033303330372
:1079A8003303FE01300030003000300000000000DA
:1079B800000000008601860186018601CC00CC000B
:1079C80078007800CC00CC0086018601860186010B
:1079D8000000000000000000860186018601860183
:1079E8008601860186018601860186018601860157
:1079F8008601FE03000300030000000086018601E3
:107A080086018601860186018601FC0180018001CC
:107A1800800180018001800100000000000000005A
:107A2800B601B601B601B601B601B601B601B60196
:107A3800B601B601B601B601B601FE0100000000AC
:107A480000000000B601B601B601B601B601B601E4
:107A5800B601B601B601B601B601B601B601FE031C
:107A680000030003000000001F001B001B0018009B
:107A780018001800F80098011803180318031803D1
:107A88009801F8000000000000000000860186014F
:107A980086018601860186019E01B601E601E6019E
:107AA800E601E601B6019E010000000000000000AA
:107AB8000600060006000600060006007E00C60056
:107AC8008601860186018601C6007E00000000004E
:107AD800000000007800CC0086018601800180014A
:107AE800F80180018001800186018601CC007800C0
:107AF8000000000000000000E300B3011B031B03AB
:107B08001B031B031F031B031B031B031B031B0379
:107B1800B301E3000000000000000000F8018C0140
:107B280086018601860186018C01F80198018C0185
:107B38008C018C018C01860100000000000000000F
:107B480000000000000000000000F800840180012F
:107B5800FC01860186018601C601BC010000000007
:107B680000000000000000008001FC000600060084
:107B78007600CE008601860186018601CC00780059
:107B880000000000000000000000000000000000ED
:107B98000000FE00860186018601FE00860186013E
:107BA8008601FE0000000000000000000000000048
:107BB800000000000000FE00C600060006000600E7
:107BC8000600060006000600000000000000000095
:107BD80000000000000000000000F800DC00C60003
:107BE800C600C600C600C600C600FF0183018301A7
:107BF8000000000000000000000000000000780005
:107C0800CC0086018601FE01060006008C01F80002
:107C1800000000000000000000000000000000005C
:107C2800000033033303B601FC00FC00FC00B6017E
:107C380033033303000000000000000000000000D0
:107C48000000000000007C00C6008201C000700037
:107C5800C0008201C6007C00000000000000000097
:107C68000000000000000000000086018601860177
:107C7800C601E601B6019E018E01860100000000E2
:107C880000000000000000004000600020008601A5
:107C980086018601C601E601B6019E018E018601B4
:107CA80000000000000000000000000000000000CC
:107CB80000008601C600660036001E003E00660011
:107CC800C60086010000000000000000000000005F
:107CD800000000000000F8018C0186018601860181
:107CE8008601860186018601000000000000000070
:107CF800000000000000000000008601CE01CE0157
:107D0800FE01B601B6018601860186010000000069
:107D180000000000000000000000000000008601D4
:107D2800860186018601FE0186018601860186019B
:107D3800000000000000000000000000000000003B
:107D480000007800CC008601860186018601860144
:107D5800CC007800000000000000000000000000D7
:107D6800000000000000FE018601860186018601F0
:107D780086018601860186010000000000000000DF
:107D8800000000000000000000007600CE00860120
:107D98008601860186018601CE007600060006006F
:107DA8000000000000000000000000000000F800D3
:107DB8008C01060006000600060006008C01F8008B
:107DC80000000000000000000000000000000000AB
:107DD8000000FE013000300030003000300030007C
:107DE800300030000000000000000000000000002B
:107DF80000000000000086018601860186018601D8
:107E08008601FC01800182018601FC00000000005F
:107E1800000000000000000000003000FC00B60177
:107E280032013201B601FC003000300000000000D1
:107E380000000000000000000000000000008601B3
:107E48008601CC00FC003000FC00CC0086018601D5
:107E5800000000000000000000000000000000001A
:107E68000000C600C600C600C600C600C600C600A0
:107E7800C600FE0180018001000000000000000033
:107E88000000000000008601860186018601FC01D1
:107E980080018001800180010000000000000000D6
:107EA80000000000000000000000B601B601B601A5
:107EB800B601B601B601B601B601FE010000000028
:107EC8000000000000000000000000000000B601F3
:107ED800B601B601B601B601B601B601B601FE0398
:107EE8000003000300000000000000000000000084
:107EF80000000F000D000D00FC008C018C018C01AE
:107F08008C01FC00000000000000000000000000E0
:107F1800000000000000860186018601BE01E6011E
:107F2800E601E601E601BE010000000000000000D5
:107F38000000000000000000000006000600060027
:107F4800FE008601860186018601FE000000000011
:107F580000000000000000000000000000007C009D
:107F6800C60080018001F80180018001C6007C0004
:107F780000000000000000000000000000000000F9
:107F88000000E600B601160116011E0116011601D1
:107F9800B601E6000000000000000000000000003C
:107FA800000000000000F8018C0184018C01F80138
:107FB800B00198018C01860100000000000000005B
:107FC80000000000000000000000000000000000A9
:107FD800000000000000000000000000E00018039E
:107FE80004040404B209B209020802081209E208EA
:107FF800040404041803E00000000000E000F80393
:10800800FC07FC074E0E4E0EFE0FFE0FEE0E1E0F67
:10801800FC07FC07F803E000000000000000000077
:1080280000001803BC07FC07FC07FC07F803F00175
:10803800E000400000000000000000000000000018
:1080480000004000E000F001F803FC07F803F0012D
:10805800E0004000000000000000000000000000F8
:10806800E000F001F001F001EC06FE0FFE0FFE0F3C
:108078004C06E000F00100000000000000000000D5
:1080880040004000E000F001F803FC07FC07FC0793
:108098005803E000F00100000000000000000000AC
:1080A80000000000000000006000F000F000600028
:1080B800000000000000000000000000FF0FFF0F9C
:1080C800FF0FFF0FFF0FFF0F9F0F0F0F0F0F9F0FD8
:1080D800FF0FFF0FFF0FFF0FFF0FFF0F0000000044
:1080E8000000000060009000080108010801080174
:1080F800900060000000000000000000FF0FFF0F6C
:10810800FF0FFF0F9F0F6F0FF70EF70EF70EF70E0B
:108118006F0F9F0FFF0FFF0FFF0FFF0F00000000F3
:108128000000800700067805CC04860186018601D8
:10813800CC007800000000000000000000000000F3
:10814800E00130031806180618063003E001C000E5
:10815800C000F003C000C000000000004000C000E4
:10816800C001C003400340034001400040007000CC
:108178007800780030000000000000003000700037
:10818800D000900130037002D00290031C031E023D
:108198001E028C03C003C0038001000000004000E1
:1081A8004000E404F80318030C060E0E0C0618032E
:1081B800F803E40440004000000000000000000054
:1081C8000800180038007800F800F801F800780076
:1081D800380018000800000000000000000000003F
:1081E80000018001C001E001F001F801F001E001A7
:1081F800C0018001000100000000000000004000F4
:10820800E000F001F803400040004000400040005A
:10821800F803F001E00040000000000000009801B1
:10822800980198019801980198019801980198017E
:108238009801000098019801000000000000F8076C
:108248006C036603660366036C03780360036003CC
:108258006003600360036003000000000000F80191
:108268000C030C000C00F8010C030C03F8010003CC
:1082780000030C03F80100000000000000000000EB
:1082880000000000000000000000000000000000E6
:108298000000F807F807F807000000004000E000B9
:1082A800F001F8034000400040004000400040005A
:1082B800F803F001E0004000F8030000000040006F
:1082C800E000F001F803400040004000400040009A
:1082D8004000400040004000000000000000400056
:1082E8004000400040004000400040004000400086
:1082F800F803F001E000400000000000000000006A
:1083080000000000800080018003FC0780038001DA
:1083180080000000000000000000000000000000D5
:1083280000000000200030003800FC073800300052
:108338002000000000000000000000000000000015
:108348000000000000000000000000000200020021
:10835800020002000200FE0700000000000000000A
:1083680000000000100118031C07FE0F1C0718036B
:1083780010010000000000000000000000000000E4
:108388000000000000004000E000F001F803FC07D6
:10839800FE0F0000000000000000000000000000C8
:1083A800000000000000FE0FFC07F803F001E000E9
:1083B8004000000000000000000000000000000075
:1083C80000000000000000000000000000000000A5
:1083D80000000000000000000000000060006000D5
:1083E800F000F000F000F000F000600060006000B5
:1083F80000000000600060000000000000000000B5
:108408009801980198019801000000000000000000
:1084180000000000000000000000000000006006EE
:1084280060066006FC0F3003300398019801FE03D4
:10843800CC00CC00CC000000000000006000600010
:10844800F801FC036C006C00FC01F8036003600396
:10845800FC03F8016000600000000000000000005C
:1084680000081C0C1C0E1C078003C001E0007000F3
:1084780038001C070E070607000000000000E00097
:10848800B00198019801D800700078007C00CC06F3
:10849800CC038C01DC03780600000000700070003B
:1084A8007000600060003000000000000000000064
:1084B800000000000000000000000000C001600093
:1084C80070003000380038003800380038003800B4
:1084D800300070006000C00100000000380060003B
:1084E800E000C000C001C001C001C001C001C0015E
:1084F800C000E0006000380000000000000000003C
:1085080000006C036C03F801F000FC03F000F801B4
:108518006C036C0300000000000000000000000075
:1085280000000000600060006000FC03FC036000C5
:108538006000600000000000000000000000000073
:108548000000000000000000000000000000000023
:108558000000700070007000600030000000000033
:1085680000000000000000000000FC03FC03000005
:1085780000000000000000000000000000000000F3
:1085880000000000000000000000000000000000E3
:10859800000070007000700000000000000000087B
:1085A800000C000E00078003C001E00070003800D6
:1085B8001C000E000600000000000000F001FC078F
:1085C8000C06060C060C060C060C060C060C060C13
:1085D800060C0C06FC07F00100000000C000E000DB
:1085E800F800F800C000C000C000C000C000C00013
:1085F800C000C000F807F80700000000F803FC07F7
:108608000E0E060C060E00078003C001E000700085
:1086180038001C00FE0FFE0F00000000F803FC07E6
:108628000E0E060C000C000EF007F0030006000CFE
:10863800060C0E0EFC07F803000000008003C003C0
:10864800E003700338031C030E030603FE0FFE0F3E
:10865800000300030003000300000000FE0FFE0FEC
:10866800060006000600FE03FC07000E000C000CC6
:10867800060C0E0EFC07F80300000000C003E00320
:10868800700038001C000C00FE03FE070E0E060CDE
:10869800060C0E0EFC07F80300000000FE0FFE0F8C
:1086A800000600060003000380018001C000C0002E
:1086B800600060003000300000000000F001F803A6
:1086C8001C070C060C061C07F803FC070E0E060C0C
:1086D800060C0E0EFC07F80300000000F803FC0768
:1086E8000E0E060C060C0E0EFC0FF80F0006000707
:1086F8008003C001F80078000000000000000000BE
:108708000000000070007000700000000000000011
:108718007000700070000000000000000000000001
:1087280000000000700070007000000000000000F1
:10873800700070007000600060003000000380036B
:10874800C001E000700038001C001C0038007000F8
:10875800E000C001800300030000000000000000EA
:10876800000000000000FC07FC0700000000FC07F8
:10877800FC07000000000000000000000C001C00C6
:1087880038007000E000C00180038003C001E000F1
:10879800700038001C000C0000000000F801FC0309
:1087A8000E07060606078003C001E00060006000AF
:1087B800600000006000600000000000F803FC0793
:1087C8000C06E60DF60DB60DB60DB60DB60DF60790
:1087D800E6030E00FC03F0030000000060006000E8
:1087E800F000F000F0009801980198010C03FC03D8
:1087F800FC0306060606060600000000FE00FE0151
:108808008603060306038603FE01FE030607060623
:1088180006060607FE03FE0100000000F001F8034B
:108828001C070C06060006000600060006000600E7
:108838000C061C07F803F00100000000FE00FE0112
:108848008603060306060606060606060606060646
:1088580006038603FE01FE0000000000FE07FE0777
:108868000600060006000600FE01FE0106000600DE
:1088780006000600FE07FE0700000000FE07FE07D0
:108888000600060006000600FE01FE0106000600BE
:10889800060006000600060000000000F003F807C6
:1088A8001C060C0006000600C607C60706060606D4
:1088B8000C061C06F807F00700000000060606066E
:1088C8000606060606060606FE07FE07060606064E
:1088D800060606060606060600000000F801F8016E
:1088E8006000600060006000600060006000600080
:1088F80060006000F801F8010000000000060006B2
:108908000006000600060006000600060006060629
:1089180006060E03FC03F801000000000606060721
:108928008603C601E60076003E003E007600E600BB
:10893800C6018603060706060000000006000600BA
:1089480006000600060006000600060006000600EF
:1089580006000600FE07FE070000000006060E07D8
:108968000E079E079E07F606F606660666060606C4
:1089780006060606060606060000000006060E069F
:108988000E061E063606360666066606C606C606BF
:10899800860706070607060600000000F000F80133
:1089A8009C030C03060606060606060606060606C9
:1089B8000C039C03F801F00000000000FE01FE0318
:1089C80006070606060606060607FE03FE0106005B
:1089D800060006000600060000000000F000F8018E
:1089E8009C030C0306060606060606060606C606C9
:1089F800CC039C03F807F00600000000FE01FE030C
:108A080006070606060606060607FE03FE01E6003A
:108A1800C60186030607060600000000F801FC03ED
:108A28000E07060606000E00FC01F8030007000604
:108A380006060E07FC03F80100000000FC03FC0317
:108A4800600060006000600060006000600060001E
:108A58006000600060006000000000000606060676
:108A6800060606060606060606060606060606069E
:108A780006060C03FC03F8010000000006060606C3
:108A880006060C030C030C03980198019801F000EA
:108A9800F000F00060006000000000000606060616
:108AA8000606060606060606060666066606F606AE
:108AB8009E070E070E0706060000000006060606BB
:108AC8000C030C039801F00060006000F0009801AE
:108AD8000C030C0306060606000000000606060640
:108AE8000C030C0398019801F000F000600060008E
:108AF800600060006000600000000000FE07FE07E4
:108B0800000300038001C00060006000300018000E
:108B18000C000C00FE07FE0700000000F801F80139
:108B2800180018001800180018001800180018007D
:108B380018001800F801F801000000000000020009
:108B480006000E001C0038007000E000C001800321
:108B58000007000E000C000000000000F801F801FA
:108B680080018001800180018001800180018001F5
:108B780080018001F801F801000000004000E000D9
:108B8800F001B8031C070E0E060C000000000000E0
:108B980000000000000000000000000000000000CD
:108BA80000000000000000000000000000000000BD
:108BB8000000000000000000FE0FFE0F0000E000B3
:108BC800E000E00060006000C0000000000000005D
:108BD800000000000000000000000000000000008D
:108BE800000000000000F803FC070006F807FC0777
:108BF80006060606FE07FC07000000000600060041
:108C0800060006000600F601FE030E070606060625
:108C180006060607FE03FE01000000000000000033
:108C2800000000000000F801FC030E060600060024
:108C380006000E06FC03F80100000000000600060E
:108C4800000600060006F806FC078E07060606065C
:108C580006060E06FC07F8070000000000000000EA
:108C6800000000000000F801FC030E06FE07FE03EA
:108C780006000E00FC03F80100000000E001F0010E
:108C88003800180018001800FE00FE001800180030
:108C9800180018001800180000000000000000006C
:108CA800000000000000F807FC070E0606060E0785
:108CB800FC07F80600060007FC03FC010600060096
:108CC800060006000600F600FE018E0306030603F2
:108CD8000603060306030603000000000000000068
:108CE80060006000000070007000600060006000BC
:108CF80060006000F801F8010000000000000000BA
:108D0800800180010000C001C00180018001800154
:108D18008001800180019801F801F0000C000C002E
:108D28000C000C000C008C01CC01EC007C007C00D9
:108D3800EC00CC018C030C030000000070007000F4
:108D4800600060006000600060006000600060001B
:108D580060006000F801F801000000000000000059
:108D68000000000000009A01FE03FE076606660682
:108D7800660666066606660600000000000000003B
:108D8800000000000000FC01FC030C070C060C06A8
:108D98000C060C060C060C06000000000000000083
:108DA800000000000000F801FC030E070606060696
:108DB80006060E07FC03F801000000000000000092
:108DC800000000000000FE01FE0306070606060676
:108DD8000E07FE03F601060006000600000000006C
:108DE800000000000000F807FC070E06060606064D
:108DF8000E07FC07F8060006000600060000000043
:108E0800000000000000EC03FC071C060C000C002E
:108E18000C000C000C000C0000000000000000001A
:108E2800000000000000FC00FE010600FE00FC013E
:108E380080018001FE01FC00000000000000180015
:108E4800180018001800FE00FE001800180018008E
:108E580018001800F801F0010000000000000000F0
:108E680000000000000006060606060606060606BE
:108E780006060E07FC07F8060000000000000000C8
:108E8800000000000000060606060C030C0398010B
:108E98009801F000F00060000000000000000000F1
:108EA800000000000000660666066606660666069E
:108EB800F606FC039C030801000000000000000007
:108EC80000000000000006038E03DC01F8007000BB
:108ED800F800DC018E03060300000000000000001B
:108EE8000000000000000C030C0398019801F0003A
:108EF800F000600060003000300018000000000042
:108F0800000000000000FE03FE01C0006000300009
:108F180018000C00FE03FE0300000000C003E0037D
:108F2800700030003000300038001C00380030007D
:108F3800300030007000E003C003000060006000F3
:108F48006000600060006000600060006000600019
:108F58006000600060006000000000003C007C00D1
:108F6800E000C000C000C000C0018003C001C00014
:108F7800C000C000E0007C003C00000000000000D1
:108F880038066C03C6010000000000000000000065
:108F980000000000000000000000000000000000C9
:108FA800000000006000F00098010C0306060606A9
:108FB800FE07FE0700000000000000001101440445
:108FC8001101440411014404110144041101440431
:108FD800110144041101440411014404AA0A55056D
:108FE800AA0A5505AA0A5505AA0A5505AA0A550541
:108FF800AA0A5505AA0A5505AA0A5505EE0EBB0B7D
:10900800EE0EBB0BEE0EBB0BEE0EBB0BEE0EBB0B50
:10901800EE0EBB0BEE0EBB0BEE0EBB0B6000600042
:109028006000600060006000600060006000600038
:109038006000600060006000600060006000600028
:10904800600060006000600060007F007F006000DA
:109058006000600060006000600060006000600008
:1090680060006000600060007F007F0060007F009B
:109078007F00600060006000600060006C006C00B1
:109088006C006C006C006C006C006F006F006C0072
:109098006C006C006C006C006C006C000000000040
:1090A800000000000000000000007F007F006C004E
:1090B8006C006C006C006C006C006C000000000020
:1090C80000000000000000007F007F0060007F00BB
:1090D8007F00600060006000600060006C006C0051
:1090E8006C006C006C006C006F006F0060006F001B
:1090F8006F006C006C006C006C006C006C006C0005
:109108006C006C006C006C006C006C006C006C00F7
:109118006C006C006C006C006C006C0000000000BF
:1091280000000000000000007F007F0060006F006A
:109138006F006C006C006C006C006C006C006C00C4
:109148006C006C006C006C006F006F0060007F00AA
:109158007F00000000000000000000006C006C00B0
:109168006C006C006C006C006C007F007F000000DD
:109178000000000000000000000000006000600027
:1091880060006000600060007F007F0060007F007A
:109198007F00000000000000000000000000000048
:1091A800000000000000000000007F007F00600059
:1091B80060006000600060006000600060006000A7
:1091C80060006000600060006000E00FE00F0000D9
:1091D80000000000000000000000000060006000C7
:1091E80060006000600060006000FF0FFF0F00007B
:1091F8000000000000000000000000000000000067
:1092080000000000000000000000FF0FFF0F6000DA
:109218006000600060006000600060006000600046
:1092280060006000600060006000E00FE00F600018
:1092380060006000600060006000600000000000E6
:1092480000000000000000000000FF0FFF0F0000FA
:109258000000000000000000000000006000600046
:1092680060006000600060006000FF0FFF0F60009A
:1092780060006000600060006000600060006000E6
:109288006000600060006000E00FE00F6000E00F29
:10929800E00F600060006000600060006C006C001F
:1092A8006C006C006C006C006C00EC0FEC0F6C0038
:1092B8006C006C006C006C006C006C006C006C0046
:1092C8006C006C006C006C00EC0FEC0F0C00FC0FD9
:1092D800FC0F00000000000000000000000000007B
:1092E8000000000000000000FC0FFC0F0C00EC0F59
:1092F800EC0F6C006C006C006C006C006C006C0077
:109308006C006C006C006C00EF0FEF0F0000FF0F9B
:10931800FF0F000000000000000000000000000037
:109328000000000000000000FF0FFF0F0000EF0F1B
:10933800EF0F6C006C006C006C006C006C006C0033
:109348006C006C006C006C00EC0FEC0F0C00EC0F68
:10935800EC0F6C006C006C006C006C0000000000EE
:109368000000000000000000FF0FFF0F0000FF0FCB
:10937800FF0F000000000000000000006C006C00FF
:109388006C006C006C006C00EF0FEF0F0000EF0F2B
:10939800EF0F6C006C006C006C006C0060006000EB
:1093A8006000600060006000FF0FFF0F0000FF0F0B
:1093B800FF0F000000000000000000006C006C00BF
:1093C8006C006C006C006C006C00FF0FFF0F00005D
:1093D8000000000000000000000000000000000085
:1093E8000000000000000000FF0FFF0F0000FF0F4B
:1093F800FF0F600060006000600060000000000077
:1094080000000000000000000000FF0FFF0F6C00CC
:109418006C006C006C006C006C006C006C006C00E4
:109428006C006C006C006C006C00FC0FFC0F000002
:109438000000000000000000000000006000600064
:109448006000600060006000E00FE00F6000E00F67
:10945800E00F000000000000000000000000000015
:109468000000000000000000E00FE00F6000E00FC7
:10947800E00F600060006000600060000000000015
:1094880000000000000000000000FC0FFC0F6C0052
:109498006C006C006C006C006C006C006C006C0064
:1094A8006C006C006C006C006C00EF0FEF0F6C0030
:1094B8006C006C006C006C006C006C0098019801EA
:1094C8000000FE07FE0706000600FE01FE0106007A
:1094D80006000600FE07FE070000000060006000AE
:1094E8006000600060006000FF0FFF0F0000FF0FCA
:1094F800FF0F6000600060006000600060006000B6
:10950800600060006000600060007F007F00000075
:109518000000000000000000000000000000000043
:1095280000000000000000000000E00FE00F6000F5
:10953800600060006000600060006000FF0FFF0FC7
:10954800FF0FFF0FFF0FFF0FFF0FFF0FFF0FFF0FA3
:10955800FF0FFF0FFF0FFF0FFF0FFF0F00000000AF
:10956800000000000000000000000000FF0FFF0FD7
:10957800FF0FFF0FFF0FFF0FFF0FFF0F3F003F0011
:109588003F003F003F003F003F003F003F003F00DB
:109598003F003F003F003F003F003F00C00FC00FAB
:1095A800C00FC00FC00FC00FC00FC00FC00FC00F3B
:1095B800C00FC00FC00FC00FC00FC00FFF0FFF0FAD
:1095C800FF0FFF0FFF0FFF0FFF0FFF0F000000003F
:1095D8000000000000000000000000000000000083
:1095E80000001803A404440404040404080210013D
:1095F800A000400000000000000000000000000083
:10960800C00320041C08FE0FFE0FFE0FFE0FFC0710
:10961800F803000000000000000000000000000047
:10962800C00320041C08FE0F0208020802080404F4
:10963800F803000000000000000000000000000027
:109648000000C000A000A000A000900000000000E2
:109658000000000000000000000000000000C00042
:10966800A000A000A00090000000FE0700009000ED
:109678009000E00080008000000000000000000072
:109688000000980160000C030C0398019801F00099
:10969800F00060006000300030001800F000F801B1
:1096A80098019801F801F000000000000000000097
:1096B80000000000000000000000000000000000A2
:1096C800980198010000F801FC030E06FE07FE074A
:1096D80006000600FC03F80100000000000000007E
:1096E800000000000000F000F801F801F801F8019E
:1096F800F000000000000000000000000000000072
:1097080000000000000000004000E000E000400011
:109718000000000000000000000000000000C00F72
:10972800C00FC000C000C000C000C000C400CC0012
:10973800D800F000E000C00000000000C300C70629
:10974800C70FC709CF0FCB06CB00DB00D30FF30F32
:10975800E300E300E300C300000000000000060689
:10976800F606FC030E0706060606060606060E079C
:10977800FC03F606060600000000000000000000DA
:1097880000000000F000F000F000F000F000F00031
:1097980000000000000000000000000000000000C1
:1097A80000000000000000000000000000000000B1
:1097B800000000000000000000000000F007F807AB
:1097C8001C060C060606060606060606FE07FE0723
:1097D800060606060606060600000000FE07FE0747
:1097E8000600060006000600FE01FE030607060640
:1097F80006060607FE03FE0100000000FE00FE014B
:109808008603060306038603FE01FE030607060613
:1098180006060607FE03FE0100000000FE07FE071D
:109828000600060006000600060006000600060000
:10983800060006000600060000000000F007F80712
:109848001C060C0606060606060606060606060694
:1098580006060606FF0FFF0F030C030CFE07FE07A4
:109868000600060006000600FE01FE0106000600CE
:1098780006000600FE07FE07000000006108630CF2
:10988800630C670666066E03FC03FC036E07660638
:10989800670E630C630C610800000000F803FC0706
:1098A8000E0E060C000C000EF007F0030006000C6C
:1098B800060C0E0EFC07F80300000000060606075B
:1098C80006078607C606C60666066606360636060E
:1098D8001E060E060E06060600000000460666076F
:1098E80026078607C606C6066606660636063606CE
:1098F8001E060E060E0606060000000006060607EF
:109908008603C601E60076003E003E007600E600CB
:10991800C60186030607060600000000F007F807E0
:109928001C060C06060606060606060606060606B3
:1099380006060606060606060000000006060E07CE
:109948000E079E079E07F606F606660666060606D4
:1099580006060606060606060000000006060606B7
:109968000606060606060606FE07FE07060606069D
:10997800060606060606060600000000F000F801C6
:109988009C030C03060606060606060606060606D9
:109998000C039C03F801F00000000000FE07FE071E
:1099A800060606060606060606060606060606064F
:1099B800060606060606060600000000FE01FE036F
:1099C80006070606060606060607FE03FE0106004B
:1099D800060006000600060000000000F001F8037B
:1099E8001C070C0606000600060006000600060016
:1099F8000C061C07F803F00100000000FC03FC0340
:109A0800600060006000600060006000600060004E
:109A180060006000600060000000000006060606A6
:109A28000606060606060606FE07FC0700060006EA
:109A380000060603FE03FC01000000006000600051
:109A4800FC03FE0766066606660666066606FE07E9
:109A5800FC036000600060000000000006060606C7
:109A68000C030C039801F00060006000F0009801FE
:109A78000C030C0306060606000000000603060396
:109A88000603060306030603060306030603060386
:109A980006030603FE07FE0700060006060606067E
:109AA8000606060606060606FE07FC07000600066A
:109AB80000060006000600060000000066066606AE
:109AC800660666066606660666066606660666062E
:109AD80066066606FE07FE070000000066066606C4
:109AE800660666066606660666066606660666060E
:109AF80066066606FE0FFE0F000C000C1F001F0016
:109B08001B001B001800F801F803180718061806B0
:109B180018061807F803F8010000000006060606F4
:109B28000606060606063E067E06E606C606C606BD
:109B3800C606E6067E063E06000000000600060091
:109B4800060006000600FE01FE03060706060606D6
:109B580006060607FE03FE0100000000F800FC01EF
:109B68008E03060300060006F007F007000600064D
:109B780006038E03FC01F80000000000C301E303A4
:109B8800730733061B0C1B0C1F0C1F0C1B0C1B0C28
:109B980033067307E303C30100000000F807FC075E
:109BA8000E060606060606060E06FC07F8077006E9
:109BB80038061C060E06060600000000000000001D
:109BC800000000000000F803FC070006F807FC0787
:109BD80006060606FE07FC0700000000000000005D
:109BE8000002FC03FE010600F601FE030E0706064E
:109BF80006060607FE03FC01000000000000000046
:109C0800000000000000FC01FC030C030C03FC0135
:109C18000C030C03FC03FC01000000000000000022
:109C2800000000000000FC03FC030C000C000C000A
:109C38000C000C000C000C000000000000000000EC
:109C4800000000000000F003F8030C030C030C03F1
:109C58000C030C03FE07FE070606060600000000BC
:109C6800000000000000F801FC030E06FE07FE03DA
:109C780006000E00FC03F8010000000000000000D0
:109C8800000000000000630C670E6E07FC03FC0375
:109C98006C036606670E630C0000000000000000FD
:109CA800000000000000F000F8010C030003E001D0
:109CB80000030C03F801F0000000000000000000A1
:109CC8000000000000000C060C060C078C07CC06F0
:109CD8006C063C061C060C06000000000000000094
:109CE8008000C00040000C060C060C078C07CC0650
:109CF8006C063C061C060C06000000000000000074
:109D08000000000000008C01CC01EC007C007C000D
:109D1800EC00CC018C030C030000000000000000E4
:109D2800000000000000F003F8030C030C030C0310
:109D38000C030C030C030C030000000000000000DF
:109D48000000000000000E079E079E07F606660644
:109D580006060606060606060000000000000000CB
:109D68000000000000000C060C060C060C06FC07A0
:109D7800FC070C060C060C060000000000000000A2
:109D8800000000000000F801FC030E0706060606A6
:109D980006060E07FC03F8010000000000000000A2
:109DA800000000000000FC07FC070C060C060C066F
:109DB8000C060C060C060C06000000000000000053
:109DC800000000000000FE01FE0306070606060666
:109DD8000E07FE03F601060006000600000000005C
:109DE800000000000000F801FC030E060600060053
:109DF80006000E06FC03F801000000000000000049
:109E0800000000000000FC03FC036000600060002C
:109E180060006000600060000000000000000000BA
:109E28000000000000000C030C0398019801F000EA
:109E3800F0006000600030003000180000000000F2
:109E48000000000000006000FC03FE0766066606CE
:109E580066066606FE07FC0360006000000000005E
:109E680000000000000006038E03DC01F80070000B
:109E7800F800DC018E03060300000000000000006B
:109E88000000000000000C030C030C030C030C037F
:109E98000C030C03FC07FC0700060006000000008A
:109EA8000000000000000C030C030C030C03FC036F
:109EB800F803000300030003000000000000000096
:109EC800000000000000660666066606660666066E
:109ED80066066606FE07FE07000000000000000098
:109EE800000000000000660666066606660666064E
:109EF80066066606FE0FFE0F000C000C0000000050
:109F08000000000000003E003E003600F003F007AD
:109F180030063006F007F0030000000000000000E3
:109F28000000000000000606060606067E06FE067D
:109F3800C606C606FE067E060000000000000000F9
:109F48000000000000000C000C000C00FC01FC03E9
:109F58000C030C03FC03FC010000000000000000DF
:109F6800000000000000F800FC010603E003E00325
:109F780000038603FC01F800000000000000000058
:109F8800000000000000C601E60376073E063E0614
:109F980036067607E603C601000000000000000050
:109FA800000000000000F803FC030C030C03F80396
:109FB800700338031C030C030000000000000000BD
:109FC8000000040A0E0A0400040E0A0E0400000A27
:109FD8000E0E040000040E0E0400040E0E040E0003
:109FE80004040E040E000000040000000F0F0B0F05
:109FF8000F0F000000000000000000000000000C2F
:10A0080008060600040A040E040000000000000010
:10A01800040C0A080400040E0A0E040002060E06C8
:10A028000200080C0E0C0800040E040E04000A0AB4
:10A038000A000A000E0B0B0A0A000C060A0C06009E
:10A04800000006060000040E040E040E040E0404AC
:10A0580004000404040E040000040F0400000002BD
:10A068000F0200000000020E0000000A0E0A0000A5
:10A0780000040E0E0000000E0E0400000000000098
:10A0880000000404040004000A0A000000000A0E8C
:10A098000A0E0A00040C060C060402080402080052
:10A0A800040A0C0A0E000602000000000402020264
:10A0B80004000204040402000A040E040A00000456
:10A0C8000E04000000000000060200000E00000060
:10A0D8000000000004000808040202000C0A0A0A32
:10A0E8000600040604040E00060804020E00060812
:10A0F80004080600080A0E0808000E0206080600F2
:10A108000402060A04000E080C040400040A040AE7
:10A118000400040A0C080400000004000400000005
:10A128000400060208040204080000000E000E00E5
:10A138000204080402000608040004000E0A0A02C9
:10A148000E00040A0E0A0A00060A060A06000C0295
:10A1580002020C00060A0A0A06000E0206020E0097
:10A168000E02060202000C020A0A0C000A0A0E0A73
:10A178000A000E0404040E000808080A04000A0A6B
:10A18800060A0A00020202020E000A0E0E0A0A005D
:10A198000A0E0A0A0A00040A0A0A0400060A060243
:10A1A8000200040A0A0E0C00060A060A0A000C023B
:10A1B8000E0806000E04040404000A0A0A0A0E0027
:10A1C8000A0A0A0A04000A0A0E0E0A000A0A040AFF
:10A1D8000A000A0A040404000E0804020E0006021B
:10A1E800020206000202040808000604040406002D
:10A1F800040A0000000000000000000F0604000030
:10A20800000000000C0A0E000202060A0600000008
:10A218000C020C0008080C0A0C0000000E060C00CA
:10A2280008040E04040000000E0A080E0202060AC2
:10A238000A000400040404000400040404060202E2
:10A248000A060A0004040404040000000E0E0A00B2
:10A258000000060A0A000000040A04000000060ABA
:10A26800060200000C0A0C080000060202000000AA
:10A278000C04060000040E040C0000000A0A0E007C
:10A2880000000A0A040000000A0E0E0000000A047A
:10A298000A0000000A0A0402000006040C000C046C
:10A2A80006040C0004040404040006040C0406005C
:10A2B8000A050000000000040A0E0000000000006B
:10A2C800000000000000000006020000000000007E
:10A2D800000000000A0A000000000000040004005A
:10A2E80004040F040404040F000F04040000000019
:10A2F8000000020804020800000000000000080432
:10A308000204080000000000000000000000000037
:10A318000000000000000000000000000000000035
:10A3280000000602000000000602000000000A0A01
:10A33800000000000A0A00000000000004000000FD
:10A3480000000E00000000000E00000000000000E9
:10A3580000000E04040404000000000000000204D1
:10A3680008040200000000000000000000000000D7
:10A3780000000000000000000000000000000000D5
:10A38800000007050704030000020505020100009C
:10A39800000000000007050507000000000000009D
:10A3A8000404040404040C060A0C06000701030153
:10A3B800070000000C020C00060107010600080453
:10A3C8000204080000000704040400000E00000056
:10A3D800060A060A0A00050202020200040A04002C
:10A3E800000000040E04000000000000000000004F
:10A3F8000000000000000000000000000507040045
:10A408000E0B0B0A0A0000000400000005000703F9
:10A4180006000507070705000000060306000204FA
:10A428000804020000000000000000000000000016
:10A4380000000000000000000502020002050705F8
:10A4480005000701030503000305030503000701D1
:10A4580001010100020202070500070103010700CC
:10A468000507020705000704060407000505070796
:10A478000500070507070500050303050500060590
:10A48800050505000507050505000505070505007F
:10A49800020505050200070505050500030503017A
:10A4A800010006010101060007020202020005057B
:10A4B8000704030002070507020005050205050059
:10A4C800050505050F080505070404000505070728
:10A4D8000700050507070F0803020606060005051D
:10A4E8000705070001010305030003040604030030
:10A4F800050F0B0F050006050605050000000605FB
:10A50800060000000703070000000307070000001B
:10A51800070101000000020705000000070306000C
:10A5280000000702070000000706070000000507F3
:10A5380005000200050705000000050305000000EE
:10A5480006050500000005070700000005070500CF
:10A5580000000205020000000705050000000305D1
:10A5680003010000060106000000070202000000C7
:10A5780005050201000007050702000005020500A5
:10A58800000005050F080000050704000000050786
:10A598000700000005070F0800000306060000007A
:10A5A8000507070000000107070000000306030075
:10A5B8000000050F05000000070605000000000068
:10A5C800000000001C2236222A221C001C3E2A3EC3
:10A5D800223E1C0000143E3E3E1C080000081C3EA3
:10A5E8003E1C0800081C1C083E3E080000081C3ED3
:10A5F8003E081C000000000C0C0000003F3F3F33E9
:10A60800333F3F3F00000000000000000000000052
:10A61800000000000038302C12120C001C22221CF2
:10A62800081C08000000000000000000302C342C3A
:10A6380034360600002A1C361C2A0000040C1C3C78
:10A648001C0C040010181C1E1C181000081C3E08C6
:10A658003E1C080014141414140014003C2A2A2C5C
:10A66800282828001C220C1418221C0000001E1E7A
:10A678001E1E0000081C3E083E1C081C081C3E0844
:10A6880008080800080808083E1C08000008183ECA
:10A698001808000000080C3E0C080000000000022A
:10A6A80002023E000014143E1414000008081C1C8A
:10A6B8003E3E00003E3E1C1C080800000000000052
:10A6C80000000000081C1C080800080036361200AC
:10A6D8000000000000143E14143E1400041C020C78
:10A6E800100E08002626100804323200040A0A0454
:10A6F8002A122C000C0C04000000000008040404BA
:10A7080004040800040808080808040000141C3E93
:10A718001C1400000008083E0808000000000000A3
:10A72800000C0C040000003E0000000000000000C7
:10A73800000C0C0000201008040200001C22322A21
:10A7480026221C00080C080808081C001C222018D7
:10A7580004023E001C22201C20221C001018141287
:10A768003E1010003E02021E20221C001804021E89
:10A7780022221C003E201008040404001C22221C73
:10A7880022221C001C22223C20100C0000000C0C71
:10A79800000C0C0000000C0C000C0C041008040247
:10A7A8000408100000003E00003E000004081020CD
:10A7B800100804001C222018080008001C223A2A4D
:10A7C8003A021C001C2222223E2222001E22221EA5
:10A7D80022221E001C22020202221C001E22222209
:10A7E80022221E003E02021E02023E003E02021EFD
:10A7F800020202001C22023A22223C002222223EAD
:10A80800222222001C08080808081C0020202020FA
:10A8180022221C0022120A060A1222000202020246
:10A8280002023E0022362A222222220022262A3230
:10A83800222222001C22222222221C001E22221E48
:10A84800020202001C2222222A122C001E22221E90
:10A85800122222001C22021C20221C003E0808088A
:10A86800080808002222222222221C002222222258
:10A878002214080022222A2A2A2A14002222140832
:10A888001422220022222214080808001E1008049C
:10A8980002021E001C04040404041C000002040834
:10A8A800102000001C10101010101C0008142200AA
:10A8B800000000000000000000003F000C0C080031
:10A8C8000000000000001C203C223C0002021E2266
:10A8D80022221E0000001C2202221C0020203C22F2
:10A8E80022223C0000001C221E021C001804041E28
:10A8F8000404040000003C22223C201C02020E1228
:10A908001212120008000808080818001000181091
:10A918001010120C0202120A060A1200080808088F
:10A92800080818000000162A2A22220000000E1229
:10A938001212120000001C2222221C0000001E22FB
:10A9480022221E0200003C2222223C2000001A245F
:10A9580004040E0000001C021C201C0000041E043D
:10A968000414080000001212121A14000000222217
:10A9780022140800000022222A3E140000001212AD
:10A988000C12120000001212121C080600001E1001
:10A998000C021E0018040406040418000808080025
:10A9A800080808000C10103010100C00140A0000E1
:10A9B80000000000081C3622223E000000000000B3
:10A9C8000000000000000000000000000C0C040063
:10A9D80000000000000000000000000036361200F1
:10A9E8000000000000000C0C000C0C000808083FD8
:10A9F80008080808083F083F080808080000000081
:10AA08000000000026261008043232000000000072
:10AA180000000000100804020408100000000000F4
:10AA2800000000000000000000000000000000001E
:10AA3800000000000000000000000000000000000E
:10AA4800000000000C0C0400000000000C0C0400C6
:10AA580000000000363612000000000036361200F2
:10AA6800000000000000000C0C0000000000003E88
:10AA7800000000000000003E000000000000000090
:10AA8800000000003E080808080808000000000050
:10AA98000000000004081020100804000000000056
:10AAA800000000000000000000000000000000009E
:10AAB800000000000000000000000000000000008E
:10AAC800000000002A2A223C20221C000C0012123E
:10AAD800121C0806000000000000000000331E33AE
:10AAE8001E330000000000000000000008080808ED
:10AAF800080808081C220C1418221C00143E021E08
:10AB080002023E0000001C2202221C001C22020E2F
:10AB180002221C0010080402040810000000000FA4
:10AB2800080808080000003E000000001E22221E3F
:10AB3800122222002208080808081C000C12120C15
:10AB4800000000000008083E08080000000000009F
:10AB580000000000000000000000000000000000ED
:10AB680000000000000022223C2020003C2A2A2C61
:10AB780028282800000000040000000014001C22FF
:10AB88001E021C00393B0B0D3D09090000001C2268
:10AB98000E221C0004081020100804000000000009
:10ABA800000000000000000000000000000000009D
:10ABB8000000000014000808080818001C222222BF
:10ABC8003E2222003E02021E22221E001E22221EB9
:10ABD80022221E003E020202020202001C1212126F
:10ABE800123F21003E02021E02023E002A2A2A1CAF
:10ABF8002A2A2A000E11100E10110E0022222232CB
:10AC08002A2622002A2A22322A26220022120A066C
:10AC18000A122200382424242424260022362A2238
:10AC2800222222002222223E222222001C2222222A
:10AC380022221C003E222222222222001E22221E22
:10AC4800020202001C22020202221C003E0808081E
:10AC5800080808002222223C20221C001C2A2A2A3A
:10AC68001C080800222214081422220012121212B0
:10AC780012123E202222223C202020002A2A2A2AA0
:10AC88002A2A3E002A2A2A2A2A2A3E200705041CA4
:10AC980024241C002222222E32322E000202021EFE
:10ACA80022221E001C22203820221C00122A2A2EB2
:10ACB8002A2A12003C22223C2422220000001C20C6
:10ACC8003C223C00201C021E22221C0000001E22E6
:10ACD8001E221E0000001E120202020000001C12AA
:10ACE800123F210000001C221E021C0000002A2A1C
:10ACF8001C2A2A0000001C2218221C0000002232F4
:10AD08002A262200001822322A2622000000120ACF
:10AD1800060A120000001C1212121100000022364E
:10AD28002A222200000022223E22220000001C22A9
:10AD380022221C0000003E222222220000001E22A5
:10AD480022221E0200001C2202221C0000003E08D3
:10AD58000808080000001212121C080600001C2A2D
:10AD68002A1C0800000012120C1212000000121215
:10AD780012123E20000022223C20200000002A2A35
:10AD88002A2A3E0000002A2A2A2A3E200000070517
:10AD98001C241C00000022222E322E000000020279
:10ADA8001E221E0000001C2238221C000000122A4D
:10ADB8002E2A120000003C223C2422000000000041
:10ADC8000000000000000000007EC381A581BD993D
:10ADD800C37E0000007EFFFFDBFFC3E7FF7E0000AD
:10ADE800000022777F7F7F3E1C08000000081C3E81
:10ADF8007F7F3E1C0800000000183C3CFFE7E71876
:10AE0800187E000000183C7EFFFF7E18187E0000A8
:10AE1800000000003C7E7E3C00000000FFFFFFFFBA
:10AE2800C38181C3FFFFFFFF000000000000000096
:10AE3800000000000000000000000000000000000A
:10AE4800007C705C4E1F3333331E0000003C666686
:10AE5800663C187E18180000000000000000000082
:10AE68000000000000FEC6FEC6C6C6E6E76703008F
:10AE7800000018DB7EE7E77EDB180000000103070F
:10AE88001F7F1F0703010000004060707C7F7C70FB
:10AE98006040000000183C7E1818187E3C1800001E
:10AEA80000666666666600006666000000FEDBDB1C
:10AEB800DBDED8D8D8D80000007EC60C3C66663CDD
:10AEC80030637E0000003C3C3C3C3C3C3C3C000089
:10AED80000183C7E1818187E3C187E0000183C7E2E
:10AEE8001818181818180000001818181818187EBC
:10AEF8003C18000000000018307F301800000000E7
:10AF08000000000C067F060C000000000000000096
:10AF18000303037F000000000000002466FF66248E
:10AF280000000000000008081C1C3E3E7F7F000057
:10AF380000007F7F3E3E1C1C080800000000000047
:10AF48000000000000000000000C1E1E1E0C0C007B
:10AF58000C0C00000066666624000000000000007B
:10AF68000036367F3636367F363600000C0C3E0308
:10AF7800031E30301F0C0C000000002333180C0691
:10AF880033310000000E1B1B0E5F7B333B6E00004D
:10AF9800000C0C0C06000000000000000030180C2B
:10AFA8000606060C1830000000060C183030301861
:10AFB8000C060000000000663CFF3C660000000034
:10AFC80000000018187E181800000000000000009B
:10AFD800000000001C1C060000000000007F0000AC
:10AFE8000000000000000000000000001C1C000021
:10AFF8000000406030180C0603010000003E636B3F
:10B008006B6B6B6B633E000000080C0F0C0C0C0C98
:10B018000C3F0000001E333330180C06333F00008D
:10B02800001E3330301C3030331E00000030383CF6
:10B0380036337F3030780000003F0303031F303081
:10B04800331E0000001C0603031F3333331E0000A9
:10B05800007F63636030180C0C0C0000001E333353
:10B06800371E3B33331E0000001E3333333E18189F
:10B078000C0E00000000001C1C00001C1C0000003E
:10B088000000001C1C00001C1C180C000030180CD0
:10B098000603060C18300000000000007E007E0049
:10B0A8000000000000060C18306030180C06000084
:10B0B800001E3330180C0C000C0C0000003E6363BB
:10B0C8007B7B7B03033E0000000C1E3333333F338E
:10B0D80033330000003F6666663E6666663F0000E2
:10B0E800003C666303030363663C0000001F36668A
:10B0F80066666666361F0000007F4606263E260600
:10B10800467F0000007F6646263E2606060F0000A2
:10B11800003C666303037363667C000000333333CB
:10B12800333F333333330000001E0C0C0C0C0C0C73
:10B138000C1E00000078303030303333331E0000EE
:10B1480000676636361E363666670000000F06064C
:10B1580006064666667F00000063777F7F6B636341
:10B1680063630000006363676F7F7B736363000042
:10B17800001C366363636363361C0000003F666629
:10B18800663E0606060F0000001C36636363737B89
:10B198003E307800003F6666663E366666670000A9
:10B1A800001E3333030E1833331E0000003F2D0CEE
:10B1B8000C0C0C0C0C1E00000033333333333333C8
:10B1C800331E000000333333333333331E0C000097
:10B1D80000636363636B6B363636000000333333CA
:10B1E8001E0C1E333333000000333333331E0C0C74
:10B1F8000C1E0000007F7319180C0646637F0000C0
:10B20800003C0C0C0C0C0C0C0C3C00000000010366
:10B21800060C183060400000003C303030303030D0
:10B22800303C0000081C36630000000000000000ED
:10B2380000000000000000000000FF000C0C1800D7
:10B248000000000000000000000000001E303E3337
:10B25800336E0000000706063E666666663B000021
:10B26800000000001E330303331E00000038303096
:10B278003E333333336E0000000000001E333F03BB
:10B28800331E0000001C3606061F0606060F0000C7
:10B29800000000006E3333333E30331E00070606CD
:10B2A800366E666666670000001818001E181818C3
:10B2B800187E0000003030003C3030303033331E10
:10B2C8000007060666361E3666670000001E181858
:10B2D80018181818187E0000000000003F6B6B6BF0
:10B2E8006B630000000000001F333333333300006A
:10B2F800000000001E333333331E0000000000003E
:10B308003B666666663E060F000000006E33333308
:10B31800333E30780000000037766E06060F0000D6
:10B32800000000001E330618331E0000000004064B
:10B338003F060606361C0000000000003333333396
:10B34800336E000000000000333333331E0C00005E
:10B358000000000063636B6B3636000000000000DD
:10B3680063361C1C366300000000000066666666D3
:10B378003C30180F000000003F311806233F000042
:10B3880000380C0C0603060C0C38000000181818BE
:10B39800180018181818000000070C0C1830180CA2
:10B3A8000C07000000CE5B730000000000000000E6
:10B3B800000000081C3663637F00000000000000E6
:10B3C8000000000000000000000000000000000075
:10B3D80000000000000C0C0C06000000000000003B
:10B3E8000000000000000000000000000066666623
:10B3F80024000000000000000000001C1C00001CCD
:10B408001C0000001818181818FF18181818181811
:10B4180018181818FF0000FF181818180000000066
:10B4280000000000000000000000002333180C0694
:10B4380033310000000000000000000000000000A0
:10B448000030180C0603060C18300000000000003D
:10B4580000000000000000000000000000000000E4
:10B4680000000000000000000000000000000000D4
:10B4780000000000000000000000000000000000C4
:10B488000000000000000000000C0C0C060000008A
:10B4980000000000000C0C0C06000000000000007A
:10B4A800006666662400000000000000006666660C
:10B4B8002400000000000000000000003C7E7E3CEC
:10B4C8000000000000000000007F000000000000F5
:10B4D80000000000007F00000000000000000000E5
:10B4E8000000000000000000003F2D0C0C0C0C0CAC
:10B4F8000C1E00000000000000000000000000001A
:10B5080000060C18306030180C060000000000001F
:10B518000000000000000000000000000000000023
:10B528000000000000000000000000000000000013
:10B538000000000000000000000000000000000003
:10B5480000000000000000001800666666667C6067
:10B55800663C000000001800666666663C30180FFE
:10B568000000000000000000000000000000663C31
:10B57800243C6600000000000000000000000000FD
:10B588000000000018181818181818181818181893
:10B59800007EC60C3C66663C30637E00367F4606FD
:10B5A800263E2606467F0000000000001E330303E7
:10B5B800331E0000003C6663030F0363663C000013
:10B5C8000030180C0603060C1830000000000000BC
:10B5D800001F18181818181800000000007F000035
:10B5E80000000000003F6666663E3666666700003B
:10B5F80033330C0C0C0C0C0C0C1E0000003C666663
:10B60800663C00000000000000000018187E1818B2
:10B618000000000000000000000000000000000022
:10B628000000000000000000000000000000000012
:10B638000000000000000000000000003333333E2B
:10B648003030000000FEDBDBDBDED8D8D8D80000C5
:10B6580000000000001800000000000000121200A6
:10B668001E333F03331E000000737333377F7B3371
:10B6780033330000000000001E330F03331E0000A8
:10B6880000060C18306030180C060000000000009E
:10B6980000000000000000000000000000000000A2
:10B6A8000000000000000000000000000000000092
:10B6B8000066660018181818183C0000000C1E33A5
:10B6C80033333F3333330000007F46063E666666F9
:10B6D800663F0000003F6666663E6666663F00009D
:10B6E800007F464606060606060F0000007C6666D2
:10B6F8006666666666FFC300007F4606263E260627
:10B70800467F00000099DB5A7E3C7E5ADB99000098
:10B71800003C666260386062663C000000636373E8
:10B728007B7F6F6763630000186B6F737B7F6F6746
:10B738006363000000676636361E363666670000AB
:10B7480000787C6666666666666300000063777FDD
:10B758007F6B63636363000000636363637F63639A
:10B7680063630000001C366363636363361C000078
:10B77800007F63636363636363630000003F66661F
:10B78800663E0606060F0000003C6663030303637B
:10B79800663C0000007E5A1818181818183C00005B
:10B7A8000066666666667C60663C000000187EDBA4
:10B7B800DBDBDB7E18180000003333331E0C1E332E
:10B7C800333300000033333333333333337F600094
:10B7D8000063636363637E6060600000006B6B6B93
:10B7E8006B6B6B6B6B7F0000006B6B6B6B6B6B6BCE
:10B7F8006BFFC00000070706063E6666663E00004F
:10B8080000636363636F7B7B7B6F0000000003034F
:10B81800033F6363633F0000001E33636078606327
:10B82800331E00000073DBDBDFDFDBDBDB730000D4
:10B8380000FC6666667C6C6666E700000000000037
:10B848001E303E33336E0000000000203E031F33DD
:10B85800331E0000000000001F331F33331F000099
:10B86800000000003F030303030300000000000082
:10B878003E363636367F6300000000001E333F0335
:10B88800331E000000000000496B3E3E6B4900007B
:10B89800000000001E311C30311E000000000000B6
:10B8A80033333B3F373300000010180833333B3F36
:10B8B8003733000000000000331B0F1B1333000058
:10B8C80000000000383C343632330000000000002D
:10B8D80063776B6B636300000000000033333F3312
:10B8E80033330000000000001E333333331E0000E2
:10B8F800000000003F333333333300000000000002
:10B908001F333333331F0303000000001E330303C8
:10B91800331E0000000000003F0C0C0C0C0C000053
:10B9280000000000666666667C60663C00000008F1
:10B938003E6B6B6B3E0808000000000063361C1C61
:10B94800366300000000000033333333337F600078
:10B95800000000003333333E3030000000000000A8
:10B968006B6B6B6B6B7F0000000000006B6B6B6B8D
:10B978006BFFC0000000000007073E66663E00003F
:10B988000000000063636F7B7B6F00000000000015
:10B9980003031F33331F0000000000001E333C3038
:10B9A800331E0000000000003B6F6F6F6F3B00000C
:10B9B800000000003E33333E363300000000000034
:10B9C800000000007E81A581BD99817E7EFFDBFF9E
:10B9D800C3E7FF7E367F7F7F3E1C0800081C3E7F42
:10B9E8003E1C08001C3E1C7F7F6B081C08081C3E80
:10B9F8007F3E081C0000183C3C180000FFFFE7C30E
:10BA0800C3E7FFFF00000000000000000000000086
:10BA180000000000F0E0F0BE3333331E3C6666667B
:10BA28003C187E180000000000000000FEC6FEC69C
:10BA3800C6E66703995A3CE7E73C5A9901071F7F16
:10BA48001F07010040707C7F7C704000183C7E1806
:10BA5800187E3C186666666666006600FEDBDBDEFE
:10BA6800D8D8D8007EC31E33331E311F00003C3C9B
:10BA78003C3C0000183C7E187E3C18FF183C7E18A1
:10BA880018181800181818187E3C18000018307F6D
:10BA980030180000000C067F060C000000000303AD
:10BAA800037F0000002466FF6624000000183C7E27
:10BAB800FFFF000000FFFF7E3C18000000000000B0
:10BAC800000000000C1E1E0C0C000C003636360060
:10BAD8000000000036367F367F3636000C3E031EE7
:10BAE800301F0C00006333180C6663001C361C6E94
:10BAF8003B336E000606030000000000180C060623
:10BB0800060C1800060C1818180C060000663CFFF6
:10BB18003C660000000C0C3F0C0C0000000000000C
:10BB2800000E0C060000003F0000000000000000AE
:10BB3800000C0C006030180C060301001E333B3F5C
:10BB480037331E000C0F0C0C0C0C3F001E33301C3E
:10BB580006333F001E33301C30331E00383C36336A
:10BB68007F3030003F031F3030331E001C06031F98
:10BB780033331E003F3330180C0606001E33331EC5
:10BB880033331E001E33333E30180E0000000C0CF9
:10BB9800000C0C0000000C0C000E0C06180C060320
:10BBA800060C180000003F003F000000060C18308B
:10BBB800180C06001E3330180C000C003E637B7B0B
:10BBC8007B031E000C1E33333F3333003F66663E53
:10BBD80066663F003C66030303663C003F366666C4
:10BBE80066363F007F46161E16467F007F46161EA5
:10BBF80016060F003C66030373667C003333333F3D
:10BC0800333333001E0C0C0C0C0C1E007830303013
:10BC180033331E006766361E366667000F06060653
:10BC280046667F0063777F6B6363630063676F7B40
:10BC3800736363001C36636363361C003F66663EAD
:10BC480006060F001E3333333B1E38003F66663E40
:10BC58001E3667001E33071C38331E003F2D0C0CA0
:10BC68000C0C1E003333333333333F003333333359
:10BC7800331E0C006363636B7F7763006363361C5A
:10BC8800366363003333331E0C0C1E007F33190CEC
:10BC980046637F001E06060606061E0003060C18ED
:10BCA800306040001E18181818181E00081C36634B
:10BCB80000000000000000000000FF000C0C18004D
:10BCC8000000000000001E303E336E0007063E668E
:10BCD80066663D0000001E3303331E003830303ED8
:10BCE80033336E0000001E333F031E001C36060F60
:10BCF80006060F0000006E33333E301F0706366E0F
:10BD0800666667000C000E0C0C0C1E0018001E184E
:10BD180018181B0E070666361E3667000E0C0C0C2C
:10BD28000C0C1E000000377F6B63630000001F339C
:10BD38003333330000001E3333331E0000003B66EC
:10BD4800663E060F00006E33333E307800001B3627
:10BD580036060F0000003E031E301F00080C3E0C84
:10BD68000C2C18000000333333336E0000003333DB
:10BD7800331E0C00000063636B7F360000006336DF
:10BD88001C36630000003333333E301F00003F1978
:10BD98000C263F00FF818181818181FFFF81BDBD2C
:10BDA800BDBD81FFFF20707CFEFE7C0007000040C7
:10BDB800FF40000000E1FDFFFD31100000C1E3FF7E
:10BDC8003F000000F0080402E1C1E1C10F10217139
:10BDD8009F8F8F87C1E1FDF1DA0C08F0878F8F8F75
:10BDE8004F20100F00000C0C000C0C00181818182D
:10BDF800FF1818181818FF18FF1818180000000066
:10BE080000000000006333180C66630000000000A7
:10BE180000000000180C0603060C180000000000C3
:10BE2800000000000000000000000000000000000A
:10BE380000000000000000000000000000000000FA
:10BE480000000000060603000000000006060300CC
:10BE58000000000036363600000000003636360096
:10BE6800000000000000183C3C1800000000003FE3
:10BE7800000000000000003F00000000000000007B
:10BE8800000000003F2D0C0C0C0C1E0000000000F0
:10BE980000000000060C1830180C06000000000016
:10BEA800000000000000000000000000000000008A
:10BEB800000000000000000000000000000000007A
:10BEC800000000000863637E60633E006B6B636381
:10BED800637E603E000000000000000000633E63D7
:10BEE800633E6300000000000000000018181818E6
:10BEF800181818187EC31E33331E311F367F461E8E
:10BF080006467F0000001E3303331E003C66031FF5
:10BF180003663C00180C0603060C1800000000001D
:10BF28001F1818180000003F000000003F66663E1A
:10BF38001E366700330C0C0C0C0C1E001C36361C0D
:10BF480000000000000C0C3F0C0C0000000000007A
:10BF580000000000000000000000000000000000D9
:10BF680000000000000063637E606000FEDBDBDE33
:10BF7800D8D8D800000000001800000033001E3395
:10BF88003F031E007133377F3B33330000003E63AD
:10BF98000F633E00060C1830180C06000000000065
:10BFA8000000000000000000000000000000000089
:10BFB8000000000033000E0C0C0C1E007C6663634E
:10BFC8007F6363007F66063E66663F003F66663EA7
:10BFD80066663F007F66060606060F00786C666692
:10BFE8006666FFC37F46161E16467F006B6B3E1CB7
:10BFF8003E6B6B001E33301C30331E006363737B53
:10C008006F6763006B63737B6F6763006766361ED9
:10C0180036666700786E66666666630063777F6B70
:10C02800636363006363637F636363001C366363F6
:10C0380063361C007F636363636363003F66663E29
:10C0480006060F003C66030303663C003F2D0C0CFC
:10C058000C0C1E006363637E60633E003E6B6B6B7B
:10C068003E081C006363361C366363003333333386
:10C0780033337F606363637E606060006B6B6B6B00
:10C088006B6B7F006B6B6B6B6B6BFFC00F0F0D3CAB
:10C098006C6C3C006363636F7B7B6F000F06063E2E
:10C0A80066663E001E33607C60331E003B6B6B6F20
:10C0B8006B6B3B007E63637E7C66630000001E3012
:10C0C8003E336E00603E033E63633E0000003F6601
:10C0D8003E663F0000007F6606060F0000003C3603
:10C0E80036367F6300001E333F031E0000006B3EA0
:10C0F8001C3E6B0000003E6338633E000000637323
:10C108007B6F6700086363737B6F670000006736A7
:10C118001E36670000007C66666667000000637F65
:10C128007F6B6300000063637F63630000001E335E
:10C1380033331E0000007F636363630000003F66C3
:10C14800663E060F00001E3303331E0000007E5AB1
:10C1580018183C0000006363637E603E00003E6B7D
:10C168006B3E081C000063361C3663000000333346
:10C1780033337F60000063637E60600000006B6B98
:10C188006B6B7F0000006B6B6B6BFFC000000F0DCB
:10C198003C6C3C00000063636F7B6F0000000F067F
:10C1A8003E663E0000003E6378633E0000003B6B45
:10C1B8006F6B3B0000007E637E666300000000003A
:10C1C8002CC2030841C0020855C102081BB300086D
:10C1D80019B0000867B10008EFB0000845B10008C1
:10C1E8006BB50008E3B500085DB60008FBB00008B1
:10C1F80093B1000809B20008CFBF02087DB2000859
:10C2080049B6000849E20208F7BF02085BB0000817
:10C21800C1B000088BB6000837494C493934383862
:10C2280000000000F0EE030820C20308F8DA030853
:10C2380000000000F4C3030809E302081DE3020834
:10C248006DDC0008EDDC00080BDD000891DC00085F
:10C25800A7DC00089DDD00087BB90008B7B8000816
:10C26800BBDC0008C9CE0208CFCE0208D5CE020832
:10C27800DBCE0208E1CE0208E7CE0208EDCE0208C6
:10C28800F1CE0208BDDC000800000000D8C3030896
:10C2980039E302084DE302086DDC0008EDDC000814
:10C2A8000BDD000891DC0008A7DC00089DDD000814
:10C2B800B5B8000857B80008BBDC0008C9CE0208AA
:10C2C800CFCE0208D5CE0208DBCE0208E1CE0208A6
:10C2D800E7CE0208EDCE0208F1CE0208BDDC000868
:10C2E80000000000BCC3030869E302087DE30208FC
:10C2F8006DDC0008EDDC00080BDD000891DC0008AF
:10C30800A7DC00089DDD000855B80008EDB7000857
:10C31800BBDC0008C9CE0208CFCE0208D5CE020881
:10C32800DBCE0208E1CE0208E7CE0208EDCE020815
:10C33800F1CE0208BDDC000800000000A0C303081D
:10C3480099E30208ADE302086DDC0008EDDC0008A3
:10C358000BDD000891DC0008A7DC00089DDD000863
:10C36800EBB7000849B70008BBDC0008C9CE0208D3
:10C37800CFCE0208D5CE0208DBCE0208E1CE0208F5
:10C38800E7CE0208EDCE0208F1CE0208BDDC0008B7
:10C3980035496D6167650000F0EE030898C303082E
:10C3A800E0D303083132496D61676550616C65748B
:10C3B80074650000F0EE0308ACC30308E0D303087B
:10C3C8003131496D6167654269746D6170000000C3
:10C3D800F0EE0308C8C30308E0D303083131496D00
:10C3E80061676542696E617279000000F0EE0308CA
:10C3F800E4C30308E0D30308000000003300000092
:10C408006600000099000000CC000000FF0000005A
:10C41800002A0000332A0000662A0000992A00003A
:10C42800CC2A0000FF2A0000005500003355000008
:10C438006655000099550000CC550000FF550000D6
:10C44800007F0000337F0000667F0000997F0000B6
:10C45800CC7F0000FF7F000000AA000033AA000084
:10C4680066AA000099AA0000CCAA0000FFAA000052
:10C4780000D4000033D4000066D4000099D4000032
:10C48800CCD40000FFD4000000FF000033FF000000
:10C4980066FF000099FF0000CCFF0000FFFF0000CE
:10C4A8000000330033003300660033009900330086
:10C4B800CC003300FF003300002A3300332A330056
:10C4C800662A3300992A3300CC2A3300FF2A330026
:10C4D8000055330033553300665533009955330002
:10C4E800CC553300FF553300007F3300337F3300D2
:10C4F800667F3300997F3300CC7F3300FF7F3300A2
:10C5080000AA330033AA330066AA330099AA33007D
:10C51800CCAA3300FFAA330000D4330033D433004D
:10C5280066D4330099D43300CCD43300FFD433001D
:10C5380000FF330033FF330066FF330099FF3300F9
:10C54800CCFF3300FFFF33000000660033006600B5
:10C558006600660099006600CC006600FF00660071
:10C56800002A6600332A6600662A6600992A660051
:10C57800CC2A6600FF2A660000556600335566001F
:10C588006655660099556600CC556600FF556600ED
:10C59800007F6600337F6600667F6600997F6600CD
:10C5A800CC7F6600FF7F660000AA660033AA66009B
:10C5B80066AA660099AA6600CCAA6600FFAA660069
:10C5C80000D4660033D4660066D4660099D4660049
:10C5D800CCD46600FFD4660000FF660033FF660017
:10C5E80066FF660099FF6600CCFF6600FFFF6600E5
:10C5F800000099003300990066009900990099009D
:10C60800CC009900FF009900002A9900332A99006C
:10C61800662A9900992A9900CC2A9900FF2A99003C
:10C628000055990033559900665599009955990018
:10C63800CC559900FF559900007F9900337F9900E8
:10C64800667F9900997F9900CC7F9900FF7F9900B8
:10C6580000AA990033AA990066AA990099AA990094
:10C66800CCAA9900FFAA990000D4990033D4990064
:10C6780066D4990099D49900CCD49900FFD4990034
:10C6880000FF990033FF990066FF990099FF990010
:10C69800CCFF9900FFFF99000000CC003300CC00CC
:10C6A8006600CC009900CC00CC00CC00FF00CC0088
:10C6B800002ACC00332ACC00662ACC00992ACC0068
:10C6C800CC2ACC00FF2ACC000055CC003355CC0036
:10C6D8006655CC009955CC00CC55CC00FF55CC0004
:10C6E800007FCC00337FCC00667FCC00997FCC00E4
:10C6F800CC7FCC00FF7FCC0000AACC0033AACC00B2
:10C7080066AACC0099AACC00CCAACC00FFAACC007F
:10C7180000D4CC0033D4CC0066D4CC0099D4CC005F
:10C72800CCD4CC00FFD4CC0000FFCC0033FFCC002D
:10C7380066FFCC0099FFCC00CCFFCC00FFFFCC00FB
:10C748000000FF003300FF006600FF009900FF00B3
:10C75800CC00FF00FF00FF00002AFF00332AFF0083
:10C76800662AFF00992AFF00CC2AFF00FF2AFF0053
:10C778000055FF003355FF006655FF009955FF002F
:10C78800CC55FF00FF55FF00007FFF00337FFF00FF
:10C79800667FFF00997FFF00CC7FFF00FF7FFF00CF
:10C7A80000AAFF0033AAFF0066AAFF0099AAFF00AB
:10C7B800CCAAFF00FFAAFF0000D4FF0033D4FF007B
:10C7C80066D4FF0099D4FF00CCD4FF00FFD4FF004B
:10C7D80000FFFF0033FFFF0066FFFF0099FFFF0027
:10C7E800CCFFFF00FFFFFF00000000003300000047
:10C7F8006600000099000000000000002A00000008
:10C80800550000007F000000AA000000D4000000CE
:10C81800FF000000002A00002A2A0000552A000014
:10C828007F2A0000AA2A0000D42A0000FF2A00005C
:10C83800005500002A550000555500007F5500009E
:10C84800AA550000D4550000FF550000007F0000E5
:10C858002A7F0000557F00007F7F0000AA7F00002C
:10C86800D47F0000FF7F000000AA00002AAA000071
:10C8780055AA00007FAA0000AAAA0000D4AA0000B6
:10C88800FFAA000000D400002AD4000055D40000FC
:10C898007FD40000AAD40000D4D40000FFD4000044
:10C8A80000FF00002AFF000055FF00007FFF000086
:10C8B800AAFF0000D4FF0000FFFF000000003F00B7
:10C8C8002A003F0055003F007F003F00AA003F00BC
:10C8D800D4003F00FF003F00002A3F002A2A3F0003
:10C8E800552A3F007F2A3F00AA2A3F00D42A3F004A
:10C8F800FF2A3F0000553F002A553F0055553F008D
:10C908007F553F00AA553F00D4553F00FF553F00D3
:10C91800007F3F002A7F3F00557F3F007F7F3F0019
:10C92800AA7F3F00D47F3F00FF7F3F0000AA3F005F
:10C938002AAA3F0055AA3F007FAA3F00AAAA3F00A3
:10C94800D4AA3F00FFAA3F0000D43F002AD43F00EA
:10C9580055D43F007FD43F00AAD43F00D4D43F0031
:10C96800FFD43F0000FF3F002AFF3F0055FF3F0074
:10C978007FFF3F00AAFF3F00D4FF3F00FFFF3F00BB
:10C9880000007F002A007F0055007F007F007F00A5
:10C99800AA007F00D4007F00FF007F00002A7F00EC
:10C9A8002A2A7F00552A7F007F2A7F00AA2A7F0033
:10C9B800D42A7F00FF2A7F0000557F002A557F0078
:10C9C80055557F007F557F00AA557F00D4557F00BD
:10C9D800FF557F00007F7F002A7F7F00557F7F0003
:10C9E8007F7F7F00AA7F7F00D47F7F00FF7F7F004B
:10C9F80000AA7F002AAA7F0055AA7F007FAA7F008D
:10CA0800AAAA7F00D4AA7F00FFAA7F0000D47F00D3
:10CA18002AD47F0055D47F007FD47F00AAD47F001A
:10CA2800D4D47F00FFD47F0000FF7F002AFF7F005F
:10CA380055FF7F007FFF7F00AAFF7F00D4FF7F00A4
:10CA4800FFFF7F000000BF002A00BF005500BF00A5
:10CA58007F00BF00AA00BF00D400BF00FF00BF00D6
:10CA6800002ABF002A2ABF00552ABF007F2ABF001C
:10CA7800AA2ABF00D42ABF00FF2ABF000055BF0062
:10CA88002A55BF005555BF007F55BF00AA55BF00A6
:10CA9800D455BF00FF55BF00007FBF002A7FBF00ED
:10CAA800557FBF007F7FBF00AA7FBF00D47FBF0034
:10CAB800FF7FBF0000AABF002AAABF0055AABF0077
:10CAC8007FAABF00AAAABF00D4AABF00FFAABF00BE
:10CAD80000D4BF002AD4BF0055D4BF007FD4BF0004
:10CAE800AAD4BF00D4D4BF00FFD4BF0000FFBF004A
:10CAF8002AFFBF0055FFBF007FFFBF00AAFFBF008E
:10CB0800D4FFBF00FFFFBF000000FF002A00FF00A6
:10CB18005500FF007F00FF00AA00FF00D400FF00BF
:10CB2800FF00FF00002AFF002A2AFF00552AFF0005
:10CB38007F2AFF00AA2AFF00D42AFF00FF2AFF004D
:10CB48000055FF002A55FF005555FF007F55FF008F
:10CB5800AA55FF00D455FF00FF55FF00007FFF00D6
:10CB68002A7FFF00557FFF007F7FFF00AA7FFF001D
:10CB7800D47FFF00FF7FFF0000AAFF002AAAFF0062
:10CB880055AAFF007FAAFF00AAAAFF00D4AAFF00A7
:10CB9800FFAAFF0000D4FF002AD4FF0055D4FF00ED
:10CBA8007FD4FF00AAD4FF00D4D4FF00FFD4FF0035
:10CBB80000FFFF002AFFFF0055FFFF007FFFFF0077
:10CBC800AAFFFF00D4FFFF00FFFFFF0000000000E6
:10CBD8002A000000550000007F000000AA000000A5
:10CBE800D4000000FF000000002A00002A2A0000EC
:10CBF800552A00007F2A00000000000024000000E1
:10CC0800480000006D00000091000000B600000020
:10CC1800DA000000FF0000000024000024240000C7
:10CC2800482400006D24000091240000B624000070
:10CC3800DA240000FF240000004800002448000017
:10CC4800484800006D48000091480000B6480000C0
:10CC5800DA480000FF480000006D0000246D000065
:10CC6800486D00006D6D0000916D0000B66D00000C
:10CC7800DA6D0000FF6D00000091000024910000B3
:10CC8800489100006D91000091910000B69100005C
:10CC9800DA910000FF91000000B6000024B6000001
:10CCA80048B600006DB6000091B60000B6B60000A8
:10CCB800DAB60000FFB6000000DA000024DA00004F
:10CCC80048DA00006DDA000091DA0000B6DA0000F8
:10CCD800DADA0000FFDA000000FF000024FF00009D
:10CCE80048FF00006DFF000091FF0000B6FF000044
:10CCF800DAFF0000FFFF0000000055002400550087
:10CD0800480055006D00550091005500B6005500CB
:10CD1800DA005500FF005500002455002424550072
:10CD2800482455006D24550091245500B62455001B
:10CD3800DA245500FF2455000048550024485500C2
:10CD4800484855006D48550091485500B64855006B
:10CD5800DA485500FF485500006D5500246D550010
:10CD6800486D55006D6D5500916D5500B66D5500B7
:10CD7800DA6D5500FF6D550000915500249155005E
:10CD8800489155006D91550091915500B691550007
:10CD9800DA915500FF91550000B6550024B65500AC
:10CDA80048B655006DB6550091B65500B6B6550053
:10CDB800DAB65500FFB6550000DA550024DA5500FA
:10CDC80048DA55006DDA550091DA5500B6DA5500A3
:10CDD800DADA5500FFDA550000FF550024FF550048
:10CDE80048FF55006DFF550091FF5500B6FF5500EF
:10CDF800DAFF5500FFFF55000000AA002400AA0032
:10CE08004800AA006D00AA009100AA00B600AA0076
:10CE1800DA00AA00FF00AA000024AA002424AA001D
:10CE28004824AA006D24AA009124AA00B624AA00C6
:10CE3800DA24AA00FF24AA000048AA002448AA006D
:10CE48004848AA006D48AA009148AA00B648AA0016
:10CE5800DA48AA00FF48AA00006DAA00246DAA00BB
:10CE6800486DAA006D6DAA00916DAA00B66DAA0062
:10CE7800DA6DAA00FF6DAA000091AA002491AA0009
:10CE88004891AA006D91AA009191AA00B691AA00B2
:10CE9800DA91AA00FF91AA0000B6AA0024B6AA0057
:10CEA80048B6AA006DB6AA0091B6AA00B6B6AA00FE
:10CEB800DAB6AA00FFB6AA0000DAAA0024DAAA00A5
:10CEC80048DAAA006DDAAA0091DAAA00B6DAAA004E
:10CED800DADAAA00FFDAAA0000FFAA0024FFAA00F3
:10CEE80048FFAA006DFFAA0091FFAA00B6FFAA009A
:10CEF800DAFFAA00FFFFAA000000FF002400FF00DD
:10CF08004800FF006D00FF009100FF00B600FF0021
:10CF1800DA00FF00FF00FF000024FF002424FF00C8
:10CF28004824FF006D24FF009124FF00B624FF0071
:10CF3800DA24FF00FF24FF000048FF002448FF0018
:10CF48004848FF006D48FF009148FF00B648FF00C1
:10CF5800DA48FF00FF48FF00006DFF00246DFF0066
:10CF6800486DFF006D6DFF00916DFF00B66DFF000D
:10CF7800DA6DFF00FF6DFF000091FF002491FF00B4
:10CF88004891FF006D91FF009191FF00B691FF005D
:10CF9800DA91FF00FF91FF0000B6FF0024B6FF0002
:10CFA80048B6FF006DB6FF0091B6FF00B6B6FF00A9
:10CFB800DAB6FF00FFB6FF0000DAFF0024DAFF0050
:10CFC80048DAFF006DDAFF0091DAFF00B6DAFF00F9
:10CFD800DADAFF00FFDAFF0000FFFF0024FFFF009E
:10CFE80048FFFF006DFFFF0091FFFF00B6FFFF0045
:10CFF800DAFFFF00FFFFFF00000000006CD003080D
:10D00800C9E30208DDE302086DDC0008EDDC000876
:10D018000BDD000891DC0008A7DC00089DDD000896
:10D0280005BE0008E7BE0008BBDC0008C9CE020840
:10D03800CFCE0208D5CE0208DBCE0208E1CE020828
:10D04800E7CE0208EDCE0208F1CE0208BDDC0008EA
:10D0580031354D756C74694C696E65537472696EBF
:10D0680067000000F0EE030858D00308E0D3030877
:10D078000000000090D2030831E4020895E4020899
:10D088006DDC0008EDDC00080BDD000891DC000811
:10D09800A7DC00089DDD0008DDCA000873C9000888
:10D0A800BBDC0008C9CE0208CFCE0208D5CE0208E4
:10D0B800DBCE0208E1CE0208E7CE0208EDCE020878
:10D0C800F1CE0208BDDC00080000000078D2030899
:10D0D80045E40208B1E402086DDC0008EDDC000854
:10D0E8000BDD000891DC0008A7DC00089DDD0008C6
:10D0F80029C90008BFCE0008BBDC0008C9CE020859
:10D10800CFCE0208D5CE0208DBCE0208E1CE020857
:10D11800E7CE0208EDCE0208F1CE0208BDDC000819
:10D128000000000064D2030859E40208CDE40208B4
:10D138006DDC0008EDDC00080BDD000891DC000860
:10D14800A7DC00089DDD000867C8000895C700082F
:10D15800BBDC0008C9CE0208CFCE0208D5CE020833
:10D16800DBCE0208E1CE0208E7CE0208EDCE0208C7
:10D17800F1CE0208BDDC00080000000050D2030810
:10D188006DE40208E9E402086DDC0008EDDC000843
:10D198000BDD000891DC0008A7DC00089DDD000815
:10D1A80033C70008D1C60008BBDC0008C9CE020896
:10D1B800CFCE0208D5CE0208DBCE0208E1CE0208A7
:10D1C800E7CE0208EDCE0208F1CE0208BDDC000869
:10D1D8000000000038D2030881E4020805E50208CF
:10D1E8006DDC0008EDDC00080BDD000891DC0008B0
:10D1F800A7DC00089DDD000857C60008A5C5000883
:10D20800BBDC0008C9CE0208CFCE0208D5CE020882
:10D21800DBCE0208E1CE0208E7CE0208EDCE020816
:10D22800F1CE0208BDDC000833426F780000000030
:10D23800F0EE030830D20308E0D3030839536861DD
:10D24800646F77426F780000F0EE030844D2030859
:10D25800E0D30308344C696E65000000F0EE030863
:10D268005CD20308E0D3030836436972636C650037
:10D27800F0EE030870D20308E0D30308385472694B
:10D28800616E676C65000000F0EE030884D2030845
:10D29800E0D3030800000000FCD2030821E50208DF
:10D2A80035E502086DDC0008EDDC00080BDD000840
:10D2B80091DC0008A7DC00089DDD0008FFD100080C
:10D2C80015D10008BBDC0008C9CE0208CFCE020881
:10D2D800D5CE0208DBCE0208E1CE0208E7CE02086E
:10D2E800EDCE0208F1CE0208BDDC00083653747298
:10D2F800696E6700F0EE0308F4D20308E0D3030870
:10D308000000000070D3030865E5020879E502080B
:10D31800D3DA0008EDDC00080BDD00084FDC00085C
:10D32800A7DC00089DDD000815D70008B1D6000865
:10D3380065D70008C9CE0208CFCE0208D5CE0208AC
:10D34800DBCE0208E1CE0208E7CE0208EDCE0208E5
:10D35800F1CE0208BDDC000891D900083756697380
:10D368004C69737400000000F0EE030864D30308EE
:10D37800E0D3030800000000E0D303080000000029
:10D38800000000006DDC0008EDDC00080BDD000883
:10D3980091DC0008A7DC00089DDD00080000000003
:10D3A80000000000BBDC0008C9CE0208CFCE02088E
:10D3B800D5CE0208DBCE0208E1CE0208E7CE02088D
:10D3C800EDCE0208F1CE0208BDDC000839566973BB
:10D3D8004F626A65637400003CEE0308D4D3030807
:10D3E8000000000014D4030819C0020815C102087F
:10D3F8009FBF0208A5BF020821DE000833DE00082F
:10D4080039537448616C4770696F0000F0EE030887
:10D4180008D40308E4DA03080000000080D40308F5
:10D428007DC00208EDC0020895E5020835BF020874
:10D4380049DE00085BDE00086FDE0008E7DE000852
:10D448001DDF0008C1DF00080BE0000855E00008F8
:10D45800AFE0000861DE000875BF020879BF020866
:10D468003138537448616C49696354687265616402
:10D478005361666500000000F0EE030868D40308F5
:10D48800C4DA030800000000E8D4030821BF02083A
:10D498009DC002089BE50208A1E5020803E3000815
:10D4A8002DE300084BE3000869E3000887E3000860
:10D4B800A3E3000809E10008BFE30008B3E100089E
:10D4C8003BE2000817E1000873E1000819BF0208F1
:10D4D8001DBF020838537448616C5370690000001E
:10D4E800F0EE0308DCD40308B4DA030800000000F7
:10D4F8002CD503082DC0020835C10208D3E4000862
:10D5080033E40008DBE40008D3E300088FBF020817
:10D518004BE4000821E4000839537448616C5561F4
:10D5280072740000F0EE030820D50308D4DA03086B
:10D538000000000070D50308EDC10208A9E5020843
:10D54800CDE5020827F200089BC10208A1C1020824
:10D55800A7C1020801F4000819F2000838536F75D2
:10D568006E64447276000000F0EE030864D5030888
:10D57800F8EB030800000000E0D5030821C4020806
:10D5880051C402086DDC0008EDDC00080BDD000862
:10D5980091DC0008A7DC00089DDD0008C5F4000840
:10D5A800D7F40008B1FA0008C9CE0208CFCE0208A5
:10D5B800D5CE0208DBCE0208E1CE0208E7CE02088B
:10D5C800EDCE0208F1CE0208BDDC000838556942EC
:10D5D8007574746F6E000000F0EE0308D4D503086C
:10D5E800E0D303080006101600061016010305070D
:10D5F800090E10121416181C1E0000004355454150
:10D608004141414345454549494941414592924F28
:10D618004F4F5555594F554F9C4F9E9F41494F5518
:10D62800A5A5A6A7A8A9AAABACADAEAFB0B1B2B339
:10D63800B4414141B8B9BABBBCBDBEBFC0C1C2C389
:10D64800C4C54141C8C9CACBCCCDCECFD1D145453F
:10D658004549494949D9DADBDCDD49DF4FE14F4F1C
:10D668004F4FE6E8E85555555959EEEFF0F1F2F30A
:10D67800F4F5F6F7F8F9FAFBFCFDFEFF01000200ED
:10D688000400080010002000000000000100040051
:10D69800100040000001000200000000C700FC006C
:10D6A800E900E200E400E000E500E700EA00EB0042
:10D6B800E800EF00EE00EC00C400C500C900E60079
:10D6C800C600F400F600F200FB00F900FF00D600E7
:10D6D800DC00F800A300D800D7009201E100ED00BB
:10D6E800F300FA00F100D100AA00BA00BF00AE00B2
:10D6F800AC00BD00BC00A100AB00BB009125922589
:10D70800932502252425C100C200C000A900632575
:10D71800512557255D25A200A5001025142534257F
:10D728002C251C2500253C25E300C3005A2554253B
:10D7380069256625602550256C25A400F000D000D9
:10D74800CA00CB00C8003101CD00CE00CF0018259B
:10D758000C2588258425A600CC008025D300DF0071
:10D76800D400D200F500D500B500FE00DE00DA00D6
:10D77800DB00D900FD00DD00AF00B400AD00B10052
:10D788001720BE00B600A700F700B800B000A80038
:10D79800B700B900B300B200A025A0007D1D0100AC
:10D7A800632C001E9601A01E5A01001F0806101FB8
:10D7B8000606201F0806301F0806401F0606511FD0
:10D7C8000700591F521F5B1F541F5D1F561F5F1F05
:10D7D800601F0806701F0E00BA1FBB1FC81FC91F95
:10D7E800CA1FCB1FDA1FDB1FF81FF91FEA1FEB1F29
:10D7F800FA1FFB1F801F0806901F0806A01F0806B7
:10D80800B01F0400B81FB91FB21FBC1FCC1F0100F6
:10D81800C31FD01F0206E01F0206E51F0100EC1F10
:10D82800F21F0100FC1F4E2101003221702110025D
:10D83800842101008321D0241A05302C2F04602C68
:10D848000201672C0601752C0201802C6401002D51
:10D85800260841FF1A03000061001A03E0001703BD
:10D86800F8000703FF0001007801000130013201D0
:10D878000601390110014A012E01790106018001D2
:10D888004D004302810182018201840184018601E5
:10D898008701870189018A018B018B018D018E0126
:10D8A8008F0190019101910193019401F601960174
:10D8B8009701980198013D029B019C019D0120025E
:10D8C8009F01A001A001A201A201A401A401A60137
:10D8D800A701A701A901AA01AB01AC01AC01AE01E6
:10D8E800AF01AF01B101B201B301B301B501B50197
:10D8F800B701B801B801BA01BB01BC01BC01BE0146
:10D90800F701C001C101C201C301C401C501C401BD
:10D91800C701C801C701CA01CB01CA01CD01100165
:10D92800DD0101008E01DE011201F3010300F101A6
:10D93800F401F401F8012801220212013A02090057
:10D94800652C3B023B023D02662C3F02400241022D
:10D95800410246020A015302400081018601550234
:10D9680089018A0158028F015A0290015C025D0206
:10D978005E025F0293016102620294016402650221
:10D9880066026702970196016A02622C6C026D02B8
:10D998006E029C01700271029D01730274029F0164
:10D9A80076027702780279027A027B027C02642C82
:10D9B8007E027F02A60181028202A90184028502F9
:10D9C80086028702AE014402B101B20145028D020E
:10D9D8008E028F0290029102B7017B030300FD03C0
:10D9E800FE03FF03AC0304008603880389038A034C
:10D9F800B1031103C2030200A303A303C403080372
:10DA0800CC0303008C038E038F03D8031801F203A1
:10DA18000A00F903F303F403F503F603F703F70326
:10DA2800F903FA03FA0330042003500410076004D2
:10DA380022018A043601C1040E01CF040100C0048A
:10DA4800D0044401610526040000000098EB030897
:10DA5800299C0208000000000000000000010000EE
:10DA680000000000000000000A00000002000000A2
:10DA78000000000000000000B99F020829A0020869
:10DA880057A00208CDA0020841A10208000000002A
:10DA98000000000001020304060708090000000056
:10DAA8000102030434495370690000003CEE030886
:10DAB800ACDA030834494969630000003CEE030806
:10DAC800BCDA030835495561727400003CEE03085E
:10DAD800CCDA030835494770696F00003CEE03084B
:10DAE800DCDA03083849446973706C617900000016
:10DAF8003CEE0308ECDA0308313249546F75636869
:10DB080073637265656E00003CEE030800DB030872
:10DB180000000000B4DA0308000000000000000064
:10DB280000000000CDBE0208D3BE0208D9BE02081C
:10DB3800DFBE0208E5BE0208EBBE0208F1BE02081D
:10DB4800F7BE0208FBBE020801BF020807BF0208B1
:10DB58000DBF020813BF020819BF02081DBF020843
:10DB680000000000C4DA0308000000000000000004
:10DB78000000000035BF02083BBF020841BF020891
:10DB880047BF02084DBF020853BF020859BF020829
:10DB98005FBF020865BF02086BBF020871BF0208B9
:10DBA80075BF020879BF020800000000D4DA030834
:10DBB8000000000000000000000000007DBF020817
:10DBC80083BF020889BF02088FBF020895BF0208F9
:10DBD8009BBF020800000000E4DA03080000000010
:10DBE800000000009FBF0208A5BF02080000000057
:10DBF8000000000000000000F8DA03080000000040
:10DC080000000000ABBF0208B1BF0208000000001E
:10DC18000000000000000000B7BF0208BDBF0208F6
:10DC28000000000000000000C3BF0208C9BF0208CE
:10DC3800CFBF020800000000EDBF0208F3BF0208D2
:10DC4800F7BF02080000000010DB03080000000016
:10DC580000000000000000000000000000000000BC
:10DC680000000000FFBF020813C0020824580D007E
:10DC78004170706C69636174696F6E00486F6C64A1
:10DC88000000000052756E00556E6C6F636B0000EB
:10DC980053746F7000000000417661696C61626CBA
:10DCA80065206D656D6F72793A2025646200000009
:10DCB8004A5042204C617365720000004F5645522D
:10DCC800524944450000000047434F44452053450E
:10DCD8004E4445520000000053455454494E4753A2
:10DCE800000000004D504700416C6C20706172616B
:10DCF8006D6574657273207365740A746F2064654A
:10DD08006661756C742073746174650A0A506C6579
:10DD180061736520636865636B20706172616D650E
:10DD2800746572730A6265666F7265207573652122
:10DD3800000000004E564D204552524F5200000040
:10DD48000A2573004F6B000043616E63656C000029
:10DD58002525256C756C642E252530256C756C750C
:10DD6800000000002525256C756C640025730000F3
:10DD78003C303E003C0000003E0000002D2D2D2DC3
:10DD88002D00000041495200455848415553540060
:10DD980046495245000000002433323D300D000052
:10DDA8004D33205333300D004D350D002433323DB3
:10DDB800310D0000477261706844656D6F000000A6
:10DDC80048656C6C6F20576F726C6421000000000E
:10DDD8004772626C436F6D6D000000002573256CFF
:10DDE800752E2530346C75002573256C752E2530FD
:10DDF800336C75002573256C752E2530326C7500D3
:10DE08002573256C752E2530316C75002573256CAE
:10DE18007500000020000000257325730000000035
:10DE28006F6B00007C00000057506F733A000000D1
:10DE38004D506F733A00000046533A0057434F3A2B
:10DE480000000000506E3A00443A0000413A0000D9
:10DE58004F763A004D50473A000000005052423A7F
:10DE680000000000544C4F3A000000004158533A5B
:10DE7800000000006572726F723A0000414C415216
:10DE88004D3A00003F000000473231004732300071
:10DE98004739300047393100244A3D257325732519
:10DEA8007325734625730D00244A3D257347353382
:10DEB8004739302573257346256C750D0000000021
:10DEC800244A3D25732573257325732573257325EA
:10DED8007325734625730D004730320047303300F1
:10DEE80025734731372573257325732573257325C6
:10DEF800735225734625730D0000000047393047DB
:10DF080031304C323050302573300D00257347398D
:10DF1800304731304C32305030257325730D0000B6
:10DF2800257325734731257325734625730D000026
:10DF3800257325734730257325730D004739302520
:10DF4800734733382E322573257346256C750D00BB
:10DF580047393025734733382E33257325734625C3
:10DF68006C750D0047393025734733382E342573C7
:10DF7800257346256C750D0025734734332E315AA9
:10DF880025730D004734390D000000004D340000A2
:10DF98004D330000257353256C750D004F4B000061
:10DFA800457870656374656420436F6D6D616E6458
:10DFB800204C657474657200426164204E756D6210
:10DFC800657220466F726D6174000000496E76615B
:10DFD8006C69642053746174656D656E740000002B
:10DFE8004E656761746976652056616C75650000D9
:10DFF800486F6D696E672044697361626C6564007F
:10E0080053657474696E6720537465702050756C1D
:10E018007365204D696E000053657474696E6720DE
:10E0280052656164204661696C00000049646C6552
:10E03800204572726F72000053797374656D2047C2
:10E0480020436C6F636B0000536F6674204C696DDE
:10E058006974204572726F72000000004F76657215
:10E06800666C6F77000000004D617853746570200E
:10E0780052617465204578636565646564000000D5
:10E08800436865636B20446F6F7200004C696E656E
:10E09800204C656E677468204578636565646564BF
:10E0A8000000000054726176656C204578636565F0
:10E0B80064656400496E76616C6964204A6F672004
:10E0C800436F6D6D616E640053657474696E67208B
:10E0D80044697361626C6564204C61736572000009
:10E0E8004E6F6E20506F7369746976652056616C47
:10E0F8007565000047636F646520556E73757070B1
:10E108006F7274656420436F6D6D616E640000000A
:10E1180047636F6465204D6F64616C2047726F754B
:10E12800702056696F6C6174696F6E0047636F6425
:10E138006520556E646566696E656420466565642C
:10E14800205261746500000047636F646520436F67
:10E158006D6D616E642056616C7565204E6F74201C
:10E16800496E74656765720047636F64652041781E
:10E17800697320436F6D6D616E6420436F6E666CCA
:10E188006963740047636F646520576F7264205237
:10E19800657065617465640047636F6465204E6FE0
:10E1A800204178697320576F7264730047636F6406
:10E1B8006520496E76616C6964204C696E65204EF5
:10E1C800756D62657200000047636F646520566173
:10E1D8006C756520576F7264204D697373696E673B
:10E1E8000000000047636F646520556E737570709A
:10E1F8006F7274656420436F6F7264205379730083
:10E2080047636F64652047353320496E76616C69D2
:10E2180064204D6F74696F6E204D6F646500000057
:10E2280047636F6465204178697320576F72647320
:10E23800204578697374000047636F6465204E6FEA
:10E248002041786973576F72647320496E20506C4F
:10E25800616E650047636F646520496E76616C691D
:10E2680064205461726765740000000047636F643E
:10E27800652041726320526164697573204572722A
:10E288006F72000047636F6465204E6F204F6666AB
:10E298007365747320496E20506C616E65000000D0
:10E2A80047636F646520556E7573656420576F7298
:10E2B8006473000047636F646520473433204479F2
:10E2C8006E616D69632041786973204572726F725F
:10E2D8000000000047636F646520496C6C656761E6
:10E2E8006C20546F6F6C205461626C6520456E74AD
:10E2F8007279000047636F64652056616C7565200C
:10E308004F7574204F662052616E676500000000EB
:10E3180047636F646520546F6F6C204368616E6754
:10E32800652050656E64696E6700000047636F641E
:10E3380065205370696E646C65204E6F7420527549
:10E348006E6E696E6700000047636F646520496CF4
:10E358006C6567616C20506C616E650047636F6423
:10E3680065204D617820466565642052617465209A
:10E3780045786365656465640000000047636F6401
:10E38800652052504D204F7574204F662052616EA3
:10E39800676500004C696D69747320456E67616735
:10E3A80065640000486F6D696E6720526571756914
:10E3B8007265640047436F646520546F6F6C204535
:10E3C80072726F720000000056616C756520576F9D
:10E3D800726420436F6E666C6963740053656C6683
:10E3E8002054657374204661696C65640000000000
:10E3F8004553746F700000004D6F746F7220466152
:10E40800756C740053657474696E672056616C7519
:10E4180065204F7574204F662052616E6765000055
:10E4280053657474696E672044697361626C6564CE
:10E438000000000047636F646520496E76616C696F
:10E4480064205265747261637420506F73697469D3
:10E458006F6E0000496C6C6567616C20486F6D6970
:10E468006E6720436F6E66696775726174696F6E57
:10E478000000000047436F646520436F6F7264209B
:10E4880053797374656D204C6F636B65640000008D
:10E498005344204D6F756E74204572726F72000080
:10E4A80053442052656164204572726F7200000007
:10E4B8005344204661696C6564204F70656E204442
:10E4C80069720000534420446972204E6F74466F8D
:10E4D800756E640053442046696C6520456D707400
:10E4E80079000000425420496E6974204572726FA9
:10E4F8007200000045787072657373696F6E2055FD
:10E508006B6E6F776E204F70000000004578707258
:10E51800657373696F6E2044697669646520427912
:10E52800205A65726F0000004578707265737369D0
:10E538006F6E20417267756D656E74204F7574201B
:10E548004F662052616E6765000000004578707262
:10E55800657373696F6E20496E76616C69642041DA
:10E568007267756D656E740045787072657373694E
:10E578006F6E2053796E746178204572726F7200E5
:10E5880045787072657373696F6E20496E76616C39
:10E59800696420526573756C740000004175746875
:10E5A800656E7469636174696F6E2052657175690F
:10E5B800726564004163636573732044656E6965C1
:10E5C800640000004E6F7420416C6C6F77656420A6
:10E5D800437269746963616C204576656E740000E6
:10E5E800466C6F7720436F6E74726F6C204E6F7439
:10E5F80020457865637574696E67204D6163726F35
:10E6080000000000466C6F7720436F6E74726F6C69
:10E618002053796E746178204572726F7200000021
:10E62800466C6F7720436F6E74726F6C2053746101
:10E63800636B204F766572666C6F7700466C6F77F8
:10E6480020436F6E74726F6C204F7574204F662074
:10E658004D656D6F727900004E65787420436D6466
:10E66800204578656375746564000000436D642017
:10E678004E6F7420457865637574656420596574B8
:10E6880000000000436F6D6D204572726F720000CC
:10E69800556E68616E646C65640000005374617443
:10E6A8007573436E740000004E6F6E6500000000C5
:10E6B80048617264204C696D69740000536F667418
:10E6C800204C696D6974000041626F72742043794F
:10E6D800636C650050726F6265204661696C204901
:10E6E8006E697469616C000050726F6265204661E2
:10E6F800696C20436F6E746163740000486F6D69C4
:10E708006E67204661696C2052657365740000006D
:10E71800486F6D696E67204661696C20446F6F723F
:10E72800000000004661696C2050756C6C6F66666D
:10E7380000000000486F6D696E67204661696C20B3
:10E74800417070726F6163680000000050726F6200
:10E75800652050726F746563740000005370696EB1
:10E76800646C6500486F6D696E67204661696C204E
:10E778004175746F205371756172696E67204170BD
:10E7880070726F616368000053656C6674657374BA
:10E79800204661696C656400486F6D696E67204644
:10E7A80061696C00416C61726D436F6465436E749E
:10E7B8000000000049646C65000000004A6F6700B3
:10E7C800416C61726D000000436865636B00000076
:10E7D800546F6F6C00000000486F6D65000000000A
:10E7E800536C6565700000006D6D2F6D696E0000DB
:10E7F800696E636865732F6D696E00006465672FC5
:10E808006D696E006D6D0000696E63680000000040
:10E818006465670024490D0024240D00496E707555
:10E8280074447276000000002525732525256C6444
:10E83800730000002525730053656C656374000040
:10E84800436F6E74696E7565000000002500000056
:10E85800464545443A0000003130302500000000AC
:10E86800504F5745523A00003B2043616E63656C38
:10E87800207072657373656420696E206F70656EB1
:10E88800206469616C6F67004645454400000000DC
:10E898005350454544000000460000004D0000006C
:10E8A8004F70656E000000002F000000252D3139E3
:10E8B800732531326C7562003B2050726F6772614C
:10E8C8006D20636F6E7461696E206C696E6573206C
:10E8D8006C6F6E6765720A0D3B207468616E203834
:10E8E80030206368617261637465727300000000B0
:10E8F8003B204572726F72206F70656E2066696C7E
:10E9080065210000737720636F6D6D616E64000090
:10E918006465646963617465642070696E000000F1
:10E9280066756C6C20636F6E74726F6C000000000B
:10E9380070696E202620737720636D6400000000E4
:10E94800696E766572746564000000006E6F726DA2
:10E95800616C0000656E61626C6564006469736176
:10E96800626C65640000000047454E4552414C000A
:10E9780050524F42450000004D390D004D363420AD
:10E9880050300D004D36352050300D00534146456E
:10E9980020544F205348555420444F574E000000F0
:10E9A80056657273696F6E004D50472072657175B8
:10E9B80065737400446973706C617920496E76657B
:10E9C8007273696F6E0000004175746F204D504777
:10E9D800206F6E2073746172747570005361766570
:10E9E8002073637269707420726573756C740000AB
:10E9F8004D657472696320466565642031000000C6
:10EA08004D657472696320466565642032000000B4
:10EA18004D657472696320466565642033000000A3
:10EA28004D65747269632046656564203400000092
:10EA3800496D70657269616C2046656564203100B6
:10EA4800496D70657269616C2046656564203200A5
:10EA5800496D70657269616C204665656420330094
:10EA6800496D70657269616C204665656420340083
:10EA7800526F746172792046656564203100000028
:10EA8800526F746172792046656564203200000017
:10EA9800526F746172792046656564203300000006
:10EAA800526F7461727920466565642034000000F5
:10EAB80053656172636820737065656400000000C7
:10EAC8004C6F636B2073706565640000506F7369E9
:10EAD80074696F6E20646576696174696F6E000091
:10EAE80042616C6C20746970000000005465747297
:10EAF80069730000504155534500000053636F721D
:10EB0800653A20256C750000446973706C6179441E
:10EB1800727600004374726C000000005461736BDD
:10EB280000000000536F756E6444727600000000A8
:10EB3800222A3A3C3E3F7C7F000000002B2C3B3DC4
:10EB48005B5D0000EBFE904D53444F53352E300073
:10EB58004E4F204E414D452020202046415433320F
:10EB6800202020004E4F204E414D45202020204699
:10EB7800415420202020200049444C45000000003A
:10EB8800546D725100000000546D7220537663007A
:10EB980064656661756C745461736B0053544D33CE
:10EBA80032205669727475616C20436F6D506F72B4
:10EBB8007400000053544D6963726F656C6563742B
:10EBC800726F6E696373000043444320436F6E663F
:10EBD8006967000043444320496E74657266616347
:10EBE80065000000374170705461736B00000000CD
:10EBF8003CEE0308ECEB030800000000F8EB030808
:10EC0800EDC10208B5C10208D9C1020895C10208C0
:10EC18009BC10208A1C10208A7C10208ADC1020830
:10EC2800374953637265656E000000003CEE0308C7
:10EC380028EC03080000000034EC03080000000082
:10EC480000000000000000000000000000000000BC
:10EC5800000000000000000034466F6E74000000E1
:10EC68003CEE030860EC03083130466F6E745F3188
:10EC78003078313800000000F0EE030870EC03082B
:10EC880068EC03080000000068EC030861E0020873
:10EC9800D5E002086DE0020871E0020875E002089C
:10ECA80079E002088BE002080000000080EC03080D
:10ECB800A1E00208B5E002086DE0020871E0020870
:10ECC80075E0020891E002088BE002083130466FD7
:10ECD8006E745F313278313600000000F0EE0308C0
:10ECE800D4EC030868EC030800000000E4EC030817
:10ECF800F9E002080DE102086DE0020871E002087F
:10ED080075E00208EDE002088BE0020838466F6EF5
:10ED1800745F347836000000F0EE030814ED030841
:10ED280068EC03080000000020ED03083DE102083C
:10ED380051E102086DE0020871E0020875E002087E
:10ED48002DE102088BE0020838466F6E745F367852
:10ED580038000000F0EE030850ED030868EC0308E3
:10ED6800000000005CED03087DE1020891E1020863
:10ED78006DE0020871E0020875E0020871E102081E
:10ED88008BE0020839466F6E745F387831320000C4
:10ED9800F0EE03088CED030868EC0308000000009F
:10EDA80098ED0308C1E10208D5E102086DE0020808
:10EDB80071E0020875E00208B1E102088BE0020880
:10EDC80038466F6E745F387838000000F0EE03083C
:10EDD800C8ED030868EC030800000000D4ED030840
:10EDE80001E2020815E202086DE0020871E002087B
:10EDF80075E00208F5E102088BE002084E31305F49
:10EE08005F637878616269763131375F5F636C611F
:10EE180073735F747970655F696E666F4500000093
:10EE2800F0EE030804EE030824EF030800000000D6
:10EE380028EE0308F5E6020809E7020871EF020860
:10EE480071EF020873E70208B5E602085BE70208FB
:10EE58001DE70208E7E602084E31305F5F63787805
:10EE6800616269763131355F5F666F726365645FD1
:10EE7800756E77696E6445003CEE030860EE030822
:10EE88004E31305F5F637878616269763131395F1E
:10EE98005F666F726569676E5F65786365707469D0
:10EEA8006F6E45003CEE030888EE03084E31305F74
:10EEB8005F637878616269763132305F5F73695F6A
:10EEC800636C6173735F747970655F696E666F45B3
:10EED80000000000F0EE0308B4EE030828EE030873
:10EEE80000000000DCEE03086DEE020881EE020867
:10EEF80071EF020871EF020873E70208B5E602082D
:10EF080045EF0208D1EE020895EE020853743974F1
:10EF18007970655F696E666F000000003CEE03085B
:10EF280014EF03085245454E54206D616C6C6F63B5
:10EF380020737563636565646564002F646174613B
:10EF48002F6A656E6B696E732F776F726B73706162
:10EF580063652F474E552D746F6F6C636861696EDA
:10EF68002F61726D2D31342F7372632F6E65776C3C
:10EF780069622D63796777696E2F6E65776C696250
:10EF88002F6C6962632F7374646C69622F72616E8F
:10EF9800642E63002E006E6600696E6974790061E4
:10EFA8006E002F646174612F6A656E6B696E732FD2
:10EFB800776F726B73706163652F474E552D746F51
:10EFC8006F6C636861696E2F61726D2D31342F73B8
:10EFD80072632F6E65776C69622D63796777696EE6
:10EFE8002F6E65776C69622F6C6962632F73747218
:10EFF800696E672F737472746F6B2E6300430050D1
:10F008004F534958002C2066756E6374696F6E3AC9
:10F018002000617373657274696F6E2022257322F4
:10F02800206661696C65643A2066696C65202225F2
:10F0380073222C206C696E65202564257325730A5C
:10F048000042616C6C6F632073756363656564650A
:10F0580064002F646174612F6A656E6B696E732F2B
:10F06800776F726B73706163652F474E552D746FA0
:10F078006F6C636861696E2F61726D2D31342F7307
:10F0880072632F6E65776C69622D63796777696E35
:10F098002F6E65776C69622F6C6962632F73746475
:10F0A8006C69622F6764746F612D67657468657831
:10F0B8002E63002F646174612F6A656E6B696E73CD
:10F0C8002F776F726B73706163652F474E552D7480
:10F0D8006F6F6C636861696E2F61726D2D31342FAB
:10F0E8007372632F6E65776C69622D6379677769D0
:10F0F8006E2F6E65776C69622F6C6962632F73740B
:10F10800646C69622F6D707265632E6300232D3005
:10F118002B2000686C4C0065666745464700303117
:10F128003233343536373839414243444546003066
:10F138003132333435363738396162636465660095
:10F1480034000000CEFBFFFFCB03000001000000ED
:10F158000000000035000000CEFBFFFFCB030000DD
:10F168000100000000000000BC89D897B2D29C3C86
:10F1780033A7A8D523F649393DA7F444FD0FA53296
:10F188009D978CCF08BA5B25436FAC64280668113D
:10F19800002020202020202020202828282828205F
:10F1A8002020202020202020202020202020202057
:10F1B80020881010101010101010101010101010BF
:10F1C80010040404040404040404041010101010AF
:10F1D8001010414141414141010101010101010179
:10F1E80001010101010101010101010110101010CB
:10F1F800101042424242424202020202020202024B
:10F20800020202020202020202020202101010109E
:10F2180020000000000000000000000000000000C6
:10F2280000000000000000000000000000000000D6
:10F2380000000000000000000000000000000000C6
:10F2480000000000000000000000000000000000B6
:10F2580000000000000000000000000000000000A6
:10F268000000000000000000000000000000000096
:10F278000000000000000000000000000000000086
:10F288000000000000000000000000000000000076
:10F298000000000005000000190000007D000000CB
:10F2A8000080E03779C34143176E05B5B5B893467A
:10F2B800F5F93FE9034F384D321D30F94877825A46
:10F2C8003CBF737FDD4F1575000000000000F03F64
:10F2D8000000000000002440000000000000594029
:10F2E8000000000000408F40000000000088C3407C
:10F2F80000000000006AF8400000000080842E41F1
:10F3080000000000D01263410000000084D797413C
:10F318000000000065CDCD41000000205FA0024242
:10F32800000000E876483742000000A2941A6D42B7
:10F33800000040E59C30A2420000901EC4BCD642AA
:10F3480000003426F56B0C430080E03779C3414355
:10F3580000A0D8855734764300C84E676DC1AB43CB
:10F36800003D9160E458E143408CB5781DAF1544E9
:10F3780050EFE2D6E41A4B4492D54D06CFF08044C4
:10F38800F64AE1C7022DB544B49DD9794378EA44D9
:10F398001DF7FE7FB0B0A800FFFF010816041C008F
:10F3A8002004000009F7FE7F8408B101B0B0B00066
:10F3B800FFFF0108200436003C04000008B1018169
:10F3C800B0B000840000000008B10181B0B0008432
:10F3D8000000000008B10181B0B000840000000006
:10F3E80008B10181B0B000840000000008B10181BB
:10F3F800B0B000840000000008B10181B0B0008402
:10F408000000000008B10181B0B0008400000000D5
:10F4180008B10181B0B000840000000091F6FE7FC1
:10F42800AD08B100FFFF010C2204000032043800CF
:10F438003E04000079F6FE7FB0B0A800FFFF01107F
:10F448000404000028044C0030043600480400007E
:10F458005DF6FE7FA908B100FFFF011E040400004D
:10F468004004C801005804C601006004C4010092A9
:10F478000104980100C001040000000031F6FE7F7D
:10F48800B0AF0200FFFF013D080400004A048202F9
:10F49800006404A80200800104C802008C0104ACC6
:10F4A8000300A20104AA0300AC0104A80300B601EA
:10F4B80004A60300D80104A40300FC0104E202002E
:10F4C800E203040000000000E5F5FE7FB0B0AE00E6
:10F4D800FFFF01341C0400002604C002004004BEE3
:10F4E80002004C04BC02005604BA02007604C401AF
:10F4F80000B00104820200BA0104800200BE0104C7
:10F50800E00100B602040000A5F5FE7FB0B0AC0033
:10F51800FFFF012B160400002004BE01003A04BCC2
:10F5280001004604BA01004E04B801005804B601AF
:10F53800006204B4010066046C00B001040000001D
:10F548006DF5FE7FB0AF0A00FFFF016028040000E0
:10F558004C04D004005804CE04006204CC0400809B
:10F568000104CA0400880104C80400900104C60408
:10F5780000AC0104CC0200C80104F20200D201046C
:10F58800E00300DE0104DE0300EA0104DC0300F806
:10F598000104DA0300860204D80300940204D603A7
:10F5A80000A20228900300C20404000008B10181EF
:10F5B800B0B000840000000008B10181B0B0008440
:10F5C8000000000008B10181B0B000840000000014
:10F5D800DDF4FE7FB0AF0600FFFF01694E048C0327
:10F5E800006C04B60300880104E00300960104D00F
:10F5F80005009E0104CE0500B80104820400EA015A
:10F6080004A40500F60104A20500800204A0050078
:10F618008A02049E05009602049C0500A202049A30
:10F628000500B00204980500BE0204960500D60243
:10F6380004940500E40204920500E80222A40400F0
:10F64800840604000000000065F4FE7F8408B10110
:10F65800B0B0B000FFFF0108200436003C040000F1
:10F668004DF4FE7FAF08B100FFFF01310604000032
:10F678002E04E803005604F00100880104920200F9
:10F68800A40104B40200BE0104A40300E00104A222
:10F698000300EA0104F40200E4030400000000008F
:10F6A8000DF4FE7FAB08B100FFFF01181004000045
:10F6B8001E0478003A0476004404740048044E009E
:10F6C8007004000008B10181B0B00084000000009F
:10F6D80008B10181B0B0008400000000D1F3FE7FC2
:10F6E800B0B0A800FFFF010822043E004404000057
:10F6F800BDF3FE7FA908B100FFFF010C080400005C
:10F7080028042E0038040000A5F3FE7FA916B200D5
:10F71800FFFF01D301120400003C28800800681C88
:10F72800FE070088011AFC0700A60118FA0700C2A4
:10F73800011CF80700E2011AF6070080021CF40712
:10F7480000A00222F20700C6021AF00700E4021C19
:10F75800EE0700840320EC0700AA030AEA0700B8B2
:10F768000304D80500C20304EA0700CA0304E0063C
:10F7780000D60304EA0700DE0304EA0600EA0304ED
:10F78800EA0700F20304F40600FE0304EA07008611
:10F798000404FE0600920404EA07009A0404880799
:10F7A80000A60404EA0700AE0404920700BA0404A1
:10F7B800EA0700C204049C0700CE0404EA0700D646
:10F7C8000404CC0700E20404EA0700EA0404D607AC
:10F7D80000F60404EA0700FE0404E007009A053C6A
:10F7E800EA0700DC06040000C5F2FE7FB0A80500A9
:10F7F800FFFF010C1A040000220428002E04000058
:10F80800ADF2FE7FB0B0A800FFFF010822043A0065
:10F818004004000008B10181B0B00084000000007D
:10F828008DF2FE7FB0A90600FFFF010F2204000041
:10F838009201049801009E010400000071F2FE7F0D
:10F84800B0B0A800FFFF010822043A0040040000FD
:10F8580008B10181B0B000840000000051F2FE7FC1
:10F86800B0B0AE00FFFF01321004E201001A04E05C
:10F8780001002404DE01003204DC01003C04DA014A
:10F88800004604D801005604D601006004D40100E3
:10F8980064288E0100D001040000000011F2FE7FF0
:10F8A800B0B0A800FFFF010822043A00400400009D
:10F8B800FDF1FE7FAF08B100FFFF013D4004820269
:10F8C800004C0494030056049203005A409003002D
:10F8D800A401048E0300B801048C0300C601048A45
:10F8E8000300DE0104880300EC0104860300F00134
:10F8F80010A202009A03040000000000B1F1FE7F8C
:10F908008408B101B0B0B000FFFF01082004360040
:10F918003C04000099F1FE7FAB08B100FFFF01171E
:10F9280004040000260474004604B401006E049226
:10F938000100C0010400000008B10181B0B00084DA
:10F948000000000069F1FE7FB0B0AC00FFFF011EAF
:10F958002204EC010050049801006004DC01006AF4
:10F9680004DA01007422B60100E801040000000076
:10F978003DF1FE7FB0B0A800FFFF010822043A0065
:10F988004004000029F1FE7FAD08B100FFFF011817
:10F998001604000024047E0040047C004A047A0017
:10F9A8004E0454007604000008B10181B0B0008410
:10F9B80000000000F9F0FE7FB0B0A800FFFF0108CA
:10F9C80022043A004004000008B10181B0B000846C
:10F9D80000000000D9F0FE7FAE27B200FFFF013122
:10F9E8000C0400001204DC08001804DA08003218BD
:10F9F800D808005852D60800AE018202D40800B4D4
:10FA080003189408009804FA03D40800D0080400E6
:10FA18000000000099F0FE7FB0A90600FFFF010C6E
:10FA28001A040000301042004804000008B10181A7
:10FA3800B0B000840000000008B10181B0B00084BB
:10FA48000000000008B10181B0B00084000000008F
:10FA580008B10181B0B000840000000008B1018144
:10FA6800B0B000840000000045F0FE7FB0AA21007D
:10FA7800FFFF0114260400003C04BA03004EBE0236
:10FA8800A20300B60304000025F0FE7F8408B1013C
:10FA9800B0B0B000FFFF0108200436003C040000AD
:10FAA8000DF0FE7FB0AC0500FFFF01261C0400002E
:10FAB8003004D60100820104D401008E0104D20171
:10FAC800009A0104D00100A20104A80100CC01049D
:10FAD8000000000008B10181B0B0008400000000FF
:10FAE80008B10181B0B000840000000008B10181B4
:10FAF800B0B000840000000008B10181B0B00084FB
:10FB080000000000A9EFFE7FB0AB0200FFFF010C70
:10FB18000C0400004E0454005A04000091EFFE7FCC
:10FB2800B0AB0400FFFF010C0C04000052045800A5
:10FB38005E040000AC020181B0B008B10000000012
:10FB480008B10181B0B000840000000008B1018153
:10FB5800B0B000840000000008B10181B0B000849A
:10FB68000000000049EFFE7FB0AB0400FFFF010C6E
:10FB78000C04000036043C004204000031EFFE7F14
:10FB8800B0AB0200FFFF010C0C04000020042600AB
:10FB98002C04000019EFFE7FB0AB0200FFFF010C40
:10FBA8000C04000028042E003404000001EFFE7F3E
:10FBB800B0AB0400FFFF010C0C0400003A04400045
:10FBC80046040000E9EEFE7FB0AB0600FFFF010C23
:10FBD8000C04000046044C005204000008B10181E6
:10FBE800B0B0008400000000C5EEFE7FB0AB02009C
:10FBF800FFFF010C0C04000038043E004404000020
:10FC0800ADEEFE7FB0AB0400FFFF010C0C0400005A
:10FC18003C04420048040000AC020181B0B008B1C5
:10FC28000000000008B10181B0B0008400000000AD
:10FC38007DEEFE7FB0B0A800FFFF010008B1018192
:10FC4800B0B000840000000008B10181B0B00084A9
:10FC58000000000008B10181B0B00084000000007D
:10FC680008B10181B0B000840000000008B1018132
:10FC7800B0B000840000000008B10181B0B0008479
:10FC88000000000008B10181B0B00084000000004D
:10FC98001DEEFE7FB0B0A800FFFF010011EEFE7F51
:10FCA800B0B0A800FFFF010005EEFE7FB0B0A800CD
:10FCB800FFFF0100F9EDFE7FB0B0A800FFFF0100D3
:10FCC80008B10181B0B000840000000008B10181D2
:10FCD800B0B000840000000008B10181B0B0008419
:10FCE8000000000008B10181B0B0008400000000ED
:10FCF80008B10181B0B000840000000008B10181A2
:10FD0800B0B0008400000000A5EDFE7FB0A801009F
:10FD1800FFFF010008B10181B0B0008400000000BD
:10FD280008B10181B0B000840000000081EDFE7FC1
:10FD3800B0B0A800FFFF010822043A004004000008
:10FD480008B10181B0B000840000000061EDFE7FC1
:10FD5800B0A90600FFFF011018040000480466005F
:10FD6800500456006204000045EDFE7FB0AB04006D
:10FD7800FFFF01140C04000030047C0038047A00F2
:10FD8800520458007604000008B10181B0B0008424
:10FD98000000000008B10181B0B00084000000003C
:10FDA80008B10181B0B000840000000008B10181F1
:10FDB800B0B000840000000008B10181B0B0008438
:04FDC8000000000037
:10FDCC00D403FC7F010000007806FC7FB0B0AA8051
:10FDDC00C806FC7F010000002807FC7F0084068019
:10FDEC009407FC7FB0B0A880F007FC7FB0A801801E
:10FDFC004C08FC7FA908B180F008FC7F01000000D2
:10FE0C000E09FC7FB0B0AA80200AFC7FB0AB028048
:10FE1C009E0AFC7F8CF5FF7FE80AFC7FB0AC038068
:10FE2C00100CFC7F94F5FF7F400CFC7F98F5FF7F56
:10FE3C00600CFC7F9CF5FF7FBC0CFC7FA0F5FF7F6A
:10FE4C00DA0CFC7FA908B180220DFC7FB0AA0980D6
:10FE5C00880DFC7FB0B0A8802C0EFC7FA908B18067
:10FE6C005E0EFC7FB0B0AA80620FFC7F7CF5FF7F3A
:10FE7C00760FFC7F80F5FF7F8C0FFC7FB0AD02808E
:10FE8C00A010FC7FB0AF0880D813FC7FA908B1800C
:10FE9C000A14FC7F010000000A14FC7FB0B0A8809B
:10FEAC003E14FC7F010000005014FC7FB0AF0880B2
:10FEBC00C417FC7FB0AC03805C18FC7FB0A9028037
:10FECC00CC18FC7FB0B0A8800619FC7FB0AA0180CA
:10FEDC00C819FC7FB0AC0180A01AFC7FB0B0A88020
:10FEEC00E81AFC7FB0AC0380301CFC7FB0B0A8805B
:10FEFC00721CFC7FA908B180821CFC7FB0A8018019
:10FF0C00081DFC7FA4F6FF7F0E1DFC7FB0A90280AC
:10FF1C004C1DFC7FAB08B180FE1EFC7FB0B0AA80EC
:10FF2C00521FFC7FB0B0A880761FFC7F0100000040
:10FF3C009A1FFC7FB0B0AA80B220FC7FB0AF0280C9
:10FF4C000824FC7FB0AF0C80B429FC7FB0B0AA8031
:10FF5C00DC29FC7FB0AF0480C82AFC7FB0AA0180EA
:10FF6C002C2CFC7FB0AF0880A02FFC7F60F6FF7FAD
:10FF7C00D632FC7FD0F6FF7F2033FC7F01000000DF
:10FF8C005C33FC7F3CF7FF7F6433FC7F40F7FF7FE3
:10FF9C008833FC7F44F7FF7FDC33FC7FA908B180FA
:10FFAC002834FC7FB0B0AA809C34FC7F40F7FF7FE4
:10FFBC00DC34FC7F50F7FF7FD638FC7F010000005B
:10FFCC00D838FC7FB0A801800639FC7FB0B0AA807D
:10FFDC00783AFC7F28F8FF7FC43AFC7F34F8FF7F27
:10FFEC00C63AFC7F010000001A3BFC7FAA80C98046
:04FFFC007A3DFC7FCF
:020000040804EE
:1000000001000000CC3DFC7F00842280E23DFC7FAB
:10001000B0B0A880183FFC7FA908B180423FFC7FA8
:1000200001000000D443FC7FB0B0AA803848FC7FB8
:10003000B0AA0180E848FC7FB0B0AA800E49FC7FDE
:10004000B0AC21806A49FC7FB0B0A880A44AFC7F94
:10005000B0AC2D80644BFC7FB0AB2A80F44BFC7FAE
:10006000B0AD3A80F04CFC7FB0AE3980344EFC7FAE
:10007000B0A92280884EFC7FB0AA2780104FFC7F59
:10008000B0AC2D801050FC7FB0AC2980E050FC7FDC
:10009000B0AB2A807051FC7FB0A92880E451FC7F6E
:1000A000B0A821802052FC7FB0AA23807052FC7F30
:1000B000B0B0AA80AE52FC7FB0A82180E052FC7F95
:1000C00001000000DC52FC7FAB08B1808453FC7F50
:1000D000B0B0AA800C54FC7FA908B1808054FC7F8A
:1000E000AB08B1800C55FC7FB0AA01805E55FC7F47
:1000F000B0AF04803E56FC7FB0AF06802457FC7F33
:10010000010000001E57FC7FB0B0A8803E57FC7F66
:10011000B0AF06809058FC7F010000009058FC7F33
:10012000B0AB0280D858FC7F01000000F058FC7F83
:10013000B0B0A8800259FC7F0CF7FF7F5059FC7FBC
:1001400018F7FF7F5459FC7FB0B0A8809459FC7F0A
:1001500001000000B45AFC7FB0B0AC80985BFC7F1B
:1001600000840480005CFC7FB0AA0180D85CFC7F26
:1001700001000000DC5CFC7FB0AB0680445DFC7FCE
:10018000B0B0A880645DFC7FB0AE0380AC5EFC7F45
:10019000B0A80180C05EFC7FA908B1801C5FFC7F15
:1001A000B0AA03805460FC7F010000005460FC7F13
:1001B000B0AD04805862FC7FB0A90280C862FC7FA9
:1001C000B0B0A8800263FC7FB0AA01809863FC7F76
:1001D000010000000C64FC7FB0AC15806064FC7F03
:1001E000B0B0AA809064FC7F01000000B864FC7F7E
:1001F000B0B0AA806065FC7FA908B180B466FC7FBE
:10020000B0B0AA804067FC7FB0AF0480446AFC7F36
:10021000B0AF0A80986CFC7F4CF6FF7FA46DFC7F2A
:1002200084F6FF7FF06DFC7F01000000406EFC7FD4
:10023000A908B180946EFC7FB0B0AA80806FFC7F6B
:10024000B0AF04801472FC7FB0AF0A807074FC7F82
:10025000A908B1807275FC7FAD3F00805478FC7FA7
:10026000B0B0A8807C78FC7FB0AE1980447BFC7F66
:10027000B0A90880807BFC7FB0AB2680E87CFC7F47
:1002800038F6FF7FB87EFC7F7CF6FF7F007FFC7F27
:10029000B0F6FF7F207FFC7FB0B0A8804E7FFC7F50
:1002A000B0AF0880F883FC7FB0AC03802485FC7F6E
:1002B000B0AA0180A085FC7FB0AB0280F886FC7FED
:1002C000B0AB0480C488FC7FB0A801801C89FC7F8F
:1002D0007CF6FF7F348AFC7FA0F6FF7F808AFC7F5C
:1002E000010000007C8AFC7FA908B180928AFC7F13
:1002F000B0B0A880A28AFC7FB0A90480FC8AFC7FF1
:10030000B0AF0A80628EFC7FB0B0AC80C88EFC7F3C
:10031000B0AF04808690FC7F010000008290FC7FDB
:10032000B0A90480C290FC7F01000000E091FC7F36
:10033000B0B0A880EE91FC7F78F6FF7F1092FC7F32
:100340007CF6FF7F5C92FC7F88F6FF7FB892FC7F93
:10035000AB08B180EE92FC7F01000000B093FC7FFF
:10036000B0B0A880E893FC7F01000000A494FC7F5B
:10037000B0B0A880CC94FC7F01000000D494FC7F36
:10038000B0B0AA803C95FC7F54F6FF7FA899FC7F13
:10039000A4F6FF7FAC99FC7FB0AC03806A9AFC7F27
:1003A00001000000989AFC7FB0B0AA80149BFC7FEB
:1003B000AB08B180249CFC7FB0AE03800C9DFC7F19
:1003C000B0AC0380009EFC7FA908B180AE9EFC7F8C
:1003D00070F6FF7FAE9EFC7F74F6FF7FAE9EFC7FC3
:1003E00078F6FF7FAE9EFC7F7CF6FF7FAE9EFC7FA3
:1003F00001000000B49EFC7FB0B0A880C49EFC7FCA
:10040000B0B0AA803C9FFC7FB0B0AC80989FFC7FCE
:10041000A908B180C49FFC7F58F6FF7F80A1FC7FB4
:1004200070F6FF7FC8A1FC7FB0AF0A80D4A4FC7F28
:10043000B0B0AE806CA5FC7FB0AA01805AA6FC7F4C
:10044000B0A80180B0A6FC7FB0AC078088A7FC7F75
:10045000B0B0AA80CEA7FC7FB0A80180E4A7FC7F43
:10046000B0A80380FCA7FC7FB0A8018086A8FC7F11
:10047000B0A90280C0A8FC7F0100000072ACFC7F24
:1004800068F6FF7F76ACFC7FB0AA0180B8ACFC7F39
:10049000B0B0A880D2ACFC7FB0B0AA80F6ACFC7F34
:1004A000B0AA0380D8ADFC7FB0AC03806EAEFC7FF9
:1004B000B0B0A880B6B0FC7FB0B0AC8026B1FC7FF5
:1004C000B0B0A88084B1FC7F2CF6FF7F90B1FC7F98
:1004D000A908B180B6B1FC7FB0B0AA8024B2FC7F7D
:1004E000A908B18064B2FC7F0100000090B4FC7FD9
:1004F000AB08B180ECB4FC7FA908B1806EB5FC7F7D
:10050000B0B0AC80B0B5FC7FB0B0AA8032B6FC7F92
:10051000AB08B18096B6FC7FB0B0AC80D4B6FC7F9F
:10052000B0B0AA804AB7FC7FAB08B180A2B7FC7F0D
:10053000B0B0AC80ECB7FC7FB0B0AA8066B8FC7FEE
:10054000AB08B180C0B8FC7F01000000BAB8FC7FE6
:10055000B0B0A880DCB8FC7FA8F5FF7FECB8FC7FCA
:100560000100000000B9FC7FB0B0AA8062B9FC7F36
:100570000100000072B9FC7FB0AF028018BBFC7FA5
:100580000100000042BBFC7FB0B0AE80F2BBFC7F3C
:100590007CF5FF7F54BCFC7FB0B0AE8004BDFC7F17
:1005A00084F5FF7F68BDFC7FAB08B1803CBFFC7F5A
:1005B0008CF5FF7FF0BFFC7F0100000022C5FC7FAF
:1005C000B0B0AE8088C5FC7FA4F5FF7FD0C5FC7FAE
:1005D000A908B1807AC6FC7FB0B0AC80BEC6FC7FF3
:1005E000A4F5FF7FF0C6FC7FB0B0AC8054C7FC7FA1
:1005F000ACF5FF7F90C7FC7FAB08B180E6C7FC7FFE
:10060000B4F5FF7F34C8FC7FA908B18052C8FC7FD5
:1006100001000000A2C9FC7FB0B0AE8098CAFC7F88
:10062000ACF5FF7FF0CAFC7FB0AF0280D2CBFC7F7D
:10063000AF08B1808ACCFC7FAD08B18022CDFC7FB1
:10064000B0F5FF7F6CCDFC7FAD08B18004CEFC7FA0
:10065000B8F5FF7F54CEFC7FB0B0A88076CEFC7F8B
:10066000B0B0AA80EECEFC7FA908B18060CFFC7F3D
:10067000B0B0AA80BECFFC7FA8F5FF7F34D0FC7F4E
:10068000B0AE0180E0D0FC7FB0AD028004D3FC7F2F
:10069000B0AC0180C6D3FC7FA908B180E8D3FC7F51
:1006A000B0B0A88008D4FC7FA908B18026D4FC7F14
:1006B000B0B0AA8052D4FC7FB0B0AC8096D4FC7F9E
:1006C000B0B0AA808AD5FC7F64F5FF7FA0D5FC7FFF
:1006D000B0B0AA80BCD5FC7FB0B0A880CAD5FC7FE2
:1006E00001000000D8D5FC7FB0A9028000D6FC7FB5
:1006F000B0B0A8802CD6FC7F0100000050D6FC7F53
:1007000038F5FF7F5CD6FC7F0100000068D6FC7FD7
:1007100034F5FF7F76D6FC7F38F5FF7F80D6FC7FEF
:10072000AB08B180FCD6FC7F34F5FF7F06D7FC7F99
:1007300038F5FF7F14D7FC7F0100000032D7FC7F23
:10074000A908B1807AD7FC7F010000009AD7FC7F0E
:10075000AB08B180C8D7FC7FB0AF048064D8FC7F01
:10076000B0AC0180F0D8FC7FB0B0AC809CD9FC7FED
:10077000010000003EDAFC7FB0B0AA8054DBFC7FB1
:10078000010000007EDBFC7FB0A80180A0DBFC7FC5
:10079000B0B0A8803EDCFC7FB0AC018084DCFC7F84
:1007A000010000008EDCFC7FB0B0A8809EDCFC7FE6
:1007B000C4F4FF7FC2DCFC7F01000000E8DCFC7FAA
:1007C000A908B1800EDDFC7FB8F4FF7F0EDDFC7F51
:1007D000AB08B1806CDDFC7F0100000088DDFC7F90
:1007E000B0AA018010DEFC7FB0A8038088DEFC7F09
:1007F0009CF4FF7F98DEFC7FB0AC0380F6DEFC7FCC
:10080000B0AA03803EDFFC7FB0A803806ADFFC7FD4
:10081000B0B0A88090DFFC7FA908B18024E0FC7F05
:100820000100000024E0FC7FB0AA038050E0FC7FC0
:100830000100000054E0FC7FB0B0A88062E0FC7FC3
:1008400058F4FF7F6CE0FC7FB0A90280B4E0FC7F2D
:10085000B0A80180FCE0FC7FB0B0A8800EE1FC7F76
:1008600044F4FF7F16E1FC7F0100000032E1FC7FD1
:10087000A908B1805CE1FC7FB0B0A880D2E1FC7F28
:10088000A908B180F6E1FC7FB0AB028042E3FC7FB7
:10089000AB08B1807CE3FC7FB0B0A8808CE3FC7F28
:1008A00010F4FF7F96E3FC7FB0B0AA80B4E3FC7F36
:1008B000A908B180CEE3FC7FB0B0A880E0E3FC7F64
:1008C000FCF3FF7FEAE3FC7FB0A9028032E4FC7F07
:1008D000B0A8018086E4FC7FF0F3FF7F92E4FC7F08
:1008E0000100000098E4FC7FA908B180ACE4FC7F23
:1008F000E4F3FF7FACE4FC7FE8F3FF7FACE4FC7F34
:1009000001000000A6E4FC7FE4F3FF7FAAE4FC7F83
:10091000B0B0A880B6E4FC7F01000000B0E4FC7F2A
:10092000D8F3FF7FB4E4FC7FA908B180D0E4FC7F5A
:10093000D4F3FF7FDEE4FC7FD8F3FF7FF6E4FC7F97
:10094000B0A9028030E5FC7F008402805CE5FC7F7A
:10095000CCF3FF7F6AE5FC7FB0AB0480D8E5FC7F79
:10096000B0AA038038E6FC7FB0AC0380B4E6FC7F1D
:10097000AB08B180E0E6FC7FB0AB048050E7FC7FC1
:10098000B0B0A8806EE7FC7FB0A80380A2E7FC7F30
:10099000AD08B18084E8FC7F90F3FF7F8AE8FC7F9C
:1009A000B0B0A88092E8FC7F8CF3FF7FE0E8FC7F8A
:1009B000A908B18016E9FC7F010000001AE9FC7F5C
:1009C000A908B1806CE9FC7FB0B0AC80A8E9FC7FDD
:1009D000A908B180D4E9FC7FB0B0AC8024EAFC7FE8
:1009E000AB08B180CEEAFC7F60F3FF7FD8EAFC7FE2
:1009F000B0A80180E2EAFC7FB0AE018044ECFC7F4D
:100A0000B0AF0280EEECFC7F68F3FF7F74EDFC7FFB
:100A1000B0AF028016EEFC7FB0B0AA8096EEFC7FED
:100A2000B0B0A880B2EEFC7FB0B0AA80DCEFFC7F53
:100A3000B0B0A8803CF0FC7F58F3FF7F4CF0FC7F07
:100A4000010000004CF0FC7F54F3FF7F64F0FC7F5A
:100A5000A908B180C0F0FC7F0100000072B5FE7FE4
:100A6000B0A8018088B5FE7F0100000050B6FE7F6F
:100A700028E9FF7F78B6FE7F0100000070B7FE7F97
:100A80008CE9FF7F70B7FE7F90E9FF7F74B7FE7F30
:100A900094E9FF7FE8B7FE7FB0B0A88048B8FE7F3A
:100AA0009CE9FF7F9CB8FE7FB0E9FF7F74B9FE7FB1
:100AB00001000000B0B9FE7FCCE9FF7FB4BBFE7F30
:100AC00000840280D8BBFE7F0100000028BCFE7FAE
:100AD00000EAFF7FB4BDFE7F38EAFF7FBCBEFE7F29
:100AE0000100000058C1FE7F60EAFF7FDCC3FE7F8B
:100AF0000100000000C4FE7FC8EAFF7F0AC4FE7F39
:100B0000CCEAFF7F14C4FE7FB0B0A88088C4FE7F0B
:100B100001000000A4C5FE7F50EBFF7FB0C7FE7F41
:100B200088EBFF7F64C8FE7FB0B0A88074C8FE7FEA
:100B300001000000D4C9FE7FB8ECFF7F10CAFE7F21
:100B40000100000040CAFE7FE0ECFF7F40CBFE7F4B
:100B50000084028070CBFE7F0100000098CBFE7FF6
:100B6000B0A90680E4CBFE7F0100000076CCFE7FBA
:100B7000B0B0A880A0CCFE7FA4EDFF7F74CDFE7F37
:100B8000010000007CCEFE7F04EEFF7F3CCFFE7FA5
:100B90000100000038D0FE7F84EEFF7F8CD0FE7F06
:100BA0000100000010D1FE7F00EFFF7F00D2FE7F2A
:100BB00001000000C4D4FE7FA908B180CED4FE7F1E
:100BC0000100000070D6FE7F14EFFF7F7CD6FE7F11
:100BD0000100000078D6FE7FB0B0A8808CD6FE7FE2
:100BE000B0A80180B6D6FE7FA908B180E4D6FE7F0A
:100BF000B0A8018014D7FE7F01000000FCD7FE7F63
:100C000048EFFF7F06D8FE7F4CEFFF7F10D8FE7FB6
:100C100050EFFF7F1CD8FE7F0100000034D9FE7F1B
:100C2000C4EFFF7F40D9FE7F01000000B4D9FE7FF2
:100C300024F1FF7F24DAFE7F010000000CE8FE7F34
:100C4000B0A902809CE8FE7FB0B0A880ECE8FE7FEF
:100C500001000000F4E8FE7FB0B0AA8028E9FE7F22
:100C6000AF76B280FCE9FE7FAB3F3A8060EAFE7F60
:100C70000100000068EAFE7FB0B0AA80A4EAFE7F0F
:100C800028F1FF7FB8EAFE7F0100000050EBFE7FF5
:100C9000AC0FB280D8EBFE7FB0AF088078EEFE7F5D
:100CA0000100000088EEFE7FAC3F03806CF1FE7F08
:100CB000010000009CF1FE7F00840480B0F1FE7F03
:100CC00001000000ACF1FE7FB0AD0480A4F4FE7F13
:100CD000B0A80380C8F4FE7FDCF0FF7FCCF4FE7F79
:0C0CE000E0F0FF7FD8F4FE7F0100000070
:100CEC00A9BE0208FB0600089B380008155A00082C
:040CFC0041E80008C3
:040D000081BE0208A6
:100D040028002800200000004447030800CC030802
:100D14000000000028002700200000002C410308E8
:100D240000CC0308000000000000000101000101E4
:100D3400020002010300030104000401050005018F
:100D44000600060101000000100000000A0600026F
:100D5400000000400100000009024300020100C03D
:100D640032090400000102020100052400100105FB
:100D7400240100010424020205240600010705825F
:100D84000308001009040100020A0000000705011D
:100D9400024000000705810240000000ED1A02082D
:100DA400891A020875190208000000009D1702083C
:100DB400F9180208C1180208000000000000000031
:100DC400000000007918020831180208E917020827
:100DD400DD170208AAAAAAAA010000000024F40050
:100DE40071AD020849AD02084DAD020855AD0208C7
:100DF40051AD020812010002020200408304405770
:100E04000002010203010000040309041A030000A4
:100E140000000000000000000000000000000000CE
:100E24000000000000000000D1B00208DDB002089C
:100E3400A1B102087DB1020869B10208BDB102087E
:100E4400E1B102080000000019EE0208C90103081C
:100E54000000000003000000B4A4012043000000CF
:100E6400000000000000000000000000000000007E
:100E7400000000000000000000000000430000002B
:100E8400000000000000000000000000000000005E
:100E9400000000000000000000000000430000000B
:100EA400000000000000000000000000000000003E
:100EB40000000000000000000000000043000000EB
:100EC400000000000000000000000000000000001E
:100ED40000000000000000000000000043000000CB
:100EE40000000000000000000000000000000000FE
:100EF40000000000000000000000000043000000AB
:100F040000000000000000000000000000000000DD
:100F1400000000000000000000000000430000008A
:100F240000000000000000000000000000000000BD
:100F3400000000000000000000000000C9280308B1
:100F44001D1F03080000000098F103089CEF03082C
:100F540048F0030848F0030848F0030848F0030881
:100F640048F0030848F0030848F0030848F0030871
:100F740048F00308FFFFFFFFFFFFFFFFFFFFFFFF36
:100F8400FFFF0000010041534349490000000000F5
:100F9400000000000000000000000000000000004D
:100FA40000000000000041534349490000000000D4
:100FB400000000000000000000000000000000002D
:100FC4000000000000000000CC020020000000002F
:100FD400B4A401201CA5012084A501200000000068
:100FE40000000000000000000000000000000000FD
:100FF40000000000000000000000000000000000ED
:1010040000000000000000000000000000000000DC
:081014000000000000000000D4
:040000050802E659AE
:00000001FF
